post_id,subreddit,title,author,score,num_comments_listed,op_replied,op_reply_count,created_utc,permalink,body,combined_text,matched_ambivalent_phrases,matched_keywords
1hv4zdy,meToo,Was this SA?,Ok-Sugar959,5,7,True,3,1736185759,/r/meToo/comments/1hv4zdy/was_this_sa/,"So l've been in a relationship with a girl who has bpd. We had alot of ups and downs but one of them took place when we were having sex. I've never went raw and came inside a woman before, so the sex was great for both of us. Nearing the end I was getting close to climaxing and I heard once my girlfriend say, ""I need to go pee."" I said, I'm almost there hold on, and then 30 secs later I finished.
After the fact she went to the bathroom and came back and she was looking sad, so I asked what was wrong, and she said I had just SA'd her. Since I didn't know and she was saying u did that I was devastated because I thought we were just having sex and what u did was normal. After she said that she understands that I wasn't aware and she forgives me and for me not to do it again. Let me preface that in my position I only heard her say that once, my girlfriend said many months after that she said she said that multiple times, in which I didn't remember because I clearly remember her saying it once, but because of her bpd and chances of splitting and constant fights cause because it was one of our memories was right, I started doubting my own memory and just went with what she said.

The thing is that we moved on from it and had great times as a couple. It's only after I broke up with her she found the need to tell a couple of my friends that I SA'd her during the relationship causing me to lose one really close friend. The other two said they understood that it wasn't on purpose and stayed friends with me. After the fact she said that to my friends I wanted to ask her about an experience that she did to me. After her bringing it back up, it made me think about a time before I did that to her. When I realized she did that to me first. I asked my ex girlfriend now ""Can you answer honestly? I'm not trying to say this just because you are saying this to my friends but, that time when you steadied me and was trying to put my dick raw inside and I was saying no and pulled away, and you kept trying to persuade me to go raw, and I gave in and did it for 1 minute, was that SA?"" Mind you this was before the first event I mentioned. She said ""No it isn't, that's just something couples do, I'm sorry if I made you uncomfortable though.

I beat myself up alot over this, and some friends are telling me that my girlfriend SA'd me and I didn't.
They told me She was coercing me and tried forcing me in her which is SA. But I still think I did because I didn't listen the first time. I need clarity, and if what she did to me first was SA, and if what I did to her was SA.

","1hv4zdy meToo Was this SA? Ok-Sugar959 /r/meToo/comments/1hv4zdy/was_this_sa/ So l've been in a relationship with a girl who has bpd. We had alot of ups and downs but one of them took place when we were having sex. I've never went raw and came inside a woman before, so the sex was great for both of us. Nearing the end I was getting close to climaxing and I heard once my girlfriend say, ""I need to go pee."" I said, I'm almost there hold on, and then 30 secs later I finished.
After the fact she went to the bathroom and came back and she was looking sad, so I asked what was wrong, and she said I had just SA'd her. Since I didn't know and she was saying u did that I was devastated because I thought we were just having sex and what u did was normal. After she said that she understands that I wasn't aware and she forgives me and for me not to do it again. Let me preface that in my position I only heard her say that once, my girlfriend said many months after that she said she said that multiple times, in which I didn't remember because I clearly remember her saying it once, but because of her bpd and chances of splitting and constant fights cause because it was one of our memories was right, I started doubting my own memory and just went with what she said.

The thing is that we moved on from it and had great times as a couple. It's only after I broke up with her she found the need to tell a couple of my friends that I SA'd her during the relationship causing me to lose one really close friend. The other two said they understood that it wasn't on purpose and stayed friends with me. After the fact she said that to my friends I wanted to ask her about an experience that she did to me. After her bringing it back up, it made me think about a time before I did that to her. When I realized she did that to me first. I asked my ex girlfriend now ""Can you answer honestly? I'm not trying to say this just because you are saying this to my friends but, that time when you steadied me and was trying to put my dick raw inside and I was saying no and pulled away, and you kept trying to persuade me to go raw, and I gave in and did it for 1 minute, was that SA?"" Mind you this was before the first event I mentioned. She said ""No it isn't, that's just something couples do, I'm sorry if I made you uncomfortable though.

I beat myself up alot over this, and some friends are telling me that my girlfriend SA'd me and I didn't.
They told me She was coercing me and tried forcing me in her which is SA. But I still think I did because I didn't listen the first time. I need clarity, and if what she did to me first was SA, and if what I did to her was SA.

",['\\bwas\\s+this\\s+(?:sa|sexual\\s+assault)\\b'],"[""\\bi\\s+didn[’']t\\s+know\\b"", '\\bgirlfriend\\b', '\\bsa\\b', '\\bwas\\s+this\\s+(?:sa|sexual\\s+assault)\\b', '\\bfriend\\b']"
11f4o14,meToo,just a rant,Electronic-Design564,3,4,True,2,1677679655,/r/meToo/comments/11f4o14/just_a_rant/,"My ex boyfriend was abusive


We were both 15, he had come to my country 2 years ago and only spoke English (my first language isn't English, I'm from Europe). I found him cute so I asked him out and he said yes. Things were going well until he asked if he should buy condoms. Note that we were both virgins and only kissed. I said whatever, buy them if you want, so he did and gave one to me.

Every time I had to go to school and face him, I felt incredibly anxious, I was shaking, feeling nauseous, dizzy etc etc. I didn't know what it was about. Also every time we hung out together, he would beg for sex or talk about sex related things or convince me to say yes to him.

I'm not allowed to have sex until I'm around 18 and I didn't want to do anything like that either, and i made that very clear to him. He's parents also wanted his room's door to be closed, mostly because they didn't trust him.

He would always, aaalways beg for sex and ask ""yes or no, yes or no, yes or no"" and i always replied with "" I don't know"" because I really didn't know, he always manipulated me into thinking I owe him sex by saying things like ""oh so I'm not the right one for you? I guess we have to break up then"" etc. He would also fake break up with me if I didn't choose what we would eat for lunch.

He suffered from depression, bipolar disorder and other things, probably caused by his dad's drug abuse and death, and when his family moved from USA to my country. He many times tried to kill himself and had depressive episodes when I tried to comfort him, which to he always responded with another question about sex. 

He had to go to psych ward, which wasn't anything that new to me since I had dated another person in the past that also had to go to psych ward. That relationship also left me scarred. My ex wanted to have sex even in the psych ward and begged all the time I visited.

Once he invited me over to his place when his parents weren't home and he want allowed to invite anyone over. I didn't know this so I went to his place and he tried to again convince me to sex by touching me without my consent or rubbing my body against his boner. He would say things like ""I know you're ready, I can see that"" etc. Luckily his parents called him that her sister saw me there, so I possibly got saved from rape.

This kind of thing happened again where he tried to have sex with me when his parents weren't immediately outside the room in living room but I started crying so he stopped and said ""it's okay, we don't have to do it""

He later broke up with me because I was ""too childish"" and not ready for a relationship. He then proceeded to send me a good-bye message because he wanted to kill himself and blamed me for it. He didn't recognize the things he did to be wrong and said that ""he's just a man"" etc. He also sent me pictures of his self-harm cuts a few times and got into police car because he ran away from home.

His actions and manipulations caused so many fights between my parents and lowered my grades because I felt depressed. I later realized how much damage he did to me and how much he abused me, after blaming myself for all the things he did. Oh and he also texted to girls years younger than gum and said to them that he would date them if it wasn't for me.

He really messed up the way I think of sex, men, relationships and made me not want a boyfriend ever again. I'm thinking of sending a message to his parents about all the stuff that happened because I want them to talk to him about consent. (They moved back to USA)

It's been a year and I still feel disgust and sadness. Thanks for listening :)","11f4o14 meToo just a rant Electronic-Design564 /r/meToo/comments/11f4o14/just_a_rant/ My ex boyfriend was abusive


We were both 15, he had come to my country 2 years ago and only spoke English (my first language isn't English, I'm from Europe). I found him cute so I asked him out and he said yes. Things were going well until he asked if he should buy condoms. Note that we were both virgins and only kissed. I said whatever, buy them if you want, so he did and gave one to me.

Every time I had to go to school and face him, I felt incredibly anxious, I was shaking, feeling nauseous, dizzy etc etc. I didn't know what it was about. Also every time we hung out together, he would beg for sex or talk about sex related things or convince me to say yes to him.

I'm not allowed to have sex until I'm around 18 and I didn't want to do anything like that either, and i made that very clear to him. He's parents also wanted his room's door to be closed, mostly because they didn't trust him.

He would always, aaalways beg for sex and ask ""yes or no, yes or no, yes or no"" and i always replied with "" I don't know"" because I really didn't know, he always manipulated me into thinking I owe him sex by saying things like ""oh so I'm not the right one for you? I guess we have to break up then"" etc. He would also fake break up with me if I didn't choose what we would eat for lunch.

He suffered from depression, bipolar disorder and other things, probably caused by his dad's drug abuse and death, and when his family moved from USA to my country. He many times tried to kill himself and had depressive episodes when I tried to comfort him, which to he always responded with another question about sex. 

He had to go to psych ward, which wasn't anything that new to me since I had dated another person in the past that also had to go to psych ward. That relationship also left me scarred. My ex wanted to have sex even in the psych ward and begged all the time I visited.

Once he invited me over to his place when his parents weren't home and he want allowed to invite anyone over. I didn't know this so I went to his place and he tried to again convince me to sex by touching me without my consent or rubbing my body against his boner. He would say things like ""I know you're ready, I can see that"" etc. Luckily his parents called him that her sister saw me there, so I possibly got saved from rape.

This kind of thing happened again where he tried to have sex with me when his parents weren't immediately outside the room in living room but I started crying so he stopped and said ""it's okay, we don't have to do it""

He later broke up with me because I was ""too childish"" and not ready for a relationship. He then proceeded to send me a good-bye message because he wanted to kill himself and blamed me for it. He didn't recognize the things he did to be wrong and said that ""he's just a man"" etc. He also sent me pictures of his self-harm cuts a few times and got into police car because he ran away from home.

His actions and manipulations caused so many fights between my parents and lowered my grades because I felt depressed. I later realized how much damage he did to me and how much he abused me, after blaming myself for all the things he did. Oh and he also texted to girls years younger than gum and said to them that he would date them if it wasn't for me.

He really messed up the way I think of sex, men, relationships and made me not want a boyfriend ever again. I'm thinking of sending a message to his parents about all the stuff that happened because I want them to talk to him about consent. (They moved back to USA)

It's been a year and I still feel disgust and sadness. Thanks for listening :)",['\\bowe(?:d)?\\s+(?:him|her)\\s+sex\\b'],"['\\bowe(?:d)?\\s+(?:him|her)\\s+sex\\b', '\\bboyfriend\\b', ""\\bi\\s+(?:genuinely|just|honestly|really|truly|still)\\s+didn[’']t\\s+know\\b"", ""\\bi\\s+didn[’']t\\s+know\\b"", ""\\bi\\s+don[’']t\\s+know\\b"", '\\brape\\b']"
xyf4l9,meToo,Was I assaulted?,greenmulletbitch,3,6,False,0,1665190169,/r/meToo/comments/xyf4l9/was_i_assaulted/,"Hello, F20 here. I’ve never been too sure what to call my experience with my ex other then “wrong”. I’m not really sure if it counts as sexual assault and I was just wondering if anyone can relate or tell me what happened?? One thing he always did was never let me have a good enough excuse to not do something sexual for him. I used to go over to his house almost every day after work and he would always beg me to give him head or something. Being too tired didn’t matter to him, even when I was extremely sick and could barely have the strength to move (almost died of anorexia) he would still penetrate me despite me begging him for us to do something else, literally anything besides that. He wouldn’t even stop until I cried or something, and he some how never understood why I would cry so much. He also usually would get me high/drunk and when I told him I wanted to just chill he’d get upset bc he was expecting sex. Right before I broke up with him he would always guilt trip me by saying he didn’t feel loved when I would deny sex. When I had to have sex, I often faked coming cuz it was the only thing to rly get him to stop (or the crying). I feel bad for lying about feeling good but it was the only way to end it faster. I now realize looking back at the way he spoke about his past gfs, he always expected sex, like he should get it just bc they were dating. I now feel extra gross cuz apparently he compares his new gfs bodies to my dying and sick body from back then. Is it fair for me to be very upset with him?","xyf4l9 meToo Was I assaulted? greenmulletbitch /r/meToo/comments/xyf4l9/was_i_assaulted/ Hello, F20 here. I’ve never been too sure what to call my experience with my ex other then “wrong”. I’m not really sure if it counts as sexual assault and I was just wondering if anyone can relate or tell me what happened?? One thing he always did was never let me have a good enough excuse to not do something sexual for him. I used to go over to his house almost every day after work and he would always beg me to give him head or something. Being too tired didn’t matter to him, even when I was extremely sick and could barely have the strength to move (almost died of anorexia) he would still penetrate me despite me begging him for us to do something else, literally anything besides that. He wouldn’t even stop until I cried or something, and he some how never understood why I would cry so much. He also usually would get me high/drunk and when I told him I wanted to just chill he’d get upset bc he was expecting sex. Right before I broke up with him he would always guilt trip me by saying he didn’t feel loved when I would deny sex. When I had to have sex, I often faked coming cuz it was the only thing to rly get him to stop (or the crying). I feel bad for lying about feeling good but it was the only way to end it faster. I now realize looking back at the way he spoke about his past gfs, he always expected sex, like he should get it just bc they were dating. I now feel extra gross cuz apparently he compares his new gfs bodies to my dying and sick body from back then. Is it fair for me to be very upset with him?",['\\bit\\s+count(?:s)?\\s+as\\s+(?:sa|sexual\\s+assault)\\b'],"['\\bit\\s+count(?:s)?\\s+as\\s+(?:sa|sexual\\s+assault)\\b', '\\bassault\\b', '\\bsexual(?:ly)?\\s+assault(?:ed|s|ing)?\\b']"
pihi7p,meToo,What was this if it was anything at all,WaterEater444,7,6,False,0,1630863492,/r/meToo/comments/pihi7p/what_was_this_if_it_was_anything_at_all/,"I feel like I’m overreacting but I feel bad 


Idk if this is the right place to write this but um was this some sort of abuse sorry if I leave out shut memory is very fuzzy when I was 3 Me and my mom accidentally kissed i said goodnight went to hug her accidentally kissed her but anyways I asked if it was wrong she said her dad used to kiss her so it was whatever anyways when I was 10 she cuddled me when I slept in her bed she always changes with her door open or in front of me she acts like a kid and has a love and fascination(?) with kids she used to spend a lot babysitting her friends daughter who I was worried she (my mom) might’ve molested her or something back to me tho she used to talk about my body in a sexual light a lot still kinda does, sorry if this all over the place my brains repressed alot of this shit also my mom used to ask if my dad was molesting me when I was younger alot like she did that for 2 years, also my mom is obsessed with CSA and sexual abuse topics help idk what to do I’m sorry if this all over the place I’m really worried and memory is really bad because of CSA and possible CSA or some weird pedophlic thing going on between my mom||","pihi7p meToo What was this if it was anything at all WaterEater444 /r/meToo/comments/pihi7p/what_was_this_if_it_was_anything_at_all/ I feel like I’m overreacting but I feel bad 


Idk if this is the right place to write this but um was this some sort of abuse sorry if I leave out shut memory is very fuzzy when I was 3 Me and my mom accidentally kissed i said goodnight went to hug her accidentally kissed her but anyways I asked if it was wrong she said her dad used to kiss her so it was whatever anyways when I was 10 she cuddled me when I slept in her bed she always changes with her door open or in front of me she acts like a kid and has a love and fascination(?) with kids she used to spend a lot babysitting her friends daughter who I was worried she (my mom) might’ve molested her or something back to me tho she used to talk about my body in a sexual light a lot still kinda does, sorry if this all over the place my brains repressed alot of this shit also my mom used to ask if my dad was molesting me when I was younger alot like she did that for 2 years, also my mom is obsessed with CSA and sexual abuse topics help idk what to do I’m sorry if this all over the place I’m really worried and memory is really bad because of CSA and possible CSA or some weird pedophlic thing going on between my mom||",['\\bidk\\b.*\\bif\\s+it\\b.*\\bwas\\b.*(?:sa|sexual\\s+assault)\\b'],"['\\bsexual(?:ly)?\\s+abus(?:e|ed|es|ing)\\b', '\\bidk\\b.*\\bif\\s+it\\b.*\\bwas\\b.*(?:sa|sexual\\s+assault)\\b', '\\bmolest(?:ed|ation|ations)?\\b', '\\bidk+k*\\b']"
1ofr7sg,sexualassault,I think I might have been sexually abused or assaulted in my childhood and I just can’t remember. What do I do? Should I bother finding the truth?,Jacks_burner,1,4,False,0,1761397950,/r/sexualassault/comments/1ofr7sg/i_think_i_might_have_been_sexually_abused_or/,"First of all I’m sorry if I’m a bit out of place here. I don’t have a real story to tell yet, but I also don’t know where else to go.

I think I might’ve been sexually traumatized in some way in very early childhood. I think about my younger life and a lot of my behaviour points towards sexual trauma. I’m gonna get a bit graphic past this point. I have memories of myself masturbating and drawing out sexual acts at about 5-6 years old, many times. I remember that at some point I figured out I was able to seek out sexual content online, so I began to look up photos of naked people, genitals ect. Something I also think is important to mention is that, no matter how hard I try, I cannot actively remember anything from my very young childhood, which I know is common with childhood trauma in general. 

I keep thinking about all these things and the more I do, the more they confuse me. Why did I know about all of these? Did someone teach me or did I just stumble across it on the computer? Was it a random assault and everything else came naturally or was it planned abuse that made me the way I was? The weirdest part is that, even though I knew about all these acts before I knew what the words porn and masturbation were and what social stigma surrounded them, the one “rule” I had for myself through all of these actions was that all of it was to be kept private and away from my family. Why? Was I told this? If so, who told me this and why? 

I also know that in my later childhood, around 9 to early teens, I started to develop a strong desire  for and attraction to older men. I’d get myself in situations talking to older guys online. Nothing insane though, not like 10 and 42, more around 10-12 and 17-18. But I still remembered I specifically felt aroused at the fact that they felt attracted to me even though they were older. I guess it could be chalked up to issues with my parents, in turn making me crave validation from elders. Also that I was “more mature” for my age, making me think that I should only pursue relationships with elders. But I don’t know. The sexual nature of my desires feels too strong to ignore. 

And I feel bad for saying this, but I think even my sibling makes me grow more curious. They have always been incredibly averse to any mentions of sex. Meanwhile I sort of went down the hyper-sexual route. I know those are two incredibly common reactions to sexual trauma. I don’t want to say that my sibling was raped. I don’t want to believe they were. But I think it’s important to mention. 

I suppose what I want is an explanation. I think I already have a lot of my later trauma explained by meeting pedophiles online (maybe pedophiles is too strong a word. A considerable age gap?) and seeing things I shouldn’t have on the internet, but for my younger years it all feels like I’m trying to look through a frosted window. I just want to be able to see clearly. I guess I’ll just  have to ask. Figure out how I can prepare myself for a very difficult conversation with my mother. I’m not excited for the day I’ll be shaking on the couch as I ask her “mom, was I raped as a child?”. My main worry is her thinking I’m accusing her. My second is her answer is no and she won’t drop the subject, but that’s unrealistic, any parent would worry for their child if they asked that. 

I’m not sure what to do. I’m not sure if it’s even worth asking. I’m half expecting that someone did assault me, half expecting I just saw something I shouldn’t have seen and it sent me down a spiral of sexual trauma. Whatever it is, same difference. I just want an explanation.
","1ofr7sg sexualassault I think I might have been sexually abused or assaulted in my childhood and I just can’t remember. What do I do? Should I bother finding the truth? Jacks_burner /r/sexualassault/comments/1ofr7sg/i_think_i_might_have_been_sexually_abused_or/ First of all I’m sorry if I’m a bit out of place here. I don’t have a real story to tell yet, but I also don’t know where else to go.

I think I might’ve been sexually traumatized in some way in very early childhood. I think about my younger life and a lot of my behaviour points towards sexual trauma. I’m gonna get a bit graphic past this point. I have memories of myself masturbating and drawing out sexual acts at about 5-6 years old, many times. I remember that at some point I figured out I was able to seek out sexual content online, so I began to look up photos of naked people, genitals ect. Something I also think is important to mention is that, no matter how hard I try, I cannot actively remember anything from my very young childhood, which I know is common with childhood trauma in general. 

I keep thinking about all these things and the more I do, the more they confuse me. Why did I know about all of these? Did someone teach me or did I just stumble across it on the computer? Was it a random assault and everything else came naturally or was it planned abuse that made me the way I was? The weirdest part is that, even though I knew about all these acts before I knew what the words porn and masturbation were and what social stigma surrounded them, the one “rule” I had for myself through all of these actions was that all of it was to be kept private and away from my family. Why? Was I told this? If so, who told me this and why? 

I also know that in my later childhood, around 9 to early teens, I started to develop a strong desire  for and attraction to older men. I’d get myself in situations talking to older guys online. Nothing insane though, not like 10 and 42, more around 10-12 and 17-18. But I still remembered I specifically felt aroused at the fact that they felt attracted to me even though they were older. I guess it could be chalked up to issues with my parents, in turn making me crave validation from elders. Also that I was “more mature” for my age, making me think that I should only pursue relationships with elders. But I don’t know. The sexual nature of my desires feels too strong to ignore. 

And I feel bad for saying this, but I think even my sibling makes me grow more curious. They have always been incredibly averse to any mentions of sex. Meanwhile I sort of went down the hyper-sexual route. I know those are two incredibly common reactions to sexual trauma. I don’t want to say that my sibling was raped. I don’t want to believe they were. But I think it’s important to mention. 

I suppose what I want is an explanation. I think I already have a lot of my later trauma explained by meeting pedophiles online (maybe pedophiles is too strong a word. A considerable age gap?) and seeing things I shouldn’t have on the internet, but for my younger years it all feels like I’m trying to look through a frosted window. I just want to be able to see clearly. I guess I’ll just  have to ask. Figure out how I can prepare myself for a very difficult conversation with my mother. I’m not excited for the day I’ll be shaking on the couch as I ask her “mom, was I raped as a child?”. My main worry is her thinking I’m accusing her. My second is her answer is no and she won’t drop the subject, but that’s unrealistic, any parent would worry for their child if they asked that. 

I’m not sure what to do. I’m not sure if it’s even worth asking. I’m half expecting that someone did assault me, half expecting I just saw something I shouldn’t have seen and it sent me down a spiral of sexual trauma. Whatever it is, same difference. I just want an explanation.
",['\\bi\\s+(?:may|might)\\s+have\\s+been\\s+sexually\\s+abused\\b'],"['\\bsexual(?:ly)?\\s+abus(?:e|ed|es|ing)\\b', ""\\bi\\s+don[’']t\\s+know\\b"", ""\\bi[’']?m\\s+not\\s+sure\\b"", '\\bassault\\b', '\\bi\\s+(?:may|might)\\s+have\\s+been\\s+sexually\\s+abused\\b']"
1oflndj,sexualassault,is this sa? (abit graphic),Klutzy-Cake1931,1,5,True,1,1761378183,/r/sexualassault/comments/1oflndj/is_this_sa_abit_graphic/,"the details are super super fuzzy but when i was really young (like 6-8) my brother whos a year older than me would like kinda try to teach me sexual stuff and get me to try them with him, i had no idea what was going on at the time because me and my brother always had a weird dynamic but i remember just wanting to hang out with him and make him happy, i think the first time he got me to dry hump him, and then it moved into him getting me to put his penis in my mouth. i remember feeling like i'd done something wrong afterwards but in my head it was like a cool secret with my cool older brother. i don't know if this counts as sa or what but i want to know","1oflndj sexualassault is this sa? (abit graphic) Klutzy-Cake1931 /r/sexualassault/comments/1oflndj/is_this_sa_abit_graphic/ the details are super super fuzzy but when i was really young (like 6-8) my brother whos a year older than me would like kinda try to teach me sexual stuff and get me to try them with him, i had no idea what was going on at the time because me and my brother always had a weird dynamic but i remember just wanting to hang out with him and make him happy, i think the first time he got me to dry hump him, and then it moved into him getting me to put his penis in my mouth. i remember feeling like i'd done something wrong afterwards but in my head it was like a cool secret with my cool older brother. i don't know if this counts as sa or what but i want to know",['\\bis\\s+this\\s+(?:sa|sexual\\s+assault)\\b'],"['\\bsa\\b', ""\\bi\\s+don[’']t\\s+know\\b"", '\\bis\\s+this\\s+(?:sa|sexual\\s+assault)\\b']"
1of65lj,sexualassault,Was this sexual assault,Entire_Principle_158,1,3,False,0,1761332074,/r/sexualassault/comments/1of65lj/was_this_sexual_assault/,"Last night I went for a drink with a friend at a pub near me, and I had two gins, he had two WKD, we then chatted about stuff and did a Beer pub crawl, the second pub we went to I had another pub where I had another pink gin and  he had a Diet Coke because he was driving, he told me his tolerance was strong. And we ate food. We then went to another where he bought me another drink and he had another two diet cokes while I had two amerettos when we finished those went to a Waitrose where we bought two bottles of Disarono where we then went to a field and drank there.  Well I mostly drank because he was driving.

I was feeling quite drunk, but still coherent but the alcohol was knocking me out and I felt like I was going to fall. Then we had sex. Then made out.

But I got home and I could remember bits of the night… 

I wasn’t sure if I was 🍇’d or not or it was just a normal night out.","1of65lj sexualassault Was this sexual assault Entire_Principle_158 /r/sexualassault/comments/1of65lj/was_this_sexual_assault/ Last night I went for a drink with a friend at a pub near me, and I had two gins, he had two WKD, we then chatted about stuff and did a Beer pub crawl, the second pub we went to I had another pub where I had another pink gin and  he had a Diet Coke because he was driving, he told me his tolerance was strong. And we ate food. We then went to another where he bought me another drink and he had another two diet cokes while I had two amerettos when we finished those went to a Waitrose where we bought two bottles of Disarono where we then went to a field and drank there.  Well I mostly drank because he was driving.

I was feeling quite drunk, but still coherent but the alcohol was knocking me out and I felt like I was going to fall. Then we had sex. Then made out.

But I got home and I could remember bits of the night… 

I wasn’t sure if I was 🍇’d or not or it was just a normal night out.",['\\bwas\\s+this\\s+(?:sa|sexual\\s+assault)\\b'],"['\\bwas\\s+this\\s+(?:sa|sexual\\s+assault)\\b', '\\bassault\\b', ""\\bi\\s+wasn[’']t\\s+sure\\b"", '\\bfriend\\b', '\\bsexual(?:ly)?\\s+assault(?:ed|s|ing)?\\b']"
1of4mkm,sexualassault,Is this sexual assault ?,SeaLawfulness3530,3,11,True,3,1761328510,/r/sexualassault/comments/1of4mkm/is_this_sexual_assault/,"  went on a date yesterday that turned really uncomfortable and a bit scary. It made me realize that if I ever ended up in another situation like that, I don’t have anyone I could reach out to for help — no friends, family, or coworkers I could call or text to fake an emergency so I could leave safely.

I know this is a strange thing to ask, but if anyone here would be willing to be that person I could message in the future — just to call or text me so I have an excuse to get out of a bad situation in the future  — I’d really appreciate it. (i.e: help me fake an “emergency”
 so  I can urgently leave).   I’m usually independent, but this made me realize how alone I actually am.","1of4mkm sexualassault Is this sexual assault ? SeaLawfulness3530 /r/sexualassault/comments/1of4mkm/is_this_sexual_assault/   went on a date yesterday that turned really uncomfortable and a bit scary. It made me realize that if I ever ended up in another situation like that, I don’t have anyone I could reach out to for help — no friends, family, or coworkers I could call or text to fake an emergency so I could leave safely.

I know this is a strange thing to ask, but if anyone here would be willing to be that person I could message in the future — just to call or text me so I have an excuse to get out of a bad situation in the future  — I’d really appreciate it. (i.e: help me fake an “emergency”
 so  I can urgently leave).   I’m usually independent, but this made me realize how alone I actually am.",['\\bis\\s+this\\s+(?:sa|sexual\\s+assault)\\b'],"['\\bis\\s+this\\s+(?:sa|sexual\\s+assault)\\b', '\\bassault\\b', '\\bsexual(?:ly)?\\s+assault(?:ed|s|ing)?\\b']"
1oeyscs,sexualassault,I don’t know what this was,chillysunset,2,5,True,2,1761315046,/r/sexualassault/comments/1oeyscs/i_dont_know_what_this_was/,"I (24f) had a fwb (34m) that turned into a situationship a few months ago. We saw each other like every weekend and while together we had sex a lot and he was rough like slapping me so hard my ears rang, choking me, hair pulling, going hard in kinda an animalistic way, he also had a race kink that i reluctantly went with cuz he would thank me for being so good and just taking everything. Well he was also VERY well endowed as in when he would first put it in it hurt and I’d have to tell him every like 5 minutes that it was going to deep and we needed to change positions. When I said this he was always understanding and change what he was doing. Well one time he was going a usual pace but it was just to deep and uncomfortable so I said hey it’s too deep (as in please move) and he put his hand over my mouth and went harder and told me to just take it. And now that I think about it sometimes when he would go really hard he’d cover my mouth or choke me and maybe it was so I didn’t tell him to stop. Idk I was just thinking about it a lot last night and made me really uneasy, so what do you think is this SA or just nothing","1oeyscs sexualassault I don’t know what this was chillysunset /r/sexualassault/comments/1oeyscs/i_dont_know_what_this_was/ I (24f) had a fwb (34m) that turned into a situationship a few months ago. We saw each other like every weekend and while together we had sex a lot and he was rough like slapping me so hard my ears rang, choking me, hair pulling, going hard in kinda an animalistic way, he also had a race kink that i reluctantly went with cuz he would thank me for being so good and just taking everything. Well he was also VERY well endowed as in when he would first put it in it hurt and I’d have to tell him every like 5 minutes that it was going to deep and we needed to change positions. When I said this he was always understanding and change what he was doing. Well one time he was going a usual pace but it was just to deep and uncomfortable so I said hey it’s too deep (as in please move) and he put his hand over my mouth and went harder and told me to just take it. And now that I think about it sometimes when he would go really hard he’d cover my mouth or choke me and maybe it was so I didn’t tell him to stop. Idk I was just thinking about it a lot last night and made me really uneasy, so what do you think is this SA or just nothing",['\\bis\\s+this\\s+(?:sa|sexual\\s+assault)\\b'],"['\\bsa\\b', ""\\bi\\s+don[’']t\\s+know\\b"", '\\bidk+k*\\b', '\\bis\\s+this\\s+(?:sa|sexual\\s+assault)\\b']"
1odl50t,sexualassault,was i sexually assaulted? or raped? or neither?,spiderwestsider,1,6,True,1,1761168581,/r/sexualassault/comments/1odl50t/was_i_sexually_assaulted_or_raped_or_neither/,"I had a boyfriend, long distance. at the time I was 16 and he was 19.
first instance:
 we went to a city for a concert that really mattered a lot to me but that night i had taken pills to fall asleep like usual. I woke up with his hand in my underwear and I didn't know what to do, I was still awake but I was too scared and tired to say anything at that time. I just froze I really can't explain it. I felt him do a lot more and touch me a lot also in other places. I've never felt so uncomfortable I literally thought I was gonna have a heartattack. because of the sleeping pills and tiredness I fell back asleep again and i think he did a lot more but im not sure what.. i confronted him about it the next day and then he started crying playing victim and I had to comfort him... I'm so fucking stupid
now I know that's SA but still I feel like im overreacting, I didnt tell him that but he's tried to make me feel guilty


second time
2 weeks later he was at my home and he'd never been before. he kept insisting to have sex with me and pressured me. I was uncomfortable and made that clear, he said that every time I didn't feel like kissing or anything that it meant I didn't care about him or love him or he'd say stuff along those lines. at a point he'd gone so far that I was scared he would kill me if I didn't have sex with him so unfortunately I let him.. I kept my eyes closed hoping it will be soon over and that was that, he also forced me to touch him like literally grabbing mt hand etc and he'd guilt trip me if I didn't feel like kissing him. I didn't really speak on it he left the next day and about a month after that I broke up with him, I was scared to do it earlier because he'd threathen to kill himself. I blocked him everywhere. was it rape? sa? or neither

I just had to share this somewhere, it all happened a few months ago and I feel like everything is my fault or that I'm overreacting. please help me, this is bothering me so much and im scared I don't know what I'm thinking. 
there are many people in this reddit with stories far worse than mine, im so sorry for all of you for what you've been through. I'm scared I'm overreacting or that it's not valid enough ","1odl50t sexualassault was i sexually assaulted? or raped? or neither? spiderwestsider /r/sexualassault/comments/1odl50t/was_i_sexually_assaulted_or_raped_or_neither/ I had a boyfriend, long distance. at the time I was 16 and he was 19.
first instance:
 we went to a city for a concert that really mattered a lot to me but that night i had taken pills to fall asleep like usual. I woke up with his hand in my underwear and I didn't know what to do, I was still awake but I was too scared and tired to say anything at that time. I just froze I really can't explain it. I felt him do a lot more and touch me a lot also in other places. I've never felt so uncomfortable I literally thought I was gonna have a heartattack. because of the sleeping pills and tiredness I fell back asleep again and i think he did a lot more but im not sure what.. i confronted him about it the next day and then he started crying playing victim and I had to comfort him... I'm so fucking stupid
now I know that's SA but still I feel like im overreacting, I didnt tell him that but he's tried to make me feel guilty


second time
2 weeks later he was at my home and he'd never been before. he kept insisting to have sex with me and pressured me. I was uncomfortable and made that clear, he said that every time I didn't feel like kissing or anything that it meant I didn't care about him or love him or he'd say stuff along those lines. at a point he'd gone so far that I was scared he would kill me if I didn't have sex with him so unfortunately I let him.. I kept my eyes closed hoping it will be soon over and that was that, he also forced me to touch him like literally grabbing mt hand etc and he'd guilt trip me if I didn't feel like kissing him. I didn't really speak on it he left the next day and about a month after that I broke up with him, I was scared to do it earlier because he'd threathen to kill himself. I blocked him everywhere. was it rape? sa? or neither

I just had to share this somewhere, it all happened a few months ago and I feel like everything is my fault or that I'm overreacting. please help me, this is bothering me so much and im scared I don't know what I'm thinking. 
there are many people in this reddit with stories far worse than mine, im so sorry for all of you for what you've been through. I'm scared I'm overreacting or that it's not valid enough ",['\\bwas\\s+i\\s+sexually\\s+assaulted\\b'],"['\\bboyfriend\\b', ""\\bi\\s+didn[’']t\\s+know\\b"", ""\\bi\\s+don[’']t\\s+know\\b"", ""\\bi[’']?m\\s+not\\s+sure\\b"", '\\bsa\\b', '\\brape\\b', '\\bwas\\s+i\\s+sexually\\s+assaulted\\b', '\\bsexual(?:ly)?\\s+assault(?:ed|s|ing)?\\b']"
1odij25,sexualassault,Please no judgment I didn't know any better,Medium_Client1998,2,6,True,1,1761162570,/r/sexualassault/comments/1odij25/please_no_judgment_i_didnt_know_any_better/,"2 years ago I wanted a tattoo so bad, i had a friend  that was learning and in training to become a tattoo artist, so he offered to give me a tattoo for a low price, since he didn't have his own studio or shop we went to another friend's house, it was me the guy and another friend who offered to go with me, we were at the house abd he said to my female friend that she can't be with us in the room as it might distract him, I wanted a tattoo on my mid-back.

 so I took my shirt and I stayed in my bra, he asked me to take off all of my clothes because he was only used on working with naked people, I was schocked but unfortunately I agreed because I didn't know any better, it felt weird but idk why I agreed to it.

tonight I was talking to another friend who went to this same in his studio, and he asked her the same thing she was getting a tattoo on her thigh but she refused and left, she told what he did to me is considered sexual assault even though he didn't touch me, it feels confusing, I'm going to bring it up to my therapist next time I see her. 

Idk if anyone agrees with her? because I'm just confused,  I've been SA before and I have flashbacks of that assault but this is different.","1odij25 sexualassault Please no judgment I didn't know any better Medium_Client1998 /r/sexualassault/comments/1odij25/please_no_judgment_i_didnt_know_any_better/ 2 years ago I wanted a tattoo so bad, i had a friend  that was learning and in training to become a tattoo artist, so he offered to give me a tattoo for a low price, since he didn't have his own studio or shop we went to another friend's house, it was me the guy and another friend who offered to go with me, we were at the house abd he said to my female friend that she can't be with us in the room as it might distract him, I wanted a tattoo on my mid-back.

 so I took my shirt and I stayed in my bra, he asked me to take off all of my clothes because he was only used on working with naked people, I was schocked but unfortunately I agreed because I didn't know any better, it felt weird but idk why I agreed to it.

tonight I was talking to another friend who went to this same in his studio, and he asked her the same thing she was getting a tattoo on her thigh but she refused and left, she told what he did to me is considered sexual assault even though he didn't touch me, it feels confusing, I'm going to bring it up to my therapist next time I see her. 

Idk if anyone agrees with her? because I'm just confused,  I've been SA before and I have flashbacks of that assault but this is different.",['\\bconsider(?:ed)?\\s+(?:it\\s+)?(?:sa|sexual\\s+assault)\\b'],"[""\\bi\\s+didn[’']t\\s+know\\b"", '\\bidk+k*\\b', '\\bsa\\b', '\\bassault\\b', '\\bconsider(?:ed)?\\s+(?:it\\s+)?(?:sa|sexual\\s+assault)\\b', '\\bfriend\\b', '\\bsexual(?:ly)?\\s+assault(?:ed|s|ing)?\\b']"
1oc2ovp,sexualassault,I’m not sure if this is considered sexual assault.,Academic_Flamingo_64,2,3,False,0,1761018178,/r/sexualassault/comments/1oc2ovp/im_not_sure_if_this_is_considered_sexual_assault/,"While I was in a relationship with my ex boyfriend who I just recently broke up with, we were having sex one time. But I was very hesitant. He put it in while I was crying and it couldn’t go in because it was too closed. However, I still said yes after a little bit. So I don’t really know?

Also, what is it called and considered when he asks for sex or head multiple times after being told no until I say yes?","1oc2ovp sexualassault I’m not sure if this is considered sexual assault. Academic_Flamingo_64 /r/sexualassault/comments/1oc2ovp/im_not_sure_if_this_is_considered_sexual_assault/ While I was in a relationship with my ex boyfriend who I just recently broke up with, we were having sex one time. But I was very hesitant. He put it in while I was crying and it couldn’t go in because it was too closed. However, I still said yes after a little bit. So I don’t really know?

Also, what is it called and considered when he asks for sex or head multiple times after being told no until I say yes?",['\\bconsider(?:ed)?\\s+(?:it\\s+)?(?:sa|sexual\\s+assault)\\b'],"['\\bboyfriend\\b', ""\\bi\\s+don[’']t\\s+really\\s+know\\b"", ""\\bi[’']?m\\s+not\\s+sure\\b"", '\\bassault\\b', '\\bconsider(?:ed)?\\s+(?:it\\s+)?(?:sa|sexual\\s+assault)\\b', '\\bsexual(?:ly)?\\s+assault(?:ed|s|ing)?\\b']"
1nyc615,sexualassault,Is it normal that I don’t have an aversion to sex/don’t feel traumatized after being assaulted half of my life?,Federal_Instance7484,2,3,False,0,1759630197,/r/sexualassault/comments/1nyc615/is_it_normal_that_i_dont_have_an_aversion_to/,"I don’t want to get into anything too much but I was continuously sexually abused my father when I was a child, it stopped around when I started my period, but I was assaulted at 13 by my ex, again when I was 15, now I’m 20 and I’ve had a few more experiences in my adulthood that would be considered sexual assault, but I don’t feel traumatized? If that makes sense.  I don’t get uncomfortable about sex, or being touched by my bf or my past partners. I like having sex and if anything I enjoy it more than you would think someone who’s been in my situation would enjoy sex. Also whenever SA or unwanted touch reoccurs , I just get uncomfortable, but never upset enough to have flashbacks or cry, then I’ll just get numb and forget about it/dismiss it like an hour later. Like for example, this just happened; a couple hours ago my mom’s husband walked up behind me (with plenty of room in the garage for him to walk around me) and grabbed my hip and kind of.. stayed there for a bit while he was against me before “scooting past.” Not saying he assaulted me at all! it just made me uncomfortable in the moment, and I texted my bf saying I wanted to talk to him about it when I got home, but now it’s been an hour or two and I feel like I was overreacting?? Like I’m perfectly fine now and I don’t even feel phased when I think about what just happened. Im just thinking “oh that was creepy and probably shouldn’t have happened” but I feel completely numb otherwise. Is this normal? Am I broken? I feel so much empathy for others but with myself it’s like I don’t care about what’s happened to me. Even when my therapist would try to have me think about what happened to me as a child, I just couldn’t cry or feel sad about it. I just don’t feel traumatized and like nothing bad has ever happened to me. I feel disconnected from myself at all times, even when I try to talk about it here I sound so robotic and apathetic towards it. will this ever change?","1nyc615 sexualassault Is it normal that I don’t have an aversion to sex/don’t feel traumatized after being assaulted half of my life? Federal_Instance7484 /r/sexualassault/comments/1nyc615/is_it_normal_that_i_dont_have_an_aversion_to/ I don’t want to get into anything too much but I was continuously sexually abused my father when I was a child, it stopped around when I started my period, but I was assaulted at 13 by my ex, again when I was 15, now I’m 20 and I’ve had a few more experiences in my adulthood that would be considered sexual assault, but I don’t feel traumatized? If that makes sense.  I don’t get uncomfortable about sex, or being touched by my bf or my past partners. I like having sex and if anything I enjoy it more than you would think someone who’s been in my situation would enjoy sex. Also whenever SA or unwanted touch reoccurs , I just get uncomfortable, but never upset enough to have flashbacks or cry, then I’ll just get numb and forget about it/dismiss it like an hour later. Like for example, this just happened; a couple hours ago my mom’s husband walked up behind me (with plenty of room in the garage for him to walk around me) and grabbed my hip and kind of.. stayed there for a bit while he was against me before “scooting past.” Not saying he assaulted me at all! it just made me uncomfortable in the moment, and I texted my bf saying I wanted to talk to him about it when I got home, but now it’s been an hour or two and I feel like I was overreacting?? Like I’m perfectly fine now and I don’t even feel phased when I think about what just happened. Im just thinking “oh that was creepy and probably shouldn’t have happened” but I feel completely numb otherwise. Is this normal? Am I broken? I feel so much empathy for others but with myself it’s like I don’t care about what’s happened to me. Even when my therapist would try to have me think about what happened to me as a child, I just couldn’t cry or feel sad about it. I just don’t feel traumatized and like nothing bad has ever happened to me. I feel disconnected from myself at all times, even when I try to talk about it here I sound so robotic and apathetic towards it. will this ever change?",['\\bconsider(?:ed)?\\s+(?:it\\s+)?(?:sa|sexual\\s+assault)\\b'],"['\\bsexual(?:ly)?\\s+abus(?:e|ed|es|ing)\\b', '\\bsa\\b', '\\bassault\\b', '\\bconsider(?:ed)?\\s+(?:it\\s+)?(?:sa|sexual\\s+assault)\\b', '\\bhusband\\b', '\\bsexual(?:ly)?\\s+assault(?:ed|s|ing)?\\b']"
1ns6ua6,sexualassault,Was it SA if i was drunk and went along with it?,No_Discussion4708,3,4,False,0,1759008434,/r/sexualassault/comments/1ns6ua6/was_it_sa_if_i_was_drunk_and_went_along_with_it/,"For context i(f 20) got a part time job at a restaurant. The boss is a 60 year old man. The first weeks everything went well, we talked, i started trusting him but in a ""grandpa"" way. He was always patient with me at the job and sometimes cooked me food. Now that one evening he proposed to drink alcohol together after work. I agreed because he said he was lonely or something. We started drinking and then he cooked us food, more drinks and i got pretty wasted but to the point where i could speak. He closed the blinds, locked the restaurant door and mentioned the cameras were turned off. He put on music and started dancing. At first because i was drunk i found it funny to dance with him but then he started going in THAT direction. This is the part where i blame myself. He started kissing me and i said like 3 times that i have to go but he was like ""no no stay"" and in that moment i question why i didn't scream and run. I was pathetically patient for him to basically have sex with me but in my head i was thinking "" is this really happening right now?"" i was in a state of disbelief but i went along with the act. I was just worried because he didn't use a condom and in the end i asked him for money to get a plan b pill because i was scared to get pregnant. I was nice and polite until the last second. Which disgusts me because i should've screamed, ran, done something. When i got out i immediately started crying, hyperventilating all that and felt absolutely disgusting till this day. I don't know how i could be so stupid to stay and drink with him alone. Mind you he is married with 2 kids, he showed them to me and talked fondly about them before all that. After that day i texted him that i will not be coming to work any longer, that i found it disgusting what he did but today (after 2 months or so) he texted me again asking whats up. That day he mentioned something about me being his secret lover and the sentence ""when you have a chance, you have to profit from it"". I thought he was joking or giving life advice but i should've gotten the hint and ran. He was very secretive about the whole ordeal but he drank alcohol too so idk. I wish i could warn other young girls who might work there that he's a creep but if i speak up against him he might twist it around, saying that i wanted it, that i didn't say no, he has all my personal information(due to work) and if i say some even to his wife, or even publish something online about him, he is ofc going to know it was me and might threaten me or tell my family. My worst scenario is that he has the camera footage and he can use it against me, the footage where i went along with it and was nice and patient. This whole thing disturbs me and idk what to do. Should i just see this as a drunk mistake and move on with my life? Ive learned to cope with it on my own, i don't have severe ptsd or nightmares about it but thinking about it makes my skin crawl with i guess disappointment in myself. Any advice or similar personal experience is appreciated ty.","1ns6ua6 sexualassault Was it SA if i was drunk and went along with it? No_Discussion4708 /r/sexualassault/comments/1ns6ua6/was_it_sa_if_i_was_drunk_and_went_along_with_it/ For context i(f 20) got a part time job at a restaurant. The boss is a 60 year old man. The first weeks everything went well, we talked, i started trusting him but in a ""grandpa"" way. He was always patient with me at the job and sometimes cooked me food. Now that one evening he proposed to drink alcohol together after work. I agreed because he said he was lonely or something. We started drinking and then he cooked us food, more drinks and i got pretty wasted but to the point where i could speak. He closed the blinds, locked the restaurant door and mentioned the cameras were turned off. He put on music and started dancing. At first because i was drunk i found it funny to dance with him but then he started going in THAT direction. This is the part where i blame myself. He started kissing me and i said like 3 times that i have to go but he was like ""no no stay"" and in that moment i question why i didn't scream and run. I was pathetically patient for him to basically have sex with me but in my head i was thinking "" is this really happening right now?"" i was in a state of disbelief but i went along with the act. I was just worried because he didn't use a condom and in the end i asked him for money to get a plan b pill because i was scared to get pregnant. I was nice and polite until the last second. Which disgusts me because i should've screamed, ran, done something. When i got out i immediately started crying, hyperventilating all that and felt absolutely disgusting till this day. I don't know how i could be so stupid to stay and drink with him alone. Mind you he is married with 2 kids, he showed them to me and talked fondly about them before all that. After that day i texted him that i will not be coming to work any longer, that i found it disgusting what he did but today (after 2 months or so) he texted me again asking whats up. That day he mentioned something about me being his secret lover and the sentence ""when you have a chance, you have to profit from it"". I thought he was joking or giving life advice but i should've gotten the hint and ran. He was very secretive about the whole ordeal but he drank alcohol too so idk. I wish i could warn other young girls who might work there that he's a creep but if i speak up against him he might twist it around, saying that i wanted it, that i didn't say no, he has all my personal information(due to work) and if i say some even to his wife, or even publish something online about him, he is ofc going to know it was me and might threaten me or tell my family. My worst scenario is that he has the camera footage and he can use it against me, the footage where i went along with it and was nice and patient. This whole thing disturbs me and idk what to do. Should i just see this as a drunk mistake and move on with my life? Ive learned to cope with it on my own, i don't have severe ptsd or nightmares about it but thinking about it makes my skin crawl with i guess disappointment in myself. Any advice or similar personal experience is appreciated ty.","[""\\bi\\s+didn[’']t\\s+say\\s+no\\b""]","['\\bwife\\b', ""\\bi\\s+didn[’']t\\s+say\\s+no\\b"", ""\\bi\\s+don[’']t\\s+know\\b"", '\\bidk+k*\\b', '\\bsa\\b']"
1jmwbcv,sexualassault,I think I’m being sexually assaulted and I don’t know what to do.,OakTheMegaGay,2,2,False,0,1743282536,/r/sexualassault/comments/1jmwbcv/i_think_im_being_sexually_assaulted_and_i_dont/,"If I could add multiple flairs to this post, I would. Specifically “Was this sexual assault?” And “Need Advice” that being said, here’s my story:

Hi.

I’m 15 years old in my first year of highschool. This year, I am involved in my school's theater program as a sound assistant. In the fall, we were doing a play which is where I met my sound chief, who I'll call R. R is in the grade above me, and at the time of meeting him I was 14, he was 15. He told me he was aromantic, but not asexual, and I told him I was cool with that, since I'm trans (ftm) and omnisexual myself.

We became close friends extremely quickly. I developed feelings for him, and ended up becoming incredibly emotionally dependent on him. He was like a therapist to me and help me through a bunch or dark shit in my life. He knew I liked him, and he didn't mind.

About a month into rehearsals for our play, he started getting touchy with me. It started simple, holding my hand, laying his head on my shoulder, etc. It then moved into touching my legs and hips.

One day, he asked me ""do you consent?"" This confused me do to how out of the blue it was. I asked to what, and he told me ""You'll find out soon enough"". I said yes. A week later, he would end up touching me beneath my clothes at a theater festival multiple times that day, wether that be on my lower half or upper half, sometimes in plain view of his friends.

After that he would constantly touch me during rehearsals. It escalated to the point where basically everyone in the program knew something was going on, but didn't know the details. He even did it on the bus ride to a field trip once, in plain view of everyone.

He also would pit me and my best friend at the time against each other for his attention, and would make me sit alone and give the same attention to my best friend, which I'm pretty sure he knew would destroy my mental state because like I said earlier, I was very emotionally dependent on him.

After I got a boyfriend, he backed off from me, but was still giving a lot of attention to my best friend. I tried to tell people about the experiences I had with him, but whenever he found out I told someone, he would tell that person that I was a liar and a slut.

After my BF broke up with me, he began to start the cycle over with me, telling me explicit sexual scenarios and the stuff he wanted to do to me, making me rely on him again when I was most vulnerable.

Now I'm here, I'm still very much attached to him. My friends want me to block him, but I can't because my world revolves so heavily on his presence in my life. I don't know what to do. I don't know how to get out.","1jmwbcv sexualassault I think I’m being sexually assaulted and I don’t know what to do. OakTheMegaGay /r/sexualassault/comments/1jmwbcv/i_think_im_being_sexually_assaulted_and_i_dont/ If I could add multiple flairs to this post, I would. Specifically “Was this sexual assault?” And “Need Advice” that being said, here’s my story:

Hi.

I’m 15 years old in my first year of highschool. This year, I am involved in my school's theater program as a sound assistant. In the fall, we were doing a play which is where I met my sound chief, who I'll call R. R is in the grade above me, and at the time of meeting him I was 14, he was 15. He told me he was aromantic, but not asexual, and I told him I was cool with that, since I'm trans (ftm) and omnisexual myself.

We became close friends extremely quickly. I developed feelings for him, and ended up becoming incredibly emotionally dependent on him. He was like a therapist to me and help me through a bunch or dark shit in my life. He knew I liked him, and he didn't mind.

About a month into rehearsals for our play, he started getting touchy with me. It started simple, holding my hand, laying his head on my shoulder, etc. It then moved into touching my legs and hips.

One day, he asked me ""do you consent?"" This confused me do to how out of the blue it was. I asked to what, and he told me ""You'll find out soon enough"". I said yes. A week later, he would end up touching me beneath my clothes at a theater festival multiple times that day, wether that be on my lower half or upper half, sometimes in plain view of his friends.

After that he would constantly touch me during rehearsals. It escalated to the point where basically everyone in the program knew something was going on, but didn't know the details. He even did it on the bus ride to a field trip once, in plain view of everyone.

He also would pit me and my best friend at the time against each other for his attention, and would make me sit alone and give the same attention to my best friend, which I'm pretty sure he knew would destroy my mental state because like I said earlier, I was very emotionally dependent on him.

After I got a boyfriend, he backed off from me, but was still giving a lot of attention to my best friend. I tried to tell people about the experiences I had with him, but whenever he found out I told someone, he would tell that person that I was a liar and a slut.

After my BF broke up with me, he began to start the cycle over with me, telling me explicit sexual scenarios and the stuff he wanted to do to me, making me rely on him again when I was most vulnerable.

Now I'm here, I'm still very much attached to him. My friends want me to block him, but I can't because my world revolves so heavily on his presence in my life. I don't know what to do. I don't know how to get out.",['\\bwas\\s+this\\s+(?:sa|sexual\\s+assault)\\b'],"['\\bboyfriend\\b', ""\\bi\\s+don[’']t\\s+know\\b"", '\\bwas\\s+this\\s+(?:sa|sexual\\s+assault)\\b', '\\bassault\\b', '\\bfriend\\b', '\\bsexual(?:ly)?\\s+assault(?:ed|s|ing)?\\b']"
1htki3x,sexualassault,traumatic or i’m dramatic?,AdSoggy1572,1,1,True,1,1736014549,/r/sexualassault/comments/1htki3x/traumatic_or_im_dramatic/,"traumatic? or dramatic 

so about 2 years ago i posted a post on this, i’m going the paste it:

so i 14F had sex with a 22M 3 times during the summer. i met him on tinder and not even 24 hours knowing each other,I lost my virginity to him. when me and him did it the first time i brought a condom and put it on him and he said that it “hurt” and that the sex is going to be bad. i asked him if we’re going to use it and he said i don’t really want so i felt pressured to let him do it without it. when i went down on him it kinda smelled musty where his stomach is. my stomach was hurting very bad so i asked him to take a break, he said he’s almost close to cumming so he kept going without stopping. he was not close at all my stomach ended up hurting the whole day so i took aleve. he didn’t know he took my virginity and he thought i was 18. 


 the next day me and him had sex again and my stomach still hurt but i took aleve again before and after. 

2 weeks later when we had sex while i was on my period- the first day and after my vigina was sore after. mind you all 3 times we had sex in his car. i didn’t really want to do it but he kept begging me on text and i felt obligated to meet up with him. when we did it while i was on my period he nutted kinda close to my vigina and i asked him if it got on it since it got on both inner thighs. he said that i’m on my period and that i’m fine. i told him i can get pregnant on my period. and he continued to say i was fine and brushed it off.when i got back to my friend’s house and i wipped and stuck my fingers down there i saw this googy blood that reminded me of when i’m ovulating. my period continued and everything was fine. i’m not pregnant since i did get my period again last month. 

yesterday i went to the doctors because ever since me and him had sex while i was on my period, i had weird symptoms. i have trich and i told him that i have it. should i tell him that im not 18? i can’t get it out of my head and i really want to but im scared. also he cut me off like a month ago since i asked him if he could wear a condom next time we did it but he latched out on me and got mad. he still texts me now and then and today he texted me so i just told him that he gave me trich. me and him also had unprotected sex all 3 times. i do have antibiotics i have to take for 7 days twice a day. before you ask yes my parents are very angry and highly disappointed with me and they have both said things to me that made me feel like i wasn’t human  but i didn’t tell them i had sex with someone older nor did i tell them i actually had vaginal sex and i probably won’t until i get older. 

he doesn’t know where i live but he could find out since he knows the city. me and him actually live in the same city but he’s like 10 mins away from me. he is kind of creepy since he found my instagram without me telling him it. if i don’t answer him he will text me multiple times. even after him “cutting me off” he still texts me now and then as i’ve stated. he’ll text me like once a week. he has harassed me before through calling me multiple times and texting me on snap after i don’t answer on messenges. now he unadded me on snap and i’ve unadded him but he still texts me. he would beg me to have sex with him and meet up with him. he also took a video of us together after we did it the first time. he took a video of me giving him head even though he says he didn’t i know he did since he was on his phone while i was doing it. he also told me he took a video of me walking after he dropped me off at the library we met at.

help me plz give me ideas to tell the man my real age i can’t live thinking i never told him. he is also a preschool teacher so i feel so bad and fucked up.


so i’m 16 now and this happened july of 2022. back in june of 2023 i told him i was 14 when we had sex and that he took my virginity and he still wanted to have sex with me again. no i didn’t have sex with him i haven’t done anything sexual since we last had sex in 2022. i haven’t talked to him since june of 2023 and ive told my parents. they don’t know he was grown but they know about the sexual  assault? part. i told my mom and she honestly just said it was my fault which ig is understandable. 



my question now is  what would this be considered? when me and this guy had sex back in 2022, i told him it hurts and i was saying ow the whole time. i told him i wanted to take a break and he just flipped me over and asked “is this better?” i said no it still really hurt and he just told me “it’s fine i’m close to cumming”. the second time me and this guy had sex he choked me during sex. we never talked about that so i felt violated as a person since 1 i barely knew him and 2 i genuinely thought he was abt to kill me since he was doing it so hard. the third time we had sex he made me say things i wasn’t comfortable with saying and even though i would be quiet when he told me to
say things he would just keep pushing it until i said it. the first time we had sex, when he didn’t stop when i told him to stop is that considered sexual assault or rape? i genuinely just need closure abt this situation since it changed me for the worse and idk if im being dramatic or not. 


i hated myself so much for over a year after this happened to the point where i had an eating disorder and i couldn’t even look at myself in the mirror bc i hated what i saw sm. ever since that happened i struggle with saying no to people to the point where i never can say no. i have a really hard time trusting guys that come into my life who try to pursue me since im scared if we have sex they wont stop if i want them to or they’ll make me do stuff im not comfortable with. i’ve talked to a lot of guys after that happened but i could never commit. i’m talking to a guy rn and he treats me better then any guy has and i genuinely feel that im too much for him. i wanna tell him abt this situation since it genuinely fucked me up for the worse but i’m scared im just being dramatic or he’s gonna look at me completely different. please someone tell me, am i being dramatic or was this genuinely a traumatizing experience?

i’m sorry for any spelling mistakes and and repeated things it’s not allowing me to edit.","1htki3x sexualassault traumatic or i’m dramatic? AdSoggy1572 /r/sexualassault/comments/1htki3x/traumatic_or_im_dramatic/ traumatic? or dramatic 

so about 2 years ago i posted a post on this, i’m going the paste it:

so i 14F had sex with a 22M 3 times during the summer. i met him on tinder and not even 24 hours knowing each other,I lost my virginity to him. when me and him did it the first time i brought a condom and put it on him and he said that it “hurt” and that the sex is going to be bad. i asked him if we’re going to use it and he said i don’t really want so i felt pressured to let him do it without it. when i went down on him it kinda smelled musty where his stomach is. my stomach was hurting very bad so i asked him to take a break, he said he’s almost close to cumming so he kept going without stopping. he was not close at all my stomach ended up hurting the whole day so i took aleve. he didn’t know he took my virginity and he thought i was 18. 


 the next day me and him had sex again and my stomach still hurt but i took aleve again before and after. 

2 weeks later when we had sex while i was on my period- the first day and after my vigina was sore after. mind you all 3 times we had sex in his car. i didn’t really want to do it but he kept begging me on text and i felt obligated to meet up with him. when we did it while i was on my period he nutted kinda close to my vigina and i asked him if it got on it since it got on both inner thighs. he said that i’m on my period and that i’m fine. i told him i can get pregnant on my period. and he continued to say i was fine and brushed it off.when i got back to my friend’s house and i wipped and stuck my fingers down there i saw this googy blood that reminded me of when i’m ovulating. my period continued and everything was fine. i’m not pregnant since i did get my period again last month. 

yesterday i went to the doctors because ever since me and him had sex while i was on my period, i had weird symptoms. i have trich and i told him that i have it. should i tell him that im not 18? i can’t get it out of my head and i really want to but im scared. also he cut me off like a month ago since i asked him if he could wear a condom next time we did it but he latched out on me and got mad. he still texts me now and then and today he texted me so i just told him that he gave me trich. me and him also had unprotected sex all 3 times. i do have antibiotics i have to take for 7 days twice a day. before you ask yes my parents are very angry and highly disappointed with me and they have both said things to me that made me feel like i wasn’t human  but i didn’t tell them i had sex with someone older nor did i tell them i actually had vaginal sex and i probably won’t until i get older. 

he doesn’t know where i live but he could find out since he knows the city. me and him actually live in the same city but he’s like 10 mins away from me. he is kind of creepy since he found my instagram without me telling him it. if i don’t answer him he will text me multiple times. even after him “cutting me off” he still texts me now and then as i’ve stated. he’ll text me like once a week. he has harassed me before through calling me multiple times and texting me on snap after i don’t answer on messenges. now he unadded me on snap and i’ve unadded him but he still texts me. he would beg me to have sex with him and meet up with him. he also took a video of us together after we did it the first time. he took a video of me giving him head even though he says he didn’t i know he did since he was on his phone while i was doing it. he also told me he took a video of me walking after he dropped me off at the library we met at.

help me plz give me ideas to tell the man my real age i can’t live thinking i never told him. he is also a preschool teacher so i feel so bad and fucked up.


so i’m 16 now and this happened july of 2022. back in june of 2023 i told him i was 14 when we had sex and that he took my virginity and he still wanted to have sex with me again. no i didn’t have sex with him i haven’t done anything sexual since we last had sex in 2022. i haven’t talked to him since june of 2023 and ive told my parents. they don’t know he was grown but they know about the sexual  assault? part. i told my mom and she honestly just said it was my fault which ig is understandable. 



my question now is  what would this be considered? when me and this guy had sex back in 2022, i told him it hurts and i was saying ow the whole time. i told him i wanted to take a break and he just flipped me over and asked “is this better?” i said no it still really hurt and he just told me “it’s fine i’m close to cumming”. the second time me and this guy had sex he choked me during sex. we never talked about that so i felt violated as a person since 1 i barely knew him and 2 i genuinely thought he was abt to kill me since he was doing it so hard. the third time we had sex he made me say things i wasn’t comfortable with saying and even though i would be quiet when he told me to
say things he would just keep pushing it until i said it. the first time we had sex, when he didn’t stop when i told him to stop is that considered sexual assault or rape? i genuinely just need closure abt this situation since it changed me for the worse and idk if im being dramatic or not. 


i hated myself so much for over a year after this happened to the point where i had an eating disorder and i couldn’t even look at myself in the mirror bc i hated what i saw sm. ever since that happened i struggle with saying no to people to the point where i never can say no. i have a really hard time trusting guys that come into my life who try to pursue me since im scared if we have sex they wont stop if i want them to or they’ll make me do stuff im not comfortable with. i’ve talked to a lot of guys after that happened but i could never commit. i’m talking to a guy rn and he treats me better then any guy has and i genuinely feel that im too much for him. i wanna tell him abt this situation since it genuinely fucked me up for the worse but i’m scared im just being dramatic or he’s gonna look at me completely different. please someone tell me, am i being dramatic or was this genuinely a traumatizing experience?

i’m sorry for any spelling mistakes and and repeated things it’s not allowing me to edit.",['\\bconsider(?:ed)?\\s+(?:it\\s+)?(?:sa|sexual\\s+assault)\\b'],"['\\bidk+k*\\b', '\\bassault\\b', '\\brape\\b', '\\bconsider(?:ed)?\\s+(?:it\\s+)?(?:sa|sexual\\s+assault)\\b', '\\bfriend\\b', '\\bsexual(?:ly)?\\s+assault(?:ed|s|ing)?\\b']"
1hje6y8,sexualassault,was this sexual assault?,Busy-Process-6624,0,14,False,0,1734800993,/r/sexualassault/comments/1hje6y8/was_this_sexual_assault/,"i’m 19 and he’s 30, i was extremely drunk &amp; he kept putting more and more drinks my way, he was drunk too but i’m not sure how drunk. he flirted with me and i flirted back. he kissed me and i kissed back. he then put his hands down my underwear and started feeling around my butt and stuff. i froze and laughed it off awkwardly. i don’t remember the buildup to it or what happened after, i don't even remember where we were when it happened. i just distinctly remember it happening. i remember the shock and disgust i felt, but i feel as though it was justified as we were both drunk and i was kissing and flirting with him. i'm not into him at all and i didn't even want to kiss him, i was just drunk and acting impulsively. now that i'm sober i feel disgusting and nauseous, but i don't know if this is classed as assault. i didn't even think of it as assault until someone told me it could be.

i’ve known him for a while but only because i used to work at the bar he frequents. i’ve never known him on a personal level.

also found out this morning that he has a girlfriend and a baby. kms.","1hje6y8 sexualassault was this sexual assault? Busy-Process-6624 /r/sexualassault/comments/1hje6y8/was_this_sexual_assault/ i’m 19 and he’s 30, i was extremely drunk &amp; he kept putting more and more drinks my way, he was drunk too but i’m not sure how drunk. he flirted with me and i flirted back. he kissed me and i kissed back. he then put his hands down my underwear and started feeling around my butt and stuff. i froze and laughed it off awkwardly. i don’t remember the buildup to it or what happened after, i don't even remember where we were when it happened. i just distinctly remember it happening. i remember the shock and disgust i felt, but i feel as though it was justified as we were both drunk and i was kissing and flirting with him. i'm not into him at all and i didn't even want to kiss him, i was just drunk and acting impulsively. now that i'm sober i feel disgusting and nauseous, but i don't know if this is classed as assault. i didn't even think of it as assault until someone told me it could be.

i’ve known him for a while but only because i used to work at the bar he frequents. i’ve never known him on a personal level.

also found out this morning that he has a girlfriend and a baby. kms.",['\\bwas\\s+this\\s+(?:sa|sexual\\s+assault)\\b'],"[""\\bi\\s+don[’']t\\s+know\\b"", ""\\bi[’']?m\\s+not\\s+sure\\b"", '\\bwas\\s+this\\s+(?:sa|sexual\\s+assault)\\b', '\\bassault\\b', '\\bgirlfriend\\b', '\\bsexual(?:ly)?\\s+assault(?:ed|s|ing)?\\b']"
1h8imbd,sexualassault,No idea how to feel,Disastrous-Pair-369,1,1,False,0,1733539083,/r/sexualassault/comments/1h8imbd/no_idea_how_to_feel/,"I rarely ever post on Reddit and I’m on mobile so sorry if something is formatted weird. 

I (18f) just got out of a situation-ship with a guy I had been seeing for about 2 months. This was the first guy who had ever shown romantic interest for me and he was overall a really good guy so it’s been hitting me hard ever since he ended things on Wednesday. 

I was really in my feelings so I decided to get on tinder. I found this guy today and we started messaging after a little I thought he  told me he lived a hour away so I unadded him cause I wasn’t gonna get in his car or anything. After a little he adds me back and I accept and he told me he misspoke and he asks if he could come to my dorm. I was way more comfy with that so I let him. 

I knew from the start it was gonna be a one time thing but I was not going into it  thinking I was gonna hookup. We lay down and are cuddling and like 5 min after he starts kissing me which caught me off guard but I was ok with it. Everything after that went super fast he put his hands down my pants and I told him I didn’t wanna take of my pants and he said ok. After a little he tries again and I say no. By this point I’m topless and he was on top of me and he pulls my pants and underwear down. I’m not a large person so I was scared to say anything so I let it happen. Like 5 minutes later he flips me over and and puts it in with no condom without asking me anything. I was so checked out at that point I let it happen :/ He finished and immediately left I just feel so weird and kinda sad tbh cause I don’t know if it was assault or not. ","1h8imbd sexualassault No idea how to feel Disastrous-Pair-369 /r/sexualassault/comments/1h8imbd/no_idea_how_to_feel/ I rarely ever post on Reddit and I’m on mobile so sorry if something is formatted weird. 

I (18f) just got out of a situation-ship with a guy I had been seeing for about 2 months. This was the first guy who had ever shown romantic interest for me and he was overall a really good guy so it’s been hitting me hard ever since he ended things on Wednesday. 

I was really in my feelings so I decided to get on tinder. I found this guy today and we started messaging after a little I thought he  told me he lived a hour away so I unadded him cause I wasn’t gonna get in his car or anything. After a little he adds me back and I accept and he told me he misspoke and he asks if he could come to my dorm. I was way more comfy with that so I let him. 

I knew from the start it was gonna be a one time thing but I was not going into it  thinking I was gonna hookup. We lay down and are cuddling and like 5 min after he starts kissing me which caught me off guard but I was ok with it. Everything after that went super fast he put his hands down my pants and I told him I didn’t wanna take of my pants and he said ok. After a little he tries again and I say no. By this point I’m topless and he was on top of me and he pulls my pants and underwear down. I’m not a large person so I was scared to say anything so I let it happen. Like 5 minutes later he flips me over and and puts it in with no condom without asking me anything. I was so checked out at that point I let it happen :/ He finished and immediately left I just feel so weird and kinda sad tbh cause I don’t know if it was assault or not. ",['\\bif\\s+it\\s+was\\s+assault\\b'],"['\\bif\\s+it\\s+was\\s+assault\\b', '\\bassault\\b', ""\\bi\\s+don[’']t\\s+know\\b""]"
1h3cmd1,sexualassault,I don’t know if this was SA or not.,pink_green2,1,1,False,0,1732973428,/r/sexualassault/comments/1h3cmd1/i_dont_know_if_this_was_sa_or_not/,"My dad has made inappropriate jokes about my body. I won’t say exactly what he said because it’s really scary to say but he makes jokes about my butt and my boobs. This is embarrasing to say but my dad often asks to massage my feet and he stroked me sometimes without consent. My dad used to touch my thighs, feet, butt and stomach when I was younger. He touched my thighs and squeezed my butt. Is this SA?","1h3cmd1 sexualassault I don’t know if this was SA or not. pink_green2 /r/sexualassault/comments/1h3cmd1/i_dont_know_if_this_was_sa_or_not/ My dad has made inappropriate jokes about my body. I won’t say exactly what he said because it’s really scary to say but he makes jokes about my butt and my boobs. This is embarrasing to say but my dad often asks to massage my feet and he stroked me sometimes without consent. My dad used to touch my thighs, feet, butt and stomach when I was younger. He touched my thighs and squeezed my butt. Is this SA?",['\\bis\\s+this\\s+(?:sa|sexual\\s+assault)\\b'],"['\\bsa\\b', ""\\bi\\s+don[’']t\\s+know\\b"", '\\bis\\s+this\\s+(?:sa|sexual\\s+assault)\\b']"
1gsijct,sexualassault,Do I belong in spaces for survivors?,OriginalPotential431,1,1,False,0,1731743667,/r/sexualassault/comments/1gsijct/do_i_belong_in_spaces_for_survivors/,"I am a trans woman and through the course of transitioning and figuring out my sexuality and gender identity I would use Grindr (a hook up app for mostly gay men). Meeting up with others was fun but also made me feel like I had worth in an unhealthy way. A number of times men decided to push past clearly stated boundaries and make me do things I didn't consent to. Each time I would not protest and just comply because I was scared.

What I struggle with is knowing if its ok for me to be in spaces like this. I feel like because I was having casual hookups that I was asking for it and I don't deserve/won't get sympathy from others. I suspect thats not true but I am not sure.","1gsijct sexualassault Do I belong in spaces for survivors? OriginalPotential431 /r/sexualassault/comments/1gsijct/do_i_belong_in_spaces_for_survivors/ I am a trans woman and through the course of transitioning and figuring out my sexuality and gender identity I would use Grindr (a hook up app for mostly gay men). Meeting up with others was fun but also made me feel like I had worth in an unhealthy way. A number of times men decided to push past clearly stated boundaries and make me do things I didn't consent to. Each time I would not protest and just comply because I was scared.

What I struggle with is knowing if its ok for me to be in spaces like this. I feel like because I was having casual hookups that I was asking for it and I don't deserve/won't get sympathy from others. I suspect thats not true but I am not sure.","[""\\bi\\s+didn[’']t\\s+consent\\b""]","[""\\bi\\s+didn[’']t\\s+consent\\b""]"
1gsg7n7,sexualassault,My cousin? Is this sa?,Ok-Pair-8510,1,1,False,0,1731734344,/r/sexualassault/comments/1gsg7n7/my_cousin_is_this_sa/,"Every summer my family would spend a few weeks at my grandparents farm. Usually my uncle and his family came as well as my family so I would see my cousins every summer. When I was 8 (f) my cousin who was 12 (f) would play hide and seek with me except she would pressure me into giving her oral every time she found me. After getting off she would go hide and then when I found her she would give me oral. Everytime we played I always hid in the same spot for her to find me and she would do the same, too. We did this for several summers until we stopped going to the farm after our grandparents died.  I know she was older but was it sexual assault if I cooperated and reciprocated? ","1gsg7n7 sexualassault My cousin? Is this sa? Ok-Pair-8510 /r/sexualassault/comments/1gsg7n7/my_cousin_is_this_sa/ Every summer my family would spend a few weeks at my grandparents farm. Usually my uncle and his family came as well as my family so I would see my cousins every summer. When I was 8 (f) my cousin who was 12 (f) would play hide and seek with me except she would pressure me into giving her oral every time she found me. After getting off she would go hide and then when I found her she would give me oral. Everytime we played I always hid in the same spot for her to find me and she would do the same, too. We did this for several summers until we stopped going to the farm after our grandparents died.  I know she was older but was it sexual assault if I cooperated and reciprocated? ",['\\bis\\s+this\\s+(?:sa|sexual\\s+assault)\\b'],"['\\bsa\\b', '\\bassault\\b', '\\bsexual(?:ly)?\\s+assault(?:ed|s|ing)?\\b', '\\bis\\s+this\\s+(?:sa|sexual\\s+assault)\\b']"
1gco3i5,sexualassault,Was this sa?,Naive_Ad1235,1,1,True,2,1729957884,/r/sexualassault/comments/1gco3i5/was_this_sa/,"When I was 10 I had a foursome with my 6 year old cousin. I’m a girl and he’s a boy. We didn’t take out clothes off but the boys kinda dry humped me and we kissed each other and touched eachother but I didn’t really think anything of it and I don’t think I knew what I was doing. I feel guilty about it though because I feel like I introduced him to something that wasn’t supposed to be introduced until later, but I was sexually abused as well so maybe that is why I did it, but he seemed to enjoy it but again I feel like I hurt him yk? Did I sa him and pls be honest","1gco3i5 sexualassault Was this sa? Naive_Ad1235 /r/sexualassault/comments/1gco3i5/was_this_sa/ When I was 10 I had a foursome with my 6 year old cousin. I’m a girl and he’s a boy. We didn’t take out clothes off but the boys kinda dry humped me and we kissed each other and touched eachother but I didn’t really think anything of it and I don’t think I knew what I was doing. I feel guilty about it though because I feel like I introduced him to something that wasn’t supposed to be introduced until later, but I was sexually abused as well so maybe that is why I did it, but he seemed to enjoy it but again I feel like I hurt him yk? Did I sa him and pls be honest",['\\bwas\\s+this\\s+(?:sa|sexual\\s+assault)\\b'],"['\\bsexual(?:ly)?\\s+abus(?:e|ed|es|ing)\\b', '\\bsa\\b', '\\bwas\\s+this\\s+(?:sa|sexual\\s+assault)\\b']"
1fazl05,sexualassault,Am i overreacting?,SparkleGlitterCookie,1,1,False,0,1725686253,/r/sexualassault/comments/1fazl05/am_i_overreacting/,"Hello, I've never posted anything on reddit before so I apologize if I'm doing something wrong regarding the rules or something. I recently blocked my ex boyfriend and stopped talking to him after multiple instances of him being a jerk and toxic. I had known him since 2022 and he begged me to be his girlfriend since a few months after i met him. After saying no multiple times and giving my reasoning, I finally said yes in July of 2023 after he started making me feel really bad for his unrequited ""love"". I guess that should have been my clue that he doesn't care about my feelings. I wont type out all the things he did, but I broke up with him after a bunch  of bad things he did to me. But after i broke up, he became worse. One day he asked to hang out with him. throughout the hang out he kept trying to pressure me into doing sexual acts with him. even after i made it obvious i didnt want to, he kept on bothering me about it. he started paying for stuff and when i tried to pay, he started explaining in very specific detail how he will basically rape me. after the hang out i had to drive him to his bus stop, and in the car he cornered me and begged me and made me feel bad for him for having blue balls until i gave up and said yes. When I confronted him about it a few weeks later, he told me I was making it seem worse than it was and that it wasnt like he assaulted me or anything. He also said I was self victimizing. Is this sexual assault? ","1fazl05 sexualassault Am i overreacting? SparkleGlitterCookie /r/sexualassault/comments/1fazl05/am_i_overreacting/ Hello, I've never posted anything on reddit before so I apologize if I'm doing something wrong regarding the rules or something. I recently blocked my ex boyfriend and stopped talking to him after multiple instances of him being a jerk and toxic. I had known him since 2022 and he begged me to be his girlfriend since a few months after i met him. After saying no multiple times and giving my reasoning, I finally said yes in July of 2023 after he started making me feel really bad for his unrequited ""love"". I guess that should have been my clue that he doesn't care about my feelings. I wont type out all the things he did, but I broke up with him after a bunch  of bad things he did to me. But after i broke up, he became worse. One day he asked to hang out with him. throughout the hang out he kept trying to pressure me into doing sexual acts with him. even after i made it obvious i didnt want to, he kept on bothering me about it. he started paying for stuff and when i tried to pay, he started explaining in very specific detail how he will basically rape me. after the hang out i had to drive him to his bus stop, and in the car he cornered me and begged me and made me feel bad for him for having blue balls until i gave up and said yes. When I confronted him about it a few weeks later, he told me I was making it seem worse than it was and that it wasnt like he assaulted me or anything. He also said I was self victimizing. Is this sexual assault? ",['\\bis\\s+this\\s+(?:sa|sexual\\s+assault)\\b'],"['\\bboyfriend\\b', '\\bis\\s+this\\s+(?:sa|sexual\\s+assault)\\b', '\\bassault\\b', '\\brape\\b', '\\bgirlfriend\\b', '\\bsexual(?:ly)?\\s+assault(?:ed|s|ing)?\\b']"
1ezk5c6,sexualassault,Was this sexual assault?,Less_Assistant4303,1,1,True,1,1724437930,/r/sexualassault/comments/1ezk5c6/was_this_sexual_assault/,"So this happened to someone I know and I am torn. 

She went to a guys apartment to study. They started talking and the topic of their sexual experiences came up and he reached for her vagina. She very seriously said no and pushed his hand away and said she does not want that. 5 minutes later he tried again and she again said no. 5 minutes later he mentioned that he likes bjs and she asked if he likes to go down on girls. He said ""spread your legs"". She listened and opened her legs and was wearing a dress. He pulled her panties down and started licking her vagina. She showed no look of enjoyment and sat still and waited for it to be over. A tear rolled down her cheek and she muttered something she doesnt remember and left and then broke down. 

I am confused for the following:

Yes, she said no twice. But here are two principles: people can change consent and people can give non verbal consent. She thinks that because she maybe wanted it for a few seconds after he said ""spread your legs"" maybe it was enough nonverbal consent and reversed the ""no""s from before. 

On the other hand, hes a complete ass for putting her in a position like that and he should have stopped after the first no and now he risked traumatizing her for the rest of her life because he couldn't read the room. In this case, she still wanted it for a few seconds, but it was against her real wishes and he made her make a rash decision. Maybe she was sexually assaulted in the beginning but not the end? I am honestly trying to learn about assault. 

Thank you for reading and wondering what your thoughts are. ","1ezk5c6 sexualassault Was this sexual assault? Less_Assistant4303 /r/sexualassault/comments/1ezk5c6/was_this_sexual_assault/ So this happened to someone I know and I am torn. 

She went to a guys apartment to study. They started talking and the topic of their sexual experiences came up and he reached for her vagina. She very seriously said no and pushed his hand away and said she does not want that. 5 minutes later he tried again and she again said no. 5 minutes later he mentioned that he likes bjs and she asked if he likes to go down on girls. He said ""spread your legs"". She listened and opened her legs and was wearing a dress. He pulled her panties down and started licking her vagina. She showed no look of enjoyment and sat still and waited for it to be over. A tear rolled down her cheek and she muttered something she doesnt remember and left and then broke down. 

I am confused for the following:

Yes, she said no twice. But here are two principles: people can change consent and people can give non verbal consent. She thinks that because she maybe wanted it for a few seconds after he said ""spread your legs"" maybe it was enough nonverbal consent and reversed the ""no""s from before. 

On the other hand, hes a complete ass for putting her in a position like that and he should have stopped after the first no and now he risked traumatizing her for the rest of her life because he couldn't read the room. In this case, she still wanted it for a few seconds, but it was against her real wishes and he made her make a rash decision. Maybe she was sexually assaulted in the beginning but not the end? I am honestly trying to learn about assault. 

Thank you for reading and wondering what your thoughts are. ",['\\bwas\\s+this\\s+(?:sa|sexual\\s+assault)\\b'],"['\\bwas\\s+this\\s+(?:sa|sexual\\s+assault)\\b', '\\bassault\\b', '\\bsexual(?:ly)?\\s+assault(?:ed|s|ing)?\\b']"
1eozqap,sexualassault,Is this considered sexual assault,KeyHeat5448,1,1,False,0,1723314049,/r/sexualassault/comments/1eozqap/is_this_considered_sexual_assault/,"I (20F) don't really have any friends or family to talk to about this, so I came to you guys. Last weekend, a guy (32M) took me on a date at his place. He cooked for me and everything, and he was super sweet-different from what I'm used to in men. Before the date, I had told him that I didn't want to have sex because it has a negative impact on my mental health.

But anyway, fast forward an hour and a half into the date, we were sitting on his couch, and we started kissing. As we were kissing, I felt him getting hard, and he took my hand and pushed it into his pants. I kind of mumbled that I really didn't want to have sex on the first date, but one thing led to another. Everything was going fine until he suddenly started pushing his tip into my other entrance. I had never had anyone back there before, and it was really painful. I told him to stop about five times and tried to move away, but he was bigger than me. I reached my hand around and tried to push him off, but he said, ""Just take it like a grown woman."" But it didn't work, so I just started crying. All I could think of was that this was my fault, that I had somehow caused this to happen.
After a minute of him trying, he only managed to get half the tip in because he was really, really big. He eventually gave up and went back to regular sex. But by that point, my butt was on fire. I didn't know how to react, so I just kept doing what made him happy and boxed up my emotions. He never said sorry or anything.

Now, I'm thinking maybe I did something to make this happen, because I'm remembering my ex (42M) when I was freshly 18. I know the age difference is crazy, but at that point in my life, I just really wanted someone to love me. Anyway, five months into the so-called relationship, we were having sex, and I remember one occasion where he was very, very deep, and it was extremely painful. I told him to stop multiple times, but he told me, ""This is what you wanted. You told me you wanted it rough."" I said no, not like this-it was painful. He ignored me and just kept pounding away. I tried to push him off, but he kept going. All I could remember was how much it hurt, so I started crying silent tears until he finished. I just curled up in a ball, crying, and he told me, ""Stop crying, stop being a baby. If you want to act all grown, aren't you a grown woman?"" And I felt hopeless because I thought it was my fault. Both of them said the same thing about me being a grown woman and needing to stop acting like a child, so I don't know if this is all in my head?","1eozqap sexualassault Is this considered sexual assault KeyHeat5448 /r/sexualassault/comments/1eozqap/is_this_considered_sexual_assault/ I (20F) don't really have any friends or family to talk to about this, so I came to you guys. Last weekend, a guy (32M) took me on a date at his place. He cooked for me and everything, and he was super sweet-different from what I'm used to in men. Before the date, I had told him that I didn't want to have sex because it has a negative impact on my mental health.

But anyway, fast forward an hour and a half into the date, we were sitting on his couch, and we started kissing. As we were kissing, I felt him getting hard, and he took my hand and pushed it into his pants. I kind of mumbled that I really didn't want to have sex on the first date, but one thing led to another. Everything was going fine until he suddenly started pushing his tip into my other entrance. I had never had anyone back there before, and it was really painful. I told him to stop about five times and tried to move away, but he was bigger than me. I reached my hand around and tried to push him off, but he said, ""Just take it like a grown woman."" But it didn't work, so I just started crying. All I could think of was that this was my fault, that I had somehow caused this to happen.
After a minute of him trying, he only managed to get half the tip in because he was really, really big. He eventually gave up and went back to regular sex. But by that point, my butt was on fire. I didn't know how to react, so I just kept doing what made him happy and boxed up my emotions. He never said sorry or anything.

Now, I'm thinking maybe I did something to make this happen, because I'm remembering my ex (42M) when I was freshly 18. I know the age difference is crazy, but at that point in my life, I just really wanted someone to love me. Anyway, five months into the so-called relationship, we were having sex, and I remember one occasion where he was very, very deep, and it was extremely painful. I told him to stop multiple times, but he told me, ""This is what you wanted. You told me you wanted it rough."" I said no, not like this-it was painful. He ignored me and just kept pounding away. I tried to push him off, but he kept going. All I could remember was how much it hurt, so I started crying silent tears until he finished. I just curled up in a ball, crying, and he told me, ""Stop crying, stop being a baby. If you want to act all grown, aren't you a grown woman?"" And I felt hopeless because I thought it was my fault. Both of them said the same thing about me being a grown woman and needing to stop acting like a child, so I don't know if this is all in my head?",['\\bconsider(?:ed)?\\s+(?:it\\s+)?(?:sa|sexual\\s+assault)\\b'],"[""\\bi\\s+didn[’']t\\s+know\\b"", ""\\bi\\s+don[’']t\\s+know\\b"", '\\bassault\\b', '\\bconsider(?:ed)?\\s+(?:it\\s+)?(?:sa|sexual\\s+assault)\\b', '\\bsexual(?:ly)?\\s+assault(?:ed|s|ing)?\\b']"
1ejayzp,sexualassault,"If a colleague smacked and grabbed my ass, does this count as sexual assault?",EarthSunBby20,1,1,False,0,1722711238,/r/sexualassault/comments/1ejayzp/if_a_colleague_smacked_and_grabbed_my_ass_does/,"Last year, a colleague of mine came over to my apartment to practice a photoshoot free of charge.

At some point during, he opened up about how unhappy he is in his marriage, and was calling me sexy. As the shoot went on, he starting asking that if he wasn't married, if I would have sex with him. When we went to grab extra equipment from his car, on the way back to the apartment in my parking garage, he grabbed and held my ass. I immediately turned around and yelled, ""don't you ever do that again"".

When I walked him out of the building, he said several times in a begging/whining tone, ""I want to f*** you so bad right now"". 

For many reasons, I am quitting my job now. I never have and don't plan on doing anything about what happened. I forgave him months ago when he called me to ask how I was, and I called him out about the situation, told him I trusted him and really did see him as a friend at the time. He apologized and reiterated that he was just lost and confused at the time.

I always thought I was being dramatic if I considered this to be SA. I thought since I allows him back into my place, instead of kicking him out, I was encouraging it. Information online is conflicting when it comes to deciding if groping is considered sexual assault.","1ejayzp sexualassault If a colleague smacked and grabbed my ass, does this count as sexual assault? EarthSunBby20 /r/sexualassault/comments/1ejayzp/if_a_colleague_smacked_and_grabbed_my_ass_does/ Last year, a colleague of mine came over to my apartment to practice a photoshoot free of charge.

At some point during, he opened up about how unhappy he is in his marriage, and was calling me sexy. As the shoot went on, he starting asking that if he wasn't married, if I would have sex with him. When we went to grab extra equipment from his car, on the way back to the apartment in my parking garage, he grabbed and held my ass. I immediately turned around and yelled, ""don't you ever do that again"".

When I walked him out of the building, he said several times in a begging/whining tone, ""I want to f*** you so bad right now"". 

For many reasons, I am quitting my job now. I never have and don't plan on doing anything about what happened. I forgave him months ago when he called me to ask how I was, and I called him out about the situation, told him I trusted him and really did see him as a friend at the time. He apologized and reiterated that he was just lost and confused at the time.

I always thought I was being dramatic if I considered this to be SA. I thought since I allows him back into my place, instead of kicking him out, I was encouraging it. Information online is conflicting when it comes to deciding if groping is considered sexual assault.","['\\bconsider(?:ed)?\\s+(?:it\\s+)?(?:sa|sexual\\s+assault)\\b', '\\bdoes\\s+this\\s+count\\s+as\\s+(?:sa|sexual\\s+assault)\\b']","['\\bsa\\b', '\\bassault\\b', '\\bconsider(?:ed)?\\s+(?:it\\s+)?(?:sa|sexual\\s+assault)\\b', '\\bdoes\\s+this\\s+count\\s+as\\s+(?:sa|sexual\\s+assault)\\b', '\\bfriend\\b', '\\bsexual(?:ly)?\\s+assault(?:ed|s|ing)?\\b']"
1e1lc9n,sexualassault,Should I tell my girlfriend I feel like she forced me?,Serratedslasher,1,3,True,1,1720800243,/r/sexualassault/comments/1e1lc9n/should_i_tell_my_girlfriend_i_feel_like_she/,"
I’ve been mulling this over for weeks now. I originally made a post a few days after it happened but I’m having trouble processing it so maybe just saying what happened to non biased strangers will help me feel some relief?

Maybe a month or so ago my girlfriend (32 trans female, on hrt) and I (24 trans male, pre t) were laying on our bed watching stuff on tv and she starts to initiate kissing with me, which I had been down for sex a lot lately but that time I wasn’t super feeling it, but I kissed her back because I love her. She started tugging at my clothes and I was like alright guess I’m having sex, that’s fine I wasn’t opposed, but I wasn’t exactly feeling it. I take off my clothes and then she stops kissing me and says “I was hoping you’d take the lead this time” and I got kinda embarrassed and told her that I wasn’t really even prepared to have sex right now and she said “that’s fine, we can just cuddle” in kinda a huff and I put my clothes back on real quick and hugged her. Maybe a minute later she pulled me into a kiss and then pushed my head down to perform some stuff on her breasts and then she got herself off.
I didn’t stop her and I didn’t say no, but it startled me that she just suddenly did that even after I hinted that I wasn’t in the mood. She’s never done something like that before. She was so nonchalant afterwards too, just thanked me for “getting her crazies out” and I was like “no problem” because I didn’t want her to feel like she had forced me to do anything. It’s definitely partially my fault for just freezing up like that. I just don’t know if I should bring this up to her, or if I’d be a dick and just make her feel bad. I trust her completely.","1e1lc9n sexualassault Should I tell my girlfriend I feel like she forced me? Serratedslasher /r/sexualassault/comments/1e1lc9n/should_i_tell_my_girlfriend_i_feel_like_she/ 
I’ve been mulling this over for weeks now. I originally made a post a few days after it happened but I’m having trouble processing it so maybe just saying what happened to non biased strangers will help me feel some relief?

Maybe a month or so ago my girlfriend (32 trans female, on hrt) and I (24 trans male, pre t) were laying on our bed watching stuff on tv and she starts to initiate kissing with me, which I had been down for sex a lot lately but that time I wasn’t super feeling it, but I kissed her back because I love her. She started tugging at my clothes and I was like alright guess I’m having sex, that’s fine I wasn’t opposed, but I wasn’t exactly feeling it. I take off my clothes and then she stops kissing me and says “I was hoping you’d take the lead this time” and I got kinda embarrassed and told her that I wasn’t really even prepared to have sex right now and she said “that’s fine, we can just cuddle” in kinda a huff and I put my clothes back on real quick and hugged her. Maybe a minute later she pulled me into a kiss and then pushed my head down to perform some stuff on her breasts and then she got herself off.
I didn’t stop her and I didn’t say no, but it startled me that she just suddenly did that even after I hinted that I wasn’t in the mood. She’s never done something like that before. She was so nonchalant afterwards too, just thanked me for “getting her crazies out” and I was like “no problem” because I didn’t want her to feel like she had forced me to do anything. It’s definitely partially my fault for just freezing up like that. I just don’t know if I should bring this up to her, or if I’d be a dick and just make her feel bad. I trust her completely.","[""\\bi\\s+didn[’']t\\s+say\\s+no\\b""]","[""\\bi\\s+(?:genuinely|just|honestly|really|truly|still)\\s+don[’']t\\s+know\\b"", '\\bgirlfriend\\b', ""\\bi\\s+didn[’']t\\s+say\\s+no\\b""]"
1d589q9,sexualassault,Is it sexual assault if I don’t think he had bad intentions?,Renam6119,1,1,False,0,1717195175,/r/sexualassault/comments/1d589q9/is_it_sexual_assault_if_i_dont_think_he_had_bad/,"I (18FtM) was in a relationship with a guy (18M) who we’ll call Tom. Tom and I had been together for just under a year and I had explained to him that as a trans man I was not comfortable with any touching of my chest underneath my chest binder (vest that flattens breasts). After I had made this clear and told him my reasonings for it, Tom, on multiple occasions, put his hand underneath my binder whilst we were kissing and I had to pull his arm out from under my shirt. I’d say this happened roughly 5 time over the next couple months and every time I reiterated how uncomfortable it made me yet Tom still carried on doing it. (He also said he ‘used to’ have a fetish for trans people so maybe take that into account) Is this sexual assault if i dont think he’s a bad person but he did knowingly non-consentually touch my chest for his own pleasure?","1d589q9 sexualassault Is it sexual assault if I don’t think he had bad intentions? Renam6119 /r/sexualassault/comments/1d589q9/is_it_sexual_assault_if_i_dont_think_he_had_bad/ I (18FtM) was in a relationship with a guy (18M) who we’ll call Tom. Tom and I had been together for just under a year and I had explained to him that as a trans man I was not comfortable with any touching of my chest underneath my chest binder (vest that flattens breasts). After I had made this clear and told him my reasonings for it, Tom, on multiple occasions, put his hand underneath my binder whilst we were kissing and I had to pull his arm out from under my shirt. I’d say this happened roughly 5 time over the next couple months and every time I reiterated how uncomfortable it made me yet Tom still carried on doing it. (He also said he ‘used to’ have a fetish for trans people so maybe take that into account) Is this sexual assault if i dont think he’s a bad person but he did knowingly non-consentually touch my chest for his own pleasure?",['\\bis\\s+this\\s+(?:sa|sexual\\s+assault)\\b'],"['\\bis\\s+this\\s+(?:sa|sexual\\s+assault)\\b', '\\bassault\\b', '\\bsexual(?:ly)?\\s+assault(?:ed|s|ing)?\\b']"
1czsmbb,sexualassault,Hi this is a throwaway account,randommmm224,1,1,True,2,1716577712,/r/sexualassault/comments/1czsmbb/hi_this_is_a_throwaway_account/,"I was hanging out with this guy, who has assaulted me in the past. I know stupid. I thought he had changed. So I went back to being friends with him. Well, during our hangout I was sitting on the edge of the couch and making it VERY obvious I didn’t wanna do anything sexual with him. I’m pretty sure(like 99% sure) I said “I don’t wanna do anything sexual”. So, as a comfort thing I swung my legs over his. Because I just do that with males on general. Well, he started to slide his hand up my thigh….he got closer and closer to my down there area, until he finally started touching me over my clothes. Not long after that, he started to finger me aggressively to the point where I was bleeding. I was frozen in fear, couldn’t say anything to him. I didn’t say no or stop. I was completely silent the whole time. 

My therapist and I have been talking about consent and what it means. She says “no means no” “yes means yes” and a lot of men in particular are used to the old ways of thinking about consent. The new way is ’maybe means no’ ‘I don’t know means no’ ‘I don’t want to means no’ ‘silence means no’ etc…. That’s the ‘new’ way of thinking. Instead of just ‘no means no’. An enthusiastic ’yes!’ Means that he can continue. And it’s important that he asks questions, during any sexual activity saying “do you want this or that?” And saying “yes” is consent all the way. Anything beyond ‘yes’ is sexual assault. So I’m still confused whether or not this is sexual assault.😞 

I’m just so confused and want to understand what had happened to me AGAIN. This all happened May 18th. So it’s been almost a week. ","1czsmbb sexualassault Hi this is a throwaway account randommmm224 /r/sexualassault/comments/1czsmbb/hi_this_is_a_throwaway_account/ I was hanging out with this guy, who has assaulted me in the past. I know stupid. I thought he had changed. So I went back to being friends with him. Well, during our hangout I was sitting on the edge of the couch and making it VERY obvious I didn’t wanna do anything sexual with him. I’m pretty sure(like 99% sure) I said “I don’t wanna do anything sexual”. So, as a comfort thing I swung my legs over his. Because I just do that with males on general. Well, he started to slide his hand up my thigh….he got closer and closer to my down there area, until he finally started touching me over my clothes. Not long after that, he started to finger me aggressively to the point where I was bleeding. I was frozen in fear, couldn’t say anything to him. I didn’t say no or stop. I was completely silent the whole time. 

My therapist and I have been talking about consent and what it means. She says “no means no” “yes means yes” and a lot of men in particular are used to the old ways of thinking about consent. The new way is ’maybe means no’ ‘I don’t know means no’ ‘I don’t want to means no’ ‘silence means no’ etc…. That’s the ‘new’ way of thinking. Instead of just ‘no means no’. An enthusiastic ’yes!’ Means that he can continue. And it’s important that he asks questions, during any sexual activity saying “do you want this or that?” And saying “yes” is consent all the way. Anything beyond ‘yes’ is sexual assault. So I’m still confused whether or not this is sexual assault.😞 

I’m just so confused and want to understand what had happened to me AGAIN. This all happened May 18th. So it’s been almost a week. ","[""\\bi\\s+didn[’']t\\s+say\\s+no\\b""]","[""\\bi\\s+didn[’']t\\s+say\\s+no\\b"", ""\\bi\\s+don[’']t\\s+know\\b"", '\\bassault\\b', '\\bsexual(?:ly)?\\s+assault(?:ed|s|ing)?\\b']"
1czphvh,sexualassault,Did my mom do this too?,anonymousHelp99,1,1,False,0,1716569760,/r/sexualassault/comments/1czphvh/did_my_mom_do_this_too/,"I'm sorry for posting again. I know I spoke here recently asking if some things my older brother does is sexual assault, but I recently remembered something else and I need to discuss it. 

At the time of the incident, I was maybe 9 years old? Giver or take a year. I had just started puberty so my body was changing and stuff. 
I walked out of my parents bathroom and my mom was standing in her room. I took my towel off to get dressed and she was looking at me. She pointed to my private parts and without asking, put her fingers down there. She was touching me down there and talking about how I was growing hair. She opened her bedroom door, which led to the kitchen. We had family over so she waved my aunt over and they both were looking at me. Mind you, I'm still 100% naked. My mom was pointing out my privates and pulling on my skin to show my aunt my hair. 

Thinking about this now disgusts me. 
Was this sexual assault? Or was this something normal that parents do? ","1czphvh sexualassault Did my mom do this too? anonymousHelp99 /r/sexualassault/comments/1czphvh/did_my_mom_do_this_too/ I'm sorry for posting again. I know I spoke here recently asking if some things my older brother does is sexual assault, but I recently remembered something else and I need to discuss it. 

At the time of the incident, I was maybe 9 years old? Giver or take a year. I had just started puberty so my body was changing and stuff. 
I walked out of my parents bathroom and my mom was standing in her room. I took my towel off to get dressed and she was looking at me. She pointed to my private parts and without asking, put her fingers down there. She was touching me down there and talking about how I was growing hair. She opened her bedroom door, which led to the kitchen. We had family over so she waved my aunt over and they both were looking at me. Mind you, I'm still 100% naked. My mom was pointing out my privates and pulling on my skin to show my aunt my hair. 

Thinking about this now disgusts me. 
Was this sexual assault? Or was this something normal that parents do? ",['\\bwas\\s+this\\s+(?:sa|sexual\\s+assault)\\b'],"['\\bwas\\s+this\\s+(?:sa|sexual\\s+assault)\\b', '\\bassault\\b', '\\bsexual(?:ly)?\\s+assault(?:ed|s|ing)?\\b']"
1czks5k,sexualassault,Does this count as SA or am i making nonsense up,Ok_Emotion_88,1,1,False,0,1716557413,/r/sexualassault/comments/1czks5k/does_this_count_as_sa_or_am_i_making_nonsense_up/,"A few years ago my uncle came into my room drunk and asked me for matches(he smokes) when I told him I didn't have any they he started ""searching"" me by touching me all over my body and slapping me I kept telling him I didn't have any and he told me to search my sister aswell I didn't feel comfortable with any of this, he has also been accused of rape in the past and stares at my cousins inappropriately.

A few years before that(I think I was 8) I sent to the shopping centre in my area and as I was leaving I was stopped by a security guard who called me over he then asked me if I had stolen something I said no then he tried to touch my genitals but I quickly backed away. I didn't think much of it as I assumed he was just trying to check if I had hidden something down there. 

While I didn't feel comfortable in these situations I let it go because they were adults and where I live we're taught to belive that adults are always in the right so it becomes hard to speak about these things, I h ad forgotten about these memories but they came back and I can't seem to move on again. 

P.S. If it wasn't SA I'm sorry to have wasted your time I tried to make it as short as possible. ","1czks5k sexualassault Does this count as SA or am i making nonsense up Ok_Emotion_88 /r/sexualassault/comments/1czks5k/does_this_count_as_sa_or_am_i_making_nonsense_up/ A few years ago my uncle came into my room drunk and asked me for matches(he smokes) when I told him I didn't have any they he started ""searching"" me by touching me all over my body and slapping me I kept telling him I didn't have any and he told me to search my sister aswell I didn't feel comfortable with any of this, he has also been accused of rape in the past and stares at my cousins inappropriately.

A few years before that(I think I was 8) I sent to the shopping centre in my area and as I was leaving I was stopped by a security guard who called me over he then asked me if I had stolen something I said no then he tried to touch my genitals but I quickly backed away. I didn't think much of it as I assumed he was just trying to check if I had hidden something down there. 

While I didn't feel comfortable in these situations I let it go because they were adults and where I live we're taught to belive that adults are always in the right so it becomes hard to speak about these things, I h ad forgotten about these memories but they came back and I can't seem to move on again. 

P.S. If it wasn't SA I'm sorry to have wasted your time I tried to make it as short as possible. ",['\\bdoes\\s+this\\s+count\\s+as\\s+(?:sa|sexual\\s+assault)\\b'],"['\\bsa\\b', '\\bdoes\\s+this\\s+count\\s+as\\s+(?:sa|sexual\\s+assault)\\b', '\\brape\\b']"
1cph9la,sexualassault,I don't know if this is sa,wylie_m,1,1,True,3,1715433308,/r/sexualassault/comments/1cph9la/i_dont_know_if_this_is_sa/,"Hi everyone.

I just wanted to ask if what happened to me was some type of SA. I don't think it is, but I'm just trying to make sure. So basically, when I was about 10 or 11 years old I went to a school camp with my friends. We went to this camp almost every year, but since this was the last year we were allowed to go, the teachers had asked the camp staff if we could sleep in tents for the night, which they said yes. I was grouped with one of my best friends at the time. So for context we were both in the tent, getting ready to sleep in our pyjamas and stuff, and then a member of staff (at least +20 y.o) came into our tent and told us that it was going to be extremely hot for the night, and that we HAD to take off our clothes, then he left. My friend and I both didn't do as he asked of us, but then like about ten minutes later he came back again and got kind of mad and annoyed that we hadn't taken our clothes off and he demanded that we did, claiming that the weather was going to be extremely hot. My friend and I were confused, but this time we did as he told us probably because we didn't want him to get angry and we didn't want any problems. He just stood there until we got naked, watched us during the whole process, and then, just like that, left. He didn't come back, and we didn't have any more interactions with him. We slept naked that night because we didn't know if he'd come back.

I remember that at some time of the stay, I asked another friend of mine that slept in another tent if she was also asked to take off her clothes by the guy, and I was so confused and surprised when she said she didn't know what I was talking about, that the guy hadn't even come to their tent and no one demanded her to get naked. I was confused but moved on with my life.

This experience hasn't had an impact on my life whatsoever, I was very young and didn't know what happened. Literally just like a year ago, when I was going back to this memory, I was like ""wait, OHHH..."" because I hadn't realised. I guess it's very hard to identify when it happens to you, so that's why it took me so long to realise.

I have googled what's considered as SA and every time I get a definition that involves some type of touching, which isn't what happened here and what's holding me back from calling this SA. He didn't actively take off our clothes, and he didn't touched us when we did, he just stood there. So, is this considered SA?

(Sorry if this has any mistakes, I wrote it under five minutes and read it through once + english is not my first language).","1cph9la sexualassault I don't know if this is sa wylie_m /r/sexualassault/comments/1cph9la/i_dont_know_if_this_is_sa/ Hi everyone.

I just wanted to ask if what happened to me was some type of SA. I don't think it is, but I'm just trying to make sure. So basically, when I was about 10 or 11 years old I went to a school camp with my friends. We went to this camp almost every year, but since this was the last year we were allowed to go, the teachers had asked the camp staff if we could sleep in tents for the night, which they said yes. I was grouped with one of my best friends at the time. So for context we were both in the tent, getting ready to sleep in our pyjamas and stuff, and then a member of staff (at least +20 y.o) came into our tent and told us that it was going to be extremely hot for the night, and that we HAD to take off our clothes, then he left. My friend and I both didn't do as he asked of us, but then like about ten minutes later he came back again and got kind of mad and annoyed that we hadn't taken our clothes off and he demanded that we did, claiming that the weather was going to be extremely hot. My friend and I were confused, but this time we did as he told us probably because we didn't want him to get angry and we didn't want any problems. He just stood there until we got naked, watched us during the whole process, and then, just like that, left. He didn't come back, and we didn't have any more interactions with him. We slept naked that night because we didn't know if he'd come back.

I remember that at some time of the stay, I asked another friend of mine that slept in another tent if she was also asked to take off her clothes by the guy, and I was so confused and surprised when she said she didn't know what I was talking about, that the guy hadn't even come to their tent and no one demanded her to get naked. I was confused but moved on with my life.

This experience hasn't had an impact on my life whatsoever, I was very young and didn't know what happened. Literally just like a year ago, when I was going back to this memory, I was like ""wait, OHHH..."" because I hadn't realised. I guess it's very hard to identify when it happens to you, so that's why it took me so long to realise.

I have googled what's considered as SA and every time I get a definition that involves some type of touching, which isn't what happened here and what's holding me back from calling this SA. He didn't actively take off our clothes, and he didn't touched us when we did, he just stood there. So, is this considered SA?

(Sorry if this has any mistakes, I wrote it under five minutes and read it through once + english is not my first language).",['\\bconsider(?:ed)?\\s+(?:it\\s+)?(?:sa|sexual\\s+assault)\\b'],"['\\bsa\\b', '\\bfriend\\b', ""\\bi\\s+don[’']t\\s+know\\b"", '\\bconsider(?:ed)?\\s+(?:it\\s+)?(?:sa|sexual\\s+assault)\\b']"
1bx3r10,sexualassault,I just texted him everything I think of him,BlackDahliaLama,1,1,True,2,1712381297,/r/sexualassault/comments/1bx3r10/i_just_texted_him_everything_i_think_of_him/,"Hi all. I (24f) cant sleep. Had another flashback about my rapist. 


I was assulted repeatedly over the summer while I was in a situationship with a much older man. 


Long story short, we met clubbing one night and had a summer fling. On our first date I told him I was 23 and he told me he was 29. I had to find out on my own that he lied and was actually 42. 

I was very naieve looking back on it. Our dynamic was always centered around sex even when I tried to shift it elsewhere. We only met on weekend nights because he worked an hour away and only came to the city on weekends.

Every time we met up, he’d take me to a fancy dinner, we’d go clubbing, he’s get wasted and try to get me drunk, then proceed to have as much sex as possible with me from whenever we returned from the club to whenever we checked out of the Airbnb. There were multiple times where I would try to push him off of say stop. He just ignored it. If we were watching tv, he’d even turn it off so I couldn’t do anything but lay there with him on top of me. I would always be exhausted and sleep deprived after. 


I think I convinced myself in the moment that it wasn’t that bad because there were other things I liked about him, and I wanted him to love me. It’s so obvious now that I was basically just his personal escort.

I’ve had countless nightmares and flashbacks about him in the months since we ended things. I blocked him ages ago, but after having another nightmare tonight I decided to unblock him and tell him how much I fucking hate him. How I feel so disgusted about my body ever since he hurt me. How I think he’s a disgusting rapist because he may be oblivious. 


My memories of him feel like a virus and I wish I was rid of it. I just want to be over it already…


","1bx3r10 sexualassault I just texted him everything I think of him BlackDahliaLama /r/sexualassault/comments/1bx3r10/i_just_texted_him_everything_i_think_of_him/ Hi all. I (24f) cant sleep. Had another flashback about my rapist. 


I was assulted repeatedly over the summer while I was in a situationship with a much older man. 


Long story short, we met clubbing one night and had a summer fling. On our first date I told him I was 23 and he told me he was 29. I had to find out on my own that he lied and was actually 42. 

I was very naieve looking back on it. Our dynamic was always centered around sex even when I tried to shift it elsewhere. We only met on weekend nights because he worked an hour away and only came to the city on weekends.

Every time we met up, he’d take me to a fancy dinner, we’d go clubbing, he’s get wasted and try to get me drunk, then proceed to have as much sex as possible with me from whenever we returned from the club to whenever we checked out of the Airbnb. There were multiple times where I would try to push him off of say stop. He just ignored it. If we were watching tv, he’d even turn it off so I couldn’t do anything but lay there with him on top of me. I would always be exhausted and sleep deprived after. 


I think I convinced myself in the moment that it wasn’t that bad because there were other things I liked about him, and I wanted him to love me. It’s so obvious now that I was basically just his personal escort.

I’ve had countless nightmares and flashbacks about him in the months since we ended things. I blocked him ages ago, but after having another nightmare tonight I decided to unblock him and tell him how much I fucking hate him. How I feel so disgusted about my body ever since he hurt me. How I think he’s a disgusting rapist because he may be oblivious. 


My memories of him feel like a virus and I wish I was rid of it. I just want to be over it already…


","[""\\bit\\s+wasn[’']t\\s+that\\s+bad\\b""]","[""\\bit\\s+wasn[’']t\\s+that\\s+bad\\b""]"
1at23oz,sexualassault,was this sa? not my only time but my first,Choice_Ad9332,1,0,True,1,1708176873,/r/sexualassault/comments/1at23oz/was_this_sa_not_my_only_time_but_my_first/,"so a little backstory, i got my period at 7/8 so i was pretty young. i had some friends, some younger, some older. but this one time i was chilling with my friends, maybe a year older than me, i had recently gotten my period. and my friend was so exited. i told her all i know about the experiences i had. she asked me if i knew what s.x was. i didnt know anything that much but i know what it was like in theory. so i said yes. after a while, she moved on from the subject and she asked me, ""do you want a surprise? promise you wont tell anyone though?"" i said sure, as a child i was expecting a toy or food yk? but she just started touching my private parts. i tried to yell but she kissed me to stop the yelling. and she told e, im telling you to stay quiet, dont tell anyone. and then after didn't speak from the shock, and she told everyone i was going non verbal or something. to this day idk if it was valid as, i never said no, but i didnt say anything because i didnt know she was going to do that and two she was a child as well so idk. this isnt my only instance. im sorry for the long post.","1at23oz sexualassault was this sa? not my only time but my first Choice_Ad9332 /r/sexualassault/comments/1at23oz/was_this_sa_not_my_only_time_but_my_first/ so a little backstory, i got my period at 7/8 so i was pretty young. i had some friends, some younger, some older. but this one time i was chilling with my friends, maybe a year older than me, i had recently gotten my period. and my friend was so exited. i told her all i know about the experiences i had. she asked me if i knew what s.x was. i didnt know anything that much but i know what it was like in theory. so i said yes. after a while, she moved on from the subject and she asked me, ""do you want a surprise? promise you wont tell anyone though?"" i said sure, as a child i was expecting a toy or food yk? but she just started touching my private parts. i tried to yell but she kissed me to stop the yelling. and she told e, im telling you to stay quiet, dont tell anyone. and then after didn't speak from the shock, and she told everyone i was going non verbal or something. to this day idk if it was valid as, i never said no, but i didnt say anything because i didnt know she was going to do that and two she was a child as well so idk. this isnt my only instance. im sorry for the long post.",['\\bwas\\s+this\\s+(?:sa|sexual\\s+assault)\\b'],"['\\bsa\\b', '\\bwas\\s+this\\s+(?:sa|sexual\\s+assault)\\b', '\\bfriend\\b', '\\bidk+k*\\b']"
1anrh43,sexualassault,Have I been sexually assaulted?,Iamdeluional,1,0,False,0,1707602048,/r/sexualassault/comments/1anrh43/have_i_been_sexually_assaulted/,"Hi I'm a male in my mid twenties. When I was around 10 or 12 one of my cousins took on a bike ride couple of kms away from our house. After reaching a certain distance he stopped and asked me to give him a handjob if I wanted him to take me home. I did it for like a minute and then stopped and started walking home. Other than this multiple older guys tried to groom me when I was child, but I got away somehow every time before something serious happened to me. I was touched/grouped by them multiple times but never been naked or penetrated by them. A lot of older guys tried to befriend me for this. 
   And now I think I have trauma bcz of this. I think about that incident sometimes.
I'm kinda feminine and quiet kind the one that people think is gay. I'm bi though. I feel this may have been the reason I was targeted. 
Was I sexually assaulted?","1anrh43 sexualassault Have I been sexually assaulted? Iamdeluional /r/sexualassault/comments/1anrh43/have_i_been_sexually_assaulted/ Hi I'm a male in my mid twenties. When I was around 10 or 12 one of my cousins took on a bike ride couple of kms away from our house. After reaching a certain distance he stopped and asked me to give him a handjob if I wanted him to take me home. I did it for like a minute and then stopped and started walking home. Other than this multiple older guys tried to groom me when I was child, but I got away somehow every time before something serious happened to me. I was touched/grouped by them multiple times but never been naked or penetrated by them. A lot of older guys tried to befriend me for this. 
   And now I think I have trauma bcz of this. I think about that incident sometimes.
I'm kinda feminine and quiet kind the one that people think is gay. I'm bi though. I feel this may have been the reason I was targeted. 
Was I sexually assaulted?",['\\bwas\\s+i\\s+sexually\\s+assaulted\\b'],"['\\bwas\\s+i\\s+sexually\\s+assaulted\\b', '\\bsexual(?:ly)?\\s+assault(?:ed|s|ing)?\\b']"
1ai3tjs,sexualassault,Is it considered sexual assault?,Positive-Chapter-183,1,0,False,0,1706988011,/r/sexualassault/comments/1ai3tjs/is_it_considered_sexual_assault/,"
When I was a kid (10 years old), my mother and I had to move to different city due to job opportunities, I was sent to live with my relatives, my mother had to stay in our (former) home city, in order to solve problems with apartment papers. One of my relatives (we do not share same blood or even surname) used to mock and mentally abuse me, also when we were in the car he used to grope my thighs, he told me to sit on front seat nearby driver seat, sometimes he touched and groped my thigh, even squeezing them, It was very uncomfortable, I tried to get his hand off of my thigh, l was 10 years old boy and he was 30+. Also due to mental abuse from him, I don't even consider myself as a man anymore.","1ai3tjs sexualassault Is it considered sexual assault? Positive-Chapter-183 /r/sexualassault/comments/1ai3tjs/is_it_considered_sexual_assault/ 
When I was a kid (10 years old), my mother and I had to move to different city due to job opportunities, I was sent to live with my relatives, my mother had to stay in our (former) home city, in order to solve problems with apartment papers. One of my relatives (we do not share same blood or even surname) used to mock and mentally abuse me, also when we were in the car he used to grope my thighs, he told me to sit on front seat nearby driver seat, sometimes he touched and groped my thigh, even squeezing them, It was very uncomfortable, I tried to get his hand off of my thigh, l was 10 years old boy and he was 30+. Also due to mental abuse from him, I don't even consider myself as a man anymore.",['\\bconsider(?:ed)?\\s+(?:it\\s+)?(?:sa|sexual\\s+assault)\\b'],"['\\bassault\\b', '\\bsexual(?:ly)?\\s+assault(?:ed|s|ing)?\\b', '\\bconsider(?:ed)?\\s+(?:it\\s+)?(?:sa|sexual\\s+assault)\\b']"
17s7qn9,sexualassault,I (f 27) might have to be taken advantage by a male in his 50s,Overall_Regular_9918,1,0,True,5,1699633754,/r/sexualassault/comments/17s7qn9/i_f_27_might_have_to_be_taken_advantage_by_a_male/,I went to apologise to my neighbour of my dogs barking and brought my dog to meet my neighbour and then my neighbour came over to hang out for awhile after a while he started grabbing my boobs and sucking my boobd when I was intoxicated. Idk if this is sexual assault or not I didn't consent!,17s7qn9 sexualassault I (f 27) might have to be taken advantage by a male in his 50s Overall_Regular_9918 /r/sexualassault/comments/17s7qn9/i_f_27_might_have_to_be_taken_advantage_by_a_male/ I went to apologise to my neighbour of my dogs barking and brought my dog to meet my neighbour and then my neighbour came over to hang out for awhile after a while he started grabbing my boobs and sucking my boobd when I was intoxicated. Idk if this is sexual assault or not I didn't consent!,"[""\\bi\\s+didn[’']t\\s+consent\\b""]","['\\bidk+k*\\b', ""\\bi\\s+didn[’']t\\s+consent\\b"", '\\bassault\\b', '\\bsexual(?:ly)?\\s+assault(?:ed|s|ing)?\\b']"
17n77zx,sexualassault,If I got pressured into it does it count as sa,rmaeri,1,0,False,0,1699051400,/r/sexualassault/comments/17n77zx/if_i_got_pressured_into_it_does_it_count_as_sa/,,17n77zx sexualassault If I got pressured into it does it count as sa rmaeri /r/sexualassault/comments/17n77zx/if_i_got_pressured_into_it_does_it_count_as_sa/,['\\bit\\s+count(?:s)?\\s+as\\s+(?:sa|sexual\\s+assault)\\b'],"['\\bsa\\b', '\\bit\\s+count(?:s)?\\s+as\\s+(?:sa|sexual\\s+assault)\\b']"
17i1r96,sexualassault,Was I sexually assaulted by medical professionals twice?,Visual_Tear_542,1,0,True,1,1698452887,/r/sexualassault/comments/17i1r96/was_i_sexually_assaulted_by_medical_professionals/,"I'm a 25-year-old woman and I believe I've been assaulted by medical professionals twice and now I can't bring myself to see a doctor even though I have had recent medical concerns.  
The first one I've never been sure of because I was so young. I was probably only 5 or 6 when my pediatrician convinced my mom that all doctors needed to see how children were developing so I needed to completely strip and he would inspect my body. I did but instead of asking me to sit on a table or anything he slid his hands down my body running his thumbs over my chest. Eventually, he shoved his hand between my legs and started rubbing my clitoris for a good 5-10 seconds. I remember looking him in the eyes and he gave me this disturbing smile. I remember he stopped when I pushed his hand away. Do all children who have zero medical concerns need to strip for the pediatrician (and he watched me strip) so that he can inspect their healthy naked bodies? Shortly after, I started touching myself sexually by, of course, rubbing myself down there. I have no other explanation as to why I was so young and understood masturbation.

  
The second one happened when I was 17. I wanted to get the Nexplanon birth control implant so I went to this low cost clinic that had gotten a grant to insert a bunch of the devices in people who didn't have insurance. The female nurse practitioner told me I was going to need a full pelvic exam and a breast exam before I could get it. Since my first experience, I told her I only wanted to see my regular physician for a pelvic exam and that I didn't feel comfortable doing it there. She assured me and my mom that she would just teach me to do a self breast exam to which I agreed. When I entered the room she told me to undress in front of her and then whispered that I needed to sit completely naked for the breast exam. All she did was squeeze my breasts and comment on how perky they were without telling me anything. She then quietly told me I needed to put my feet in the stirrups. I was scared and didn't want to tell a doctor no so I did despite saying only a few minutes ago that it was a hard no. She asked me questions about my sex life and how often I was having sex while very slowly pulling her fingers in and out of me. After it was done, I quickly got dressed and only made it to the car before bursting into tears. I explicitly said I wasn't okay with it and would not get the implant if it was mandatory to do the exam with a nurse practitioner I had JUST met that day.  
Now, I fear seeing anyone in the medical field as well as therapists and any place else that feels like a clinic. If it happened a third time...who would believe me? I never said anything when I was a kid but I did tell te clinic administration what the NP had done and she got fired but I'm not sure anything else happened.

  
Now, I fear seeing anyone in the medical field as well as therapists, dentists and any place else that feels like a clinic. If it happened a third time...who would believe me? I never said anything when I was a kid but I did tell the clinic administration what the NP had done and she got fired but I'm not sure anything else happened. I just feel like I'm an easy target cause they know nobody would believe it's happened more than once....let alone 3 times.

  
The only time I thought I had someone believe me was when I was in the mental hospital and met a girl who was a year or two younger than me who said she used to live in the same town and went through it too. I remember them yelling at me for hugging her but I thought I finally found someone who got me. Turns out, she was Bipolar and heard me telling the nurses about it so it was just a delusion. The nurse was the one who told her to meet me cause we had ""been through similar things"" but why couldn't she tell it was just a delusion? I was crushed.

  
I hope I'm not alone out there.  
","17i1r96 sexualassault Was I sexually assaulted by medical professionals twice? Visual_Tear_542 /r/sexualassault/comments/17i1r96/was_i_sexually_assaulted_by_medical_professionals/ I'm a 25-year-old woman and I believe I've been assaulted by medical professionals twice and now I can't bring myself to see a doctor even though I have had recent medical concerns.  
The first one I've never been sure of because I was so young. I was probably only 5 or 6 when my pediatrician convinced my mom that all doctors needed to see how children were developing so I needed to completely strip and he would inspect my body. I did but instead of asking me to sit on a table or anything he slid his hands down my body running his thumbs over my chest. Eventually, he shoved his hand between my legs and started rubbing my clitoris for a good 5-10 seconds. I remember looking him in the eyes and he gave me this disturbing smile. I remember he stopped when I pushed his hand away. Do all children who have zero medical concerns need to strip for the pediatrician (and he watched me strip) so that he can inspect their healthy naked bodies? Shortly after, I started touching myself sexually by, of course, rubbing myself down there. I have no other explanation as to why I was so young and understood masturbation.

  
The second one happened when I was 17. I wanted to get the Nexplanon birth control implant so I went to this low cost clinic that had gotten a grant to insert a bunch of the devices in people who didn't have insurance. The female nurse practitioner told me I was going to need a full pelvic exam and a breast exam before I could get it. Since my first experience, I told her I only wanted to see my regular physician for a pelvic exam and that I didn't feel comfortable doing it there. She assured me and my mom that she would just teach me to do a self breast exam to which I agreed. When I entered the room she told me to undress in front of her and then whispered that I needed to sit completely naked for the breast exam. All she did was squeeze my breasts and comment on how perky they were without telling me anything. She then quietly told me I needed to put my feet in the stirrups. I was scared and didn't want to tell a doctor no so I did despite saying only a few minutes ago that it was a hard no. She asked me questions about my sex life and how often I was having sex while very slowly pulling her fingers in and out of me. After it was done, I quickly got dressed and only made it to the car before bursting into tears. I explicitly said I wasn't okay with it and would not get the implant if it was mandatory to do the exam with a nurse practitioner I had JUST met that day.  
Now, I fear seeing anyone in the medical field as well as therapists and any place else that feels like a clinic. If it happened a third time...who would believe me? I never said anything when I was a kid but I did tell te clinic administration what the NP had done and she got fired but I'm not sure anything else happened.

  
Now, I fear seeing anyone in the medical field as well as therapists, dentists and any place else that feels like a clinic. If it happened a third time...who would believe me? I never said anything when I was a kid but I did tell the clinic administration what the NP had done and she got fired but I'm not sure anything else happened. I just feel like I'm an easy target cause they know nobody would believe it's happened more than once....let alone 3 times.

  
The only time I thought I had someone believe me was when I was in the mental hospital and met a girl who was a year or two younger than me who said she used to live in the same town and went through it too. I remember them yelling at me for hugging her but I thought I finally found someone who got me. Turns out, she was Bipolar and heard me telling the nurses about it so it was just a delusion. The nurse was the one who told her to meet me cause we had ""been through similar things"" but why couldn't she tell it was just a delusion? I was crushed.

  
I hope I'm not alone out there.  
",['\\bwas\\s+i\\s+sexually\\s+assaulted\\b'],"[""\\bi[’']?m\\s+not\\s+sure\\b"", '\\bwas\\s+i\\s+sexually\\s+assaulted\\b', '\\bsexual(?:ly)?\\s+assault(?:ed|s|ing)?\\b']"
17ccokm,sexualassault,does this count as sexual assault (airport security)?,yobnami_69,1,0,False,0,1697812346,/r/sexualassault/comments/17ccokm/does_this_count_as_sexual_assault_airport_security/,"Yesterday, I was coming back from a school trip and while we were going through airport security in the Berlin Brandenburg airport, the airport security worker (a woman) had to pat me down because a part of my waistband had beeped (i was wearing cotton trousers???). She didn’t check the place that went off, but instead patted my chest area multiple times in an unprofessional way and then reached into my trousers. She continued feeling around, even feeling over my underwear, before letting me go. She and other workers laughed while I stared at her in panic as she looked down my bra, and while I was crying afterwards, an airport worker who saw what had happened and laughed while it happened gestured for me to be quiet. This happened to a few other classmates as well, but she stopped doing it when the teachers started nearing in the queue, I just happened to be one of the first people in the queue. I am a teenager (older than thirteen).","17ccokm sexualassault does this count as sexual assault (airport security)? yobnami_69 /r/sexualassault/comments/17ccokm/does_this_count_as_sexual_assault_airport_security/ Yesterday, I was coming back from a school trip and while we were going through airport security in the Berlin Brandenburg airport, the airport security worker (a woman) had to pat me down because a part of my waistband had beeped (i was wearing cotton trousers???). She didn’t check the place that went off, but instead patted my chest area multiple times in an unprofessional way and then reached into my trousers. She continued feeling around, even feeling over my underwear, before letting me go. She and other workers laughed while I stared at her in panic as she looked down my bra, and while I was crying afterwards, an airport worker who saw what had happened and laughed while it happened gestured for me to be quiet. This happened to a few other classmates as well, but she stopped doing it when the teachers started nearing in the queue, I just happened to be one of the first people in the queue. I am a teenager (older than thirteen).",['\\bdoes\\s+this\\s+count\\s+as\\s+(?:sa|sexual\\s+assault)\\b'],"['\\bdoes\\s+this\\s+count\\s+as\\s+(?:sa|sexual\\s+assault)\\b', '\\bassault\\b', '\\bsexual(?:ly)?\\s+assault(?:ed|s|ing)?\\b']"
17caudk,sexualassault,I went to the gynecologist for a pap test before I was really ready,throwaway1209764,1,0,False,0,1697807141,/r/sexualassault/comments/17caudk/i_went_to_the_gynecologist_for_a_pap_test_before/,"I thought I was ready, there wasn’t even a second thought really when it came to booking the appointment, checking in, walking into the room, chatting, and then getting undressed. Everything was perfectly fine until she touched my inner thigh, and suddenly I was no longer fine. I immediately started sobbing and just wanting it over with I told her it was painful but to keep going. 

But of course the procedure being over with wasn’t the end of it. First she started asking me questions trying to figure out why it was so painful for me and what brought me to tears, and I could tell that she already had an idea in her head. I had lied in the beginning of the appointment when asked if there was any prior assault that might make it difficult for me. I said no because I really truly didn’t think it would bother me. It has been two years and it’s not something I’ve thought too much about recently. But now it’s all I can think about. It feels like the assault just happened, like it’s currently, actively still happening to me.

And now I’m reliving every aspect of that day all over again. Not just what happened but everything else that followed; the self doubt and self talk telling myself it wasn’t that bad and I’m overreacting, that it’s my fault because I wasn’t clear enough. Still, right now writing this I’m feeling as though I have no right because people have been through way worse and I’m taking the attention away from the “real” victims. And the shame—two years later and the only people who know about it are the people who were there to witness it and strangers on the internet. I spent the rest of the day crying intermittently. One second I have calmed down and started thinking about something else and suddenly it’s right back at the front of my mind. 

And the worst part is I know that in a couple weeks this is probably just gonna go away and I’m going to forget about it until the next thing happens and I’m back in the year 2021 all over again. I thought I was healing. I thought I had healed. Apparently I was wrong and I’ve gone nowhere. Or maybe this won’t go away. Maybe I’m stuck now with the constant fear that something might come along and send me right back to square one.","17caudk sexualassault I went to the gynecologist for a pap test before I was really ready throwaway1209764 /r/sexualassault/comments/17caudk/i_went_to_the_gynecologist_for_a_pap_test_before/ I thought I was ready, there wasn’t even a second thought really when it came to booking the appointment, checking in, walking into the room, chatting, and then getting undressed. Everything was perfectly fine until she touched my inner thigh, and suddenly I was no longer fine. I immediately started sobbing and just wanting it over with I told her it was painful but to keep going. 

But of course the procedure being over with wasn’t the end of it. First she started asking me questions trying to figure out why it was so painful for me and what brought me to tears, and I could tell that she already had an idea in her head. I had lied in the beginning of the appointment when asked if there was any prior assault that might make it difficult for me. I said no because I really truly didn’t think it would bother me. It has been two years and it’s not something I’ve thought too much about recently. But now it’s all I can think about. It feels like the assault just happened, like it’s currently, actively still happening to me.

And now I’m reliving every aspect of that day all over again. Not just what happened but everything else that followed; the self doubt and self talk telling myself it wasn’t that bad and I’m overreacting, that it’s my fault because I wasn’t clear enough. Still, right now writing this I’m feeling as though I have no right because people have been through way worse and I’m taking the attention away from the “real” victims. And the shame—two years later and the only people who know about it are the people who were there to witness it and strangers on the internet. I spent the rest of the day crying intermittently. One second I have calmed down and started thinking about something else and suddenly it’s right back at the front of my mind. 

And the worst part is I know that in a couple weeks this is probably just gonna go away and I’m going to forget about it until the next thing happens and I’m back in the year 2021 all over again. I thought I was healing. I thought I had healed. Apparently I was wrong and I’ve gone nowhere. Or maybe this won’t go away. Maybe I’m stuck now with the constant fear that something might come along and send me right back to square one.","[""\\bit\\s+wasn[’']t\\s+that\\s+bad\\b""]","[""\\bit\\s+wasn[’']t\\s+that\\s+bad\\b"", '\\bassault\\b']"
171ndah,sexualassault,Fwb-situation: do I owe him sex?,Equivalent_Error_133,1,0,True,3,1696625428,/r/sexualassault/comments/171ndah/fwbsituation_do_i_owe_him_sex/,"I have a fwb, we don't see each other regularly because we live in different cities but when we see each other we have a lot of sex. 

Some trauma surfaced and I really don't want to be perceived as sexual or hot in any way. But he'll be at my place for 4 days and I don't want to decline the thing he is excited for. 

I feel like it would be inappropriate to deny him sex because I know he likes my body. Saying no almost feels like a crime, because I believe it is my job to pleasure him in a way. I know that this isn't his opinion at all. He is very caring and reassures me a lot. I know that I don't have to do things I don't want to do, but it feels wrong. 

He got a day off of work for our meetup and it feels like now I can't cancel it. I know our friendship isn't based on sex, but I am afraid he'll be disappointed. It's gotten to the point where I think that pretending will be way easier than actually saying no. Being a human-fleshlight isn't ideal, but at least I wouldn't feel this shame and guilt for saying no. 

Would it be shitty of me not to tell him of my sex-repulsion beforehand? I really am thinking of giving him my body","171ndah sexualassault Fwb-situation: do I owe him sex? Equivalent_Error_133 /r/sexualassault/comments/171ndah/fwbsituation_do_i_owe_him_sex/ I have a fwb, we don't see each other regularly because we live in different cities but when we see each other we have a lot of sex. 

Some trauma surfaced and I really don't want to be perceived as sexual or hot in any way. But he'll be at my place for 4 days and I don't want to decline the thing he is excited for. 

I feel like it would be inappropriate to deny him sex because I know he likes my body. Saying no almost feels like a crime, because I believe it is my job to pleasure him in a way. I know that this isn't his opinion at all. He is very caring and reassures me a lot. I know that I don't have to do things I don't want to do, but it feels wrong. 

He got a day off of work for our meetup and it feels like now I can't cancel it. I know our friendship isn't based on sex, but I am afraid he'll be disappointed. It's gotten to the point where I think that pretending will be way easier than actually saying no. Being a human-fleshlight isn't ideal, but at least I wouldn't feel this shame and guilt for saying no. 

Would it be shitty of me not to tell him of my sex-repulsion beforehand? I really am thinking of giving him my body",['\\bowe(?:d)?\\s+(?:him|her)\\s+sex\\b'],['\\bowe(?:d)?\\s+(?:him|her)\\s+sex\\b']
167zgdf,sexualassault,Is this sexual assault?,Brittnado22,1,0,False,0,1693652095,/r/sexualassault/comments/167zgdf/is_this_sexual_assault/,"It’s been many years since this happened but I have never been able to decide if this was assault or not for my own mental health. 

I was dating a guy at the time who seemed to be a very strong aggressor romantically and that was not something I was in to. I repeatedly told him I wasn’t comfortable kissing on campus (we lived on a Christian campus that didn’t allow public displays of affection like kissing) and he would kiss me anyways even when I protested. 

Then one time in an elevator, even though I felt that I expressly told him I wasn’t uncomfortable with PDA and inappropriate touching on campus, he pushed me against a wall and started making out with me and shoved his hand down my pants even though I didn’t want him to. We obviously stopped dating after that. 

I always feel really conflicted as to whether this would be considered assault because we were dating and maybe I didn’t make myself clear enough? I don’t know. I thought I’d bounce this off of you guys.","167zgdf sexualassault Is this sexual assault? Brittnado22 /r/sexualassault/comments/167zgdf/is_this_sexual_assault/ It’s been many years since this happened but I have never been able to decide if this was assault or not for my own mental health. 

I was dating a guy at the time who seemed to be a very strong aggressor romantically and that was not something I was in to. I repeatedly told him I wasn’t comfortable kissing on campus (we lived on a Christian campus that didn’t allow public displays of affection like kissing) and he would kiss me anyways even when I protested. 

Then one time in an elevator, even though I felt that I expressly told him I wasn’t uncomfortable with PDA and inappropriate touching on campus, he pushed me against a wall and started making out with me and shoved his hand down my pants even though I didn’t want him to. We obviously stopped dating after that. 

I always feel really conflicted as to whether this would be considered assault because we were dating and maybe I didn’t make myself clear enough? I don’t know. I thought I’d bounce this off of you guys.",['\\bis\\s+this\\s+(?:sa|sexual\\s+assault)\\b'],"[""\\bi\\s+don[’']t\\s+know\\b"", '\\bassault\\b', '\\bsexual(?:ly)?\\s+assault(?:ed|s|ing)?\\b', '\\bis\\s+this\\s+(?:sa|sexual\\s+assault)\\b']"
167bhf7,sexualassault,Was I SA'd? (Incident happened a long time ago and it's still strongly affecting me),SophMore_,1,0,True,1,1693584910,/r/sexualassault/comments/167bhf7/was_i_sad_incident_happened_a_long_time_ago_and/,"Was I SA'd?

Please excuse bad English, its not my first language. I've told my story to a few close friends, but never my parents. They all say it's fucked up and that it was SA, but I don't know if I can call it that.

(CW)
I was about 8 yrs old and I had a boyfriend (that I only recently broke up with). We were super close friends at the time and we'd constantly visit eachother after school etc. One day during summer break when we were at his house we ended up in his bed, and things got a bit icky. He started touching me everywhere and eventually started moving between my thighs. I remember squeezing my thighs shut in discomfort and him whispering ""Relax, I'm just tickling you"". He didn't get to touch my private spot for long, since his brother walked in. I made an excuse and went home immediately after. I remember being really nauseaus on the way home and I made excuses to not hang out with him for a whole week.

I get a strange sickening feeling thinking about it, and I'm not sure I even get to call it SA since PIV didn't happen. Although I have nightmares about it, uncomfortable thoughts about what would have happened if his brother didn't walk in. It happened a while ago, but last night something triggered the memory again and I cried for 4 hours. 
Is this SA? And what can I do to help myself?","167bhf7 sexualassault Was I SA'd? (Incident happened a long time ago and it's still strongly affecting me) SophMore_ /r/sexualassault/comments/167bhf7/was_i_sad_incident_happened_a_long_time_ago_and/ Was I SA'd?

Please excuse bad English, its not my first language. I've told my story to a few close friends, but never my parents. They all say it's fucked up and that it was SA, but I don't know if I can call it that.

(CW)
I was about 8 yrs old and I had a boyfriend (that I only recently broke up with). We were super close friends at the time and we'd constantly visit eachother after school etc. One day during summer break when we were at his house we ended up in his bed, and things got a bit icky. He started touching me everywhere and eventually started moving between my thighs. I remember squeezing my thighs shut in discomfort and him whispering ""Relax, I'm just tickling you"". He didn't get to touch my private spot for long, since his brother walked in. I made an excuse and went home immediately after. I remember being really nauseaus on the way home and I made excuses to not hang out with him for a whole week.

I get a strange sickening feeling thinking about it, and I'm not sure I even get to call it SA since PIV didn't happen. Although I have nightmares about it, uncomfortable thoughts about what would have happened if his brother didn't walk in. It happened a while ago, but last night something triggered the memory again and I cried for 4 hours. 
Is this SA? And what can I do to help myself?",['\\bis\\s+this\\s+(?:sa|sexual\\s+assault)\\b'],"['\\bboyfriend\\b', '\\bis\\s+this\\s+(?:sa|sexual\\s+assault)\\b', ""\\bi\\s+don[’']t\\s+know\\b"", ""\\bi[’']?m\\s+not\\s+sure\\b"", '\\bsa\\b']"
15v25n8,sexualassault,I don’t know if I was sexually assaulted or not,Throwaway-983762,5,8,True,3,1692407314,/r/sexualassault/comments/15v25n8/i_dont_know_if_i_was_sexually_assaulted_or_not/,"Additional Flairs: Rant, Need Advice, Was this Sexual Assault?

Hi, I am in desperate need of advice and help and I’ve never told anyone this because i feel so much shame and guilt.

I (16m) had several sexual experiences when I was 6 years old up until I was around 8 or 9. The sexual activity involved kissing and oral sex with me giving and receiving it. I don’t really know how it started but it was with a “family friend” who was 4 years older than me (so he would have been 10 when we first did it).

The issue is that I was reciprocal to the sexual activity and sometimes even initiated it which makes me feel so disgusted because what 6 year old does that? I also did not really know what sex was and the importance of it; I guess the only reason why I did not stop was because it “felt good”. I am also very disgusted with this “family friend” because the maturity and intellectual difference between a 6 and 10 year old is quite great and he continued to pursue sexual activity with me until he was around 12/13. This topic has never been brought up between us to this day.

Also, not only has this experience caused damage to my mental health but it has affected me physically because from the sexual activity, I received oral herpes and genital herpes from him which has ultimately hindered me from pursing relationships and plummeted my self esteem. There is not one day were I don’t think about what happened and think what if. I hate myself for giving me this life long disease that is so undesirable and disgusting.

I guess I am asking for advice on how to move forward with this. I cannot talk to family members because they are massively homophobic and I know there is no cure for herpes but is there some medication available that may treat symptoms? Also how do pursue romantic relationships in the future with this disease? 

Sorry for rambling and asking so many questions I really needed to get this off my chest after so many years of hiding it.","15v25n8 sexualassault I don’t know if I was sexually assaulted or not Throwaway-983762 /r/sexualassault/comments/15v25n8/i_dont_know_if_i_was_sexually_assaulted_or_not/ Additional Flairs: Rant, Need Advice, Was this Sexual Assault?

Hi, I am in desperate need of advice and help and I’ve never told anyone this because i feel so much shame and guilt.

I (16m) had several sexual experiences when I was 6 years old up until I was around 8 or 9. The sexual activity involved kissing and oral sex with me giving and receiving it. I don’t really know how it started but it was with a “family friend” who was 4 years older than me (so he would have been 10 when we first did it).

The issue is that I was reciprocal to the sexual activity and sometimes even initiated it which makes me feel so disgusted because what 6 year old does that? I also did not really know what sex was and the importance of it; I guess the only reason why I did not stop was because it “felt good”. I am also very disgusted with this “family friend” because the maturity and intellectual difference between a 6 and 10 year old is quite great and he continued to pursue sexual activity with me until he was around 12/13. This topic has never been brought up between us to this day.

Also, not only has this experience caused damage to my mental health but it has affected me physically because from the sexual activity, I received oral herpes and genital herpes from him which has ultimately hindered me from pursing relationships and plummeted my self esteem. There is not one day were I don’t think about what happened and think what if. I hate myself for giving me this life long disease that is so undesirable and disgusting.

I guess I am asking for advice on how to move forward with this. I cannot talk to family members because they are massively homophobic and I know there is no cure for herpes but is there some medication available that may treat symptoms? Also how do pursue romantic relationships in the future with this disease? 

Sorry for rambling and asking so many questions I really needed to get this off my chest after so many years of hiding it.",['\\bwas\\s+this\\s+(?:sa|sexual\\s+assault)\\b'],"[""\\bi\\s+don[’']t\\s+really\\s+know\\b"", ""\\bi\\s+don[’']t\\s+know\\b"", '\\bwas\\s+this\\s+(?:sa|sexual\\s+assault)\\b', '\\bassault\\b', '\\bfriend\\b', '\\bsexual(?:ly)?\\s+assault(?:ed|s|ing)?\\b']"
15pj2qb,sexualassault,Was I sexually assaulted by my older brother?,Blade_carrier,5,3,False,0,1691883058,/r/sexualassault/comments/15pj2qb/was_i_sexually_assaulted_by_my_older_brother/,"For background, I was around 12 when me and my family went on vacation, where me and both my siblings (1 younger brother + 1 older step brother) all had to sleep in the same bed. 

One night, my younger brother fell asleep, me and my older brother talked about random stuff, and he asked if I wanted to play games on his phone, since I didn't have any on mine. I said yes, and after a while he asked if he can play with my long hair. I agreed, and he started just gently playing with my hair. He insisted on me lying on my stomach, although I didn't think much of it. He then climbed onto me and at this point, I felt uncomfortable. I asked him what he was doing and he just said how, in this position, he could get better grip of my hair. 
Not a long while after that, he started moving, back and forth. 
I told him I had to go to the bathroom, and when I came back, I decided to take off the shorts I was wearing, since it was incredibly hot and my brothers both slept in their underwear, which made me comfortable enough to do it too around them. 

My brother started moving again, after sitting on me once again and now I really felt uncomfortable, but had no guts to say it. I instead gave him hints that I was uncomfortable, like saying ""that's a weird way to play with someone's hair"" or ""do you really have to do that?"" followed by ""why are you moving so much"". But he didn't stop. At this point, I had realized that he was most definitely grinding on me. With every ""hint"" that I dropped, he got more nervous and careful. 

At one point, I turned around, and I saw his.. Well..""Banana"". He put it back in as fast as possible and leaned in to kiss me on the cheeks, telling me how much he loves me. I was absolutely terrified at this moment. Later, he stopped and fell asleep pretty quickly afterwards, but I couldn't sleep that night. I spent the whole time thinking about if I'm being dramatic or if that's really how my older brother, whom I only see once a year, sees me as an object that he could just grind on. Does he think I'm stupid enough not to notice? I tried talking to him about it the day after, and he kept just changing the subject or ignoring me completely, pretending he doesn't know what I'm talking about. I told him I wasn't gonna scream or yell at him for anything, but then he kept saying how he was only ""scratching himself"". 

We never talked about it again, but now I'm really not sure what to think about it. I see it as a trauma, but I also feel like I'm being too dramatic about it. Did he assault me?","15pj2qb sexualassault Was I sexually assaulted by my older brother? Blade_carrier /r/sexualassault/comments/15pj2qb/was_i_sexually_assaulted_by_my_older_brother/ For background, I was around 12 when me and my family went on vacation, where me and both my siblings (1 younger brother + 1 older step brother) all had to sleep in the same bed. 

One night, my younger brother fell asleep, me and my older brother talked about random stuff, and he asked if I wanted to play games on his phone, since I didn't have any on mine. I said yes, and after a while he asked if he can play with my long hair. I agreed, and he started just gently playing with my hair. He insisted on me lying on my stomach, although I didn't think much of it. He then climbed onto me and at this point, I felt uncomfortable. I asked him what he was doing and he just said how, in this position, he could get better grip of my hair. 
Not a long while after that, he started moving, back and forth. 
I told him I had to go to the bathroom, and when I came back, I decided to take off the shorts I was wearing, since it was incredibly hot and my brothers both slept in their underwear, which made me comfortable enough to do it too around them. 

My brother started moving again, after sitting on me once again and now I really felt uncomfortable, but had no guts to say it. I instead gave him hints that I was uncomfortable, like saying ""that's a weird way to play with someone's hair"" or ""do you really have to do that?"" followed by ""why are you moving so much"". But he didn't stop. At this point, I had realized that he was most definitely grinding on me. With every ""hint"" that I dropped, he got more nervous and careful. 

At one point, I turned around, and I saw his.. Well..""Banana"". He put it back in as fast as possible and leaned in to kiss me on the cheeks, telling me how much he loves me. I was absolutely terrified at this moment. Later, he stopped and fell asleep pretty quickly afterwards, but I couldn't sleep that night. I spent the whole time thinking about if I'm being dramatic or if that's really how my older brother, whom I only see once a year, sees me as an object that he could just grind on. Does he think I'm stupid enough not to notice? I tried talking to him about it the day after, and he kept just changing the subject or ignoring me completely, pretending he doesn't know what I'm talking about. I told him I wasn't gonna scream or yell at him for anything, but then he kept saying how he was only ""scratching himself"". 

We never talked about it again, but now I'm really not sure what to think about it. I see it as a trauma, but I also feel like I'm being too dramatic about it. Did he assault me?",['\\bwas\\s+i\\s+sexually\\s+assaulted\\b'],"['\\bwas\\s+i\\s+sexually\\s+assaulted\\b', '\\bassault\\b', '\\bsexual(?:ly)?\\s+assault(?:ed|s|ing)?\\b']"
139bdl9,sexualassault,Nightmares about my dad SAing me,[deleted],1,6,True,3,1683345649,/r/sexualassault/comments/139bdl9/nightmares_about_my_dad_saing_me/,"I’ll try to keep this short, but some background: when I was 12 or 13, I had a few incidents with my dad when he was drunk, Like he would come into the bathroom while I was showering and force me to kiss him, or he would pin me down and kiss me. Nothing I (nor CPS when my therapist called them about this) considered sexual assault, but I also don’t remember a lot of these instances very clearly because I’ve repressed them, so often I wonder if anything more ever happened.

Anyways I’m now 18, and I’ve been having 2-3 nightmares every night for about 6 months now. Most of the time they are just random nightmares, but I’ll occasionally have incredibly vivid nightmares of my dad sexually assaulting me in ways I don’t remember him doing. How can I know if these are things he actually did that I’ve repressed, or if I’m just dreaming things?","139bdl9 sexualassault Nightmares about my dad SAing me [deleted] /r/sexualassault/comments/139bdl9/nightmares_about_my_dad_saing_me/ I’ll try to keep this short, but some background: when I was 12 or 13, I had a few incidents with my dad when he was drunk, Like he would come into the bathroom while I was showering and force me to kiss him, or he would pin me down and kiss me. Nothing I (nor CPS when my therapist called them about this) considered sexual assault, but I also don’t remember a lot of these instances very clearly because I’ve repressed them, so often I wonder if anything more ever happened.

Anyways I’m now 18, and I’ve been having 2-3 nightmares every night for about 6 months now. Most of the time they are just random nightmares, but I’ll occasionally have incredibly vivid nightmares of my dad sexually assaulting me in ways I don’t remember him doing. How can I know if these are things he actually did that I’ve repressed, or if I’m just dreaming things?",['\\bconsider(?:ed)?\\s+(?:it\\s+)?(?:sa|sexual\\s+assault)\\b'],"['\\bassault\\b', '\\bsexual(?:ly)?\\s+assault(?:ed|s|ing)?\\b', '\\bconsider(?:ed)?\\s+(?:it\\s+)?(?:sa|sexual\\s+assault)\\b']"
11zvmok,sexualassault,Am I a victim?,MaintenanceUnusual59,2,2,False,0,1679601976,/r/sexualassault/comments/11zvmok/am_i_a_victim/,"I’m from Wisconsin, USA and I (M17) lost my virginity to a 29 y/o man and got infected with HIV and Hepatitis B. After I found out, I feel like the man I had sex with took advantage of me. I’ve realized I’m still very naive, ignorant, inexperienced and easily influenced. Also I didn’t have complete sexual education. For instance, I had no idea gay men were at greater risk of becoming infected, especially if they were the one being penetrated. I had no idea what PrEP and PEP was either. It happened in my first night alone at another city within the state (we were alone in my apartment). He contacted me online, complimented me, asked me if I had ever had sex and asked me to send him my location. I just wanted to meet new people and told myself it’s fine if it leads to sex as long as I’m comfortable. When we were in my living room he told me multiple times that we should go to bed. I didn’t want to so I kept telling him “no, later” “not yet” or evading the proposal. It was too late already so he had to stay for the night. I put my pajamas on and he got naked, saying that’s the way he slept and closed the door of my bedroom. When we were laying in bed, he put his hands under my shirt and started touching my private parts. I didn’t know what to do. I stayed quiet because I felt like I didn’t have the strength to say “no” and to be honest I was confused (part of me wanted him to continue and part of me wanted to get out of there). He then told me repeated times to take off my clothes but I always told him I was too nervous/embarrassed to do it. He continued to touch me and took my shorts off regardless. Then he told me to lay on top on him, which I did, and asked me to take off my shirt. I said no one time but agreed to do it after he asked me again. After that he told me not to worry about condoms and said I could trust him. During sex he instructed me what to do. I never told him to stop, though. 

I was really nervous and I didn’t really know him well so I was afraid of him stealing, hurting me and of how he would react if I refused to do something. At that moment STDs never crossed my mind as I was thinking about all these other things. There were times I wish I could have stopped or go slower but I felt like it was too late for me to do that and there was no way back. He knew I was 17.

We also shared nudes.","11zvmok sexualassault Am I a victim? MaintenanceUnusual59 /r/sexualassault/comments/11zvmok/am_i_a_victim/ I’m from Wisconsin, USA and I (M17) lost my virginity to a 29 y/o man and got infected with HIV and Hepatitis B. After I found out, I feel like the man I had sex with took advantage of me. I’ve realized I’m still very naive, ignorant, inexperienced and easily influenced. Also I didn’t have complete sexual education. For instance, I had no idea gay men were at greater risk of becoming infected, especially if they were the one being penetrated. I had no idea what PrEP and PEP was either. It happened in my first night alone at another city within the state (we were alone in my apartment). He contacted me online, complimented me, asked me if I had ever had sex and asked me to send him my location. I just wanted to meet new people and told myself it’s fine if it leads to sex as long as I’m comfortable. When we were in my living room he told me multiple times that we should go to bed. I didn’t want to so I kept telling him “no, later” “not yet” or evading the proposal. It was too late already so he had to stay for the night. I put my pajamas on and he got naked, saying that’s the way he slept and closed the door of my bedroom. When we were laying in bed, he put his hands under my shirt and started touching my private parts. I didn’t know what to do. I stayed quiet because I felt like I didn’t have the strength to say “no” and to be honest I was confused (part of me wanted him to continue and part of me wanted to get out of there). He then told me repeated times to take off my clothes but I always told him I was too nervous/embarrassed to do it. He continued to touch me and took my shorts off regardless. Then he told me to lay on top on him, which I did, and asked me to take off my shirt. I said no one time but agreed to do it after he asked me again. After that he told me not to worry about condoms and said I could trust him. During sex he instructed me what to do. I never told him to stop, though. 

I was really nervous and I didn’t really know him well so I was afraid of him stealing, hurting me and of how he would react if I refused to do something. At that moment STDs never crossed my mind as I was thinking about all these other things. There were times I wish I could have stopped or go slower but I felt like it was too late for me to do that and there was no way back. He knew I was 17.

We also shared nudes.",['\\bam\\s+i\\s+(?:a\\s+)?victim\\b'],"[""\\bi\\s+didn[’']t\\s+know\\b"", ""\\bi\\s+didn[’']t\\s+really\\s+know\\b"", '\\bam\\s+i\\s+(?:a\\s+)?victim\\b']"
11v45ku,sexualassault,Was I sexually assaulted/ need help as this was 5 years ago and can’t stop thinking about it,Catlovercaity,1,4,True,2,1679181454,/r/sexualassault/comments/11v45ku/was_i_sexually_assaulted_need_help_as_this_was_5/,"Okay I’m sorry if this is going to be a long one. I’ll start this off by saying I’m 19F and this is an incident that happened to me when I was 14 and to this day I still think about it and I honestly can’t tell if i was sexually assaulted or not. I am looking for an honest outside opinion. 


So what happened is i was in science class and I sat next to this guy who was quite a good friend of mine and I had a little bit of a crush on. In science class we sat on stools and they had like a small hole about the width of two fingers in them.We were kinda mucking about and he stuck his fingers through the hole in the stool. I was wearing a skirt, cycling shorts ,tights and pants so he did not make direct contact or penetration and it was through 4 layers of clothing. I was immediately uncomfortable so I left to go to the bathroom. It was lunch next and I worked up the courage to tell what had happened to my close girl friends and they immediately advised i go and tell the guidance counsellor. I did this and she went and spoke to him that same afternoon. When i asked what was going to happen she said he had cried lots so was clearly sorry and it was my fault for mucking aboutand that was that.I had to stay in the same classes as him for the next two years.I flunked science. To begin with for the first year or so my friends were really supportive and everyone shunned him and it was ok. I got quite depressed but my friends were there for me. About a year later he started hanging out with us again and I explained to my friends that this made me uncomfortable but they said he had “demonstrated” on one of them what had happened and I had been overreacting and needed to get over it already. For my remaining time at school I had no friends and ultimately tried to take my life. Lucking I’m in a much better place now and no longer at school. 

It’s worth noting I am also autistic so often misunderstand social situations so I would just like an honest opinion of the situation and if i over reacted so I can just stop thinking about it once and for all. Thanks in advance","11v45ku sexualassault Was I sexually assaulted/ need help as this was 5 years ago and can’t stop thinking about it Catlovercaity /r/sexualassault/comments/11v45ku/was_i_sexually_assaulted_need_help_as_this_was_5/ Okay I’m sorry if this is going to be a long one. I’ll start this off by saying I’m 19F and this is an incident that happened to me when I was 14 and to this day I still think about it and I honestly can’t tell if i was sexually assaulted or not. I am looking for an honest outside opinion. 


So what happened is i was in science class and I sat next to this guy who was quite a good friend of mine and I had a little bit of a crush on. In science class we sat on stools and they had like a small hole about the width of two fingers in them.We were kinda mucking about and he stuck his fingers through the hole in the stool. I was wearing a skirt, cycling shorts ,tights and pants so he did not make direct contact or penetration and it was through 4 layers of clothing. I was immediately uncomfortable so I left to go to the bathroom. It was lunch next and I worked up the courage to tell what had happened to my close girl friends and they immediately advised i go and tell the guidance counsellor. I did this and she went and spoke to him that same afternoon. When i asked what was going to happen she said he had cried lots so was clearly sorry and it was my fault for mucking aboutand that was that.I had to stay in the same classes as him for the next two years.I flunked science. To begin with for the first year or so my friends were really supportive and everyone shunned him and it was ok. I got quite depressed but my friends were there for me. About a year later he started hanging out with us again and I explained to my friends that this made me uncomfortable but they said he had “demonstrated” on one of them what had happened and I had been overreacting and needed to get over it already. For my remaining time at school I had no friends and ultimately tried to take my life. Lucking I’m in a much better place now and no longer at school. 

It’s worth noting I am also autistic so often misunderstand social situations so I would just like an honest opinion of the situation and if i over reacted so I can just stop thinking about it once and for all. Thanks in advance",['\\bwas\\s+i\\s+sexually\\s+assaulted\\b'],"['\\bwas\\s+i\\s+sexually\\s+assaulted\\b', '\\bfriend\\b', '\\bsexual(?:ly)?\\s+assault(?:ed|s|ing)?\\b']"
113vhna,sexualassault,Is this sexual assault/harrasment?,lemme_just_not,3,4,False,0,1676567193,/r/sexualassault/comments/113vhna/is_this_sexual_assaultharrasment/,"Im sorry, this is my first time posting here and I'm just curious.
Keep in mind that for the past couple days/weeks, I've been extremely paranoid about people only seeing me for my body, as I've had multiple guys make inappropriate   comments towards my body for months and only recently realised how bad it is. So this whole thing could very well be me just overthinking.

With that said, tonight my dad, older brother, his friend (both 16-17)and I (15) were all drinking, and I got drunk I think and the friend had a few heavy drinks but said he sobered up quickly, it's only my 4-5th time drinking so I'm still new to it all and after my 3rd or 4th it hit me like a brick especially because I'm small and barely ate today. But the friend kept wanting me to go to bed but he kept touching my boobs and ass and picking me up to take me to my room. He wouldn't stop touching my boobs though, not groping or anything but it was enough to make someone in my state notice. I remember wearing a shirt and taking it off bc it was hot, I had a crop top underneath and everyone there has already seen me in one so I thought it wouldn't matter. (I asked the friend if he'd be comfortable with me not wearing a shirt and he said he wouldn't care)

I remember going to grab another drink (I shouldn't have but I'm stupid and wanted to feel better by drinking) and the friend came up from behind and grabbed my boobs to drag me out of the fridge. I also remember leaning over the table while standing to rest my head, everything felt so heavy, and the friend again came up from behind, touched my ass and boobs again for seemingly no reason. Tonight was such a blur but he tucked me into bed multiple times, it was just him and I in the room and he kept touching my boobs and making me roll over and stuff. He put my blanket over me and put his  hand onto my between the legs and I'd find it hard to believe that it was an accident, he put his weight onto that hand while I told him to stop and tried to move away but he was standing at the edge of my single bed so it's pretty difficult to move at all. 

The friend's cool and shit, I like hanging out with him because my brother and I don't get to see him often, he always has cool sories, and he's just like another brother to me and my brother. He does make me a bit uncomfortable but that's just how I feel towards most people so I don't think much of it. He would touch me just out of site from everyone, like behind the fridge door, my room and when everyone is in the kitchen or turned around. I feel sick and guilty for even thinking of it but I just have to know. I know if I asked anyone irl they'd get mad at me and call me a cunt or smthn. 

Im sorry if this wasted ur time ,,","113vhna sexualassault Is this sexual assault/harrasment? lemme_just_not /r/sexualassault/comments/113vhna/is_this_sexual_assaultharrasment/ Im sorry, this is my first time posting here and I'm just curious.
Keep in mind that for the past couple days/weeks, I've been extremely paranoid about people only seeing me for my body, as I've had multiple guys make inappropriate   comments towards my body for months and only recently realised how bad it is. So this whole thing could very well be me just overthinking.

With that said, tonight my dad, older brother, his friend (both 16-17)and I (15) were all drinking, and I got drunk I think and the friend had a few heavy drinks but said he sobered up quickly, it's only my 4-5th time drinking so I'm still new to it all and after my 3rd or 4th it hit me like a brick especially because I'm small and barely ate today. But the friend kept wanting me to go to bed but he kept touching my boobs and ass and picking me up to take me to my room. He wouldn't stop touching my boobs though, not groping or anything but it was enough to make someone in my state notice. I remember wearing a shirt and taking it off bc it was hot, I had a crop top underneath and everyone there has already seen me in one so I thought it wouldn't matter. (I asked the friend if he'd be comfortable with me not wearing a shirt and he said he wouldn't care)

I remember going to grab another drink (I shouldn't have but I'm stupid and wanted to feel better by drinking) and the friend came up from behind and grabbed my boobs to drag me out of the fridge. I also remember leaning over the table while standing to rest my head, everything felt so heavy, and the friend again came up from behind, touched my ass and boobs again for seemingly no reason. Tonight was such a blur but he tucked me into bed multiple times, it was just him and I in the room and he kept touching my boobs and making me roll over and stuff. He put my blanket over me and put his  hand onto my between the legs and I'd find it hard to believe that it was an accident, he put his weight onto that hand while I told him to stop and tried to move away but he was standing at the edge of my single bed so it's pretty difficult to move at all. 

The friend's cool and shit, I like hanging out with him because my brother and I don't get to see him often, he always has cool sories, and he's just like another brother to me and my brother. He does make me a bit uncomfortable but that's just how I feel towards most people so I don't think much of it. He would touch me just out of site from everyone, like behind the fridge door, my room and when everyone is in the kitchen or turned around. I feel sick and guilty for even thinking of it but I just have to know. I know if I asked anyone irl they'd get mad at me and call me a cunt or smthn. 

Im sorry if this wasted ur time ,,",['\\bis\\s+this\\s+(?:sa|sexual\\s+assault)\\b'],"['\\bis\\s+this\\s+(?:sa|sexual\\s+assault)\\b', '\\bfriend\\b', '\\bassault\\b', '\\bsexual(?:ly)?\\s+assault(?:ed|s|ing)?\\b']"
ztm2ma,sexualassault,is this sa im confused pls,thecoolmarshmallow,0,4,False,0,1671814016,/r/sexualassault/comments/ztm2ma/is_this_sa_im_confused_pls/,,ztm2ma sexualassault is this sa im confused pls thecoolmarshmallow /r/sexualassault/comments/ztm2ma/is_this_sa_im_confused_pls/,['\\bis\\s+this\\s+(?:sa|sexual\\s+assault)\\b'],"['\\bsa\\b', '\\bis\\s+this\\s+(?:sa|sexual\\s+assault)\\b']"
yyrnzi,sexualassault,"I wish that I would even have the option to report my ex, but because of how it happened I can’t do anything if I ever decided to",nothinkybrainhurty,17,4,False,0,1668797881,/r/sexualassault/comments/yyrnzi/i_wish_that_i_would_even_have_the_option_to/,"I wish I just had the option to serve him justice yk. Like when I would be ready to talk about I could report and even if it did nothing in going to jail kind of way it would at least make him realise that maybe he did something wrong. 

But I can’t. 

I have no proof and technically I did consent. Also I was still with him in a relationship. And it wasn’t one situation, but a constant manipulation, that made me question my sexuality (I’m asexual), my self worth and whether I’m the one manipulating him by “teasing”. I hate this teasing thing, he tried to convince me (and I believed him) that what I was doing was some teasing fetish thing and not trying to back out of situations I didn’t want to be in.  

I don’t know, he never used force, technically I always could’ve just walked away and end this. But I didn’t, because this man manipulated me and tied my self worth to whether he was interested in me or not. That’s also why he acted so negatively when I left him, he realised he has no longer power over me so he started threatening with suicide, harassing me and my friends, constantly guilt tripping me how much he misses me etc. He basically made me his therapist after I broke up with him, so I never had a chance to process our shitty relationship, my trauma and the fact I was continuously SA’d by him, because I had to jump around him, trying to comfort him about the fact that I broke up with him. I couldn’t just cut contact with him, we went to the same school and were even sitting in the same desk. And when I tried to have some breathing space from him, he just followed me with more guilt tripping and online stalking. 

I hate that he’s convinced that he did nothing wrong. From his perspective he just had emotionally/sexually unavailable boyfriend, that he (my ex) couldn’t decide whether he wants to be with him and that he (I) claimed to be asexual but just needed a “little push” (tons of manipulation and a lot of vodka) to be more “comfortable” with sex. He also started cheating only because he was sexually unsatisfied and only told me to be honest (and totally not to be petty because I refused sex). And then his evil boyfriend (me) broke up with him, was acting cold for a couple of months and then suddenly accused him of rape and completely disappeared from his life. 

But for me it was hell, getting constantly manipulated and pressured to consent, forcing myself to be drunk, so I can be too wasted to care if he tries to fuck me, so he might finally “commit” to me, without the constant threat of him either cheating or leaving. Even if I didn’t consent, whether drunk or not, he just waited for me to fall asleep. Or put me in situations when I was afraid to speak up. It was hell from begging to end and even after that. 

I hate his guts so much, I hate that he got to move on, enjoy his life and hang out with people I thought were my friends, while I’m traumatised and too ashamed to talk about it even on therapy (unless it’s anonymous or a drunk confession to my friends). I hate that I have no option to get justice if I’d ever be ready to talk about it. 

My whole suffering just ends up as another sob story about yet another ex he’ll get to tell to his next girlfriend/boyfriend. Our mutual friends think that I’m just a crazy ex that can’t move on. My close “friends” are too uncomfortable to acknowledge that it really happened and it’s inconvenient to them to even limit contact with him, because he throws some parties and has free/cheap weed.  

How is this fair?","yyrnzi sexualassault I wish that I would even have the option to report my ex, but because of how it happened I can’t do anything if I ever decided to nothinkybrainhurty /r/sexualassault/comments/yyrnzi/i_wish_that_i_would_even_have_the_option_to/ I wish I just had the option to serve him justice yk. Like when I would be ready to talk about I could report and even if it did nothing in going to jail kind of way it would at least make him realise that maybe he did something wrong. 

But I can’t. 

I have no proof and technically I did consent. Also I was still with him in a relationship. And it wasn’t one situation, but a constant manipulation, that made me question my sexuality (I’m asexual), my self worth and whether I’m the one manipulating him by “teasing”. I hate this teasing thing, he tried to convince me (and I believed him) that what I was doing was some teasing fetish thing and not trying to back out of situations I didn’t want to be in.  

I don’t know, he never used force, technically I always could’ve just walked away and end this. But I didn’t, because this man manipulated me and tied my self worth to whether he was interested in me or not. That’s also why he acted so negatively when I left him, he realised he has no longer power over me so he started threatening with suicide, harassing me and my friends, constantly guilt tripping me how much he misses me etc. He basically made me his therapist after I broke up with him, so I never had a chance to process our shitty relationship, my trauma and the fact I was continuously SA’d by him, because I had to jump around him, trying to comfort him about the fact that I broke up with him. I couldn’t just cut contact with him, we went to the same school and were even sitting in the same desk. And when I tried to have some breathing space from him, he just followed me with more guilt tripping and online stalking. 

I hate that he’s convinced that he did nothing wrong. From his perspective he just had emotionally/sexually unavailable boyfriend, that he (my ex) couldn’t decide whether he wants to be with him and that he (I) claimed to be asexual but just needed a “little push” (tons of manipulation and a lot of vodka) to be more “comfortable” with sex. He also started cheating only because he was sexually unsatisfied and only told me to be honest (and totally not to be petty because I refused sex). And then his evil boyfriend (me) broke up with him, was acting cold for a couple of months and then suddenly accused him of rape and completely disappeared from his life. 

But for me it was hell, getting constantly manipulated and pressured to consent, forcing myself to be drunk, so I can be too wasted to care if he tries to fuck me, so he might finally “commit” to me, without the constant threat of him either cheating or leaving. Even if I didn’t consent, whether drunk or not, he just waited for me to fall asleep. Or put me in situations when I was afraid to speak up. It was hell from begging to end and even after that. 

I hate his guts so much, I hate that he got to move on, enjoy his life and hang out with people I thought were my friends, while I’m traumatised and too ashamed to talk about it even on therapy (unless it’s anonymous or a drunk confession to my friends). I hate that I have no option to get justice if I’d ever be ready to talk about it. 

My whole suffering just ends up as another sob story about yet another ex he’ll get to tell to his next girlfriend/boyfriend. Our mutual friends think that I’m just a crazy ex that can’t move on. My close “friends” are too uncomfortable to acknowledge that it really happened and it’s inconvenient to them to even limit contact with him, because he throws some parties and has free/cheap weed.  

How is this fair?","[""\\bi\\s+didn[’']t\\s+consent\\b""]","['\\bboyfriend\\b', ""\\bi\\s+didn[’']t\\s+consent\\b"", ""\\bi\\s+don[’']t\\s+know\\b"", '\\bsa\\b', '\\brape\\b', '\\bgirlfriend\\b']"
ytllxa,sexualassault,Am I allowed to say I was sexually assaulted?,BitterStew,3,2,False,0,1668295473,/r/sexualassault/comments/ytllxa/am_i_allowed_to_say_i_was_sexually_assaulted/,"As far as I remember, years of sexual harassment only resulted physically in some hair touching and one instance where my leg was stroked sexually up and down with an object despite me saying no. 

I can’t help but feel it can’t be called assault because it wasn’t his actual hand touching my leg, and overall, it’s really tame compared to the stories of other people who were definitely assaulted. 

I feel like saying “I was sexually assaulted” or anything similar implies something a lot worse and is misleading so I can’t call it that, but I also see a lot of definitions online of sexual assault as “any unwanted touching of a sexual manner” and I’ve been told it counts as SA. I felt really violated so I guess I ‘felt’ assaulted. 

Is it fair to say I experienced SA?","ytllxa sexualassault Am I allowed to say I was sexually assaulted? BitterStew /r/sexualassault/comments/ytllxa/am_i_allowed_to_say_i_was_sexually_assaulted/ As far as I remember, years of sexual harassment only resulted physically in some hair touching and one instance where my leg was stroked sexually up and down with an object despite me saying no. 

I can’t help but feel it can’t be called assault because it wasn’t his actual hand touching my leg, and overall, it’s really tame compared to the stories of other people who were definitely assaulted. 

I feel like saying “I was sexually assaulted” or anything similar implies something a lot worse and is misleading so I can’t call it that, but I also see a lot of definitions online of sexual assault as “any unwanted touching of a sexual manner” and I’ve been told it counts as SA. I felt really violated so I guess I ‘felt’ assaulted. 

Is it fair to say I experienced SA?",['\\bit\\s+count(?:s)?\\s+as\\s+(?:sa|sexual\\s+assault)\\b'],"['\\bit\\s+count(?:s)?\\s+as\\s+(?:sa|sexual\\s+assault)\\b', '\\bsa\\b', '\\bassault\\b', '\\bsexual(?:ly)?\\s+assault(?:ed|s|ing)?\\b', '\\bsexual(?:ly)?\\s+harass(?:ment|ments|ed|es|ing)?\\b']"
yss4ep,sexualassault,constantly doubting myself,skeletonluv95,4,3,True,1,1668213676,/r/sexualassault/comments/yss4ep/constantly_doubting_myself/,"i dated a guy for a month or so, then he suddenly broke up with me and about a month after that i realized that i was pressured into sexual activities more than once. one of those times can be considered sexual assault but i still question myself about it all the time and made excuses for him when i first remembered.
i told him ahead of time that i didnt wanna do anything later on and just wanted to chill and he was like ""okay"". later in bed, we're spooning, and i consented to him rubbing my skin with his hand because it can be relaxing. but then, he starts doing it in a way he knew would arouse me, and tells me ""you said no, but its so fun working you up"". i gave in, he starts rubbing me off, whatever, and i thought that was all we were gonna do. next thing i remember im on my back and hes on top of me and i was so overwhelmed i froze and was unable to stop what was happening. i recall dissassociating a bit too. when i thought it was over he picked me up and placed me on top of him and gripped my thighs and held me in place, i feel like i might have tried getting off him but i cant remember. then i acted like everything was normal, and repressed what happened. 
even though i can admit i was assaulted i find myself struggling to accept that it happened and accepting that he is capable of something so horrible. intentional or not he made me feel like i couldnt say no. but i still worry im being overdramatic or that im remembering things wrong. especially since after it was over i lied to myself and acted like i was into it. like why did i do that?? it was scary and i had no idea what to do but instead of thinking about how i felt all i worried about was not making him feel bad. i feel so lost and stuck. i thought i could trust him.","yss4ep sexualassault constantly doubting myself skeletonluv95 /r/sexualassault/comments/yss4ep/constantly_doubting_myself/ i dated a guy for a month or so, then he suddenly broke up with me and about a month after that i realized that i was pressured into sexual activities more than once. one of those times can be considered sexual assault but i still question myself about it all the time and made excuses for him when i first remembered.
i told him ahead of time that i didnt wanna do anything later on and just wanted to chill and he was like ""okay"". later in bed, we're spooning, and i consented to him rubbing my skin with his hand because it can be relaxing. but then, he starts doing it in a way he knew would arouse me, and tells me ""you said no, but its so fun working you up"". i gave in, he starts rubbing me off, whatever, and i thought that was all we were gonna do. next thing i remember im on my back and hes on top of me and i was so overwhelmed i froze and was unable to stop what was happening. i recall dissassociating a bit too. when i thought it was over he picked me up and placed me on top of him and gripped my thighs and held me in place, i feel like i might have tried getting off him but i cant remember. then i acted like everything was normal, and repressed what happened. 
even though i can admit i was assaulted i find myself struggling to accept that it happened and accepting that he is capable of something so horrible. intentional or not he made me feel like i couldnt say no. but i still worry im being overdramatic or that im remembering things wrong. especially since after it was over i lied to myself and acted like i was into it. like why did i do that?? it was scary and i had no idea what to do but instead of thinking about how i felt all i worried about was not making him feel bad. i feel so lost and stuck. i thought i could trust him.",['\\bconsider(?:ed)?\\s+(?:it\\s+)?(?:sa|sexual\\s+assault)\\b'],"['\\bassault\\b', '\\bsexual(?:ly)?\\s+assault(?:ed|s|ing)?\\b', '\\bconsider(?:ed)?\\s+(?:it\\s+)?(?:sa|sexual\\s+assault)\\b']"
xllv0b,sexualassault,Was this sexual assault?,Neutral_chaos13,9,6,True,3,1663902656,/r/sexualassault/comments/xllv0b/was_this_sexual_assault/,"This is a little strange for me, given that this is the first time I’ve ever used Reddit. However I am not quite sure who to ask about this so I’ve elected to ask strangers on the internet😅.

Back when I was in kindergarten I had this friend, she was super nice and we were really close. We hung out all day at school and played together... I never forgot about any of this but I don’t think it ever truly registered with me either.   


She was let’s say “curious“ about “things”. She and a few of my other friends would hang out together at recess and we would play ”games” on the field away from everyone else. She would convince us all to pee our pants and rub our vag and pee. She called us a “pee club” and made it a little secret of ours that she seemed to get off on I guess. We were around 5 or 6 mind you and she would convince us that it was so cool to do this. She would also “massage“ our crotch with her foot while we laid on the ground reading and she sat in a chair. She would always tell us to cover her foot with a book so no one else could see… this happened almost every day and she even encouraged us to do it to her as well. She ended up taking more of a liking to me and did most of the touching with me… I was so innocent back then and I had no idea about what we were doing. I can’t help but wonder if this would be considered sexual assaul.","xllv0b sexualassault Was this sexual assault? Neutral_chaos13 /r/sexualassault/comments/xllv0b/was_this_sexual_assault/ This is a little strange for me, given that this is the first time I’ve ever used Reddit. However I am not quite sure who to ask about this so I’ve elected to ask strangers on the internet😅.

Back when I was in kindergarten I had this friend, she was super nice and we were really close. We hung out all day at school and played together... I never forgot about any of this but I don’t think it ever truly registered with me either.   


She was let’s say “curious“ about “things”. She and a few of my other friends would hang out together at recess and we would play ”games” on the field away from everyone else. She would convince us all to pee our pants and rub our vag and pee. She called us a “pee club” and made it a little secret of ours that she seemed to get off on I guess. We were around 5 or 6 mind you and she would convince us that it was so cool to do this. She would also “massage“ our crotch with her foot while we laid on the ground reading and she sat in a chair. She would always tell us to cover her foot with a book so no one else could see… this happened almost every day and she even encouraged us to do it to her as well. She ended up taking more of a liking to me and did most of the touching with me… I was so innocent back then and I had no idea about what we were doing. I can’t help but wonder if this would be considered sexual assaul.",['\\bwas\\s+this\\s+(?:sa|sexual\\s+assault)\\b'],"['\\bwas\\s+this\\s+(?:sa|sexual\\s+assault)\\b', '\\bfriend\\b', '\\bassault\\b', '\\bsexual(?:ly)?\\s+assault(?:ed|s|ing)?\\b']"
x8nr8o,sexualassault,is this considered SA?,cuntprickvagina,1,2,False,0,1662603471,/r/sexualassault/comments/x8nr8o/is_this_considered_sa/,"hello, i am a 16 year old male currently but i was 15 at the time of this incident, i was actually not the victim but the alleged “perpetrator”. the girl who accused me is mentally ill and an obvious attention seeker but i want to give my most unbias account of the situation to give her the benefit of the doubt. 

(for some background: previously we had kissed (she had gone for it), and i am not or was not attracted to her in any way, she had actually flashed me non consensually a week before this incident i found it disgusting but it honestly did not affect my life in any way) 

Her 15F and me 15M had been sitting on a bed with my other friends in the room, I was extremely high (50 hits +) but she had only taken around 2 hits of weed. She had a vape and every time i would ask for a hit she would put it deep into her tits. I thought it was odd because i would have to reach for it but this went on for around 15 hits, when i asked for another hit she buried the vape deep into her tits, i then said “could i?” and she said “yes you can” at this time i was pretty mentally misguided as i should’ve known she would do something like this but as i put my hand in between her tits she violently yanks backwards. I look at her confused and say “are you okay?” when she says she was fine, i then again asked her again if she was okay and she then went in to the bathroom to “process it”. Afterwards we all stay out at my house for another hour and as she leaves she hugs me on the way out. fast forward the next morning she is not present at school, and she then tells her friend to tell everyone that i “groped” her. I am guessing she wanted to use this as an excuse to win her friends over from me (as i had joined her group and became better friends with all of them). But my friends (technically hers, which had been friends with her for over 5 years) sided with me as they had seen what had happened with their own eyes. the next couple days were followed by her being absent and texts from her about “bringing it to court”. when she finally comes back to school she is sitting alone behind our usual hang out spot crying at her locker for weeks. I tell all my friends the situation and she loses nearly all her friends and after 3 weeks i get a text from one of her friends, telling me that she’ll drop everything if i stop “bullying” her. I would normally be the bigger person but after she cursed out my sister and making her cry i had absolutely no mercy at making everyone know what she had done to me. everything aside and i not more of a victim than she is? did i do anything wrong that made me deserve this? i would appreciate all feedback, thank you :)","x8nr8o sexualassault is this considered SA? cuntprickvagina /r/sexualassault/comments/x8nr8o/is_this_considered_sa/ hello, i am a 16 year old male currently but i was 15 at the time of this incident, i was actually not the victim but the alleged “perpetrator”. the girl who accused me is mentally ill and an obvious attention seeker but i want to give my most unbias account of the situation to give her the benefit of the doubt. 

(for some background: previously we had kissed (she had gone for it), and i am not or was not attracted to her in any way, she had actually flashed me non consensually a week before this incident i found it disgusting but it honestly did not affect my life in any way) 

Her 15F and me 15M had been sitting on a bed with my other friends in the room, I was extremely high (50 hits +) but she had only taken around 2 hits of weed. She had a vape and every time i would ask for a hit she would put it deep into her tits. I thought it was odd because i would have to reach for it but this went on for around 15 hits, when i asked for another hit she buried the vape deep into her tits, i then said “could i?” and she said “yes you can” at this time i was pretty mentally misguided as i should’ve known she would do something like this but as i put my hand in between her tits she violently yanks backwards. I look at her confused and say “are you okay?” when she says she was fine, i then again asked her again if she was okay and she then went in to the bathroom to “process it”. Afterwards we all stay out at my house for another hour and as she leaves she hugs me on the way out. fast forward the next morning she is not present at school, and she then tells her friend to tell everyone that i “groped” her. I am guessing she wanted to use this as an excuse to win her friends over from me (as i had joined her group and became better friends with all of them). But my friends (technically hers, which had been friends with her for over 5 years) sided with me as they had seen what had happened with their own eyes. the next couple days were followed by her being absent and texts from her about “bringing it to court”. when she finally comes back to school she is sitting alone behind our usual hang out spot crying at her locker for weeks. I tell all my friends the situation and she loses nearly all her friends and after 3 weeks i get a text from one of her friends, telling me that she’ll drop everything if i stop “bullying” her. I would normally be the bigger person but after she cursed out my sister and making her cry i had absolutely no mercy at making everyone know what she had done to me. everything aside and i not more of a victim than she is? did i do anything wrong that made me deserve this? i would appreciate all feedback, thank you :)",['\\bconsider(?:ed)?\\s+(?:it\\s+)?(?:sa|sexual\\s+assault)\\b'],"['\\bsa\\b', '\\bfriend\\b', '\\bconsider(?:ed)?\\s+(?:it\\s+)?(?:sa|sexual\\s+assault)\\b']"
x32je0,sexualassault,Was i sexually assaulted?,nina1404,5,13,True,5,1662022523,/r/sexualassault/comments/x32je0/was_i_sexually_assaulted/,"So heres the story. When i was 17 i got my first tattoo. I asked the tattoo artist for his number (M26) and we chatted and one thing led to another and we had sex. On two separate occasions. I was 100% sober, it was me who even contacted him in the first place like i was interested in him before he was interested in me and the whole sexual act felt... consensual. So was it assault only because i was a minor and he was an adult?

Oh and, he waited to ask what my age was until we were done having sex. First time he met me i was wearing my cheerleader uniform so wtf else should he have thought i was? (We dont do college cheerleading in my country btw)","x32je0 sexualassault Was i sexually assaulted? nina1404 /r/sexualassault/comments/x32je0/was_i_sexually_assaulted/ So heres the story. When i was 17 i got my first tattoo. I asked the tattoo artist for his number (M26) and we chatted and one thing led to another and we had sex. On two separate occasions. I was 100% sober, it was me who even contacted him in the first place like i was interested in him before he was interested in me and the whole sexual act felt... consensual. So was it assault only because i was a minor and he was an adult?

Oh and, he waited to ask what my age was until we were done having sex. First time he met me i was wearing my cheerleader uniform so wtf else should he have thought i was? (We dont do college cheerleading in my country btw)",['\\bwas\\s+i\\s+sexually\\s+assaulted\\b'],"['\\bwas\\s+i\\s+sexually\\s+assaulted\\b', '\\bassault\\b', '\\bsexual(?:ly)?\\s+assault(?:ed|s|ing)?\\b']"
ws6x2k,sexualassault,Am I a victim?,catanimalover,3,2,False,0,1660891475,/r/sexualassault/comments/ws6x2k/am_i_a_victim/,"I (18 f) was sexually abused by my grandfather from when I can remember to about 10 (when I told an adult about it). At the time, I didn’t realize what he was doing was assault I just thought it was you know kinda weird so I asked someone and they told my mom. The behavior stopped but I still saw him. After it stopped I always questioned if I really was a victim or not, I never said no, I almost enjoyed it and thought it was cool and very adult. Until I realized that I was a child and I was completely taken advantage of and manipulated. I didn’t have trauma for awhile until I recently asked my teacher, whom I was somewhat close with about it. It brought up so many emotions when I realized I really was sexually abused. But how can I really be a victim when I hadn’t had any trauma until now? How can I be a victim when I never said no or enjoyed it? I mean for god’s sake it may not have happened if I wasn’t so interested in it. These feelings always cross my mind and I’m not really sure how to feel about it.","ws6x2k sexualassault Am I a victim? catanimalover /r/sexualassault/comments/ws6x2k/am_i_a_victim/ I (18 f) was sexually abused by my grandfather from when I can remember to about 10 (when I told an adult about it). At the time, I didn’t realize what he was doing was assault I just thought it was you know kinda weird so I asked someone and they told my mom. The behavior stopped but I still saw him. After it stopped I always questioned if I really was a victim or not, I never said no, I almost enjoyed it and thought it was cool and very adult. Until I realized that I was a child and I was completely taken advantage of and manipulated. I didn’t have trauma for awhile until I recently asked my teacher, whom I was somewhat close with about it. It brought up so many emotions when I realized I really was sexually abused. But how can I really be a victim when I hadn’t had any trauma until now? How can I be a victim when I never said no or enjoyed it? I mean for god’s sake it may not have happened if I wasn’t so interested in it. These feelings always cross my mind and I’m not really sure how to feel about it.",['\\bam\\s+i\\s+(?:a\\s+)?victim\\b'],"['\\bsexual(?:ly)?\\s+abus(?:e|ed|es|ing)\\b', '\\bam\\s+i\\s+(?:a\\s+)?victim\\b', '\\bassault\\b', ""\\bi\\s+didn[’']t\\s+realize\\b""]"
wfucfb,sexualassault,Was this sexual assault or were the lines blurred?,Independent-Ladder82,2,14,True,10,1659596281,/r/sexualassault/comments/wfucfb/was_this_sexual_assault_or_were_the_lines_blurred/,I was seeing someone for a few months and initially he didn’t seem too rough. We hooked up and it fizzled after sometime. Recently I started seeing him again and it got kinda bad. He was pulling my hair and generally just attempting penetration even if I told him before hand that it is painful. In the heat of the moment he started it and I didn’t actively stop him coz even I wanted to try but when it got painful I asked him to stop and he did. He was just waiting for me to stop crying and took my head to his duck for a bj. He again tried to attempt PIV but thank god he came soon so it didn’t hurt so much. I slept with him the second time when he fully thrust it in inside and it was very painful. I stopped him and he didn’t hear me so again when I stoped him he was about to finish so he pulled out before coming. By now it was already a bad situation but I just didn’t believe it was so bad and if I could get into rough sex it means I wasn’t really assaulted right? So I just started asking him to come over and getting very sexual by sending many pics. I did tell him that he should have stopped when I told him to and he apologised. The third time he bit me so hard that I have a massive ring on my thigh. He also started telling me that he doesn’t care if he hurt me. I don’t know if he was being kinky here because he would say stuff like “you’ll do as I please” “I’ll do whatever the hell I want” “you are like a sex slave to me” “ you are my personal whore”. This was escalating a lot but I went with it and tried to get into all this. He was just rough and when I started acting like I was also into rough sex he would say stuff like take the pain my beautiful cock gives you. Last time I saw him he said he wanted me to beg him and he will come abuse my body. It just didn’t sound kinky and I was really scared that he might hurt me so I stopped speaking to him. When I confronted him recently he said I was being all sexual and he was only very gentle during penetration and it was only rough make-outs. He said I was being unreasonable as well. I think some part of me agrees with him because I went back to him and stopped him when it got to be too much and he did after that one time. So is this abuse? The only signs I gave was flinch when he pulled my hair and begged him to stop when he tried to attempt penetration.,wfucfb sexualassault Was this sexual assault or were the lines blurred? Independent-Ladder82 /r/sexualassault/comments/wfucfb/was_this_sexual_assault_or_were_the_lines_blurred/ I was seeing someone for a few months and initially he didn’t seem too rough. We hooked up and it fizzled after sometime. Recently I started seeing him again and it got kinda bad. He was pulling my hair and generally just attempting penetration even if I told him before hand that it is painful. In the heat of the moment he started it and I didn’t actively stop him coz even I wanted to try but when it got painful I asked him to stop and he did. He was just waiting for me to stop crying and took my head to his duck for a bj. He again tried to attempt PIV but thank god he came soon so it didn’t hurt so much. I slept with him the second time when he fully thrust it in inside and it was very painful. I stopped him and he didn’t hear me so again when I stoped him he was about to finish so he pulled out before coming. By now it was already a bad situation but I just didn’t believe it was so bad and if I could get into rough sex it means I wasn’t really assaulted right? So I just started asking him to come over and getting very sexual by sending many pics. I did tell him that he should have stopped when I told him to and he apologised. The third time he bit me so hard that I have a massive ring on my thigh. He also started telling me that he doesn’t care if he hurt me. I don’t know if he was being kinky here because he would say stuff like “you’ll do as I please” “I’ll do whatever the hell I want” “you are like a sex slave to me” “ you are my personal whore”. This was escalating a lot but I went with it and tried to get into all this. He was just rough and when I started acting like I was also into rough sex he would say stuff like take the pain my beautiful cock gives you. Last time I saw him he said he wanted me to beg him and he will come abuse my body. It just didn’t sound kinky and I was really scared that he might hurt me so I stopped speaking to him. When I confronted him recently he said I was being all sexual and he was only very gentle during penetration and it was only rough make-outs. He said I was being unreasonable as well. I think some part of me agrees with him because I went back to him and stopped him when it got to be too much and he did after that one time. So is this abuse? The only signs I gave was flinch when he pulled my hair and begged him to stop when he tried to attempt penetration.,['\\bwas\\s+this\\s+(?:sa|sexual\\s+assault)\\b'],"[""\\bi\\s+don[’']t\\s+know\\b"", '\\bwas\\s+this\\s+(?:sa|sexual\\s+assault)\\b', '\\bassault\\b', '\\bsexual(?:ly)?\\s+assault(?:ed|s|ing)?\\b']"
vcggmv,sexualassault,Is this sexual assault?,Various_Condition586,3,4,True,1,1655249202,/r/sexualassault/comments/vcggmv/is_this_sexual_assault/,"

So my ex bf(18) me (18) we were laying in bed and all of a sudden he pulls his pants down and starts to undress me and I told him “no” so he stopped and then he stokes his penis and puts a pillow on my eyes and starting kissing me and then it puts his dick in my mouth and I closed my mouth but he starts trying again. There’s been times I told him “no” to sex but he undress me and one time he cum in me without my consent knowing I’m not on birth control. (NSFW)","vcggmv sexualassault Is this sexual assault? Various_Condition586 /r/sexualassault/comments/vcggmv/is_this_sexual_assault/ 

So my ex bf(18) me (18) we were laying in bed and all of a sudden he pulls his pants down and starts to undress me and I told him “no” so he stopped and then he stokes his penis and puts a pillow on my eyes and starting kissing me and then it puts his dick in my mouth and I closed my mouth but he starts trying again. There’s been times I told him “no” to sex but he undress me and one time he cum in me without my consent knowing I’m not on birth control. (NSFW)",['\\bis\\s+this\\s+(?:sa|sexual\\s+assault)\\b'],"['\\bis\\s+this\\s+(?:sa|sexual\\s+assault)\\b', '\\bassault\\b', '\\bsexual(?:ly)?\\s+assault(?:ed|s|ing)?\\b']"
v46huz,sexualassault,I don't understand why I kept seeing my abuser for so long.,_Lea-n-der_,6,10,True,5,1654283176,/r/sexualassault/comments/v46huz/i_dont_understand_why_i_kept_seeing_my_abuser_for/,"So, I was sexually assaulted and raped multiple times by a former friend of mine. His girlfriend used to invite me over and I felt like I couldn't say no to her because of what was happening with her boyfriend -I was feeling guilty and ashamed, even though I wasn't even interested in him and had expressed my disinterest to him already.

I didn't consent to her boyfriend sending me very explicit text messages as well as very explicit pictures. He pressured me into giving him oral and I eventually gave in because it was too much for me and me saying ""No."" never even worked anyway.

Now, the thing is, this lasted for months. His girlfriend would invite me over on weekends and almost every weekend, the same cycle would repeat itself. She would go to bed early and I would find myself alone with her boyfriend. That's when it mostly happened.

I have a hard time defining consent because I have a very hard time saying no. I'm a people pleaser but I'm working on improving myself for my own safety.
I just feel so stupid because I kept coming over to their house only because I felt like I couldn't say no to either of them. The girlfriend was going through a tough time and I wanted to be here for her as much as I could but it also meant I had to endure assaults and rapes almost every weekend during ten months from her boyfriend.

In a way, I was almost ""scared"" he would stop doing these horrible things to me because I knew that once it would end, it meant that I would have to realize he had indeed assaulted and raped me and I didn't want to be a victim. I didn't even feel like one for a long time until it took a toll on my mental health and well-being.

I don't know if anyone has figured it out yet but why do victims stay or come back to their abusers?

I know there were countless of ways I could have put an end to that -and I eventually did and even reported him to the police- but I wish I had done it sooner...","v46huz sexualassault I don't understand why I kept seeing my abuser for so long. _Lea-n-der_ /r/sexualassault/comments/v46huz/i_dont_understand_why_i_kept_seeing_my_abuser_for/ So, I was sexually assaulted and raped multiple times by a former friend of mine. His girlfriend used to invite me over and I felt like I couldn't say no to her because of what was happening with her boyfriend -I was feeling guilty and ashamed, even though I wasn't even interested in him and had expressed my disinterest to him already.

I didn't consent to her boyfriend sending me very explicit text messages as well as very explicit pictures. He pressured me into giving him oral and I eventually gave in because it was too much for me and me saying ""No."" never even worked anyway.

Now, the thing is, this lasted for months. His girlfriend would invite me over on weekends and almost every weekend, the same cycle would repeat itself. She would go to bed early and I would find myself alone with her boyfriend. That's when it mostly happened.

I have a hard time defining consent because I have a very hard time saying no. I'm a people pleaser but I'm working on improving myself for my own safety.
I just feel so stupid because I kept coming over to their house only because I felt like I couldn't say no to either of them. The girlfriend was going through a tough time and I wanted to be here for her as much as I could but it also meant I had to endure assaults and rapes almost every weekend during ten months from her boyfriend.

In a way, I was almost ""scared"" he would stop doing these horrible things to me because I knew that once it would end, it meant that I would have to realize he had indeed assaulted and raped me and I didn't want to be a victim. I didn't even feel like one for a long time until it took a toll on my mental health and well-being.

I don't know if anyone has figured it out yet but why do victims stay or come back to their abusers?

I know there were countless of ways I could have put an end to that -and I eventually did and even reported him to the police- but I wish I had done it sooner...","[""\\bi\\s+didn[’']t\\s+consent\\b""]","['\\bboyfriend\\b', ""\\bi\\s+didn[’']t\\s+consent\\b"", ""\\bi\\s+don[’']t\\s+know\\b"", '\\bgirlfriend\\b', '\\bfriend\\b', '\\bsexual(?:ly)?\\s+assault(?:ed|s|ing)?\\b']"
v2j3l4,sexualassault,i don't know if this is the right subreddit or if it counts as SA but i felt like it did,continuetheflow13,2,10,False,0,1654095989,/r/sexualassault/comments/v2j3l4/i_dont_know_if_this_is_the_right_subreddit_or_if/,"today like normal i had a meet up at 3, i was in the bus just listening to music when a middle aged guy sat next to me. normally when a man sits next to me they try to sit a little the other way or create a tiny bit of space between me and him but this guy just kept rubbing his arm against mine and it increased with time. i was uncomfortable so i started trying to rationalize it in my head by looking out the window that it is probably because there is very little room or i just have broad shoulders, that i'm misunderstanding it. i was thinking about standing up but i was just kind of too shocked to do anything. i just told myself each moment stand up, but i didn't. i finally came at my halt, i'm not sure what he did with my arm cause i was just trying not to think about it and look out the window but i just wanted to get out asap. once i went outside an old lady came behind me and asked me what's wrong with me for not having stood up or said anything to him. she saw what he was doing but she said she had high blood pressure or something which is why she didn't idk. he basically just decided to sit next to me while there were empty seats. i feel like it technically isn't a big deal on paper but i felt like i was assaulted and only the old lady being so concerned and aware of it validated it for me since probably more people as well saw it. after it i just felt dirty and i just wanted to wash my arm off or something. i guess i'm posting it here to get some validation or not idk. i'm sure it's not that bad but i don't know, i wish i was more brave. i keep thinking about it.

i live in turkey, i'm 21 and the first time something like this has happened as far as i can remember.","v2j3l4 sexualassault i don't know if this is the right subreddit or if it counts as SA but i felt like it did continuetheflow13 /r/sexualassault/comments/v2j3l4/i_dont_know_if_this_is_the_right_subreddit_or_if/ today like normal i had a meet up at 3, i was in the bus just listening to music when a middle aged guy sat next to me. normally when a man sits next to me they try to sit a little the other way or create a tiny bit of space between me and him but this guy just kept rubbing his arm against mine and it increased with time. i was uncomfortable so i started trying to rationalize it in my head by looking out the window that it is probably because there is very little room or i just have broad shoulders, that i'm misunderstanding it. i was thinking about standing up but i was just kind of too shocked to do anything. i just told myself each moment stand up, but i didn't. i finally came at my halt, i'm not sure what he did with my arm cause i was just trying not to think about it and look out the window but i just wanted to get out asap. once i went outside an old lady came behind me and asked me what's wrong with me for not having stood up or said anything to him. she saw what he was doing but she said she had high blood pressure or something which is why she didn't idk. he basically just decided to sit next to me while there were empty seats. i feel like it technically isn't a big deal on paper but i felt like i was assaulted and only the old lady being so concerned and aware of it validated it for me since probably more people as well saw it. after it i just felt dirty and i just wanted to wash my arm off or something. i guess i'm posting it here to get some validation or not idk. i'm sure it's not that bad but i don't know, i wish i was more brave. i keep thinking about it.

i live in turkey, i'm 21 and the first time something like this has happened as far as i can remember.",['\\bit\\s+count(?:s)?\\s+as\\s+(?:sa|sexual\\s+assault)\\b'],"['\\bit\\s+count(?:s)?\\s+as\\s+(?:sa|sexual\\s+assault)\\b', ""\\bi\\s+don[’']t\\s+know\\b"", ""\\bi[’']?m\\s+not\\s+sure\\b"", '\\bsa\\b', '\\bidk+k*\\b']"
uja95v,sexualassault,Was this sexual assault and what do I do?,zzzapppppp,1,5,False,0,1651793418,/r/sexualassault/comments/uja95v/was_this_sexual_assault_and_what_do_i_do/,I’m not going to give out to many of my details but I am a male upper class man in high school and today in class a lower class man male came up to me and just randomly grabbed my Dick without my consent. I was took off guard because I was like in shock and I froze up. He walked away and that was that. I don’t know if this counts as sexual harassment/assault but I feel like sick yo my stomach and like my “manhood” was taken from me. I was going to go up to the kid after school and beat the shit out of him because I am physically much taller and bigger than him however I don’t want him to press charges/me get expelled. I feel like I won’t be considered a man unless I stick up for myself and beat the fuck out of him but at the same time I have a pretty good looking future that I don’t want to fuck up. What do I do?,uja95v sexualassault Was this sexual assault and what do I do? zzzapppppp /r/sexualassault/comments/uja95v/was_this_sexual_assault_and_what_do_i_do/ I’m not going to give out to many of my details but I am a male upper class man in high school and today in class a lower class man male came up to me and just randomly grabbed my Dick without my consent. I was took off guard because I was like in shock and I froze up. He walked away and that was that. I don’t know if this counts as sexual harassment/assault but I feel like sick yo my stomach and like my “manhood” was taken from me. I was going to go up to the kid after school and beat the shit out of him because I am physically much taller and bigger than him however I don’t want him to press charges/me get expelled. I feel like I won’t be considered a man unless I stick up for myself and beat the fuck out of him but at the same time I have a pretty good looking future that I don’t want to fuck up. What do I do?,['\\bwas\\s+this\\s+(?:sa|sexual\\s+assault)\\b'],"[""\\bi\\s+don[’']t\\s+know\\b"", '\\bwas\\s+this\\s+(?:sa|sexual\\s+assault)\\b', '\\bassault\\b', '\\bsexual(?:ly)?\\s+assault(?:ed|s|ing)?\\b', '\\bsexual(?:ly)?\\s+harass(?:ment|ments|ed|es|ing)?\\b']"
uirrxy,sexualassault,Was this sexual assault?,Firm_Ad4211,2,5,True,2,1651734609,/r/sexualassault/comments/uirrxy/was_this_sexual_assault/,"I’ve been going to therapy a lot recently and some memories have come up from when I was really young. My mom was fostering kids at the time and one of the kids she fostered was between my age and my sister.(we’re about two years apart and she was in between I’m younger). Anyways she introduced us to what sex was and she and my sister engaged in it quite frequently. Without my mom knowing of course. There was no one else I could hang out with so at the time I had begged to join. There’s a lot of guilt and shame I feel thinking back on it but I was only six years old. Anyways I had joined in on these since I didn’t want to be left out. To be honest I probably didn’t know any better. But I guess what I’m asking is, is it my fault? What did I get myself into and would people consider that SA?","uirrxy sexualassault Was this sexual assault? Firm_Ad4211 /r/sexualassault/comments/uirrxy/was_this_sexual_assault/ I’ve been going to therapy a lot recently and some memories have come up from when I was really young. My mom was fostering kids at the time and one of the kids she fostered was between my age and my sister.(we’re about two years apart and she was in between I’m younger). Anyways she introduced us to what sex was and she and my sister engaged in it quite frequently. Without my mom knowing of course. There was no one else I could hang out with so at the time I had begged to join. There’s a lot of guilt and shame I feel thinking back on it but I was only six years old. Anyways I had joined in on these since I didn’t want to be left out. To be honest I probably didn’t know any better. But I guess what I’m asking is, is it my fault? What did I get myself into and would people consider that SA?",['\\bwas\\s+this\\s+(?:sa|sexual\\s+assault)\\b'],"['\\bsa\\b', '\\bwas\\s+this\\s+(?:sa|sexual\\s+assault)\\b', '\\bassault\\b', '\\bsexual(?:ly)?\\s+assault(?:ed|s|ing)?\\b']"
u9bqbe,sexualassault,"i dont know if what i've done is sexual assault, or if I was assaulted, and I feel terrible...",for_this_post1231233,2,2,False,0,1650624426,/r/sexualassault/comments/u9bqbe/i_dont_know_if_what_ive_done_is_sexual_assault_or/,"Alright, so this is probably very different from everything else on this sub but i dont know where else to go, i want the comments to be honest above everything else but please do read everything before you do comment.this was two days ago, but ill give some context.

I'm a 17yo male and this story is about a 19yo female.

TL;DR I sexually touched A girl while very intoxicated. Prior to that she had acted very close to me although I made it clear I wasn't interested, and now she blames me for sexual exploitation. Please do take the time to read everything if you can.

She was gonna move into my boarding school, and came to check it out prior to summer break. We connected quite quickly. I want to clarify - I am not and was never interested in this girl. After our initial bond we chatted A LOT. it was wierd for me because i am quite introverted but i saw it as a good thing. I figured we should invite her to a large birthday party, and she came. she got quite drunk and was all over me even though i really didn't want it. She came from a really bad house (her father is in prison for a murder attempt on her mother which now has a half-abusive bf), so she was really huggy, and  i was the only person she knew there. She insisted on sleeping in bed with me (which I really didn't want), but again, given the circumstances I didn't think much of it. When she woke up the next morning she told me she wants to break up with her bf of two years. I told her what i thought - It's a big move and she should really think it through before ending such a relationship. i kinda pushed her not to, because I didn't wanna be the cause of a breakup.

when the year begun she clinged to me in a very annoying way, so I was quite cold to her - I wanted to meet the other new people too. We had a fight in which I just took all the blame and told her that I did not want to be close friends with her. She was very offended and didn't speak to me for a while but for the last three months we were on good terms, although I didn't really like her, because she was emotionally manipulative and couldnt take a bit of critisizm without getting her feelings hurt .we hung out sometimes but I always felt fake, anyway it was not too bad.

Fast forward to 2 days ago. We're at a birthday party of a friend that was celebrating drinking age (18 in my country). I got REALLY drunk. I remeber only bits. She and I got very close physically, and when she went up to bed she asked me to hug her until she fell asleep. If I was just a bit more sober I would have refused. As I said, not interested, never was, and I don't wanna ruin her relationship. I was in a state that any good friend would just put me to sleep, what I wish had happened.

All I remeber from this point onward is that we hugged and I touched her in a very sexual way, wrapping myself around her, stroking her hair and back, and so on. I didn't touch her private parts, those being breasts and lower body, and I didn't kiss her on she mouth, although I did on the neck. **I DO NOT REMEMBER THIS**, but according to her, I pushed her fingers into my mouth, and got on her with a boner. This may have happened, but I am not sure. **She did not resist, stop me, or show any uncomftrability**. However, she was much more gentle than I was. During this entire time I thought to myself that if she tries to kiss me on the mouth, I wont go along with it. (I've never kissed anybody and even while very drunk i knew I didn't want her to be my first). At some point I felt her not going along as before, so I opened my eyes and looked at her. She said, and I remember this very sharply: ""This was a mistake, you are too drunk and tired"". Obviously I got what she meant sat up. She asked me what I thought of her. I asked her what she meant, and she told me in terms of relationship. I told her the truth: that I'm not interested. At this point i understood what had happend and I told her to relax, and that we didn't do anything. I got up and went to my bed. I wanted to talk it out when sober. I couldnt sleep for a while but eventually fell asleep.

The next day we spoke about what had happened. She said that she never wanted this to happen. That she was very happy that we got physically close but that she didn't want it that way. She said she was frozen and couldn't get me off her, that she kept saying stuff like ""Maybe lets just go back to hugging"" Which I don't remember. I only remember what is in the paragragh before. She said she does not consider it sexual assault because she didn't even attempt to stop me, but that she feels very exploited. She kept guilt tripping me, saying stuff llike ""You don't kiss a girl in a relationship on the neck, and you certainly dont put her fingers in your mouth. Not even when drunk."", obviously I know this and would never had done it if not very drunk. As I've said, even if she was single and interested in me I still wouldn't have wanted to do these things. We agreed that we arent good for eachother and  decided to cut eachother off completely (I'm so happy for this, because as I said I don't like this person).

However, I can't not feel guilty. Did I SA her? Did she SA me even though I was the one doing the more sexual stuff? If we were to have sex it would legally be rape, as I was under heavy influence. (Keep in mind I'm also a minor while she is 19). I feel both as if i was SA'd, and I was the assaulter at the same time....

&amp;#x200B;

Above all, I want you to be honest. If I wanted confirmation I would go to friends because I know they'd support me. If you do think this is on me, say so, but please be respectful. I feel awful and have not been sleeping because of this. Making me feel more guilty will do nothing.

I am well aware that I'm not clear of the responsibility for this, but want to know what other people think about the whole situation.","u9bqbe sexualassault i dont know if what i've done is sexual assault, or if I was assaulted, and I feel terrible... for_this_post1231233 /r/sexualassault/comments/u9bqbe/i_dont_know_if_what_ive_done_is_sexual_assault_or/ Alright, so this is probably very different from everything else on this sub but i dont know where else to go, i want the comments to be honest above everything else but please do read everything before you do comment.this was two days ago, but ill give some context.

I'm a 17yo male and this story is about a 19yo female.

TL;DR I sexually touched A girl while very intoxicated. Prior to that she had acted very close to me although I made it clear I wasn't interested, and now she blames me for sexual exploitation. Please do take the time to read everything if you can.

She was gonna move into my boarding school, and came to check it out prior to summer break. We connected quite quickly. I want to clarify - I am not and was never interested in this girl. After our initial bond we chatted A LOT. it was wierd for me because i am quite introverted but i saw it as a good thing. I figured we should invite her to a large birthday party, and she came. she got quite drunk and was all over me even though i really didn't want it. She came from a really bad house (her father is in prison for a murder attempt on her mother which now has a half-abusive bf), so she was really huggy, and  i was the only person she knew there. She insisted on sleeping in bed with me (which I really didn't want), but again, given the circumstances I didn't think much of it. When she woke up the next morning she told me she wants to break up with her bf of two years. I told her what i thought - It's a big move and she should really think it through before ending such a relationship. i kinda pushed her not to, because I didn't wanna be the cause of a breakup.

when the year begun she clinged to me in a very annoying way, so I was quite cold to her - I wanted to meet the other new people too. We had a fight in which I just took all the blame and told her that I did not want to be close friends with her. She was very offended and didn't speak to me for a while but for the last three months we were on good terms, although I didn't really like her, because she was emotionally manipulative and couldnt take a bit of critisizm without getting her feelings hurt .we hung out sometimes but I always felt fake, anyway it was not too bad.

Fast forward to 2 days ago. We're at a birthday party of a friend that was celebrating drinking age (18 in my country). I got REALLY drunk. I remeber only bits. She and I got very close physically, and when she went up to bed she asked me to hug her until she fell asleep. If I was just a bit more sober I would have refused. As I said, not interested, never was, and I don't wanna ruin her relationship. I was in a state that any good friend would just put me to sleep, what I wish had happened.

All I remeber from this point onward is that we hugged and I touched her in a very sexual way, wrapping myself around her, stroking her hair and back, and so on. I didn't touch her private parts, those being breasts and lower body, and I didn't kiss her on she mouth, although I did on the neck. **I DO NOT REMEMBER THIS**, but according to her, I pushed her fingers into my mouth, and got on her with a boner. This may have happened, but I am not sure. **She did not resist, stop me, or show any uncomftrability**. However, she was much more gentle than I was. During this entire time I thought to myself that if she tries to kiss me on the mouth, I wont go along with it. (I've never kissed anybody and even while very drunk i knew I didn't want her to be my first). At some point I felt her not going along as before, so I opened my eyes and looked at her. She said, and I remember this very sharply: ""This was a mistake, you are too drunk and tired"". Obviously I got what she meant sat up. She asked me what I thought of her. I asked her what she meant, and she told me in terms of relationship. I told her the truth: that I'm not interested. At this point i understood what had happend and I told her to relax, and that we didn't do anything. I got up and went to my bed. I wanted to talk it out when sober. I couldnt sleep for a while but eventually fell asleep.

The next day we spoke about what had happened. She said that she never wanted this to happen. That she was very happy that we got physically close but that she didn't want it that way. She said she was frozen and couldn't get me off her, that she kept saying stuff like ""Maybe lets just go back to hugging"" Which I don't remember. I only remember what is in the paragragh before. She said she does not consider it sexual assault because she didn't even attempt to stop me, but that she feels very exploited. She kept guilt tripping me, saying stuff llike ""You don't kiss a girl in a relationship on the neck, and you certainly dont put her fingers in your mouth. Not even when drunk."", obviously I know this and would never had done it if not very drunk. As I've said, even if she was single and interested in me I still wouldn't have wanted to do these things. We agreed that we arent good for eachother and  decided to cut eachother off completely (I'm so happy for this, because as I said I don't like this person).

However, I can't not feel guilty. Did I SA her? Did she SA me even though I was the one doing the more sexual stuff? If we were to have sex it would legally be rape, as I was under heavy influence. (Keep in mind I'm also a minor while she is 19). I feel both as if i was SA'd, and I was the assaulter at the same time....

&amp;#x200B;

Above all, I want you to be honest. If I wanted confirmation I would go to friends because I know they'd support me. If you do think this is on me, say so, but please be respectful. I feel awful and have not been sleeping because of this. Making me feel more guilty will do nothing.

I am well aware that I'm not clear of the responsibility for this, but want to know what other people think about the whole situation.",['\\bconsider(?:ed)?\\s+(?:it\\s+)?(?:sa|sexual\\s+assault)\\b'],"['\\bsa\\b', '\\bassault\\b', '\\brape\\b', '\\bconsider(?:ed)?\\s+(?:it\\s+)?(?:sa|sexual\\s+assault)\\b', '\\bfriend\\b', '\\bsexual(?:ly)?\\s+assault(?:ed|s|ing)?\\b']"
ttuik1,sexualassault,HELP i want to know if it's considered sexual assault or not,closedintrovert,7,2,False,0,1648829513,/r/sexualassault/comments/ttuik1/help_i_want_to_know_if_its_considered_sexual/,"""sorry for my English it's not my mother language"" 
so i was 6 year's old when it's happend.
i was sitting in the house with my brother
he was 12-11 I don't remember actually what happened because I'm still trying to memorize it 
but i remember him grabbing my hand and drag it too the bathroom, so you know as a young boy I didn't know what was going to happend ,he grap my pants and slowly put me in his legs and i remember him take my hand and slowly put it in his penis and in the end he try to let his penis in my ass and he can't I'm sorry for the details I don't know if i consider it sexual assault guys he was literally a kid like me and i know he does it without knowing it's bad but in the same time i still get flash back from time to time i feel exhausted and tired for it and i really want to tell somebody and yeah i did it i guess...
if anyone can help me figure it out because I'm so confused i know it's considered sexual assault but it is actually tho?","ttuik1 sexualassault HELP i want to know if it's considered sexual assault or not closedintrovert /r/sexualassault/comments/ttuik1/help_i_want_to_know_if_its_considered_sexual/ ""sorry for my English it's not my mother language"" 
so i was 6 year's old when it's happend.
i was sitting in the house with my brother
he was 12-11 I don't remember actually what happened because I'm still trying to memorize it 
but i remember him grabbing my hand and drag it too the bathroom, so you know as a young boy I didn't know what was going to happend ,he grap my pants and slowly put me in his legs and i remember him take my hand and slowly put it in his penis and in the end he try to let his penis in my ass and he can't I'm sorry for the details I don't know if i consider it sexual assault guys he was literally a kid like me and i know he does it without knowing it's bad but in the same time i still get flash back from time to time i feel exhausted and tired for it and i really want to tell somebody and yeah i did it i guess...
if anyone can help me figure it out because I'm so confused i know it's considered sexual assault but it is actually tho?",['\\bconsider(?:ed)?\\s+(?:it\\s+)?(?:sa|sexual\\s+assault)\\b'],"[""\\bi\\s+didn[’']t\\s+know\\b"", ""\\bi\\s+don[’']t\\s+know\\b"", '\\bassault\\b', '\\bconsider(?:ed)?\\s+(?:it\\s+)?(?:sa|sexual\\s+assault)\\b', '\\bsexual(?:ly)?\\s+assault(?:ed|s|ing)?\\b']"
ts3ctk,sexualassault,"I was drunk, he was sober",o-Karma-o,2,7,True,2,1648636136,/r/sexualassault/comments/ts3ctk/i_was_drunk_he_was_sober/,"I want to preface this by saying that this incident happend a few months ago so my memory is not super clear.

I (18f) was watching a movie with my flatmate (20m). I drank about a bottle of wine and another drink. Somewhere along the line we started making out and undressing. We only had hand/oral sexual contact, so no full-on sex. A few weeks later I was drunk again and we made out again. So the only sexual contact I ever had with him was under the influence of alcohol. I was participating in the activities so it isn't like he forced himself on me, but I still feel a bit weird about it. Because I was drunk and he was fully sober, so I can't help but feel taken advantage of.

And I started to get this intense feeling of hate whenever I see him or hear him talk, I couldn't explain it for the longest time, but now I get the feeling that these two may be connected. I see him almost every day and I just get upset when I see him, but for no obvious reason. 

And he is obviously always included in group activities, but whenever he is there, I can't really relax and enjoy the things we do, but I don't know how to explain this to my friends.

My problem is, that I don't know who to talk to about it, because all my friends are also his friends. 

So my questions are: Was this sexual assault? Who can I talk to about it? How do I cope with this, if it was SA?

If you have any follow-up questions just ask.","ts3ctk sexualassault I was drunk, he was sober o-Karma-o /r/sexualassault/comments/ts3ctk/i_was_drunk_he_was_sober/ I want to preface this by saying that this incident happend a few months ago so my memory is not super clear.

I (18f) was watching a movie with my flatmate (20m). I drank about a bottle of wine and another drink. Somewhere along the line we started making out and undressing. We only had hand/oral sexual contact, so no full-on sex. A few weeks later I was drunk again and we made out again. So the only sexual contact I ever had with him was under the influence of alcohol. I was participating in the activities so it isn't like he forced himself on me, but I still feel a bit weird about it. Because I was drunk and he was fully sober, so I can't help but feel taken advantage of.

And I started to get this intense feeling of hate whenever I see him or hear him talk, I couldn't explain it for the longest time, but now I get the feeling that these two may be connected. I see him almost every day and I just get upset when I see him, but for no obvious reason. 

And he is obviously always included in group activities, but whenever he is there, I can't really relax and enjoy the things we do, but I don't know how to explain this to my friends.

My problem is, that I don't know who to talk to about it, because all my friends are also his friends. 

So my questions are: Was this sexual assault? Who can I talk to about it? How do I cope with this, if it was SA?

If you have any follow-up questions just ask.",['\\bwas\\s+this\\s+(?:sa|sexual\\s+assault)\\b'],"[""\\bi\\s+don[’']t\\s+know\\b"", '\\bsa\\b', '\\bwas\\s+this\\s+(?:sa|sexual\\s+assault)\\b', '\\bassault\\b', '\\bsexual(?:ly)?\\s+assault(?:ed|s|ing)?\\b']"
t5ghlo,sexualassault,Was I sexually assaulted?,IndicationBig8183,1,2,False,0,1646273380,/r/sexualassault/comments/t5ghlo/was_i_sexually_assaulted/,"This is my first time ever coming to reddit, but i’m desperate for some advice and it’s not something I want the people close to me knowing. So about a little over a min ago I meet this guy out blowing with a group of friends. He was extremely nice and very charming, I was instantly attracted to his personality. The night goes on and we’re had a little bit to drink at the blowing ally, whole time we’re talking and flirting. We all end up going back to one of our mutual friends place to drink some more. Everything’s going fine and the friends I had came with ended up leaving and I stayed. I felt extremely safe staying there I knew everyone except the guy I had just meet, so I didn’t really think anything of it. I ended up drinking way to much and blacking out. I woke up in my friends bed thinking nothing of it and went home. Fast forward to last week he texted me and invited me to go blowing with his friends, so I went and bought one of my friends. The night went really good and I invited him back to my place to hang out. Everything was going fine we we’re having great conversations and then he said “last time when we slept together” and went on into some details that i definitely did not remember. I was extremely shocked and he had apologized because he didn’t want it to be like that, but i said it was fine… I know that some people say if your blacked out and don’t remember anything that it can be sexual assault, but I was really liking this guy so I though that yeah that’s something i would do. I started asking some questions and he was telling me all the crazy shit my drunk ass did, but then he said the first time (yes we did it multiple times) that i was asleep and he tried putting his finger in my mouth but i but him then woke up after he was already in me.. It definitely through me off and I didn’t really know what to think of it. Worst part is i slept with him again that night and next morning. Even worse i’m kinda of starting to actually like this guy, which tbh isn’t really me. I’m more of a friends with benefits that I don’t care to talk to just the benefits. But with him I smile when i’m texting him and I stress when he lags and shit like that. But i just can’t get this out of the back of my mind… Did he sexually assault me?","t5ghlo sexualassault Was I sexually assaulted? IndicationBig8183 /r/sexualassault/comments/t5ghlo/was_i_sexually_assaulted/ This is my first time ever coming to reddit, but i’m desperate for some advice and it’s not something I want the people close to me knowing. So about a little over a min ago I meet this guy out blowing with a group of friends. He was extremely nice and very charming, I was instantly attracted to his personality. The night goes on and we’re had a little bit to drink at the blowing ally, whole time we’re talking and flirting. We all end up going back to one of our mutual friends place to drink some more. Everything’s going fine and the friends I had came with ended up leaving and I stayed. I felt extremely safe staying there I knew everyone except the guy I had just meet, so I didn’t really think anything of it. I ended up drinking way to much and blacking out. I woke up in my friends bed thinking nothing of it and went home. Fast forward to last week he texted me and invited me to go blowing with his friends, so I went and bought one of my friends. The night went really good and I invited him back to my place to hang out. Everything was going fine we we’re having great conversations and then he said “last time when we slept together” and went on into some details that i definitely did not remember. I was extremely shocked and he had apologized because he didn’t want it to be like that, but i said it was fine… I know that some people say if your blacked out and don’t remember anything that it can be sexual assault, but I was really liking this guy so I though that yeah that’s something i would do. I started asking some questions and he was telling me all the crazy shit my drunk ass did, but then he said the first time (yes we did it multiple times) that i was asleep and he tried putting his finger in my mouth but i but him then woke up after he was already in me.. It definitely through me off and I didn’t really know what to think of it. Worst part is i slept with him again that night and next morning. Even worse i’m kinda of starting to actually like this guy, which tbh isn’t really me. I’m more of a friends with benefits that I don’t care to talk to just the benefits. But with him I smile when i’m texting him and I stress when he lags and shit like that. But i just can’t get this out of the back of my mind… Did he sexually assault me?",['\\bwas\\s+i\\s+sexually\\s+assaulted\\b'],"['\\bwas\\s+i\\s+sexually\\s+assaulted\\b', ""\\bi\\s+didn[’']t\\s+really\\s+know\\b"", '\\bassault\\b', '\\bsexual(?:ly)?\\s+assault(?:ed|s|ing)?\\b']"
t1g37v,sexualassault,Was I assaulted?,hayhaydavila,19,4,True,1,1645827245,/r/sexualassault/comments/t1g37v/was_i_assaulted/,"I’m a receptionist and I was talking with a worker and a client and the client grabbed the bottom of my skirt and lifted it all the way to my thigh. She didn’t go any further but I felt so violated. When I told the worker how it made me feel, they said I was overreacting and them pulling up my skirt was innocent.

To keep in mind, my skirt goes all the way down to my calves. And to go to my thigh, I feel so disgusting. Was this sexual assault even if their intentions weren’t meant to be sexual?","t1g37v sexualassault Was I assaulted? hayhaydavila /r/sexualassault/comments/t1g37v/was_i_assaulted/ I’m a receptionist and I was talking with a worker and a client and the client grabbed the bottom of my skirt and lifted it all the way to my thigh. She didn’t go any further but I felt so violated. When I told the worker how it made me feel, they said I was overreacting and them pulling up my skirt was innocent.

To keep in mind, my skirt goes all the way down to my calves. And to go to my thigh, I feel so disgusting. Was this sexual assault even if their intentions weren’t meant to be sexual?",['\\bwas\\s+this\\s+(?:sa|sexual\\s+assault)\\b'],"['\\bwas\\s+this\\s+(?:sa|sexual\\s+assault)\\b', '\\bassault\\b', '\\bsexual(?:ly)?\\s+assault(?:ed|s|ing)?\\b']"
t08tgn,sexualassault,"My best friend at the time took advantage of me, I think",SheepishStaubsauger,2,9,False,0,1645702242,/r/sexualassault/comments/t08tgn/my_best_friend_at_the_time_took_advantage_of_me_i/,"It all happened around 6 to 7 months ago. I had known him for a year and initially he would say stuff like 'my end goal is to make you fall in love with me' or text me stuff when he was drunk like 'I love you platonically but I could definitely see us romantically. You can't ever mention this to anyone though.' I always excused it as him not being serious or being too drunk. I was very willing to excuse anything because we had both been SA'd before and I had never met anyone else who could empathize with me on that level. 

He kept saying that everything we did was platonic. Like, initially I wouldn't even let him touch me but he kept slowly raising the bar that by the end we'd wrestle (though he'd yell at me that I couldn't call it that). I consented on the basis that I believed it was more like childish brawling than what it was (sometimes I'd literally be sitting on top of him and he'd make it clear that despte it being 'platonic' no one could see us do it). He'd make comments like 'we might as well have had sex at this point since we've been in every position already'. I'd take it as a joke and assumed that since he *said* it was platonic, that it must've been.

Then, 6/7 months ago he texts me at 2 am that he's coming over. Once he's in my room he tells me to 'guess what happened'. He says he's sad because he ran into his ex's new boyfriend and started crying once he told me of the encounter. He's also a bit drunk/tipsy. I held him while he cried and he hugged me with his head against my chest. He calmed down after a while and then started patting his head on my boobs and said 'You really don't have any tits, do you?' I excused it because I thought he was trying to make a joke to deflect from how vulnerable he'd been. 

He tries to call a taxi home but because of how drunk he is/that he cried/he said he passed out in a ditch on the way here, I offer that he can stay at my place. I have a large enough bed and I even said 'I trust you enough' and that I wasn't worried he'd try anything. I completely trusted this man. 

He called twice. No taxis were available so I give him some PJs and he climbs into the bed. 

At first we're just joking around because he has to incrementally get up to vomit. Then he'd come back. After about an hour of this he says that 'he's sobered up now'. Then he started trying to pick my nose, which turned into wrestling and then quickly switched to just hugging, cuddling me. I didn't really mind because it was kinda innocent. Then things just kind of devolved. He kept going on top of me and hovered his face over mine. I kept turning my cheek to him because I was scared that he would kiss me. I couldn't really tell why he was doing what he was doing.

Then we turned off the lights to go to bed and he tries cuddling me again. Eventually I kind of relent because I thought he needed it and a good friend would comfort their bff. Then he started saying stuff like 'we're both just very physically deprived' and 'I love you so so much'. We're both still clothed, but he's laying on top of me (essentially missionary, as his hips are in-between my legs) and pressing my hand into the pillow. His head is on my chest/neck again. Then he said 'Tell me if this makes you uncomfortable' and immediately grabbed my leg and began caressing my inner thigh. He kept repeating that this was all platonic. I didn't know what to do so I just kinda patted his head and excused it by thinking 'he's imagining you're his ex - this is platonic and means nothing'. 

I start making some jokes to kind of distract myself and said something along the line of maybe I should go over and fuck his dad. Something like that. Then he lifted up his head and just looked at me. I asked 'what' and he said 'I thought you just said we should make love'. I grabbed his face with both my hands then and said 'Don't worry, I'm never going to have sex with you' - because in my mind, this is all platonic and I thought maybe he wanted reassurance that I wasn't going to take advantage of him. 

Then he kinda gets off of me and pets/caresses my waist under my shirt. I get him to stop after a while by telling him my skin is getting irritated. Then he lied on his back and I just cuddled with him there because that was better than him being on top of me. I didn't say that though. 

He starts talking about how he loves me platonically and wants to move into a huge mansion with me to confuse everyone since we'd just be friends. This kinda reassures me a bit that what happened before was just his warped way of showing that. Then the sun started to rise (it was now 7am) and I said we really needed to go to bed. But he was like '15 more min of cuddling' and then when the sun became too much to ignore he climbed on top of me again and said 'what you don't see can't hurt you.' 

Eventually, we both go to sleep. I wake up around noon and immediately took a shower. He woke up at 4pm, stayed another hour then left. He ghosted me for a week and then we had a huge fight where when I mentioned that night he said I was 'throwing it back in his face' and that a good friend wouldn't do that.

I mean, I definitively feel like something was off and my roommate, who I told everything, says she would classify this as some form of SA. I don't know though since I said nothing and had the impression it was platonic for a day or two afterwards. 

This all came back up because he tried to add me on snapchat last week. I blocked him.

Anyway, was this sexual assault?","t08tgn sexualassault My best friend at the time took advantage of me, I think SheepishStaubsauger /r/sexualassault/comments/t08tgn/my_best_friend_at_the_time_took_advantage_of_me_i/ It all happened around 6 to 7 months ago. I had known him for a year and initially he would say stuff like 'my end goal is to make you fall in love with me' or text me stuff when he was drunk like 'I love you platonically but I could definitely see us romantically. You can't ever mention this to anyone though.' I always excused it as him not being serious or being too drunk. I was very willing to excuse anything because we had both been SA'd before and I had never met anyone else who could empathize with me on that level. 

He kept saying that everything we did was platonic. Like, initially I wouldn't even let him touch me but he kept slowly raising the bar that by the end we'd wrestle (though he'd yell at me that I couldn't call it that). I consented on the basis that I believed it was more like childish brawling than what it was (sometimes I'd literally be sitting on top of him and he'd make it clear that despte it being 'platonic' no one could see us do it). He'd make comments like 'we might as well have had sex at this point since we've been in every position already'. I'd take it as a joke and assumed that since he *said* it was platonic, that it must've been.

Then, 6/7 months ago he texts me at 2 am that he's coming over. Once he's in my room he tells me to 'guess what happened'. He says he's sad because he ran into his ex's new boyfriend and started crying once he told me of the encounter. He's also a bit drunk/tipsy. I held him while he cried and he hugged me with his head against my chest. He calmed down after a while and then started patting his head on my boobs and said 'You really don't have any tits, do you?' I excused it because I thought he was trying to make a joke to deflect from how vulnerable he'd been. 

He tries to call a taxi home but because of how drunk he is/that he cried/he said he passed out in a ditch on the way here, I offer that he can stay at my place. I have a large enough bed and I even said 'I trust you enough' and that I wasn't worried he'd try anything. I completely trusted this man. 

He called twice. No taxis were available so I give him some PJs and he climbs into the bed. 

At first we're just joking around because he has to incrementally get up to vomit. Then he'd come back. After about an hour of this he says that 'he's sobered up now'. Then he started trying to pick my nose, which turned into wrestling and then quickly switched to just hugging, cuddling me. I didn't really mind because it was kinda innocent. Then things just kind of devolved. He kept going on top of me and hovered his face over mine. I kept turning my cheek to him because I was scared that he would kiss me. I couldn't really tell why he was doing what he was doing.

Then we turned off the lights to go to bed and he tries cuddling me again. Eventually I kind of relent because I thought he needed it and a good friend would comfort their bff. Then he started saying stuff like 'we're both just very physically deprived' and 'I love you so so much'. We're both still clothed, but he's laying on top of me (essentially missionary, as his hips are in-between my legs) and pressing my hand into the pillow. His head is on my chest/neck again. Then he said 'Tell me if this makes you uncomfortable' and immediately grabbed my leg and began caressing my inner thigh. He kept repeating that this was all platonic. I didn't know what to do so I just kinda patted his head and excused it by thinking 'he's imagining you're his ex - this is platonic and means nothing'. 

I start making some jokes to kind of distract myself and said something along the line of maybe I should go over and fuck his dad. Something like that. Then he lifted up his head and just looked at me. I asked 'what' and he said 'I thought you just said we should make love'. I grabbed his face with both my hands then and said 'Don't worry, I'm never going to have sex with you' - because in my mind, this is all platonic and I thought maybe he wanted reassurance that I wasn't going to take advantage of him. 

Then he kinda gets off of me and pets/caresses my waist under my shirt. I get him to stop after a while by telling him my skin is getting irritated. Then he lied on his back and I just cuddled with him there because that was better than him being on top of me. I didn't say that though. 

He starts talking about how he loves me platonically and wants to move into a huge mansion with me to confuse everyone since we'd just be friends. This kinda reassures me a bit that what happened before was just his warped way of showing that. Then the sun started to rise (it was now 7am) and I said we really needed to go to bed. But he was like '15 more min of cuddling' and then when the sun became too much to ignore he climbed on top of me again and said 'what you don't see can't hurt you.' 

Eventually, we both go to sleep. I wake up around noon and immediately took a shower. He woke up at 4pm, stayed another hour then left. He ghosted me for a week and then we had a huge fight where when I mentioned that night he said I was 'throwing it back in his face' and that a good friend wouldn't do that.

I mean, I definitively feel like something was off and my roommate, who I told everything, says she would classify this as some form of SA. I don't know though since I said nothing and had the impression it was platonic for a day or two afterwards. 

This all came back up because he tried to add me on snapchat last week. I blocked him.

Anyway, was this sexual assault?",['\\bwas\\s+this\\s+(?:sa|sexual\\s+assault)\\b'],"['\\bboyfriend\\b', ""\\bi\\s+didn[’']t\\s+know\\b"", ""\\bi\\s+don[’']t\\s+know\\b"", '\\bsa\\b', '\\bwas\\s+this\\s+(?:sa|sexual\\s+assault)\\b', '\\bassault\\b', '\\bfriend\\b', '\\bsexual(?:ly)?\\s+assault(?:ed|s|ing)?\\b']"
s44wt3,sexualassault,was this sa?,sk8eravril,5,4,True,1,1642200439,/r/sexualassault/comments/s44wt3/was_this_sa/,"I was around the age of 8(? (F) when this happened to me. 
My grandmother was very old, 80 something, and started to suffer from alzheimer, so she wasn't completely sane mentally, just like any other old person I guess. Because of her mental state, she used to be in my house and my mom left me with her so she would look after me, so I spent a lot of time with her alone. 
When we were on the couch she used to ask me to show her my genitals and when i did she kissed my genitals while saying things i don't remember but like ""how beautiful"" and gross things like that. i don't remember what i thought in that moment, i remember i just focused on the tv. when i told her that i didn't want, she would beg and offer me candies and i ended up accepting. one time my father saw her and started to tell her that what she was doing wasn't right, i didn't understand it, it seemed normal to me. he also told me to tell her ""no"" if she asked me to do it again.
Then she passed out and a few years later a male cousin of mine told me that she used to offer him money in exchange for showing his genitals to her.

It seems like obvious SA, but since she was so old i always think that she could not have sexual intentions, so it is not SA... i don't know, maybe I'm just denying the obvious...

i always thought that this was the reason why started to think about sex so young (also i was exposed to p*rn as a child) 

English is not my first language, sorry if it's hard to understand.","s44wt3 sexualassault was this sa? sk8eravril /r/sexualassault/comments/s44wt3/was_this_sa/ I was around the age of 8(? (F) when this happened to me. 
My grandmother was very old, 80 something, and started to suffer from alzheimer, so she wasn't completely sane mentally, just like any other old person I guess. Because of her mental state, she used to be in my house and my mom left me with her so she would look after me, so I spent a lot of time with her alone. 
When we were on the couch she used to ask me to show her my genitals and when i did she kissed my genitals while saying things i don't remember but like ""how beautiful"" and gross things like that. i don't remember what i thought in that moment, i remember i just focused on the tv. when i told her that i didn't want, she would beg and offer me candies and i ended up accepting. one time my father saw her and started to tell her that what she was doing wasn't right, i didn't understand it, it seemed normal to me. he also told me to tell her ""no"" if she asked me to do it again.
Then she passed out and a few years later a male cousin of mine told me that she used to offer him money in exchange for showing his genitals to her.

It seems like obvious SA, but since she was so old i always think that she could not have sexual intentions, so it is not SA... i don't know, maybe I'm just denying the obvious...

i always thought that this was the reason why started to think about sex so young (also i was exposed to p*rn as a child) 

English is not my first language, sorry if it's hard to understand.",['\\bwas\\s+this\\s+(?:sa|sexual\\s+assault)\\b'],"['\\bsa\\b', ""\\bi\\s+didn[’']t\\s+understand\\b"", ""\\bi\\s+don[’']t\\s+know\\b"", '\\bwas\\s+this\\s+(?:sa|sexual\\s+assault)\\b']"
s3jb1t,sexualassault,Was I sexually assaulted?,Egg_The_Dance_Floor,6,4,True,1,1642134629,/r/sexualassault/comments/s3jb1t/was_i_sexually_assaulted/,"[deleted because my ex might find my alt account]

Was this sexual abuse? Or am I being too sensitive? Or is it somewhere in between?","s3jb1t sexualassault Was I sexually assaulted? Egg_The_Dance_Floor /r/sexualassault/comments/s3jb1t/was_i_sexually_assaulted/ [deleted because my ex might find my alt account]

Was this sexual abuse? Or am I being too sensitive? Or is it somewhere in between?",['\\bwas\\s+i\\s+sexually\\s+assaulted\\b'],"['\\bsexual(?:ly)?\\s+abus(?:e|ed|es|ing)\\b', '\\bwas\\s+i\\s+sexually\\s+assaulted\\b', '\\bsexual(?:ly)?\\s+assault(?:ed|s|ing)?\\b']"
rsy9z7,sexualassault,Does this count as sexual assault or anything else (idk how to title this.),Corpseski00,2,3,False,0,1640970147,/r/sexualassault/comments/rsy9z7/does_this_count_as_sexual_assault_or_anything/,"Hey everyone thanks for taking the time to read this,

For the past few years this has been plaguing my mind. This starts in 2010 when I was just 10 years old some back story for this is that I have two female cousins who are older then me, the older of the two was 15 at the time this started and the younger was 13, I use to be real close with the younger (we were like siblings)  of the two let's call her Kate. So when I was 10 Kate use to always use to walk around in her underwear when we were alone she did this for around 3 months before escalating her behaviour eg. grinding her body against my crotch area and feeling of I was hard or not, I have a few blank spots in my memory but a few months later she would make me get undressed and the she would do that to me while she was undressed. 2012 comes around and I'm older and have hit puberty, I was still spending alot of time at Kate's parents house  like 80% of the school week and most weekends. And she escalated it alot, she basically started to force me to give her oral sex then she would do the same to me and force me to ejaculate, she would tell me it's normal and that I liked what she was doing and forcing me to do because I was ejaculating. After my 12th birthday she would get on top of me and force me to have i sex with her every time I was at her parents house. Around 2013 she started messing with hardcore drugs ie Meth. I didn't see her for years until 2015 for a family members funeral. She was pregnant back then and last I had heard was she moved to the other side of the country I live in. We did get back in touch because she's like a sister to me but I stopped talking to her after she defended what she did by saying ""oh but you ejaculated did you so that was fine."" She also started answering my video calls nude. So I cut contact with her asap that was back in 2017. Was what she did abuse?? This has been eating at my soul for years Its the reason why I can't drop my guard with people and why I have never had any partners or friends my whole teen / early adult years. Sorry if this is long also, Happy new year. 



I don't want to hold this in forever &amp; if this is wrong what should I do ?? Seek a therapist?? Anything??","rsy9z7 sexualassault Does this count as sexual assault or anything else (idk how to title this.) Corpseski00 /r/sexualassault/comments/rsy9z7/does_this_count_as_sexual_assault_or_anything/ Hey everyone thanks for taking the time to read this,

For the past few years this has been plaguing my mind. This starts in 2010 when I was just 10 years old some back story for this is that I have two female cousins who are older then me, the older of the two was 15 at the time this started and the younger was 13, I use to be real close with the younger (we were like siblings)  of the two let's call her Kate. So when I was 10 Kate use to always use to walk around in her underwear when we were alone she did this for around 3 months before escalating her behaviour eg. grinding her body against my crotch area and feeling of I was hard or not, I have a few blank spots in my memory but a few months later she would make me get undressed and the she would do that to me while she was undressed. 2012 comes around and I'm older and have hit puberty, I was still spending alot of time at Kate's parents house  like 80% of the school week and most weekends. And she escalated it alot, she basically started to force me to give her oral sex then she would do the same to me and force me to ejaculate, she would tell me it's normal and that I liked what she was doing and forcing me to do because I was ejaculating. After my 12th birthday she would get on top of me and force me to have i sex with her every time I was at her parents house. Around 2013 she started messing with hardcore drugs ie Meth. I didn't see her for years until 2015 for a family members funeral. She was pregnant back then and last I had heard was she moved to the other side of the country I live in. We did get back in touch because she's like a sister to me but I stopped talking to her after she defended what she did by saying ""oh but you ejaculated did you so that was fine."" She also started answering my video calls nude. So I cut contact with her asap that was back in 2017. Was what she did abuse?? This has been eating at my soul for years Its the reason why I can't drop my guard with people and why I have never had any partners or friends my whole teen / early adult years. Sorry if this is long also, Happy new year. 



I don't want to hold this in forever &amp; if this is wrong what should I do ?? Seek a therapist?? Anything??",['\\bdoes\\s+this\\s+count\\s+as\\s+(?:sa|sexual\\s+assault)\\b'],"['\\bidk+k*\\b', '\\bdoes\\s+this\\s+count\\s+as\\s+(?:sa|sexual\\s+assault)\\b', '\\bassault\\b', '\\bsexual(?:ly)?\\s+assault(?:ed|s|ing)?\\b']"
rm58vi,sexualassault,Need help making sense of a situation that happened between me and husband.,throwaway192993o,5,3,True,1,1640179676,/r/sexualassault/comments/rm58vi/need_help_making_sense_of_a_situation_that/,"I guess I just need help really. This happened last night before bed and I just need help making sense of it. 

 It's kind of long.
 The other day my partner and I were cuddling and they wanted to kiss/touch on my breast, I said I wasn't sure and they tried any way. I ended up saying I didn't like the sensation and we stopped. Later in the evening I say I'm not feeling sexual so I'm down for cuddling but that's all I want. Once it's time for cuddling they end up rubbing my leg because I get leg cramps. From my perspective they initiate sexual touches and I refuse both times. Later when confronted they said that they only heard me say I wasn't sure and one no. I explain how I felt violated and that my wants were being ignored. They apologize and we had serious talks and it seems to be going well. 
Fast forward to today where I let it be know that I Iove and care for them but I'm not feeling sex right now. We've always had a great sex life but right now I feel that other intimacies are missing. I then tell them I really want to focus on nonsexual intimacies right now, they seemed disappointed but say they understand. We agree to cuddle and keep it PG. We kiss some and I try to leave it at that. They then start kissing on my neck in ways that feel very sexual. Nibbling, sucking, even moving toward my chest to bite some.
At this point I just feel panicked so I don't do anything. I mention I can't breath and they reposition us to where they are lying over me directing everything. I can feel they are hard and there is some connection as they are on top. The kisses get more intimate and their hands move to my neck holding me and manuviouring me. 

At this point I think I've checked out. I feel outside my body like I'm somewhere else looking in. I just feel scared and trapped. Im mad I didn't say no, but I also felt like I had said numerous times I wasn't feeling sexual and it seemed like it was getting ignored so would this time matter?  I got scared and panicked. 
It continues for a bit more and finally he moves off, goes to the bathroom for a while, and it's over. 
I got so trapped and so overwhelmed I couldn't stop stimming. 
Later when we get into bed they grab my breast one last time and ask to make out but I say I'm tired, our kid sleeps with us sometimes so luckily it could not go further. 

I guess I just need help. I feel bad and violated and scared but also detached. 
I don't know if my history with sexual assault is making this a trigger? If this was just them trying for nonsexual intimacy? 
Or am I just in a bad headspace and seeing this unclearly? 
I just feel numb but also mad at myself. 

I just want to leave and take some time because I feel so wrong but it's right before the holidays and I don't know if what I'm feeling is appropriate. 

Any advice or insight would be much appreciated!","rm58vi sexualassault Need help making sense of a situation that happened between me and husband. throwaway192993o /r/sexualassault/comments/rm58vi/need_help_making_sense_of_a_situation_that/ I guess I just need help really. This happened last night before bed and I just need help making sense of it. 

 It's kind of long.
 The other day my partner and I were cuddling and they wanted to kiss/touch on my breast, I said I wasn't sure and they tried any way. I ended up saying I didn't like the sensation and we stopped. Later in the evening I say I'm not feeling sexual so I'm down for cuddling but that's all I want. Once it's time for cuddling they end up rubbing my leg because I get leg cramps. From my perspective they initiate sexual touches and I refuse both times. Later when confronted they said that they only heard me say I wasn't sure and one no. I explain how I felt violated and that my wants were being ignored. They apologize and we had serious talks and it seems to be going well. 
Fast forward to today where I let it be know that I Iove and care for them but I'm not feeling sex right now. We've always had a great sex life but right now I feel that other intimacies are missing. I then tell them I really want to focus on nonsexual intimacies right now, they seemed disappointed but say they understand. We agree to cuddle and keep it PG. We kiss some and I try to leave it at that. They then start kissing on my neck in ways that feel very sexual. Nibbling, sucking, even moving toward my chest to bite some.
At this point I just feel panicked so I don't do anything. I mention I can't breath and they reposition us to where they are lying over me directing everything. I can feel they are hard and there is some connection as they are on top. The kisses get more intimate and their hands move to my neck holding me and manuviouring me. 

At this point I think I've checked out. I feel outside my body like I'm somewhere else looking in. I just feel scared and trapped. Im mad I didn't say no, but I also felt like I had said numerous times I wasn't feeling sexual and it seemed like it was getting ignored so would this time matter?  I got scared and panicked. 
It continues for a bit more and finally he moves off, goes to the bathroom for a while, and it's over. 
I got so trapped and so overwhelmed I couldn't stop stimming. 
Later when we get into bed they grab my breast one last time and ask to make out but I say I'm tired, our kid sleeps with us sometimes so luckily it could not go further. 

I guess I just need help. I feel bad and violated and scared but also detached. 
I don't know if my history with sexual assault is making this a trigger? If this was just them trying for nonsexual intimacy? 
Or am I just in a bad headspace and seeing this unclearly? 
I just feel numb but also mad at myself. 

I just want to leave and take some time because I feel so wrong but it's right before the holidays and I don't know if what I'm feeling is appropriate. 

Any advice or insight would be much appreciated!","[""\\bi\\s+didn[’']t\\s+say\\s+no\\b""]","['\\bpartner\\b', ""\\bi\\s+didn[’']t\\s+say\\s+no\\b"", ""\\bi\\s+don[’']t\\s+know\\b"", '\\bassault\\b', '\\bhusband\\b', ""\\bi\\s+wasn[’']t\\s+sure\\b"", '\\bsexual(?:ly)?\\s+assault(?:ed|s|ing)?\\b']"
qqzuto,sexualassault,SA or just bullying?,laminated-papertowel,3,2,False,0,1636566341,/r/sexualassault/comments/qqzuto/sa_or_just_bullying/,So today in lunch someone put something down the back of my pants. it was very triggering and left me feeling extremely violated and disgusting. I'm wondering if that could be considered sexual assault or if they were just being mean.,qqzuto sexualassault SA or just bullying? laminated-papertowel /r/sexualassault/comments/qqzuto/sa_or_just_bullying/ So today in lunch someone put something down the back of my pants. it was very triggering and left me feeling extremely violated and disgusting. I'm wondering if that could be considered sexual assault or if they were just being mean.,['\\bconsider(?:ed)?\\s+(?:it\\s+)?(?:sa|sexual\\s+assault)\\b'],"['\\bsa\\b', '\\bassault\\b', '\\bsexual(?:ly)?\\s+assault(?:ed|s|ing)?\\b', '\\bconsider(?:ed)?\\s+(?:it\\s+)?(?:sa|sexual\\s+assault)\\b']"
qcc4g5,sexualassault,Was I sexually assaulted?,lupop2,9,3,False,0,1634767166,/r/sexualassault/comments/qcc4g5/was_i_sexually_assaulted/,"In high school, around the age of 13 (9 years ago) , I was walking down the corridor when one of my classmates grabbed the back of my skirt and put his hand up my underwear. He touched his bare fingers to my vagina. This then happened again a few days later by a different boy who also pulled my tights and underwear all the way down in the middle of the corridor during lessons (nobody else was there, we both were sent to collect new textbooks at reception) 

When I told a teacher, they really played the incident down. Told me it wasn't assault but 'innocent childhood groping'. And that I shouldnt take this incident any further because it was so silly. I was really confused and I still am. Since then, I've felt violated because he touched a very personal space. He didnt touch me over the underwear, it was under. I hated it.

I've told close family members about it but they say the same as the teachers. I just want to know if I'm being crazy and if it really was nothing. I can't stop thinking about it. I know worse things happen to people everyday, but I still feel so violated.

Was I sexually assaulted?","qcc4g5 sexualassault Was I sexually assaulted? lupop2 /r/sexualassault/comments/qcc4g5/was_i_sexually_assaulted/ In high school, around the age of 13 (9 years ago) , I was walking down the corridor when one of my classmates grabbed the back of my skirt and put his hand up my underwear. He touched his bare fingers to my vagina. This then happened again a few days later by a different boy who also pulled my tights and underwear all the way down in the middle of the corridor during lessons (nobody else was there, we both were sent to collect new textbooks at reception) 

When I told a teacher, they really played the incident down. Told me it wasn't assault but 'innocent childhood groping'. And that I shouldnt take this incident any further because it was so silly. I was really confused and I still am. Since then, I've felt violated because he touched a very personal space. He didnt touch me over the underwear, it was under. I hated it.

I've told close family members about it but they say the same as the teachers. I just want to know if I'm being crazy and if it really was nothing. I can't stop thinking about it. I know worse things happen to people everyday, but I still feel so violated.

Was I sexually assaulted?",['\\bwas\\s+i\\s+sexually\\s+assaulted\\b'],"['\\bwas\\s+i\\s+sexually\\s+assaulted\\b', '\\bassault\\b', '\\bsexual(?:ly)?\\s+assault(?:ed|s|ing)?\\b']"
qbsqox,sexualassault,"Coerced by ex, would this be considered SA?",tangyboob,2,2,False,0,1634703565,/r/sexualassault/comments/qbsqox/coerced_by_ex_would_this_be_considered_sa/,"This just happened tonight and my friends insist this was sexual assault.. rape even.. I don’t know how I feel about that. I feel gross about it but I don’t know about rape. 

I (21f) had been with him (21m) 7 years and I had just broken up with him 2 weeks ago. Very complicated and messy but he treated me very badly for the past few years and I never stood up for myself. We tried no contact for that time but he consistently crossed that boundary and reached out to me. At this point, I kind of had an idea of where I thought my head was at so I thought I might as well just have a conversation with him about it. We talked on the phone for a few hours the night before about where my head was at and wanted to continue the conversation in person. So he asked me if he could come over today and I said that’s fine. I basically just confirmed that I’m not in the right headspace to try again with him anytime soon and that I need time on my own. 

He was over for a long time. We spent hours just hugging and crying, talking about how weird it will be being apart. He wanted to snuggle and feel comforted so I snuggled with him then he kept trying to kiss me and I wasn’t letting it happen at first but then I gave in because he kept trying. It wasn’t like making out, it was pecks every now and then between talking. He kept trying to snuggle in a more sexual way. Like with my leg over him kind of near his dick. I would pull away and he’d be like “come closer, pleaseeee.” This happened multiple times. And I’d just end up doing it so he’d stop asking. 

Throughout he kept complimenting me and telling me how beautiful I am and how sexy I am, etc. The kinds of sweet things he knew I would have wanted to hear throughout our relationship. And he started rubbing all over me and grabbing at my boobs. Like i don’t even know how it happened honestly. I’m kind of drawing a blank even as I’m recalling it now. I kept saying no when he would try to go lower. He pulled my bra down and started kissing all over. I remember saying stop but I didn’t push him off or anything. Then he was kind of grabbing and rubbing near my vagina and I was like “no we can’t have sex. Stop it.” And he was like “that doesn’t mean we can’t do oral”.  And I still said we shouldn’t and I didn’t want to. Then he kept doing things until it started feeling good and I gave in and let him go down on me. 

Then after that, he took his pants off just expecting me to return the favor and I was kind of put off by that and didn’t really want to do it but I felt like I had to for some reason so I did for a little bit and then I stopped. I’m on my period so that was my excuse for why we couldn’t actually have sex and he kept begging me to take my cup out so we could. When he was begging he made a comment about how he has some tricks up his sleeve and I was like “huh what do you mean?”. And then he said he has lube in his pocket. And I was like “you brought lube?” And right when I reacted, he acted like he realized how fucked up that was that he would do that. So I told him I was bummed out by that and implied that I wanted to stop. Basically with my body language, I just kind of shut down. And he kept apologizing then eventually asked if I could help him finish and I did. I just feel so stupid for even letting him kiss me. I feel very gross for the whole thing. After he finished, he kept saying he felt so ashamed. 

My friends came over and wanted to know why he was over here and what happened and I ended up telling them what had happened. They were very upset by it, especially the fact that he brought lube to a conversation about breaking up as if he knew I would cave. A big part of the reason we broke up was because I’m not good at holding boundaries and I would just let him treat me badly and walk all over me. After talking to my friends about this, I’m even more confused about it. Especially the love bombing and the way it happened right after I had been crying for hours. I was completely drained. But part of me is confused because when I gave in, it was because it started to feel good and I started to want it… so does that change things?","qbsqox sexualassault Coerced by ex, would this be considered SA? tangyboob /r/sexualassault/comments/qbsqox/coerced_by_ex_would_this_be_considered_sa/ This just happened tonight and my friends insist this was sexual assault.. rape even.. I don’t know how I feel about that. I feel gross about it but I don’t know about rape. 

I (21f) had been with him (21m) 7 years and I had just broken up with him 2 weeks ago. Very complicated and messy but he treated me very badly for the past few years and I never stood up for myself. We tried no contact for that time but he consistently crossed that boundary and reached out to me. At this point, I kind of had an idea of where I thought my head was at so I thought I might as well just have a conversation with him about it. We talked on the phone for a few hours the night before about where my head was at and wanted to continue the conversation in person. So he asked me if he could come over today and I said that’s fine. I basically just confirmed that I’m not in the right headspace to try again with him anytime soon and that I need time on my own. 

He was over for a long time. We spent hours just hugging and crying, talking about how weird it will be being apart. He wanted to snuggle and feel comforted so I snuggled with him then he kept trying to kiss me and I wasn’t letting it happen at first but then I gave in because he kept trying. It wasn’t like making out, it was pecks every now and then between talking. He kept trying to snuggle in a more sexual way. Like with my leg over him kind of near his dick. I would pull away and he’d be like “come closer, pleaseeee.” This happened multiple times. And I’d just end up doing it so he’d stop asking. 

Throughout he kept complimenting me and telling me how beautiful I am and how sexy I am, etc. The kinds of sweet things he knew I would have wanted to hear throughout our relationship. And he started rubbing all over me and grabbing at my boobs. Like i don’t even know how it happened honestly. I’m kind of drawing a blank even as I’m recalling it now. I kept saying no when he would try to go lower. He pulled my bra down and started kissing all over. I remember saying stop but I didn’t push him off or anything. Then he was kind of grabbing and rubbing near my vagina and I was like “no we can’t have sex. Stop it.” And he was like “that doesn’t mean we can’t do oral”.  And I still said we shouldn’t and I didn’t want to. Then he kept doing things until it started feeling good and I gave in and let him go down on me. 

Then after that, he took his pants off just expecting me to return the favor and I was kind of put off by that and didn’t really want to do it but I felt like I had to for some reason so I did for a little bit and then I stopped. I’m on my period so that was my excuse for why we couldn’t actually have sex and he kept begging me to take my cup out so we could. When he was begging he made a comment about how he has some tricks up his sleeve and I was like “huh what do you mean?”. And then he said he has lube in his pocket. And I was like “you brought lube?” And right when I reacted, he acted like he realized how fucked up that was that he would do that. So I told him I was bummed out by that and implied that I wanted to stop. Basically with my body language, I just kind of shut down. And he kept apologizing then eventually asked if I could help him finish and I did. I just feel so stupid for even letting him kiss me. I feel very gross for the whole thing. After he finished, he kept saying he felt so ashamed. 

My friends came over and wanted to know why he was over here and what happened and I ended up telling them what had happened. They were very upset by it, especially the fact that he brought lube to a conversation about breaking up as if he knew I would cave. A big part of the reason we broke up was because I’m not good at holding boundaries and I would just let him treat me badly and walk all over me. After talking to my friends about this, I’m even more confused about it. Especially the love bombing and the way it happened right after I had been crying for hours. I was completely drained. But part of me is confused because when I gave in, it was because it started to feel good and I started to want it… so does that change things?",['\\bconsider(?:ed)?\\s+(?:it\\s+)?(?:sa|sexual\\s+assault)\\b'],"[""\\bi\\s+don[’']t\\s+even\\s+know\\b"", ""\\bi\\s+don[’']t\\s+know\\b"", '\\bsa\\b', '\\bassault\\b', '\\brape\\b', '\\bconsider(?:ed)?\\s+(?:it\\s+)?(?:sa|sexual\\s+assault)\\b', '\\bsexual(?:ly)?\\s+assault(?:ed|s|ing)?\\b']"
pyvoj8,sexualassault,Been thinking about reporting+ other stuff I want to make sense of by writing them down,gayass__throwaway,8,3,True,1,1633044982,/r/sexualassault/comments/pyvoj8/been_thinking_about_reporting_other_stuff_i_want/,"I'm a 16 yo guy. I was sexually assaulted five months ago, at 15, by a 16 yo guy who was my friend at my best friends birthday party.
Even just thinking that sentence is hard so much of the time. 
One minute I can see the situation from an outer perspective. I was sexually assulted. I didn't consent, I didn't want it, I wasn't even sending mixed signals (not that that would've made it okay), there is no way he wasn't aware of what he was doing. He didn't say a word, he didn't look at me, he didn't care.

The next minute he's in my head laughing at me and telling me I'm too sensitive and not a real man if I couldn't just take something so many gay (or bi in my case) guys want so bad, that I wanted it and only want attention by claiming I didn't, that I should just get over it instead of causing a scene over nothing. 
That what he did isn't bad enough to ruin his life over and that I'm a horrible person for even considering reporting. ""He's 16, he just made a mistake that happened to traumatize me""


I want to be over it so bad, I want to forget. But recently I've been seriously considering reporting him. My dad knows now and I'm in a bit of a better place, I want some sort of closure. I can't stand pretending it never happened anymore. I can't just move on knowing he probably already has and will do the same and worse to others.

I can't stand thinking about him living his life with no consequences for ruining mine. The only person at that party that believed me was my best friend who's party it had happened at, the rest believe his version (that ""I wanted it, just like the first time""(which was also a less severe form of sexual assualt he also told people about and twisted what happened into a version that's nicer for his dickhead friends to believe).

He has the same friends (and my best friend lost a lot of hers), he's convinced himself he did nothing wrong, nothing's changed for him. He gets to laugh and be happy meanwhile I'll never be able to do anything sexual without getting flashbacks, I stop functioning when people grab my hand out of nowhere. I hope he feels guilt. If not now, even in 50 years will do.

I know a police report probably won't have much of an outcome (he did tell a bunch of people his version because he was scared I'd tell mine before he could ingrain in their minds that I lied about it, which is proof that something did happen, even if there's no proof it happened the way it did).
I just want it written down somewhere legally. I want a way to prove to myself it wasn't okay. I always forget what he did is considered illegal because I convince myself it wasn't bad enough to be. If what happened to me is taken seriously by authorities, it proves I'm not just overreacting.
I honestly don't know enough about the legalities in my country for reporting SA, I think I want to look into that.

I want his parents to be informed of it by police. Even if it's just stated that I've filed a report, I won't get my hopes up about anything more than that. I just want his parents to know, I want them not to be able to look at him the same way.
that would be enough.","pyvoj8 sexualassault Been thinking about reporting+ other stuff I want to make sense of by writing them down gayass__throwaway /r/sexualassault/comments/pyvoj8/been_thinking_about_reporting_other_stuff_i_want/ I'm a 16 yo guy. I was sexually assaulted five months ago, at 15, by a 16 yo guy who was my friend at my best friends birthday party.
Even just thinking that sentence is hard so much of the time. 
One minute I can see the situation from an outer perspective. I was sexually assulted. I didn't consent, I didn't want it, I wasn't even sending mixed signals (not that that would've made it okay), there is no way he wasn't aware of what he was doing. He didn't say a word, he didn't look at me, he didn't care.

The next minute he's in my head laughing at me and telling me I'm too sensitive and not a real man if I couldn't just take something so many gay (or bi in my case) guys want so bad, that I wanted it and only want attention by claiming I didn't, that I should just get over it instead of causing a scene over nothing. 
That what he did isn't bad enough to ruin his life over and that I'm a horrible person for even considering reporting. ""He's 16, he just made a mistake that happened to traumatize me""


I want to be over it so bad, I want to forget. But recently I've been seriously considering reporting him. My dad knows now and I'm in a bit of a better place, I want some sort of closure. I can't stand pretending it never happened anymore. I can't just move on knowing he probably already has and will do the same and worse to others.

I can't stand thinking about him living his life with no consequences for ruining mine. The only person at that party that believed me was my best friend who's party it had happened at, the rest believe his version (that ""I wanted it, just like the first time""(which was also a less severe form of sexual assualt he also told people about and twisted what happened into a version that's nicer for his dickhead friends to believe).

He has the same friends (and my best friend lost a lot of hers), he's convinced himself he did nothing wrong, nothing's changed for him. He gets to laugh and be happy meanwhile I'll never be able to do anything sexual without getting flashbacks, I stop functioning when people grab my hand out of nowhere. I hope he feels guilt. If not now, even in 50 years will do.

I know a police report probably won't have much of an outcome (he did tell a bunch of people his version because he was scared I'd tell mine before he could ingrain in their minds that I lied about it, which is proof that something did happen, even if there's no proof it happened the way it did).
I just want it written down somewhere legally. I want a way to prove to myself it wasn't okay. I always forget what he did is considered illegal because I convince myself it wasn't bad enough to be. If what happened to me is taken seriously by authorities, it proves I'm not just overreacting.
I honestly don't know enough about the legalities in my country for reporting SA, I think I want to look into that.

I want his parents to be informed of it by police. Even if it's just stated that I've filed a report, I won't get my hopes up about anything more than that. I just want his parents to know, I want them not to be able to look at him the same way.
that would be enough.","[""\\bi\\s+didn[’']t\\s+consent\\b""]","[""\\bi\\s+(?:genuinely|just|honestly|really|truly|still)\\s+don[’']t\\s+know\\b"", ""\\bi\\s+didn[’']t\\s+consent\\b"", '\\bsa\\b', '\\bfriend\\b', '\\bsexual(?:ly)?\\s+assault(?:ed|s|ing)?\\b']"
pkry72,sexualassault,Does this qualify? Am I in the wrong?,MJ_baddie,3,2,False,0,1631167315,/r/sexualassault/comments/pkry72/does_this_qualify_am_i_in_the_wrong/,"Hello, so I made an alt account because I’m terrified of him seeing this as I told him I wouldn’t take action. 

Recently I broke up with my boyfriend of 9 months. After the breakup, which was for my mental health, a bunch of bad things that happened in our relationship came flooding back. 

The night in particular was February 21st. I wasn’t comfortable with sexual stuff to begin with. So I often was pressured into things and did things when I wasn’t into it. 

However, this night, I asked him to stop. He continued to touch me and bug me until I said yes and we continued.

Afterwards, I told him I had said to stop and he felt so guilty. I loved him so I told him that it wasn’t assault or rape and that I wouldn’t report him or get him in trouble. 


Now, thinking back on it and reliving it nearly every day, I realize how traumatic it was for me and I believe it to be assault. I have talked with a therapist about it and a sexual assault hotline and they both seemed to verify my thoughts. My friends who know also seem to support me on my beliefs. 

He has already gotten together with another girl and decided to tell me as much, despite it being under a month after the breakup. 

With the help of my friends, I responded with an explanation of how much he had hurt me and how traumatic it was for me. 

He, however, says it wasn’t assault and simply miscommunication and pressure. That I’m not thinking of it correctly. He told me that he hopes one day I will see it as simply pressure and miscommunication, and not the “alleged assault”. 

I’m very broken at this point, but now he has me questioning if it was assault or not. If I’m just so upset that I’m overreacting. 

Am I? 

I believe it is. 

Please, any advice or support would really be helpful. 

Thank you","pkry72 sexualassault Does this qualify? Am I in the wrong? MJ_baddie /r/sexualassault/comments/pkry72/does_this_qualify_am_i_in_the_wrong/ Hello, so I made an alt account because I’m terrified of him seeing this as I told him I wouldn’t take action. 

Recently I broke up with my boyfriend of 9 months. After the breakup, which was for my mental health, a bunch of bad things that happened in our relationship came flooding back. 

The night in particular was February 21st. I wasn’t comfortable with sexual stuff to begin with. So I often was pressured into things and did things when I wasn’t into it. 

However, this night, I asked him to stop. He continued to touch me and bug me until I said yes and we continued.

Afterwards, I told him I had said to stop and he felt so guilty. I loved him so I told him that it wasn’t assault or rape and that I wouldn’t report him or get him in trouble. 


Now, thinking back on it and reliving it nearly every day, I realize how traumatic it was for me and I believe it to be assault. I have talked with a therapist about it and a sexual assault hotline and they both seemed to verify my thoughts. My friends who know also seem to support me on my beliefs. 

He has already gotten together with another girl and decided to tell me as much, despite it being under a month after the breakup. 

With the help of my friends, I responded with an explanation of how much he had hurt me and how traumatic it was for me. 

He, however, says it wasn’t assault and simply miscommunication and pressure. That I’m not thinking of it correctly. He told me that he hopes one day I will see it as simply pressure and miscommunication, and not the “alleged assault”. 

I’m very broken at this point, but now he has me questioning if it was assault or not. If I’m just so upset that I’m overreacting. 

Am I? 

I believe it is. 

Please, any advice or support would really be helpful. 

Thank you",['\\bif\\s+it\\s+was\\s+assault\\b'],"['\\bif\\s+it\\s+was\\s+assault\\b', '\\bboyfriend\\b', '\\bassault\\b', '\\brape\\b', '\\bsexual(?:ly)?\\s+assault(?:ed|s|ing)?\\b']"
pheszz,sexualassault,Both young -- Only a kiss.,teenagechild213123,0,3,False,0,1630706319,/r/sexualassault/comments/pheszz/both_young_only_a_kiss/,"When I was 6 (F), a boy around my same age who was my friend asked me to kiss him. I said no. Everyday he would come up to me and ask for a kiss. Everytime I would say no, I'm lesbian (i didnt know then) so I had no interest/crush on this boy. Until one day I just gave up and said yes.

It obviously wasn't a good kiss, he just kind of ate my lips while I stood there. It felt horrible but it only lasted a second. There was also another time where he said that I had to show him my vagina. I did.

My question is, is this sexual assualt? I know if you pressure someone to say yes, it isn't consent but it was only a kiss and we were only 6-7. I'm still scared of this boy as I see him in the halls (he moved to my upper school) and he probably doesn't even remember doing it.  


Is this sexual assault?","pheszz sexualassault Both young -- Only a kiss. teenagechild213123 /r/sexualassault/comments/pheszz/both_young_only_a_kiss/ When I was 6 (F), a boy around my same age who was my friend asked me to kiss him. I said no. Everyday he would come up to me and ask for a kiss. Everytime I would say no, I'm lesbian (i didnt know then) so I had no interest/crush on this boy. Until one day I just gave up and said yes.

It obviously wasn't a good kiss, he just kind of ate my lips while I stood there. It felt horrible but it only lasted a second. There was also another time where he said that I had to show him my vagina. I did.

My question is, is this sexual assualt? I know if you pressure someone to say yes, it isn't consent but it was only a kiss and we were only 6-7. I'm still scared of this boy as I see him in the halls (he moved to my upper school) and he probably doesn't even remember doing it.  


Is this sexual assault?",['\\bis\\s+this\\s+(?:sa|sexual\\s+assault)\\b'],"['\\bis\\s+this\\s+(?:sa|sexual\\s+assault)\\b', '\\bfriend\\b', '\\bassault\\b', '\\bsexual(?:ly)?\\s+assault(?:ed|s|ing)?\\b']"
oc215p,sexualassault,I don't know if this was assault or not,throwaway459703,7,4,True,1,1625197251,/r/sexualassault/comments/oc215p/i_dont_know_if_this_was_assault_or_not/,"I'm 16f. So my mom was suuuper drunk once night and she called me into her room, and basically she sort of...held me down in her bed and she was forcing me to cuddle with her? I kept trying to push her off and get up but she just kept pulling me back down...and she was like grabbing my chest and like running her hands over my thighs, it just felt so fucking gross. I don't know if it was assault because she probably wasn't trying to, and she's also...my mom? I don't know. It made me never wanna be touched by anyone ever again.","oc215p sexualassault I don't know if this was assault or not throwaway459703 /r/sexualassault/comments/oc215p/i_dont_know_if_this_was_assault_or_not/ I'm 16f. So my mom was suuuper drunk once night and she called me into her room, and basically she sort of...held me down in her bed and she was forcing me to cuddle with her? I kept trying to push her off and get up but she just kept pulling me back down...and she was like grabbing my chest and like running her hands over my thighs, it just felt so fucking gross. I don't know if it was assault because she probably wasn't trying to, and she's also...my mom? I don't know. It made me never wanna be touched by anyone ever again.",['\\bif\\s+it\\s+was\\s+assault\\b'],"['\\bif\\s+it\\s+was\\s+assault\\b', '\\bassault\\b', ""\\bi\\s+don[’']t\\s+know\\b""]"
oc215p,sexualassault,I don't know if this was assault or not,throwaway459703,7,4,True,1,1625197251,/r/sexualassault/comments/oc215p/i_dont_know_if_this_was_assault_or_not/,"I'm 16f. So my mom was suuuper drunk once night and she called me into her room, and basically she sort of...held me down in her bed and she was forcing me to cuddle with her? I kept trying to push her off and get up but she just kept pulling me back down...and she was like grabbing my chest and like running her hands over my thighs, it just felt so fucking gross. I don't know if it was assault because she probably wasn't trying to, and she's also...my mom? I don't know. It made me never wanna be touched by anyone ever again.","oc215p sexualassault I don't know if this was assault or not throwaway459703 /r/sexualassault/comments/oc215p/i_dont_know_if_this_was_assault_or_not/ I'm 16f. So my mom was suuuper drunk once night and she called me into her room, and basically she sort of...held me down in her bed and she was forcing me to cuddle with her? I kept trying to push her off and get up but she just kept pulling me back down...and she was like grabbing my chest and like running her hands over my thighs, it just felt so fucking gross. I don't know if it was assault because she probably wasn't trying to, and she's also...my mom? I don't know. It made me never wanna be touched by anyone ever again.",['\\bif\\s+it\\s+was\\s+assault\\b'],"['\\bif\\s+it\\s+was\\s+assault\\b', '\\bassault\\b', ""\\bi\\s+don[’']t\\s+know\\b""]"
nlz3ii,sexualassault,Is this SA or rape ?,stayingannonyomus,7,2,False,0,1622088131,/r/sexualassault/comments/nlz3ii/is_this_sa_or_rape/,"One day i invited this boy that i had been seeing for the last two months to my house. We weren't anything official. We were having sex and i sat on top of him and he put his dick in my ass without asking, i said wrong hole to his face and he didn't stop ,i said stop, then his name, then stop again and he continued to try and put it in. i was looking right in to his eyes face to face saying this. I had to physically jump off, I was in such shock i went to the other side of the bed and I said ""sorry it just shocked me"", which thinking back i had nothing to be sorry for. There was blood on my sheets afterwards. He then came over and kissed me again and i was in such shock that I let him continue fucking me. He then tried again and i laughed out of uncomfortableness and said his name and stop and he stoped. This the same guy that stood by me when i lost all my friends and my world was falling apart. And was always there for me. Was this sexual assault? Is he a good guy since he helped me with my personal problems?","nlz3ii sexualassault Is this SA or rape ? stayingannonyomus /r/sexualassault/comments/nlz3ii/is_this_sa_or_rape/ One day i invited this boy that i had been seeing for the last two months to my house. We weren't anything official. We were having sex and i sat on top of him and he put his dick in my ass without asking, i said wrong hole to his face and he didn't stop ,i said stop, then his name, then stop again and he continued to try and put it in. i was looking right in to his eyes face to face saying this. I had to physically jump off, I was in such shock i went to the other side of the bed and I said ""sorry it just shocked me"", which thinking back i had nothing to be sorry for. There was blood on my sheets afterwards. He then came over and kissed me again and i was in such shock that I let him continue fucking me. He then tried again and i laughed out of uncomfortableness and said his name and stop and he stoped. This the same guy that stood by me when i lost all my friends and my world was falling apart. And was always there for me. Was this sexual assault? Is he a good guy since he helped me with my personal problems?","['\\bwas\\s+this\\s+(?:sa|sexual\\s+assault)\\b', '\\bis\\s+this\\s+(?:sa|sexual\\s+assault)\\b']","['\\bis\\s+this\\s+(?:sa|sexual\\s+assault)\\b', '\\bsa\\b', '\\bwas\\s+this\\s+(?:sa|sexual\\s+assault)\\b', '\\bassault\\b', '\\brape\\b', '\\bsexual(?:ly)?\\s+assault(?:ed|s|ing)?\\b']"
nl0vo0,sexualassault,Is this sexual assault or grooming? CW: venting TW: possible SA,Last_Midnight1704,3,3,True,1,1621979137,/r/sexualassault/comments/nl0vo0/is_this_sexual_assault_or_grooming_cw_venting_tw/,"I don't know what to do and I want to cry. I have so much going on in my life. I have a bunch of missing assignments and school ends in like 2 weeks. I can't get any work done at all. My mom just went on a vacation for like 5 days and so my brother and I were home alone. During the 5 days he had his friends over twice and I really like talking to his friends but they are all 4-5 years older than me. The first time he had his friends over there were 3 of them and my favorite friend of my brothers came. I will call my fav friend of his B. The second time they came over the same people came but they picked up another one of his friends who I will call C. So basically C was at a party and he was drunk so they went to pick him up around 11:40 pm. When they got back it was like 12:15 am. So I said hi to C because he is also one of my favorite friends of my brother. Anyways I really wanted to cry and I was very sad when they came back but obvi I was hiding it. But I was in the living room standing on the couch and all of my brother friends including my brother left the room. The only person that stayed was me and B. So B walked over to were I was standing and I like held out my arms like the way you do when you want a hug. (I really just wanted a hug lol) So he hugged me like normal but I like put my head down on his shoulder and hugged him tightly so he was like ""are you ok"". And I said yeah but he could tell i was lying. So we stopped hugging and went into the kitchen and he was like you wanna talk about it and I was like no cause I didn't want to bother him. But then I hugged him again because I felt like it but this time I was shorter than him because hes a foot taller than me lol. And I was like sniffling like one does when they are trying not to cry. And when he was hugging me his hand was a little bit low on my body like lower back. So we stopped hugging than he was like if you don't want to talk about it then do you want me to go and I was like sure then he started walking away but I was like wait. Then I explained to him about like school stuff and how stressed out I was. And he gave me advice and stuff then we hugged again. But when we hugged this time I noticed that his hand was on my butt. Then we stopped hugging and he told me other things to do then he hugged goodnight and he touched my butt AGAIN. So we said good night and I went upstairs then I realized what he had actually done. So the next day i woke up and went downstairs and he was the only one awake. So we were like talking cause I didn't want to be awkward and I really like talking to him. He didn't do anything weird like he even helped me with homework. But when he was leaving we were hugging goodbye and since he was talking to his friends he was hugging me with one hand. But his hand was on my lower back right above my butt. And he was kind of rubbing my back then let go. But while he was doing this he wasn't even looking at me so maybe he didn't realize that he did that...? It makes me uncomfy to think about how he touched my butt because I don't like guys and stuff and I never said he could do that. AND he is 18 while I am a minor who is only 13.

Can someone help me?? I am very confused and I don't know what to do and I need advice. Also would this be considered the grooming or manipulation? Because he has a lot of ways he could manipulate me because I trust him a lot.

I posted this on another community of reddit but no one has responded yet

Also sorry to everyone who privately messaged me it won't let me respond to messages only comments, idk why.","nl0vo0 sexualassault Is this sexual assault or grooming? CW: venting TW: possible SA Last_Midnight1704 /r/sexualassault/comments/nl0vo0/is_this_sexual_assault_or_grooming_cw_venting_tw/ I don't know what to do and I want to cry. I have so much going on in my life. I have a bunch of missing assignments and school ends in like 2 weeks. I can't get any work done at all. My mom just went on a vacation for like 5 days and so my brother and I were home alone. During the 5 days he had his friends over twice and I really like talking to his friends but they are all 4-5 years older than me. The first time he had his friends over there were 3 of them and my favorite friend of my brothers came. I will call my fav friend of his B. The second time they came over the same people came but they picked up another one of his friends who I will call C. So basically C was at a party and he was drunk so they went to pick him up around 11:40 pm. When they got back it was like 12:15 am. So I said hi to C because he is also one of my favorite friends of my brother. Anyways I really wanted to cry and I was very sad when they came back but obvi I was hiding it. But I was in the living room standing on the couch and all of my brother friends including my brother left the room. The only person that stayed was me and B. So B walked over to were I was standing and I like held out my arms like the way you do when you want a hug. (I really just wanted a hug lol) So he hugged me like normal but I like put my head down on his shoulder and hugged him tightly so he was like ""are you ok"". And I said yeah but he could tell i was lying. So we stopped hugging and went into the kitchen and he was like you wanna talk about it and I was like no cause I didn't want to bother him. But then I hugged him again because I felt like it but this time I was shorter than him because hes a foot taller than me lol. And I was like sniffling like one does when they are trying not to cry. And when he was hugging me his hand was a little bit low on my body like lower back. So we stopped hugging than he was like if you don't want to talk about it then do you want me to go and I was like sure then he started walking away but I was like wait. Then I explained to him about like school stuff and how stressed out I was. And he gave me advice and stuff then we hugged again. But when we hugged this time I noticed that his hand was on my butt. Then we stopped hugging and he told me other things to do then he hugged goodnight and he touched my butt AGAIN. So we said good night and I went upstairs then I realized what he had actually done. So the next day i woke up and went downstairs and he was the only one awake. So we were like talking cause I didn't want to be awkward and I really like talking to him. He didn't do anything weird like he even helped me with homework. But when he was leaving we were hugging goodbye and since he was talking to his friends he was hugging me with one hand. But his hand was on my lower back right above my butt. And he was kind of rubbing my back then let go. But while he was doing this he wasn't even looking at me so maybe he didn't realize that he did that...? It makes me uncomfy to think about how he touched my butt because I don't like guys and stuff and I never said he could do that. AND he is 18 while I am a minor who is only 13.

Can someone help me?? I am very confused and I don't know what to do and I need advice. Also would this be considered the grooming or manipulation? Because he has a lot of ways he could manipulate me because I trust him a lot.

I posted this on another community of reddit but no one has responded yet

Also sorry to everyone who privately messaged me it won't let me respond to messages only comments, idk why.",['\\bis\\s+this\\s+(?:sa|sexual\\s+assault)\\b'],"['\\bis\\s+this\\s+(?:sa|sexual\\s+assault)\\b', '\\bidk+k*\\b', ""\\bi\\s+don[’']t\\s+know\\b"", '\\bsa\\b', '\\bassault\\b', '\\bfriend\\b', '\\bsexual(?:ly)?\\s+assault(?:ed|s|ing)?\\b']"
nl0vo0,sexualassault,Is this sexual assault or grooming? CW: venting TW: possible SA,Last_Midnight1704,3,3,True,1,1621979137,/r/sexualassault/comments/nl0vo0/is_this_sexual_assault_or_grooming_cw_venting_tw/,"I don't know what to do and I want to cry. I have so much going on in my life. I have a bunch of missing assignments and school ends in like 2 weeks. I can't get any work done at all. My mom just went on a vacation for like 5 days and so my brother and I were home alone. During the 5 days he had his friends over twice and I really like talking to his friends but they are all 4-5 years older than me. The first time he had his friends over there were 3 of them and my favorite friend of my brothers came. I will call my fav friend of his B. The second time they came over the same people came but they picked up another one of his friends who I will call C. So basically C was at a party and he was drunk so they went to pick him up around 11:40 pm. When they got back it was like 12:15 am. So I said hi to C because he is also one of my favorite friends of my brother. Anyways I really wanted to cry and I was very sad when they came back but obvi I was hiding it. But I was in the living room standing on the couch and all of my brother friends including my brother left the room. The only person that stayed was me and B. So B walked over to were I was standing and I like held out my arms like the way you do when you want a hug. (I really just wanted a hug lol) So he hugged me like normal but I like put my head down on his shoulder and hugged him tightly so he was like ""are you ok"". And I said yeah but he could tell i was lying. So we stopped hugging and went into the kitchen and he was like you wanna talk about it and I was like no cause I didn't want to bother him. But then I hugged him again because I felt like it but this time I was shorter than him because hes a foot taller than me lol. And I was like sniffling like one does when they are trying not to cry. And when he was hugging me his hand was a little bit low on my body like lower back. So we stopped hugging than he was like if you don't want to talk about it then do you want me to go and I was like sure then he started walking away but I was like wait. Then I explained to him about like school stuff and how stressed out I was. And he gave me advice and stuff then we hugged again. But when we hugged this time I noticed that his hand was on my butt. Then we stopped hugging and he told me other things to do then he hugged goodnight and he touched my butt AGAIN. So we said good night and I went upstairs then I realized what he had actually done. So the next day i woke up and went downstairs and he was the only one awake. So we were like talking cause I didn't want to be awkward and I really like talking to him. He didn't do anything weird like he even helped me with homework. But when he was leaving we were hugging goodbye and since he was talking to his friends he was hugging me with one hand. But his hand was on my lower back right above my butt. And he was kind of rubbing my back then let go. But while he was doing this he wasn't even looking at me so maybe he didn't realize that he did that...? It makes me uncomfy to think about how he touched my butt because I don't like guys and stuff and I never said he could do that. AND he is 18 while I am a minor who is only 13.

Can someone help me?? I am very confused and I don't know what to do and I need advice. Also would this be considered the grooming or manipulation? Because he has a lot of ways he could manipulate me because I trust him a lot.

I posted this on another community of reddit but no one has responded yet

Also sorry to everyone who privately messaged me it won't let me respond to messages only comments, idk why.","nl0vo0 sexualassault Is this sexual assault or grooming? CW: venting TW: possible SA Last_Midnight1704 /r/sexualassault/comments/nl0vo0/is_this_sexual_assault_or_grooming_cw_venting_tw/ I don't know what to do and I want to cry. I have so much going on in my life. I have a bunch of missing assignments and school ends in like 2 weeks. I can't get any work done at all. My mom just went on a vacation for like 5 days and so my brother and I were home alone. During the 5 days he had his friends over twice and I really like talking to his friends but they are all 4-5 years older than me. The first time he had his friends over there were 3 of them and my favorite friend of my brothers came. I will call my fav friend of his B. The second time they came over the same people came but they picked up another one of his friends who I will call C. So basically C was at a party and he was drunk so they went to pick him up around 11:40 pm. When they got back it was like 12:15 am. So I said hi to C because he is also one of my favorite friends of my brother. Anyways I really wanted to cry and I was very sad when they came back but obvi I was hiding it. But I was in the living room standing on the couch and all of my brother friends including my brother left the room. The only person that stayed was me and B. So B walked over to were I was standing and I like held out my arms like the way you do when you want a hug. (I really just wanted a hug lol) So he hugged me like normal but I like put my head down on his shoulder and hugged him tightly so he was like ""are you ok"". And I said yeah but he could tell i was lying. So we stopped hugging and went into the kitchen and he was like you wanna talk about it and I was like no cause I didn't want to bother him. But then I hugged him again because I felt like it but this time I was shorter than him because hes a foot taller than me lol. And I was like sniffling like one does when they are trying not to cry. And when he was hugging me his hand was a little bit low on my body like lower back. So we stopped hugging than he was like if you don't want to talk about it then do you want me to go and I was like sure then he started walking away but I was like wait. Then I explained to him about like school stuff and how stressed out I was. And he gave me advice and stuff then we hugged again. But when we hugged this time I noticed that his hand was on my butt. Then we stopped hugging and he told me other things to do then he hugged goodnight and he touched my butt AGAIN. So we said good night and I went upstairs then I realized what he had actually done. So the next day i woke up and went downstairs and he was the only one awake. So we were like talking cause I didn't want to be awkward and I really like talking to him. He didn't do anything weird like he even helped me with homework. But when he was leaving we were hugging goodbye and since he was talking to his friends he was hugging me with one hand. But his hand was on my lower back right above my butt. And he was kind of rubbing my back then let go. But while he was doing this he wasn't even looking at me so maybe he didn't realize that he did that...? It makes me uncomfy to think about how he touched my butt because I don't like guys and stuff and I never said he could do that. AND he is 18 while I am a minor who is only 13.

Can someone help me?? I am very confused and I don't know what to do and I need advice. Also would this be considered the grooming or manipulation? Because he has a lot of ways he could manipulate me because I trust him a lot.

I posted this on another community of reddit but no one has responded yet

Also sorry to everyone who privately messaged me it won't let me respond to messages only comments, idk why.",['\\bis\\s+this\\s+(?:sa|sexual\\s+assault)\\b'],"['\\bis\\s+this\\s+(?:sa|sexual\\s+assault)\\b', '\\bidk+k*\\b', ""\\bi\\s+don[’']t\\s+know\\b"", '\\bsa\\b', '\\bassault\\b', '\\bfriend\\b', '\\bsexual(?:ly)?\\s+assault(?:ed|s|ing)?\\b']"
nfewcc,sexualassault,Groped by my brother please help me - was this sexual assault?,candyb00bz,1,3,True,2,1621354731,/r/sexualassault/comments/nfewcc/groped_by_my_brother_please_help_me_was_this/,"Hi there. I’m not sure if this is the right place to post this but I’m looking for help, advice, and for someone to just hear me.

I’m a 21 year old female and my brother is three years older than me. My siblings and I all have a very close bond that means a lot to me; my family is the most important facet of my life and I think that’s important to clarify given what’s happened.

My brother flew to my hometown and we’re both staying at my parents’ house for the week along with the rest of my nuclear family. We always have such an enjoyable time amongst my sister, brother and I and we’re all very close. We’re siblings, so let me clarify that we all normally sleep in the same bed when he visits or vice versa (normally due to a lack of beds honestly). This time he slept in my bed with just me, and I didn’t see anything wrong with this as he’s my brother and we’ve slept alone before with nothing weird.

Last night I woke up to him groping me. I had absolutely no idea what to do or say, so like an idiot, I sat there and hoped he would stop (let me clarify: I did not want this nor did I consent to it). It only progressed further and he ended up starting to finger me, and still I sat there hoping he’d stop. He eventually did stop, and he nudged me “awake” (I was awake) and I immediately started sobbing. He stopped all action thankfully and I think he apologized. We talked it over and I think he agreed it would never happen again unless I condoned it (first of all: no? Wtf? I’m never going to condone it and I told him that). 

But at this point things are obviously very different between us. I can’t look at him the same and that genuinely upsets me so I’m just trying to forget. On top of that, I am so completely disgusted with myself. I did not want any of that (the groping) to happen, so why didn’t I speak up? Because had I spoken up, or swatted his hand away when I first woke up, it wouldn’t have escalated to this point. I know I didn’t speak up because I was hoping it wasn’t really happening, and I feared acknowledging it would make it real, but if I didn’t want it to happen, why didn’t I say so.

I’m just disgusted with myself at this point. I don’t mean for this to be a pity party for myself, so please offer me any advice or criticisms. I’ll really appreciate it because I can’t tell anyone about this. Thank you.","nfewcc sexualassault Groped by my brother please help me - was this sexual assault? candyb00bz /r/sexualassault/comments/nfewcc/groped_by_my_brother_please_help_me_was_this/ Hi there. I’m not sure if this is the right place to post this but I’m looking for help, advice, and for someone to just hear me.

I’m a 21 year old female and my brother is three years older than me. My siblings and I all have a very close bond that means a lot to me; my family is the most important facet of my life and I think that’s important to clarify given what’s happened.

My brother flew to my hometown and we’re both staying at my parents’ house for the week along with the rest of my nuclear family. We always have such an enjoyable time amongst my sister, brother and I and we’re all very close. We’re siblings, so let me clarify that we all normally sleep in the same bed when he visits or vice versa (normally due to a lack of beds honestly). This time he slept in my bed with just me, and I didn’t see anything wrong with this as he’s my brother and we’ve slept alone before with nothing weird.

Last night I woke up to him groping me. I had absolutely no idea what to do or say, so like an idiot, I sat there and hoped he would stop (let me clarify: I did not want this nor did I consent to it). It only progressed further and he ended up starting to finger me, and still I sat there hoping he’d stop. He eventually did stop, and he nudged me “awake” (I was awake) and I immediately started sobbing. He stopped all action thankfully and I think he apologized. We talked it over and I think he agreed it would never happen again unless I condoned it (first of all: no? Wtf? I’m never going to condone it and I told him that). 

But at this point things are obviously very different between us. I can’t look at him the same and that genuinely upsets me so I’m just trying to forget. On top of that, I am so completely disgusted with myself. I did not want any of that (the groping) to happen, so why didn’t I speak up? Because had I spoken up, or swatted his hand away when I first woke up, it wouldn’t have escalated to this point. I know I didn’t speak up because I was hoping it wasn’t really happening, and I feared acknowledging it would make it real, but if I didn’t want it to happen, why didn’t I say so.

I’m just disgusted with myself at this point. I don’t mean for this to be a pity party for myself, so please offer me any advice or criticisms. I’ll really appreciate it because I can’t tell anyone about this. Thank you.",['\\bwas\\s+this\\s+(?:sa|sexual\\s+assault)\\b'],"[""\\bi[’']?m\\s+not\\s+sure\\b"", '\\bwas\\s+this\\s+(?:sa|sexual\\s+assault)\\b', '\\bassault\\b', '\\bsexual(?:ly)?\\s+assault(?:ed|s|ing)?\\b']"
nfewcc,sexualassault,Groped by my brother please help me - was this sexual assault?,candyb00bz,1,3,True,2,1621354731,/r/sexualassault/comments/nfewcc/groped_by_my_brother_please_help_me_was_this/,"Hi there. I’m not sure if this is the right place to post this but I’m looking for help, advice, and for someone to just hear me.

I’m a 21 year old female and my brother is three years older than me. My siblings and I all have a very close bond that means a lot to me; my family is the most important facet of my life and I think that’s important to clarify given what’s happened.

My brother flew to my hometown and we’re both staying at my parents’ house for the week along with the rest of my nuclear family. We always have such an enjoyable time amongst my sister, brother and I and we’re all very close. We’re siblings, so let me clarify that we all normally sleep in the same bed when he visits or vice versa (normally due to a lack of beds honestly). This time he slept in my bed with just me, and I didn’t see anything wrong with this as he’s my brother and we’ve slept alone before with nothing weird.

Last night I woke up to him groping me. I had absolutely no idea what to do or say, so like an idiot, I sat there and hoped he would stop (let me clarify: I did not want this nor did I consent to it). It only progressed further and he ended up starting to finger me, and still I sat there hoping he’d stop. He eventually did stop, and he nudged me “awake” (I was awake) and I immediately started sobbing. He stopped all action thankfully and I think he apologized. We talked it over and I think he agreed it would never happen again unless I condoned it (first of all: no? Wtf? I’m never going to condone it and I told him that). 

But at this point things are obviously very different between us. I can’t look at him the same and that genuinely upsets me so I’m just trying to forget. On top of that, I am so completely disgusted with myself. I did not want any of that (the groping) to happen, so why didn’t I speak up? Because had I spoken up, or swatted his hand away when I first woke up, it wouldn’t have escalated to this point. I know I didn’t speak up because I was hoping it wasn’t really happening, and I feared acknowledging it would make it real, but if I didn’t want it to happen, why didn’t I say so.

I’m just disgusted with myself at this point. I don’t mean for this to be a pity party for myself, so please offer me any advice or criticisms. I’ll really appreciate it because I can’t tell anyone about this. Thank you.","nfewcc sexualassault Groped by my brother please help me - was this sexual assault? candyb00bz /r/sexualassault/comments/nfewcc/groped_by_my_brother_please_help_me_was_this/ Hi there. I’m not sure if this is the right place to post this but I’m looking for help, advice, and for someone to just hear me.

I’m a 21 year old female and my brother is three years older than me. My siblings and I all have a very close bond that means a lot to me; my family is the most important facet of my life and I think that’s important to clarify given what’s happened.

My brother flew to my hometown and we’re both staying at my parents’ house for the week along with the rest of my nuclear family. We always have such an enjoyable time amongst my sister, brother and I and we’re all very close. We’re siblings, so let me clarify that we all normally sleep in the same bed when he visits or vice versa (normally due to a lack of beds honestly). This time he slept in my bed with just me, and I didn’t see anything wrong with this as he’s my brother and we’ve slept alone before with nothing weird.

Last night I woke up to him groping me. I had absolutely no idea what to do or say, so like an idiot, I sat there and hoped he would stop (let me clarify: I did not want this nor did I consent to it). It only progressed further and he ended up starting to finger me, and still I sat there hoping he’d stop. He eventually did stop, and he nudged me “awake” (I was awake) and I immediately started sobbing. He stopped all action thankfully and I think he apologized. We talked it over and I think he agreed it would never happen again unless I condoned it (first of all: no? Wtf? I’m never going to condone it and I told him that). 

But at this point things are obviously very different between us. I can’t look at him the same and that genuinely upsets me so I’m just trying to forget. On top of that, I am so completely disgusted with myself. I did not want any of that (the groping) to happen, so why didn’t I speak up? Because had I spoken up, or swatted his hand away when I first woke up, it wouldn’t have escalated to this point. I know I didn’t speak up because I was hoping it wasn’t really happening, and I feared acknowledging it would make it real, but if I didn’t want it to happen, why didn’t I say so.

I’m just disgusted with myself at this point. I don’t mean for this to be a pity party for myself, so please offer me any advice or criticisms. I’ll really appreciate it because I can’t tell anyone about this. Thank you.",['\\bwas\\s+this\\s+(?:sa|sexual\\s+assault)\\b'],"[""\\bi[’']?m\\s+not\\s+sure\\b"", '\\bwas\\s+this\\s+(?:sa|sexual\\s+assault)\\b', '\\bassault\\b', '\\bsexual(?:ly)?\\s+assault(?:ed|s|ing)?\\b']"
n732ag,sexualassault,Why do I hold so much shame from this?,FidgetingHoneybee,4,2,False,0,1620406233,/r/sexualassault/comments/n732ag/why_do_i_hold_so_much_shame_from_this/,"I was sexually assaulted when I was 6 by my older brother. In the past couple years, I've been working on healing from it. Part of that healing was talking about it to people I trust. But I've found that every time I talk about it or even think about talking about it, I feel disgusting. I feel like I'm talking about something dirty that I should be ashamed about. As if I'm flaunting something gross. When I discuss the details or talk about how I felt at the time, I feel like I'm suggesting to people that I wanted this or enjoyed it even though I don't actually say anything like that. I've been working on not feeling shame about it in general, but I still feel shameful when talking about it. Because of this, I tend to be very vague about it and speed through it quickly to get it over with. I didn't consent to this, why do I feel so much shame? How do I get rid of it?","n732ag sexualassault Why do I hold so much shame from this? FidgetingHoneybee /r/sexualassault/comments/n732ag/why_do_i_hold_so_much_shame_from_this/ I was sexually assaulted when I was 6 by my older brother. In the past couple years, I've been working on healing from it. Part of that healing was talking about it to people I trust. But I've found that every time I talk about it or even think about talking about it, I feel disgusting. I feel like I'm talking about something dirty that I should be ashamed about. As if I'm flaunting something gross. When I discuss the details or talk about how I felt at the time, I feel like I'm suggesting to people that I wanted this or enjoyed it even though I don't actually say anything like that. I've been working on not feeling shame about it in general, but I still feel shameful when talking about it. Because of this, I tend to be very vague about it and speed through it quickly to get it over with. I didn't consent to this, why do I feel so much shame? How do I get rid of it?","[""\\bi\\s+didn[’']t\\s+consent\\b""]","[""\\bi\\s+didn[’']t\\s+consent\\b"", '\\bsexual(?:ly)?\\s+assault(?:ed|s|ing)?\\b']"
n732ag,sexualassault,Why do I hold so much shame from this?,FidgetingHoneybee,4,2,False,0,1620406233,/r/sexualassault/comments/n732ag/why_do_i_hold_so_much_shame_from_this/,"I was sexually assaulted when I was 6 by my older brother. In the past couple years, I've been working on healing from it. Part of that healing was talking about it to people I trust. But I've found that every time I talk about it or even think about talking about it, I feel disgusting. I feel like I'm talking about something dirty that I should be ashamed about. As if I'm flaunting something gross. When I discuss the details or talk about how I felt at the time, I feel like I'm suggesting to people that I wanted this or enjoyed it even though I don't actually say anything like that. I've been working on not feeling shame about it in general, but I still feel shameful when talking about it. Because of this, I tend to be very vague about it and speed through it quickly to get it over with. I didn't consent to this, why do I feel so much shame? How do I get rid of it?","n732ag sexualassault Why do I hold so much shame from this? FidgetingHoneybee /r/sexualassault/comments/n732ag/why_do_i_hold_so_much_shame_from_this/ I was sexually assaulted when I was 6 by my older brother. In the past couple years, I've been working on healing from it. Part of that healing was talking about it to people I trust. But I've found that every time I talk about it or even think about talking about it, I feel disgusting. I feel like I'm talking about something dirty that I should be ashamed about. As if I'm flaunting something gross. When I discuss the details or talk about how I felt at the time, I feel like I'm suggesting to people that I wanted this or enjoyed it even though I don't actually say anything like that. I've been working on not feeling shame about it in general, but I still feel shameful when talking about it. Because of this, I tend to be very vague about it and speed through it quickly to get it over with. I didn't consent to this, why do I feel so much shame? How do I get rid of it?","[""\\bi\\s+didn[’']t\\s+consent\\b""]","[""\\bi\\s+didn[’']t\\s+consent\\b"", '\\bsexual(?:ly)?\\s+assault(?:ed|s|ing)?\\b']"
n663l2,sexualassault,What do I call this?,throwaway22030200,1,2,False,0,1620304028,/r/sexualassault/comments/n663l2/what_do_i_call_this/,"(warnings for pedophilia) Hey. This has been on my mind for a while now, but I could never find a place to ask about it.

When I was young (around 11), I started going on gay chatrooms and talking with pedophiles, sending them explicit photos and having sexual conversations with them. The story of how I ended up on these is a bit of a long one and it's unrelated to what I'm asking here, so I decided to omit it. I did this for around six years, stopping when I was 17 (I'm 18 now). I've also been in long-term sexual online relationships (video calls, sexting, etc.) with a 19- and 21-year old (three-person relationship) at 12 and an 18-year-old at 13.

I know I have some form of trauma from these. Taking photos of myself is anxiety-inducing, making me think of all the times I took photos for those men. I can't handle someone calling me ""baby"", even in a joking way, because it reminds me of the things they'd say to me. I can't stand sleeping in the same room as another person because I'm afraid they'll take advantage of me. Being touched at all makes me feel suffocated, even just when I get hugged by a close friend or parent. I periodically get afraid of being seen, having to stay in my room until it's over. I'm always paranoid that people will only see me as a sex object and leave me if I don't let them do sexual things to me. If I ever feel aroused or jack-off, I get incredibly uncomfortable and start feeling physically ill. I have a mild porn addiction, frequently consuming sexual content despite how I feel because of it.

What I don't know is what this was. I consented, technically. I was the one reaching out to these men knowing what I was doing, and I was able to stop an interaction if I ever wanted to. Even when I was starting to feel disgusted with myself after each interaction (around 12), I was still seeking them out. Nothing other than a negligible experience with a middle school girlfriend has ever happened to me where I didn't consent to physical sexual interactions, and even if I was a kid when this started, it was my choice to be in sexual interactions online.

So, that's my question. What term could be used to describe my experience?

Thanks for reading, everyone. I haven't told anyone I know about this stuff 'cause I don't want them to see me differently, so I don't really have anyone to talk to or ask about this. I hope you guys have a great day :)","n663l2 sexualassault What do I call this? throwaway22030200 /r/sexualassault/comments/n663l2/what_do_i_call_this/ (warnings for pedophilia) Hey. This has been on my mind for a while now, but I could never find a place to ask about it.

When I was young (around 11), I started going on gay chatrooms and talking with pedophiles, sending them explicit photos and having sexual conversations with them. The story of how I ended up on these is a bit of a long one and it's unrelated to what I'm asking here, so I decided to omit it. I did this for around six years, stopping when I was 17 (I'm 18 now). I've also been in long-term sexual online relationships (video calls, sexting, etc.) with a 19- and 21-year old (three-person relationship) at 12 and an 18-year-old at 13.

I know I have some form of trauma from these. Taking photos of myself is anxiety-inducing, making me think of all the times I took photos for those men. I can't handle someone calling me ""baby"", even in a joking way, because it reminds me of the things they'd say to me. I can't stand sleeping in the same room as another person because I'm afraid they'll take advantage of me. Being touched at all makes me feel suffocated, even just when I get hugged by a close friend or parent. I periodically get afraid of being seen, having to stay in my room until it's over. I'm always paranoid that people will only see me as a sex object and leave me if I don't let them do sexual things to me. If I ever feel aroused or jack-off, I get incredibly uncomfortable and start feeling physically ill. I have a mild porn addiction, frequently consuming sexual content despite how I feel because of it.

What I don't know is what this was. I consented, technically. I was the one reaching out to these men knowing what I was doing, and I was able to stop an interaction if I ever wanted to. Even when I was starting to feel disgusted with myself after each interaction (around 12), I was still seeking them out. Nothing other than a negligible experience with a middle school girlfriend has ever happened to me where I didn't consent to physical sexual interactions, and even if I was a kid when this started, it was my choice to be in sexual interactions online.

So, that's my question. What term could be used to describe my experience?

Thanks for reading, everyone. I haven't told anyone I know about this stuff 'cause I don't want them to see me differently, so I don't really have anyone to talk to or ask about this. I hope you guys have a great day :)","[""\\bi\\s+didn[’']t\\s+consent\\b""]","[""\\bi\\s+didn[’']t\\s+consent\\b"", '\\bfriend\\b', ""\\bi\\s+don[’']t\\s+know\\b"", '\\bgirlfriend\\b']"
n663l2,sexualassault,What do I call this?,throwaway22030200,1,2,False,0,1620304028,/r/sexualassault/comments/n663l2/what_do_i_call_this/,"(warnings for pedophilia) Hey. This has been on my mind for a while now, but I could never find a place to ask about it.

When I was young (around 11), I started going on gay chatrooms and talking with pedophiles, sending them explicit photos and having sexual conversations with them. The story of how I ended up on these is a bit of a long one and it's unrelated to what I'm asking here, so I decided to omit it. I did this for around six years, stopping when I was 17 (I'm 18 now). I've also been in long-term sexual online relationships (video calls, sexting, etc.) with a 19- and 21-year old (three-person relationship) at 12 and an 18-year-old at 13.

I know I have some form of trauma from these. Taking photos of myself is anxiety-inducing, making me think of all the times I took photos for those men. I can't handle someone calling me ""baby"", even in a joking way, because it reminds me of the things they'd say to me. I can't stand sleeping in the same room as another person because I'm afraid they'll take advantage of me. Being touched at all makes me feel suffocated, even just when I get hugged by a close friend or parent. I periodically get afraid of being seen, having to stay in my room until it's over. I'm always paranoid that people will only see me as a sex object and leave me if I don't let them do sexual things to me. If I ever feel aroused or jack-off, I get incredibly uncomfortable and start feeling physically ill. I have a mild porn addiction, frequently consuming sexual content despite how I feel because of it.

What I don't know is what this was. I consented, technically. I was the one reaching out to these men knowing what I was doing, and I was able to stop an interaction if I ever wanted to. Even when I was starting to feel disgusted with myself after each interaction (around 12), I was still seeking them out. Nothing other than a negligible experience with a middle school girlfriend has ever happened to me where I didn't consent to physical sexual interactions, and even if I was a kid when this started, it was my choice to be in sexual interactions online.

So, that's my question. What term could be used to describe my experience?

Thanks for reading, everyone. I haven't told anyone I know about this stuff 'cause I don't want them to see me differently, so I don't really have anyone to talk to or ask about this. I hope you guys have a great day :)","n663l2 sexualassault What do I call this? throwaway22030200 /r/sexualassault/comments/n663l2/what_do_i_call_this/ (warnings for pedophilia) Hey. This has been on my mind for a while now, but I could never find a place to ask about it.

When I was young (around 11), I started going on gay chatrooms and talking with pedophiles, sending them explicit photos and having sexual conversations with them. The story of how I ended up on these is a bit of a long one and it's unrelated to what I'm asking here, so I decided to omit it. I did this for around six years, stopping when I was 17 (I'm 18 now). I've also been in long-term sexual online relationships (video calls, sexting, etc.) with a 19- and 21-year old (three-person relationship) at 12 and an 18-year-old at 13.

I know I have some form of trauma from these. Taking photos of myself is anxiety-inducing, making me think of all the times I took photos for those men. I can't handle someone calling me ""baby"", even in a joking way, because it reminds me of the things they'd say to me. I can't stand sleeping in the same room as another person because I'm afraid they'll take advantage of me. Being touched at all makes me feel suffocated, even just when I get hugged by a close friend or parent. I periodically get afraid of being seen, having to stay in my room until it's over. I'm always paranoid that people will only see me as a sex object and leave me if I don't let them do sexual things to me. If I ever feel aroused or jack-off, I get incredibly uncomfortable and start feeling physically ill. I have a mild porn addiction, frequently consuming sexual content despite how I feel because of it.

What I don't know is what this was. I consented, technically. I was the one reaching out to these men knowing what I was doing, and I was able to stop an interaction if I ever wanted to. Even when I was starting to feel disgusted with myself after each interaction (around 12), I was still seeking them out. Nothing other than a negligible experience with a middle school girlfriend has ever happened to me where I didn't consent to physical sexual interactions, and even if I was a kid when this started, it was my choice to be in sexual interactions online.

So, that's my question. What term could be used to describe my experience?

Thanks for reading, everyone. I haven't told anyone I know about this stuff 'cause I don't want them to see me differently, so I don't really have anyone to talk to or ask about this. I hope you guys have a great day :)","[""\\bi\\s+didn[’']t\\s+consent\\b""]","[""\\bi\\s+didn[’']t\\s+consent\\b"", '\\bfriend\\b', ""\\bi\\s+don[’']t\\s+know\\b"", '\\bgirlfriend\\b']"
n1h5z2,sexualassault,"Was I sexually assaulted, and why didn’t I realize until now?",pixi3_dust_,8,2,False,0,1619738787,/r/sexualassault/comments/n1h5z2/was_i_sexually_assaulted_and_why_didnt_i_realize/,"Hi friends! So recently I realized I think I was sexually assaulted a few years ago. I didn’t really think about it up until a month ago when I had to go to the doctor and get a pap smear. I was laying there on the table and looking up at the ceiling waiting for it to be over and I started to feel panicked. A lot of memories came back to me — I was seeing a guy and on multiple occasions he persuaded me into having sex when I didn’t want to. I remember just looking by up at the ceiling and waiting for it to be over. I also ended up giving him head even though I didn’t want to, he made me feel bad about not wanting to have sex all the time. When I wouldn’t have sex with him he would aggressively dry hump me just to get off I guess. I remember one time he bruised my hips because he was dry humping me so hard while wearing a belt, so after that I would just have sex with him when I didn’t want to because it was over quicker and hurt less than being grinded against. 

I have had a hard time figuring out if what actually happened to me was sexual assault. what I experienced wasn’t violent, and if it was sexual assault why didn’t i realize it before? I have been with multiple partners since and it hasn’t impacted me until now? And if you asked him he probably wouldn’t have realized that his actions impacted me. 

How do you vagina owners deal with invasive tests, like Pap smears, and not get super triggered? And how do you come to terms with what has happened?

Sorry for all of the questions. I just feel like I’m crazy. 

Much love to you all 💕","n1h5z2 sexualassault Was I sexually assaulted, and why didn’t I realize until now? pixi3_dust_ /r/sexualassault/comments/n1h5z2/was_i_sexually_assaulted_and_why_didnt_i_realize/ Hi friends! So recently I realized I think I was sexually assaulted a few years ago. I didn’t really think about it up until a month ago when I had to go to the doctor and get a pap smear. I was laying there on the table and looking up at the ceiling waiting for it to be over and I started to feel panicked. A lot of memories came back to me — I was seeing a guy and on multiple occasions he persuaded me into having sex when I didn’t want to. I remember just looking by up at the ceiling and waiting for it to be over. I also ended up giving him head even though I didn’t want to, he made me feel bad about not wanting to have sex all the time. When I wouldn’t have sex with him he would aggressively dry hump me just to get off I guess. I remember one time he bruised my hips because he was dry humping me so hard while wearing a belt, so after that I would just have sex with him when I didn’t want to because it was over quicker and hurt less than being grinded against. 

I have had a hard time figuring out if what actually happened to me was sexual assault. what I experienced wasn’t violent, and if it was sexual assault why didn’t i realize it before? I have been with multiple partners since and it hasn’t impacted me until now? And if you asked him he probably wouldn’t have realized that his actions impacted me. 

How do you vagina owners deal with invasive tests, like Pap smears, and not get super triggered? And how do you come to terms with what has happened?

Sorry for all of the questions. I just feel like I’m crazy. 

Much love to you all 💕",['\\bwas\\s+i\\s+sexually\\s+assaulted\\b'],"['\\bwas\\s+i\\s+sexually\\s+assaulted\\b', '\\bassault\\b', '\\bsexual(?:ly)?\\s+assault(?:ed|s|ing)?\\b']"
n1h5z2,sexualassault,"Was I sexually assaulted, and why didn’t I realize until now?",pixi3_dust_,8,2,False,0,1619738787,/r/sexualassault/comments/n1h5z2/was_i_sexually_assaulted_and_why_didnt_i_realize/,"Hi friends! So recently I realized I think I was sexually assaulted a few years ago. I didn’t really think about it up until a month ago when I had to go to the doctor and get a pap smear. I was laying there on the table and looking up at the ceiling waiting for it to be over and I started to feel panicked. A lot of memories came back to me — I was seeing a guy and on multiple occasions he persuaded me into having sex when I didn’t want to. I remember just looking by up at the ceiling and waiting for it to be over. I also ended up giving him head even though I didn’t want to, he made me feel bad about not wanting to have sex all the time. When I wouldn’t have sex with him he would aggressively dry hump me just to get off I guess. I remember one time he bruised my hips because he was dry humping me so hard while wearing a belt, so after that I would just have sex with him when I didn’t want to because it was over quicker and hurt less than being grinded against. 

I have had a hard time figuring out if what actually happened to me was sexual assault. what I experienced wasn’t violent, and if it was sexual assault why didn’t i realize it before? I have been with multiple partners since and it hasn’t impacted me until now? And if you asked him he probably wouldn’t have realized that his actions impacted me. 

How do you vagina owners deal with invasive tests, like Pap smears, and not get super triggered? And how do you come to terms with what has happened?

Sorry for all of the questions. I just feel like I’m crazy. 

Much love to you all 💕","n1h5z2 sexualassault Was I sexually assaulted, and why didn’t I realize until now? pixi3_dust_ /r/sexualassault/comments/n1h5z2/was_i_sexually_assaulted_and_why_didnt_i_realize/ Hi friends! So recently I realized I think I was sexually assaulted a few years ago. I didn’t really think about it up until a month ago when I had to go to the doctor and get a pap smear. I was laying there on the table and looking up at the ceiling waiting for it to be over and I started to feel panicked. A lot of memories came back to me — I was seeing a guy and on multiple occasions he persuaded me into having sex when I didn’t want to. I remember just looking by up at the ceiling and waiting for it to be over. I also ended up giving him head even though I didn’t want to, he made me feel bad about not wanting to have sex all the time. When I wouldn’t have sex with him he would aggressively dry hump me just to get off I guess. I remember one time he bruised my hips because he was dry humping me so hard while wearing a belt, so after that I would just have sex with him when I didn’t want to because it was over quicker and hurt less than being grinded against. 

I have had a hard time figuring out if what actually happened to me was sexual assault. what I experienced wasn’t violent, and if it was sexual assault why didn’t i realize it before? I have been with multiple partners since and it hasn’t impacted me until now? And if you asked him he probably wouldn’t have realized that his actions impacted me. 

How do you vagina owners deal with invasive tests, like Pap smears, and not get super triggered? And how do you come to terms with what has happened?

Sorry for all of the questions. I just feel like I’m crazy. 

Much love to you all 💕",['\\bwas\\s+i\\s+sexually\\s+assaulted\\b'],"['\\bwas\\s+i\\s+sexually\\s+assaulted\\b', '\\bassault\\b', '\\bsexual(?:ly)?\\s+assault(?:ed|s|ing)?\\b']"
mwb0yj,sexualassault,"Hello, I wanna know if what I'm about to say counts as molestation or sexual assault. (I was young and didn't know better so pls don't judge)",Ochako_Fangirl,1,3,False,0,1619115354,/r/sexualassault/comments/mwb0yj/hello_i_wanna_know_if_what_im_about_to_say_counts/,"When I was 7-8 me and my brother went to my grandma's house a lot since we were neighbors and still are. During that time my cousin's parents were going through a divorce so he stayed there a lot. When we came over we would play Minecraft with him. It was fun which is what made me still go... He started watching some not so child friendly things. During this time he was 11-12. Children copy things they see so you might know where this is going. He started to touch me... First the legs and then inside my pants... My brother was younger than me and was scared of him. My cousin, let's call him Sean. Sean would lock me in with him and then touch me. In the close. Outside the closet. And once in my own house. He wouldn't stop. Why I didn't tell anyone? I thought I was gonna get in trouble. I thought it was my fault. One day though, he decided he was gonna finally do it. You know what I mean. He didn't lock the door though. He grabbed me and kissed e and then touched me. I was terrified. But that day it was all over. My brother ran to my grandma who didn't know about any of this. She told him to stop and she told e to leave. He chased me and my brother down the stairs and almost all the way to my house. I think my grandma told him something 'cause he never did it again. As far as she was concerned, this was a one time thing. She never knew what else he did to me. I was traumatized. In fear I didn't tell anyone so for a while only my brother knew. We still hung out with him but he didn't touch me after that but it was awkward. I am now older an I finally told my mom. She was petrified and told me she was gonna talk to my uncle about it. He said he was gonna talk to my cousin about it. I had confronted him last year about it and he just told me he didn't remember doing that. I have a lot of body issues now and opening up to people isn't my best characteristic. I do wanna know tho.. Is what he did considered sexual assault? Was I molested? I don't really know so pls tell me. Sorry this was long but I needed to get this out of my chest. Btw, my dad doesn't know. Should I tell him? If yes, how? Thanks for reading this.","mwb0yj sexualassault Hello, I wanna know if what I'm about to say counts as molestation or sexual assault. (I was young and didn't know better so pls don't judge) Ochako_Fangirl /r/sexualassault/comments/mwb0yj/hello_i_wanna_know_if_what_im_about_to_say_counts/ When I was 7-8 me and my brother went to my grandma's house a lot since we were neighbors and still are. During that time my cousin's parents were going through a divorce so he stayed there a lot. When we came over we would play Minecraft with him. It was fun which is what made me still go... He started watching some not so child friendly things. During this time he was 11-12. Children copy things they see so you might know where this is going. He started to touch me... First the legs and then inside my pants... My brother was younger than me and was scared of him. My cousin, let's call him Sean. Sean would lock me in with him and then touch me. In the close. Outside the closet. And once in my own house. He wouldn't stop. Why I didn't tell anyone? I thought I was gonna get in trouble. I thought it was my fault. One day though, he decided he was gonna finally do it. You know what I mean. He didn't lock the door though. He grabbed me and kissed e and then touched me. I was terrified. But that day it was all over. My brother ran to my grandma who didn't know about any of this. She told him to stop and she told e to leave. He chased me and my brother down the stairs and almost all the way to my house. I think my grandma told him something 'cause he never did it again. As far as she was concerned, this was a one time thing. She never knew what else he did to me. I was traumatized. In fear I didn't tell anyone so for a while only my brother knew. We still hung out with him but he didn't touch me after that but it was awkward. I am now older an I finally told my mom. She was petrified and told me she was gonna talk to my uncle about it. He said he was gonna talk to my cousin about it. I had confronted him last year about it and he just told me he didn't remember doing that. I have a lot of body issues now and opening up to people isn't my best characteristic. I do wanna know tho.. Is what he did considered sexual assault? Was I molested? I don't really know so pls tell me. Sorry this was long but I needed to get this out of my chest. Btw, my dad doesn't know. Should I tell him? If yes, how? Thanks for reading this.",['\\bconsider(?:ed)?\\s+(?:it\\s+)?(?:sa|sexual\\s+assault)\\b'],"[""\\bi\\s+don[’']t\\s+really\\s+know\\b"", '\\bassault\\b', '\\bconsider(?:ed)?\\s+(?:it\\s+)?(?:sa|sexual\\s+assault)\\b', '\\bmolest(?:ed|ation|ations)?\\b', '\\bsexual(?:ly)?\\s+assault(?:ed|s|ing)?\\b']"
mwb0yj,sexualassault,"Hello, I wanna know if what I'm about to say counts as molestation or sexual assault. (I was young and didn't know better so pls don't judge)",Ochako_Fangirl,1,3,False,0,1619115354,/r/sexualassault/comments/mwb0yj/hello_i_wanna_know_if_what_im_about_to_say_counts/,"When I was 7-8 me and my brother went to my grandma's house a lot since we were neighbors and still are. During that time my cousin's parents were going through a divorce so he stayed there a lot. When we came over we would play Minecraft with him. It was fun which is what made me still go... He started watching some not so child friendly things. During this time he was 11-12. Children copy things they see so you might know where this is going. He started to touch me... First the legs and then inside my pants... My brother was younger than me and was scared of him. My cousin, let's call him Sean. Sean would lock me in with him and then touch me. In the close. Outside the closet. And once in my own house. He wouldn't stop. Why I didn't tell anyone? I thought I was gonna get in trouble. I thought it was my fault. One day though, he decided he was gonna finally do it. You know what I mean. He didn't lock the door though. He grabbed me and kissed e and then touched me. I was terrified. But that day it was all over. My brother ran to my grandma who didn't know about any of this. She told him to stop and she told e to leave. He chased me and my brother down the stairs and almost all the way to my house. I think my grandma told him something 'cause he never did it again. As far as she was concerned, this was a one time thing. She never knew what else he did to me. I was traumatized. In fear I didn't tell anyone so for a while only my brother knew. We still hung out with him but he didn't touch me after that but it was awkward. I am now older an I finally told my mom. She was petrified and told me she was gonna talk to my uncle about it. He said he was gonna talk to my cousin about it. I had confronted him last year about it and he just told me he didn't remember doing that. I have a lot of body issues now and opening up to people isn't my best characteristic. I do wanna know tho.. Is what he did considered sexual assault? Was I molested? I don't really know so pls tell me. Sorry this was long but I needed to get this out of my chest. Btw, my dad doesn't know. Should I tell him? If yes, how? Thanks for reading this.","mwb0yj sexualassault Hello, I wanna know if what I'm about to say counts as molestation or sexual assault. (I was young and didn't know better so pls don't judge) Ochako_Fangirl /r/sexualassault/comments/mwb0yj/hello_i_wanna_know_if_what_im_about_to_say_counts/ When I was 7-8 me and my brother went to my grandma's house a lot since we were neighbors and still are. During that time my cousin's parents were going through a divorce so he stayed there a lot. When we came over we would play Minecraft with him. It was fun which is what made me still go... He started watching some not so child friendly things. During this time he was 11-12. Children copy things they see so you might know where this is going. He started to touch me... First the legs and then inside my pants... My brother was younger than me and was scared of him. My cousin, let's call him Sean. Sean would lock me in with him and then touch me. In the close. Outside the closet. And once in my own house. He wouldn't stop. Why I didn't tell anyone? I thought I was gonna get in trouble. I thought it was my fault. One day though, he decided he was gonna finally do it. You know what I mean. He didn't lock the door though. He grabbed me and kissed e and then touched me. I was terrified. But that day it was all over. My brother ran to my grandma who didn't know about any of this. She told him to stop and she told e to leave. He chased me and my brother down the stairs and almost all the way to my house. I think my grandma told him something 'cause he never did it again. As far as she was concerned, this was a one time thing. She never knew what else he did to me. I was traumatized. In fear I didn't tell anyone so for a while only my brother knew. We still hung out with him but he didn't touch me after that but it was awkward. I am now older an I finally told my mom. She was petrified and told me she was gonna talk to my uncle about it. He said he was gonna talk to my cousin about it. I had confronted him last year about it and he just told me he didn't remember doing that. I have a lot of body issues now and opening up to people isn't my best characteristic. I do wanna know tho.. Is what he did considered sexual assault? Was I molested? I don't really know so pls tell me. Sorry this was long but I needed to get this out of my chest. Btw, my dad doesn't know. Should I tell him? If yes, how? Thanks for reading this.",['\\bconsider(?:ed)?\\s+(?:it\\s+)?(?:sa|sexual\\s+assault)\\b'],"[""\\bi\\s+don[’']t\\s+really\\s+know\\b"", '\\bassault\\b', '\\bconsider(?:ed)?\\s+(?:it\\s+)?(?:sa|sexual\\s+assault)\\b', '\\bmolest(?:ed|ation|ations)?\\b', '\\bsexual(?:ly)?\\s+assault(?:ed|s|ing)?\\b']"
mnm54f,sexualassault,was I sexual assaulted?,quincybabymomma,6,9,True,2,1617988897,/r/sexualassault/comments/mnm54f/was_i_sexual_assaulted/,"&gt;{ I apologize for being too specific but hopefully someone can understand.} Starting from when I was about 6/7 years old, I would constantly visit my parents home country every summer to see family. My cousin was 20/21 at the time. He was my absolute favorite cousin so I easily grew a family bond with him. We would watch movies and play video games in his room. My cousin would slowly expose me to the sexual world the more I was around him. He would sneakily show me porn, touch my private parts while I sat on his lap, crawl into my bed and perform oral and have me do it to him. I didn't think anything of it but I knew it was supposed to be sneaky.  
&gt;  
&gt;I just thought what we were doing was supposed to be playfulness fun. I didn't think it was malicious intended. I was not properly learned about sex education yet. The last ever time he touched me was when I was 10, I woke up to him staring at me with my pants gone &amp; a hickey on my chest ( I remember feeling disgusted and actually old enough to know what he did was odd.) I finally came to realization that what he doing was wrong and disgusting. I suddenly became so angry and rude to him ( he made my family look at me like a bad/rude cousin because of my attitude) They knew nothing about it. It stopped because I think he realized I was too old and aware.  
&gt;  
&gt;For years ive felt so guilty because why didn't I FEEL abused or disgust when it was happening? was it bc I was too young? did he groom me? is this considered sexual assault? I know I was too young to consent but I don't fully understand. Im 18 now and there's not a day of where I stare into confusion and think about it. (note: Ive been addicted to pornography for years since he exposed me to it) . I appreciate any feedback/questions or anyone who takes the time to respond I know it can feel eerie to read I just don't want to be in denial. What's the correct term to describe the situation?","mnm54f sexualassault was I sexual assaulted? quincybabymomma /r/sexualassault/comments/mnm54f/was_i_sexual_assaulted/ &gt;{ I apologize for being too specific but hopefully someone can understand.} Starting from when I was about 6/7 years old, I would constantly visit my parents home country every summer to see family. My cousin was 20/21 at the time. He was my absolute favorite cousin so I easily grew a family bond with him. We would watch movies and play video games in his room. My cousin would slowly expose me to the sexual world the more I was around him. He would sneakily show me porn, touch my private parts while I sat on his lap, crawl into my bed and perform oral and have me do it to him. I didn't think anything of it but I knew it was supposed to be sneaky.  
&gt;  
&gt;I just thought what we were doing was supposed to be playfulness fun. I didn't think it was malicious intended. I was not properly learned about sex education yet. The last ever time he touched me was when I was 10, I woke up to him staring at me with my pants gone &amp; a hickey on my chest ( I remember feeling disgusted and actually old enough to know what he did was odd.) I finally came to realization that what he doing was wrong and disgusting. I suddenly became so angry and rude to him ( he made my family look at me like a bad/rude cousin because of my attitude) They knew nothing about it. It stopped because I think he realized I was too old and aware.  
&gt;  
&gt;For years ive felt so guilty because why didn't I FEEL abused or disgust when it was happening? was it bc I was too young? did he groom me? is this considered sexual assault? I know I was too young to consent but I don't fully understand. Im 18 now and there's not a day of where I stare into confusion and think about it. (note: Ive been addicted to pornography for years since he exposed me to it) . I appreciate any feedback/questions or anyone who takes the time to respond I know it can feel eerie to read I just don't want to be in denial. What's the correct term to describe the situation?",['\\bconsider(?:ed)?\\s+(?:it\\s+)?(?:sa|sexual\\s+assault)\\b'],"['\\bassault\\b', '\\bsexual(?:ly)?\\s+assault(?:ed|s|ing)?\\b', '\\bconsider(?:ed)?\\s+(?:it\\s+)?(?:sa|sexual\\s+assault)\\b']"
mnm54f,sexualassault,was I sexual assaulted?,quincybabymomma,6,9,True,2,1617988897,/r/sexualassault/comments/mnm54f/was_i_sexual_assaulted/,"&gt;{ I apologize for being too specific but hopefully someone can understand.} Starting from when I was about 6/7 years old, I would constantly visit my parents home country every summer to see family. My cousin was 20/21 at the time. He was my absolute favorite cousin so I easily grew a family bond with him. We would watch movies and play video games in his room. My cousin would slowly expose me to the sexual world the more I was around him. He would sneakily show me porn, touch my private parts while I sat on his lap, crawl into my bed and perform oral and have me do it to him. I didn't think anything of it but I knew it was supposed to be sneaky.  
&gt;  
&gt;I just thought what we were doing was supposed to be playfulness fun. I didn't think it was malicious intended. I was not properly learned about sex education yet. The last ever time he touched me was when I was 10, I woke up to him staring at me with my pants gone &amp; a hickey on my chest ( I remember feeling disgusted and actually old enough to know what he did was odd.) I finally came to realization that what he doing was wrong and disgusting. I suddenly became so angry and rude to him ( he made my family look at me like a bad/rude cousin because of my attitude) They knew nothing about it. It stopped because I think he realized I was too old and aware.  
&gt;  
&gt;For years ive felt so guilty because why didn't I FEEL abused or disgust when it was happening? was it bc I was too young? did he groom me? is this considered sexual assault? I know I was too young to consent but I don't fully understand. Im 18 now and there's not a day of where I stare into confusion and think about it. (note: Ive been addicted to pornography for years since he exposed me to it) . I appreciate any feedback/questions or anyone who takes the time to respond I know it can feel eerie to read I just don't want to be in denial. What's the correct term to describe the situation?","mnm54f sexualassault was I sexual assaulted? quincybabymomma /r/sexualassault/comments/mnm54f/was_i_sexual_assaulted/ &gt;{ I apologize for being too specific but hopefully someone can understand.} Starting from when I was about 6/7 years old, I would constantly visit my parents home country every summer to see family. My cousin was 20/21 at the time. He was my absolute favorite cousin so I easily grew a family bond with him. We would watch movies and play video games in his room. My cousin would slowly expose me to the sexual world the more I was around him. He would sneakily show me porn, touch my private parts while I sat on his lap, crawl into my bed and perform oral and have me do it to him. I didn't think anything of it but I knew it was supposed to be sneaky.  
&gt;  
&gt;I just thought what we were doing was supposed to be playfulness fun. I didn't think it was malicious intended. I was not properly learned about sex education yet. The last ever time he touched me was when I was 10, I woke up to him staring at me with my pants gone &amp; a hickey on my chest ( I remember feeling disgusted and actually old enough to know what he did was odd.) I finally came to realization that what he doing was wrong and disgusting. I suddenly became so angry and rude to him ( he made my family look at me like a bad/rude cousin because of my attitude) They knew nothing about it. It stopped because I think he realized I was too old and aware.  
&gt;  
&gt;For years ive felt so guilty because why didn't I FEEL abused or disgust when it was happening? was it bc I was too young? did he groom me? is this considered sexual assault? I know I was too young to consent but I don't fully understand. Im 18 now and there's not a day of where I stare into confusion and think about it. (note: Ive been addicted to pornography for years since he exposed me to it) . I appreciate any feedback/questions or anyone who takes the time to respond I know it can feel eerie to read I just don't want to be in denial. What's the correct term to describe the situation?",['\\bconsider(?:ed)?\\s+(?:it\\s+)?(?:sa|sexual\\s+assault)\\b'],"['\\bassault\\b', '\\bsexual(?:ly)?\\s+assault(?:ed|s|ing)?\\b', '\\bconsider(?:ed)?\\s+(?:it\\s+)?(?:sa|sexual\\s+assault)\\b']"
mdf0d9,sexualassault,I think I was raped. TW,BitchinUsernam3,3,2,False,0,1616726896,/r/sexualassault/comments/mdf0d9/i_think_i_was_raped_tw/,"
So, I’ve never really discussed this with anyone in depth. Mainly because I don’t know what to classify what happened to me. 
Basically, back in 2016 my then infant son’s dad and I split up. 
It had been a long time coming. To be frank he’s kind of just a loser with no motivation and no drive. Everything is someone else’s fault, type of person. 
Anyway, after my son was born, I lost all interest in sex. I couldn’t tell you exactly why, I just did. I was suffering from severe postpartum depression and I was desperately trying to get myself some help. Sex was just the furthest thing from my mind. Also, I just lost interest in my “partner”, altogether. This was a huge source of contention between us. He’d always try and initiate even when I made it clear verbally and through my actions that I’m not interested. He’d belittle my feelings about sex by saying stuff like, “well, you’ll get back to it. Your hormones are just out of whack and you just don’t realize you actually want it.” Or some bullshit mansplainy “well, my friends who’s girlfriends have had babies say that once your hormones calm down, you’ll get a rush where all you want is sex. It’ll come back.” 
Which is just stupid. I knew I was struggling. I knew there were probably many reasons why my sex drive was low. However I also knew that I just simply had no desire for him in particular. 
I had to have a painfully honest conversation with him because it just wasn’t working out and it never would. I did not love him, I was unhappy, and I was no longer attracted to him in any way. 
Although I was honest with him, I was very tactful about it. I didn’t want to obliterate his feelings because I know how hard it’d be to hear that. 
He was devastated and I felt terrible but I stood firm. 
I did not want my son to grow up with two parents who stayed together for him, but hate each other. He should have two happy parents even if they are separated. 
At this point I had every intention of making co-parenting as easy as possible. I wanted him to see his son as often as possible. 
So, it was Easter night. My son’s first Easter. Of course I wanted his dad to be a part of it. At the time I was living with my parents. So, I invited him over to our festivities. He wanted desperately to stay the night because he hadn’t seen him in awhile. 
So I felt like I couldn’t say no. Because I was in my parents house, my son and I shared a room. 
My ex and I were friendly at the time and everything seemed normal. A good friendship despite us not being together. So, as stupid as it was and as much of a mistake that it became, I let him share the bed with me. 

TW if you’re still reading, I’ll be describing what happened. 

My son is sleeping in his crib on the other side of the room. My ex and I are in my bed watching family guy. 
He knew 100% how I felt about us. And that is that I did NOT want that to happen. He also knew at this point my stance with sex in general. 

I’m on my side of the bed, him on the other. Laughing at the show. No cuddling, no flirting, no indication it was anything other than I’m allowing him to stay the night. Which he also knew I was feeling weird about that to begin with. 

I say I’m going to sleep. 
I go to sleep. He’s still watching tv 
I get woken up from him taking my pants off. I’m groggy and confused because I was in a deep sleep. He said “you were making moaning noises in your sleep so I know you want it.” 
And then he’s...having sex with me. 
I didn’t even know what to do. I was stunned. I was confused. I didn’t know what to do. I just remember staring at the pattern on my ceiling and focusing on the tv sound. 
I refused to look at him. 
I didn’t move an inch. I played dead essentially. He tried to kiss me and I kept my eyes straight at that spot on the ceiling. My jaw was clenched so tight I could hear the tension in my ears. 

He didn’t use a condom and he didn’t pull out. 
When he was done he got off me picked up my towel I had hanging on my closet door and he tossed it to me and said to clean up. 

I was still just...idk, in shock? 
I stood up to clean myself and as I was doing this, it all suddenly clicked and I flew into a rage and I pushed him and told him to get the fuck out of my house. He acted totally confused and made it seem like I was crazy. 

My son was sleeping just feet away when he did this. 

I’ve struggled with this. Terribly. I felt so unbelievably disgusting for so long. I felt ruined. I felt used. I felt like his touch was permanently branded into my skin. 
I hated him. I hate him now. 
I tried to continue to co parent with him for my son. I was never friendly with him again. I was cold and formal. 
He never got his act together. And now he’s currently a meth addict and hasn’t had contact with me about seeing his son in years. I prefer it that way. And as fucked up as it is, I pray all the time that he gets arrested for something so that I know he can’t just show up in my life again. 

I struggle with what happened because I didn’t say no. 
However, he did know we were NOT together and would NOT be getting back together. He knew my discomfort in allowing him to stay the night that night, but made me feel like I was keeping him from his son. He KNEW how I felt about sex and how I felt about him in that way, due to our entire breakup conversation. 
I don’t feel like I lead him on. I certainly didn’t feel anything romantic about him. 
Also, I was asleep when he was getting me undressed. 
It was a probably 5 minutes tops. But it felt like hours. 
That 5 minutes and left me feeling a lifetime of regret for ever letting him come over that day. 
I now have to live with that disgust. I now have to learn to be able to embrace a healthy sexuality and sexual life again. After I was already feeling uninterested in sex, he just took even more from me. Now I’m 26 and I don’t know how I’m ever going to be able to trust a man enough to be intimate. 
The thought of sharing my bed with a guy makes my skin crawl. 

I don’t know if I can call this rape. But I know it sure as hell felt like it.","mdf0d9 sexualassault I think I was raped. TW BitchinUsernam3 /r/sexualassault/comments/mdf0d9/i_think_i_was_raped_tw/ 
So, I’ve never really discussed this with anyone in depth. Mainly because I don’t know what to classify what happened to me. 
Basically, back in 2016 my then infant son’s dad and I split up. 
It had been a long time coming. To be frank he’s kind of just a loser with no motivation and no drive. Everything is someone else’s fault, type of person. 
Anyway, after my son was born, I lost all interest in sex. I couldn’t tell you exactly why, I just did. I was suffering from severe postpartum depression and I was desperately trying to get myself some help. Sex was just the furthest thing from my mind. Also, I just lost interest in my “partner”, altogether. This was a huge source of contention between us. He’d always try and initiate even when I made it clear verbally and through my actions that I’m not interested. He’d belittle my feelings about sex by saying stuff like, “well, you’ll get back to it. Your hormones are just out of whack and you just don’t realize you actually want it.” Or some bullshit mansplainy “well, my friends who’s girlfriends have had babies say that once your hormones calm down, you’ll get a rush where all you want is sex. It’ll come back.” 
Which is just stupid. I knew I was struggling. I knew there were probably many reasons why my sex drive was low. However I also knew that I just simply had no desire for him in particular. 
I had to have a painfully honest conversation with him because it just wasn’t working out and it never would. I did not love him, I was unhappy, and I was no longer attracted to him in any way. 
Although I was honest with him, I was very tactful about it. I didn’t want to obliterate his feelings because I know how hard it’d be to hear that. 
He was devastated and I felt terrible but I stood firm. 
I did not want my son to grow up with two parents who stayed together for him, but hate each other. He should have two happy parents even if they are separated. 
At this point I had every intention of making co-parenting as easy as possible. I wanted him to see his son as often as possible. 
So, it was Easter night. My son’s first Easter. Of course I wanted his dad to be a part of it. At the time I was living with my parents. So, I invited him over to our festivities. He wanted desperately to stay the night because he hadn’t seen him in awhile. 
So I felt like I couldn’t say no. Because I was in my parents house, my son and I shared a room. 
My ex and I were friendly at the time and everything seemed normal. A good friendship despite us not being together. So, as stupid as it was and as much of a mistake that it became, I let him share the bed with me. 

TW if you’re still reading, I’ll be describing what happened. 

My son is sleeping in his crib on the other side of the room. My ex and I are in my bed watching family guy. 
He knew 100% how I felt about us. And that is that I did NOT want that to happen. He also knew at this point my stance with sex in general. 

I’m on my side of the bed, him on the other. Laughing at the show. No cuddling, no flirting, no indication it was anything other than I’m allowing him to stay the night. Which he also knew I was feeling weird about that to begin with. 

I say I’m going to sleep. 
I go to sleep. He’s still watching tv 
I get woken up from him taking my pants off. I’m groggy and confused because I was in a deep sleep. He said “you were making moaning noises in your sleep so I know you want it.” 
And then he’s...having sex with me. 
I didn’t even know what to do. I was stunned. I was confused. I didn’t know what to do. I just remember staring at the pattern on my ceiling and focusing on the tv sound. 
I refused to look at him. 
I didn’t move an inch. I played dead essentially. He tried to kiss me and I kept my eyes straight at that spot on the ceiling. My jaw was clenched so tight I could hear the tension in my ears. 

He didn’t use a condom and he didn’t pull out. 
When he was done he got off me picked up my towel I had hanging on my closet door and he tossed it to me and said to clean up. 

I was still just...idk, in shock? 
I stood up to clean myself and as I was doing this, it all suddenly clicked and I flew into a rage and I pushed him and told him to get the fuck out of my house. He acted totally confused and made it seem like I was crazy. 

My son was sleeping just feet away when he did this. 

I’ve struggled with this. Terribly. I felt so unbelievably disgusting for so long. I felt ruined. I felt used. I felt like his touch was permanently branded into my skin. 
I hated him. I hate him now. 
I tried to continue to co parent with him for my son. I was never friendly with him again. I was cold and formal. 
He never got his act together. And now he’s currently a meth addict and hasn’t had contact with me about seeing his son in years. I prefer it that way. And as fucked up as it is, I pray all the time that he gets arrested for something so that I know he can’t just show up in my life again. 

I struggle with what happened because I didn’t say no. 
However, he did know we were NOT together and would NOT be getting back together. He knew my discomfort in allowing him to stay the night that night, but made me feel like I was keeping him from his son. He KNEW how I felt about sex and how I felt about him in that way, due to our entire breakup conversation. 
I don’t feel like I lead him on. I certainly didn’t feel anything romantic about him. 
Also, I was asleep when he was getting me undressed. 
It was a probably 5 minutes tops. But it felt like hours. 
That 5 minutes and left me feeling a lifetime of regret for ever letting him come over that day. 
I now have to live with that disgust. I now have to learn to be able to embrace a healthy sexuality and sexual life again. After I was already feeling uninterested in sex, he just took even more from me. Now I’m 26 and I don’t know how I’m ever going to be able to trust a man enough to be intimate. 
The thought of sharing my bed with a guy makes my skin crawl. 

I don’t know if I can call this rape. But I know it sure as hell felt like it.","[""\\bi\\s+didn[’']t\\s+say\\s+no\\b""]","['\\bpartner\\b', ""\\bi\\s+didn[’']t\\s+say\\s+no\\b"", ""\\bi\\s+didn[’']t\\s+know\\b"", '\\bidk+k*\\b', ""\\bi\\s+don[’']t\\s+know\\b"", '\\brape\\b']"
mcsdlq,sexualassault,Does this count as sexual assault?,Foreign-Ad-9771,1,3,False,0,1616656366,/r/sexualassault/comments/mcsdlq/does_this_count_as_sexual_assault/,This happened about five years ago but I was at a party with friends and went into the bathroom with one of the guys there. I ended up giving him a blowjob. I was very drunk and he was the only sober person in the group. It’s come up recently and I’ve realized I have absolutely no clue if that counts or not. I know it wasn’t right and I guess I’m just looking to put a name to the experience.,mcsdlq sexualassault Does this count as sexual assault? Foreign-Ad-9771 /r/sexualassault/comments/mcsdlq/does_this_count_as_sexual_assault/ This happened about five years ago but I was at a party with friends and went into the bathroom with one of the guys there. I ended up giving him a blowjob. I was very drunk and he was the only sober person in the group. It’s come up recently and I’ve realized I have absolutely no clue if that counts or not. I know it wasn’t right and I guess I’m just looking to put a name to the experience.,['\\bdoes\\s+this\\s+count\\s+as\\s+(?:sa|sexual\\s+assault)\\b'],"['\\bdoes\\s+this\\s+count\\s+as\\s+(?:sa|sexual\\s+assault)\\b', '\\bassault\\b', '\\bsexual(?:ly)?\\s+assault(?:ed|s|ing)?\\b']"
m8gqu3,sexualassault,I’m realizing 6 months later that I may have been assaulted.,rexmcl,5,4,False,0,1616158901,/r/sexualassault/comments/m8gqu3/im_realizing_6_months_later_that_i_may_have_been/,"I am a 19-year-old female. It’s worth noting that when I was 12, I experienced sexual assault. I assumed that after being raped I’d be able to tell the next time that it happened. In September 2020 I was catching up with an old friend (22M) and we ended up having consensual sex. I spent the night at his house and in the morning I remember having a really bad dream and then waking up to him penetrating me with his fingers. I tried to get in the mood as soon as I woke up because I didn’t know what to do but when I couldn’t get wet and started disassociating I just drove home. At the time I thought he was a nice guy still and thought that he probably assumed that I was awake, maybe the nightmare I was having had me making sounds so he thought I was awake. Now six months later I feel really violated that a man penetrated me while I was sleeping. Was this sexual assault? Does it count if I realized 6 months later what happened? I’m absolutely reeling because so many people in my life know this person, and I will likely see him again many times. I don’t know if I could consider this rape, but now looking back I do feel incredibly violated that someone would touch me while I wasn’t awake.","m8gqu3 sexualassault I’m realizing 6 months later that I may have been assaulted. rexmcl /r/sexualassault/comments/m8gqu3/im_realizing_6_months_later_that_i_may_have_been/ I am a 19-year-old female. It’s worth noting that when I was 12, I experienced sexual assault. I assumed that after being raped I’d be able to tell the next time that it happened. In September 2020 I was catching up with an old friend (22M) and we ended up having consensual sex. I spent the night at his house and in the morning I remember having a really bad dream and then waking up to him penetrating me with his fingers. I tried to get in the mood as soon as I woke up because I didn’t know what to do but when I couldn’t get wet and started disassociating I just drove home. At the time I thought he was a nice guy still and thought that he probably assumed that I was awake, maybe the nightmare I was having had me making sounds so he thought I was awake. Now six months later I feel really violated that a man penetrated me while I was sleeping. Was this sexual assault? Does it count if I realized 6 months later what happened? I’m absolutely reeling because so many people in my life know this person, and I will likely see him again many times. I don’t know if I could consider this rape, but now looking back I do feel incredibly violated that someone would touch me while I wasn’t awake.",['\\bwas\\s+this\\s+(?:sa|sexual\\s+assault)\\b'],"[""\\bi\\s+didn[’']t\\s+know\\b"", ""\\bi\\s+don[’']t\\s+know\\b"", '\\bwas\\s+this\\s+(?:sa|sexual\\s+assault)\\b', '\\bassault\\b', '\\brape\\b', '\\bfriend\\b', '\\bsexual(?:ly)?\\s+assault(?:ed|s|ing)?\\b']"
ly81e4,sexualassault,"[M]A girl grabbed, rubbed and shoved her face into my penis. Even when i told her not to.",monke897,5,10,True,4,1614935409,/r/sexualassault/comments/ly81e4/ma_girl_grabbed_rubbed_and_shoved_her_face_into/,"
Let me start off by giving backstory. When i was 13-14 in the 8th grade the “weird” girl used to talk to me a lot. I had a “girlfriend” at the time (i put quotes cause it was only a few months and not really a real relationship by any means ). 
Regardless, I never believed she was weird she just was lonely and had some odd hobbies. I felt bad for her she never had anyone to eat with or talk to. So i slowly let her into my friend group at the time. She fit pretty nicely. She was kinda into the same things as we were at the time and it was nice to have a tomboy ish girl in our friend group you know? 
Anyways, she kept getting closer to me which i didn’t appreciate and made clear to her that i didn’t like it. Anyways, after a while it was pretty clear she started to like me. I told her that i had a girlfriend and wasn’t interested and think we shouldn’t ruin our friendship trying to be nice. She didn’t really get the message. About a month or two later she tried to on my lap “jokingly”. I kinda lightly pushed her off of me by the middle of her back. And she looked hurt that i didn’t go with it but it wasn’t awkward or anything i just laughed it off. 

Fast forward to a Christmas party we were having. We were all at school after dark for a Christmas party. It was fun. It was just the normal 8th grade party haha. Chips, pizza, a movie. And we also were aloud to free roam on campus. You can imagine that not many people were watching the movie. So me, my two guy friends and her were over on these benches eating and talking. Then she put her hand on my thigh. To which i picked it up and removed it lmao. But she persisted this time rubbing my penis. I didn’t really enjoy this at all. I told her to stop and she kinda grabbed it. And told me i was hard so i must be liking it. (I wasn’t even hard i was honestly kinda disgusted) and i felt a little frozen. But it all happened so quick. In the frame of maybe 10-30 seconds. I kinda snap out of my frozen state after what i believe was 30 seconds. And i grabbed her hand and removed it . And kinda just whispered for her to stop and i won’t make a scene or anything. Then maybe 30 mins to an hour later we had moved on from that whole incident. My friends hadn’t known abt what she had done yet. Then we kinda were just walking and found a new place to sit. However this time it was kinda just a grassy area and we were just sitting down on the grass looking at the stars and talking about some dumb stuff. That’s when she got closer to me again. And i don’t really remember how she made the leap to this but within 10 seconds she had her head buried into my crouch. And i pulled her head up just confused and upset. My head felt foggy and i just got up and went. One of my friends followed. I told him the story and he said “that’s just what girls do you should’ve laughed and went along with it.” And i just kinda was told that by everyone until i eventually believed it myself tbh. 

~~~~~~~~~~

This doesn’t bother me too much. I try not to think abt it. But still. Is this sexual assault or just a little bit of a weird girl doing what girls do?","ly81e4 sexualassault [M]A girl grabbed, rubbed and shoved her face into my penis. Even when i told her not to. monke897 /r/sexualassault/comments/ly81e4/ma_girl_grabbed_rubbed_and_shoved_her_face_into/ 
Let me start off by giving backstory. When i was 13-14 in the 8th grade the “weird” girl used to talk to me a lot. I had a “girlfriend” at the time (i put quotes cause it was only a few months and not really a real relationship by any means ). 
Regardless, I never believed she was weird she just was lonely and had some odd hobbies. I felt bad for her she never had anyone to eat with or talk to. So i slowly let her into my friend group at the time. She fit pretty nicely. She was kinda into the same things as we were at the time and it was nice to have a tomboy ish girl in our friend group you know? 
Anyways, she kept getting closer to me which i didn’t appreciate and made clear to her that i didn’t like it. Anyways, after a while it was pretty clear she started to like me. I told her that i had a girlfriend and wasn’t interested and think we shouldn’t ruin our friendship trying to be nice. She didn’t really get the message. About a month or two later she tried to on my lap “jokingly”. I kinda lightly pushed her off of me by the middle of her back. And she looked hurt that i didn’t go with it but it wasn’t awkward or anything i just laughed it off. 

Fast forward to a Christmas party we were having. We were all at school after dark for a Christmas party. It was fun. It was just the normal 8th grade party haha. Chips, pizza, a movie. And we also were aloud to free roam on campus. You can imagine that not many people were watching the movie. So me, my two guy friends and her were over on these benches eating and talking. Then she put her hand on my thigh. To which i picked it up and removed it lmao. But she persisted this time rubbing my penis. I didn’t really enjoy this at all. I told her to stop and she kinda grabbed it. And told me i was hard so i must be liking it. (I wasn’t even hard i was honestly kinda disgusted) and i felt a little frozen. But it all happened so quick. In the frame of maybe 10-30 seconds. I kinda snap out of my frozen state after what i believe was 30 seconds. And i grabbed her hand and removed it . And kinda just whispered for her to stop and i won’t make a scene or anything. Then maybe 30 mins to an hour later we had moved on from that whole incident. My friends hadn’t known abt what she had done yet. Then we kinda were just walking and found a new place to sit. However this time it was kinda just a grassy area and we were just sitting down on the grass looking at the stars and talking about some dumb stuff. That’s when she got closer to me again. And i don’t really remember how she made the leap to this but within 10 seconds she had her head buried into my crouch. And i pulled her head up just confused and upset. My head felt foggy and i just got up and went. One of my friends followed. I told him the story and he said “that’s just what girls do you should’ve laughed and went along with it.” And i just kinda was told that by everyone until i eventually believed it myself tbh. 

~~~~~~~~~~

This doesn’t bother me too much. I try not to think abt it. But still. Is this sexual assault or just a little bit of a weird girl doing what girls do?",['\\bis\\s+this\\s+(?:sa|sexual\\s+assault)\\b'],"['\\bis\\s+this\\s+(?:sa|sexual\\s+assault)\\b', '\\bgirlfriend\\b', '\\bassault\\b', '\\bfriend\\b', '\\bsexual(?:ly)?\\s+assault(?:ed|s|ing)?\\b']"
ly67h3,sexualassault,Is this still considered sexual assault?,chocochipyum,2,2,False,0,1614927181,/r/sexualassault/comments/ly67h3/is_this_still_considered_sexual_assault/,"when I was around 4-5 years old my cousin of 7-8 years old came over to visit since he lives in another state. I was a very very innocent child and had pure thoughts I didn’t know anything about kissing or things like that. but even then I still knew it was wrong what he was doing to me and I have vivid memories. My cousin forced me to kiss him and I would even hide from him and while I was doing the bathroom he would come in and tell me to take off my pants and I would cry and tell him no and run. I even have a memory of him locking me in my parents room and he took off my clothes and pulled me under the bed with him and he would force me to kiss him and I just remember crying while it happened. I was very petite and weak so I remember him being way stronger than I was. Now I’m 16 and think about it and feel so much anger and sadness that he took my innocent thinking. I don’t have a memory of him putting himself inside me but he still kissed me and took all my clothes off and touched me. Then I remember that he was only 7-8 and I feel like I invalidate my own feelings of anger and sadness. but I still feel so gross that he touched me like that and in 9th grade I just barely started being okay with people touching me. I’m just so confused if I even have a right to feel this way.

and sorry for the bad grammar, i’m not really concerned for that right now..","ly67h3 sexualassault Is this still considered sexual assault? chocochipyum /r/sexualassault/comments/ly67h3/is_this_still_considered_sexual_assault/ when I was around 4-5 years old my cousin of 7-8 years old came over to visit since he lives in another state. I was a very very innocent child and had pure thoughts I didn’t know anything about kissing or things like that. but even then I still knew it was wrong what he was doing to me and I have vivid memories. My cousin forced me to kiss him and I would even hide from him and while I was doing the bathroom he would come in and tell me to take off my pants and I would cry and tell him no and run. I even have a memory of him locking me in my parents room and he took off my clothes and pulled me under the bed with him and he would force me to kiss him and I just remember crying while it happened. I was very petite and weak so I remember him being way stronger than I was. Now I’m 16 and think about it and feel so much anger and sadness that he took my innocent thinking. I don’t have a memory of him putting himself inside me but he still kissed me and took all my clothes off and touched me. Then I remember that he was only 7-8 and I feel like I invalidate my own feelings of anger and sadness. but I still feel so gross that he touched me like that and in 9th grade I just barely started being okay with people touching me. I’m just so confused if I even have a right to feel this way.

and sorry for the bad grammar, i’m not really concerned for that right now..",['\\bconsider(?:ed)?\\s+(?:it\\s+)?(?:sa|sexual\\s+assault)\\b'],"[""\\bi\\s+didn[’']t\\s+know\\b"", '\\bassault\\b', '\\bsexual(?:ly)?\\s+assault(?:ed|s|ing)?\\b', '\\bconsider(?:ed)?\\s+(?:it\\s+)?(?:sa|sexual\\s+assault)\\b']"
ly67h3,sexualassault,Is this still considered sexual assault?,chocochipyum,2,2,False,0,1614927181,/r/sexualassault/comments/ly67h3/is_this_still_considered_sexual_assault/,"when I was around 4-5 years old my cousin of 7-8 years old came over to visit since he lives in another state. I was a very very innocent child and had pure thoughts I didn’t know anything about kissing or things like that. but even then I still knew it was wrong what he was doing to me and I have vivid memories. My cousin forced me to kiss him and I would even hide from him and while I was doing the bathroom he would come in and tell me to take off my pants and I would cry and tell him no and run. I even have a memory of him locking me in my parents room and he took off my clothes and pulled me under the bed with him and he would force me to kiss him and I just remember crying while it happened. I was very petite and weak so I remember him being way stronger than I was. Now I’m 16 and think about it and feel so much anger and sadness that he took my innocent thinking. I don’t have a memory of him putting himself inside me but he still kissed me and took all my clothes off and touched me. Then I remember that he was only 7-8 and I feel like I invalidate my own feelings of anger and sadness. but I still feel so gross that he touched me like that and in 9th grade I just barely started being okay with people touching me. I’m just so confused if I even have a right to feel this way.

and sorry for the bad grammar, i’m not really concerned for that right now..","ly67h3 sexualassault Is this still considered sexual assault? chocochipyum /r/sexualassault/comments/ly67h3/is_this_still_considered_sexual_assault/ when I was around 4-5 years old my cousin of 7-8 years old came over to visit since he lives in another state. I was a very very innocent child and had pure thoughts I didn’t know anything about kissing or things like that. but even then I still knew it was wrong what he was doing to me and I have vivid memories. My cousin forced me to kiss him and I would even hide from him and while I was doing the bathroom he would come in and tell me to take off my pants and I would cry and tell him no and run. I even have a memory of him locking me in my parents room and he took off my clothes and pulled me under the bed with him and he would force me to kiss him and I just remember crying while it happened. I was very petite and weak so I remember him being way stronger than I was. Now I’m 16 and think about it and feel so much anger and sadness that he took my innocent thinking. I don’t have a memory of him putting himself inside me but he still kissed me and took all my clothes off and touched me. Then I remember that he was only 7-8 and I feel like I invalidate my own feelings of anger and sadness. but I still feel so gross that he touched me like that and in 9th grade I just barely started being okay with people touching me. I’m just so confused if I even have a right to feel this way.

and sorry for the bad grammar, i’m not really concerned for that right now..",['\\bconsider(?:ed)?\\s+(?:it\\s+)?(?:sa|sexual\\s+assault)\\b'],"[""\\bi\\s+didn[’']t\\s+know\\b"", '\\bassault\\b', '\\bsexual(?:ly)?\\s+assault(?:ed|s|ing)?\\b', '\\bconsider(?:ed)?\\s+(?:it\\s+)?(?:sa|sexual\\s+assault)\\b']"
lrjpp0,sexualassault,Was This Sexual Assault?,haribogummybears0225,3,2,False,0,1614191174,/r/sexualassault/comments/lrjpp0/was_this_sexual_assault/,"A few months ago, I hung out with a guy that I was really close friends with. He didn't tell me he was going to bring alcohol, but when we met and he showed me, I willingly drank with him. We both got drunk. If this context helps, I had never drank before and he had. He ended up on top of me and things happened. I wasn't sure what was happening at the time because I was about half-conscious, and I don't remember saying anything (yes or no). My memories to this day are still foggy. When he heard someone coming, I was told later that he heard and ran away. I was found on the ground. I'm not sure if him being conscious enough to realize and run means anything. Is this actual sexual assault considering he was drunk as well?","lrjpp0 sexualassault Was This Sexual Assault? haribogummybears0225 /r/sexualassault/comments/lrjpp0/was_this_sexual_assault/ A few months ago, I hung out with a guy that I was really close friends with. He didn't tell me he was going to bring alcohol, but when we met and he showed me, I willingly drank with him. We both got drunk. If this context helps, I had never drank before and he had. He ended up on top of me and things happened. I wasn't sure what was happening at the time because I was about half-conscious, and I don't remember saying anything (yes or no). My memories to this day are still foggy. When he heard someone coming, I was told later that he heard and ran away. I was found on the ground. I'm not sure if him being conscious enough to realize and run means anything. Is this actual sexual assault considering he was drunk as well?",['\\bwas\\s+this\\s+(?:sa|sexual\\s+assault)\\b'],"[""\\bi[’']?m\\s+not\\s+sure\\b"", '\\bwas\\s+this\\s+(?:sa|sexual\\s+assault)\\b', '\\bassault\\b', ""\\bi\\s+wasn[’']t\\s+sure\\b"", '\\bsexual(?:ly)?\\s+assault(?:ed|s|ing)?\\b']"
lmsnrm,sexualassault,Am i being dramatic?,ManicPixieWench,6,11,True,4,1613670824,/r/sexualassault/comments/lmsnrm/am_i_being_dramatic/,"TW POTENTIAL SA INVOLVING MINOR I’m 17 and my boyfriend at the time was 18. He knew I had never had sex before, but I was excited and wanted to do it with him. Hed always been good about asking if I was comfortable, but now i wonder if it was just a facade and only to gain my trust. I gave consent. He started to hurt me terribly. In my exact words, I said, “hang on, you’re really hurting me.” He didn’t say anything, he just continued. I froze out of fear, but tried to stay engaged so he wouldn’t do anything out of anger. He has troubles with anger, though he’d never directed them at me before. He finished inside me without asking and without a condom. I’m on birth control, thank god. I was in pain and bleeding for a week afterwards. He said he assumed it was fine (it wasn’t). Though we aren’t together anymore, I’m left with PTSD, my anxiety is exacerbated from before, I never feel safe around men, and I have trouble with any intimacy even though this happened months ago. Was this really an instance of assault, or am I just upset the way this encounter panned out? I’m struggling to figure out what my next steps are and if it’s worth even going through. My therapist said she had to report it to the state social work department because it was an instance of abuse to a minor, and the social workers did reach out. I still have trouble even believing if it was assault or abuse, but it did take a severe psychological toll. I was disgusted with myself for a long time. A friend of mine studying law said I could likely sue for emotional distress, but not assault because of the time since the incident. His family has lots of money and have easily gotten him out of charges before. I guess I’m just discouraged and wondering if these feelings are valid.","lmsnrm sexualassault Am i being dramatic? ManicPixieWench /r/sexualassault/comments/lmsnrm/am_i_being_dramatic/ TW POTENTIAL SA INVOLVING MINOR I’m 17 and my boyfriend at the time was 18. He knew I had never had sex before, but I was excited and wanted to do it with him. Hed always been good about asking if I was comfortable, but now i wonder if it was just a facade and only to gain my trust. I gave consent. He started to hurt me terribly. In my exact words, I said, “hang on, you’re really hurting me.” He didn’t say anything, he just continued. I froze out of fear, but tried to stay engaged so he wouldn’t do anything out of anger. He has troubles with anger, though he’d never directed them at me before. He finished inside me without asking and without a condom. I’m on birth control, thank god. I was in pain and bleeding for a week afterwards. He said he assumed it was fine (it wasn’t). Though we aren’t together anymore, I’m left with PTSD, my anxiety is exacerbated from before, I never feel safe around men, and I have trouble with any intimacy even though this happened months ago. Was this really an instance of assault, or am I just upset the way this encounter panned out? I’m struggling to figure out what my next steps are and if it’s worth even going through. My therapist said she had to report it to the state social work department because it was an instance of abuse to a minor, and the social workers did reach out. I still have trouble even believing if it was assault or abuse, but it did take a severe psychological toll. I was disgusted with myself for a long time. A friend of mine studying law said I could likely sue for emotional distress, but not assault because of the time since the incident. His family has lots of money and have easily gotten him out of charges before. I guess I’m just discouraged and wondering if these feelings are valid.",['\\bif\\s+it\\s+was\\s+assault\\b'],"['\\bif\\s+it\\s+was\\s+assault\\b', '\\bboyfriend\\b', '\\bsa\\b', '\\bassault\\b', '\\bfriend\\b']"
llfv69,sexualassault,I didn't realise I was assaulted until I told somebody else what happened.,gia_99,31,8,True,4,1613515912,/r/sexualassault/comments/llfv69/i_didnt_realise_i_was_assaulted_until_i_told/,"About a year and a half a go I matched with this guy, J, on a dating app. We messaged for a bit and then met up at a bar for drinks. He was really charming and had this way about him that just made you feel attractive and wanted. We kissed a few times and throughout the date he kept pressuring me to go back to his place but I refused. Instead I went home but we continued to message for another week or so until we arranged a second date. 

This time we went out for lunch, J was once again extremely charming, paid for my food and told me he missed me. I agreed to go back to his place after lunch and he led me upstairs to his bedroom. We kissed again and he pushed me down on his bed. I told him firmly that I would not have sex with him so instead he said ""how about a shirt for a shirt?"" Before I could answer J took off his shirt and tried to take off mine. I struggled against him but then he tried to make me feel guilty, like my silence had somehow consented to his bargain. He pulled off my shirt and unhooked my bra. He kept kissing me and touching me, calling me sexy and making it seem like I wanted it.

He then grabbed my hand and put it down his pants asking me to touch him. He removed the rest of his clothes and the next thing I was taking him in my mouth. He tried to undo my belt and touch me between my legs but I grabbed his hand and managed to push him off. I put my top back on, he helped me put my necklace on, gently kissing my neck. I got an uber home and that was that. 

Shortly after I was talking to my housemate, H, about what happened with the last guy I dated. I told him this story, in my mind I believed it wasn't assault- he hadn't raped me or anything. H pointed out that I didn't consent to what he did to me. I think my brain as a way of coping with what happened made me believe it was normal, that somehow I wanted it. Looking back I now see that I said 'no' multiple times and was coerced into it. 

I'm glad H made me aware of what happened, telling someone made me realise that it was serious and no matter what happened, everyone's assault story is valid regardless of severity.","llfv69 sexualassault I didn't realise I was assaulted until I told somebody else what happened. gia_99 /r/sexualassault/comments/llfv69/i_didnt_realise_i_was_assaulted_until_i_told/ About a year and a half a go I matched with this guy, J, on a dating app. We messaged for a bit and then met up at a bar for drinks. He was really charming and had this way about him that just made you feel attractive and wanted. We kissed a few times and throughout the date he kept pressuring me to go back to his place but I refused. Instead I went home but we continued to message for another week or so until we arranged a second date. 

This time we went out for lunch, J was once again extremely charming, paid for my food and told me he missed me. I agreed to go back to his place after lunch and he led me upstairs to his bedroom. We kissed again and he pushed me down on his bed. I told him firmly that I would not have sex with him so instead he said ""how about a shirt for a shirt?"" Before I could answer J took off his shirt and tried to take off mine. I struggled against him but then he tried to make me feel guilty, like my silence had somehow consented to his bargain. He pulled off my shirt and unhooked my bra. He kept kissing me and touching me, calling me sexy and making it seem like I wanted it.

He then grabbed my hand and put it down his pants asking me to touch him. He removed the rest of his clothes and the next thing I was taking him in my mouth. He tried to undo my belt and touch me between my legs but I grabbed his hand and managed to push him off. I put my top back on, he helped me put my necklace on, gently kissing my neck. I got an uber home and that was that. 

Shortly after I was talking to my housemate, H, about what happened with the last guy I dated. I told him this story, in my mind I believed it wasn't assault- he hadn't raped me or anything. H pointed out that I didn't consent to what he did to me. I think my brain as a way of coping with what happened made me believe it was normal, that somehow I wanted it. Looking back I now see that I said 'no' multiple times and was coerced into it. 

I'm glad H made me aware of what happened, telling someone made me realise that it was serious and no matter what happened, everyone's assault story is valid regardless of severity.","[""\\bi\\s+didn[’']t\\s+consent\\b""]","[""\\bi\\s+didn[’']t\\s+consent\\b"", '\\bassault\\b']"
ll97fe,sexualassault,was this sexual assault,[deleted],0,3,False,0,1613497492,/r/sexualassault/comments/ll97fe/was_this_sexual_assault/,"my boyfriend and i rented out a hotel room on valentine’s day and then we started drinking. I’m pretty much a light weight and i didn’t eat anything so i was pretty gone. He wasn’t rlly gone yet he was just slightly tipsy. Usually whenever we have sex we make out and do calmer stuff first to get into it. he pushed me on the bed and tried putting his dick in me right away and i was kinda confused cuz he didn’t have a condom which we’ve done before but i was kinda worried he started penetrating so i crawled away from him and i just felt dizzy and confused. i don’t remember everything 100 precent because of the alchohal. He tried grabbing me and penetrating again but i moved away. he then asked me if i was ok and i was i was just confused and kinda in a weird state. then he told me ""remember when u wanted to have sex sideways while sleepy” cuz i meantioned how morning sex turned me on once then he just started penetrating again and i don’t remember everything but he told me we were going at it for an hour and after he finished i started crying. later he asked me oh if ur that drunk can i still have sex with u and i said idk every time is different. was this sexual assult or no.","ll97fe sexualassault was this sexual assault [deleted] /r/sexualassault/comments/ll97fe/was_this_sexual_assault/ my boyfriend and i rented out a hotel room on valentine’s day and then we started drinking. I’m pretty much a light weight and i didn’t eat anything so i was pretty gone. He wasn’t rlly gone yet he was just slightly tipsy. Usually whenever we have sex we make out and do calmer stuff first to get into it. he pushed me on the bed and tried putting his dick in me right away and i was kinda confused cuz he didn’t have a condom which we’ve done before but i was kinda worried he started penetrating so i crawled away from him and i just felt dizzy and confused. i don’t remember everything 100 precent because of the alchohal. He tried grabbing me and penetrating again but i moved away. he then asked me if i was ok and i was i was just confused and kinda in a weird state. then he told me ""remember when u wanted to have sex sideways while sleepy” cuz i meantioned how morning sex turned me on once then he just started penetrating again and i don’t remember everything but he told me we were going at it for an hour and after he finished i started crying. later he asked me oh if ur that drunk can i still have sex with u and i said idk every time is different. was this sexual assult or no.",['\\bwas\\s+this\\s+(?:sa|sexual\\s+assault)\\b'],"['\\bboyfriend\\b', '\\bidk+k*\\b', '\\bwas\\s+this\\s+(?:sa|sexual\\s+assault)\\b', '\\bassault\\b', '\\bsexual(?:ly)?\\s+assault(?:ed|s|ing)?\\b']"
lhfsw8,sexualassault,Was this sexual assault?,[deleted],3,7,True,6,1613029693,/r/sexualassault/comments/lhfsw8/was_this_sexual_assault/,"I'll try to make this as simple as possible. I know that statutorily in my state, this incident does not qualify as sexual assault: \*\*Offense defined.--\*\*A person commits a felony of the first degree when the person engages in sexual intercourse with a complainant:

(1)  By forcible compulsion.

(2)  By threat of forcible compulsion that would prevent resistance by a person of reasonable resolution.

**(3)  Who is unconscious or where the person knows that the complainant is unaware that the sexual intercourse is occurring.**

**(4)  Where the person has substantially impaired the complainant's power to appraise or control his or her conduct by administering or employing, without the knowledge of the complainant, drugs, intoxicants or other means for the purpose of preventing resistance.**

(5)  Who suffers from a mental disability which renders the complainant incapable of consent.

&amp;#x200B;

Here is what happened. It was a long time ago, as in over 30 years.  I was 18 and had only slept with one guy, to whom I had lost my virginity a few months before. He had been my only sexual partner before this. I was in college, home for the weekend and went out with two girl friends. We were under 21 but drinking and definitely drunk when we met up with two guys I had never met in a bar.  Evidently these guys had weed. I was such a follower! Still very shy around boys and my other two friends were pretty and outgoing so I went along for the ride. I had only ever gotten high a couple of times and both times were disastrous. Since then I've realized I am one of those people that gets  extremely paranoid and unhappy when high. Haven't done it in decades.

Anyway, I remember us all smoking weed and after that, its hazy. My memory comes and goes. That has never happened before or since during the handful of times I've tried to get high. I didn't get paranoid. Keep in mind I was already drunk. Somehow one of the guys ended up driving me home to my parents house by myself (just him and me). We ended up having sex in his car in my parents driveway. I know I definitely didn't object. In fact, I remember insisting we use birth control. There is no doubt in my mind that I consented. At the same time, from the morning after and even now so many years later, the entire thought of what happened in the back seat of that car makes me feel violated and skeevy. To this day I can't picture his face or remember his name. That's unusual for me, even when drunk.

Sometimes I wonder if there wasn't something in the weed or if someone put something in one of my drinks. But on the other hand, part of me says that is my guilty conscience trying to come up with an excuse to make myself feel better and blame him. I've had 2 or 3 one night stands after that and never felt an ounce of guilt. We were both single and knew it was a one-off. I knew what I was doing and was happy doing it. I'm not prudish at all. Nor judgmental about sexuality in general. But this one time  will always be different. Even when someone asks me how many sexual partners I have had, I don't like to count this one. I'm not asking for anyone to say 'yes' or 'no' as to whether not this was a form of sexual assault. More I am looking for insight as to why this incident still bothers me so much all these years later. This was really hard  for me to write because I am trying to be as honest as I can in hopes of gaining some insight. But at the same time I am afraid of someone slapping back with ""You were drunk, horny, and now regretful. Get over it."" I tell myself that enough. Not that I expect anyone here to shame me. Ok, I should just shut up and post this now.","lhfsw8 sexualassault Was this sexual assault? [deleted] /r/sexualassault/comments/lhfsw8/was_this_sexual_assault/ I'll try to make this as simple as possible. I know that statutorily in my state, this incident does not qualify as sexual assault: \*\*Offense defined.--\*\*A person commits a felony of the first degree when the person engages in sexual intercourse with a complainant:

(1)  By forcible compulsion.

(2)  By threat of forcible compulsion that would prevent resistance by a person of reasonable resolution.

**(3)  Who is unconscious or where the person knows that the complainant is unaware that the sexual intercourse is occurring.**

**(4)  Where the person has substantially impaired the complainant's power to appraise or control his or her conduct by administering or employing, without the knowledge of the complainant, drugs, intoxicants or other means for the purpose of preventing resistance.**

(5)  Who suffers from a mental disability which renders the complainant incapable of consent.

&amp;#x200B;

Here is what happened. It was a long time ago, as in over 30 years.  I was 18 and had only slept with one guy, to whom I had lost my virginity a few months before. He had been my only sexual partner before this. I was in college, home for the weekend and went out with two girl friends. We were under 21 but drinking and definitely drunk when we met up with two guys I had never met in a bar.  Evidently these guys had weed. I was such a follower! Still very shy around boys and my other two friends were pretty and outgoing so I went along for the ride. I had only ever gotten high a couple of times and both times were disastrous. Since then I've realized I am one of those people that gets  extremely paranoid and unhappy when high. Haven't done it in decades.

Anyway, I remember us all smoking weed and after that, its hazy. My memory comes and goes. That has never happened before or since during the handful of times I've tried to get high. I didn't get paranoid. Keep in mind I was already drunk. Somehow one of the guys ended up driving me home to my parents house by myself (just him and me). We ended up having sex in his car in my parents driveway. I know I definitely didn't object. In fact, I remember insisting we use birth control. There is no doubt in my mind that I consented. At the same time, from the morning after and even now so many years later, the entire thought of what happened in the back seat of that car makes me feel violated and skeevy. To this day I can't picture his face or remember his name. That's unusual for me, even when drunk.

Sometimes I wonder if there wasn't something in the weed or if someone put something in one of my drinks. But on the other hand, part of me says that is my guilty conscience trying to come up with an excuse to make myself feel better and blame him. I've had 2 or 3 one night stands after that and never felt an ounce of guilt. We were both single and knew it was a one-off. I knew what I was doing and was happy doing it. I'm not prudish at all. Nor judgmental about sexuality in general. But this one time  will always be different. Even when someone asks me how many sexual partners I have had, I don't like to count this one. I'm not asking for anyone to say 'yes' or 'no' as to whether not this was a form of sexual assault. More I am looking for insight as to why this incident still bothers me so much all these years later. This was really hard  for me to write because I am trying to be as honest as I can in hopes of gaining some insight. But at the same time I am afraid of someone slapping back with ""You were drunk, horny, and now regretful. Get over it."" I tell myself that enough. Not that I expect anyone here to shame me. Ok, I should just shut up and post this now.",['\\bwas\\s+this\\s+(?:sa|sexual\\s+assault)\\b'],"['\\bpartner\\b', '\\bassault\\b', '\\bsexual(?:ly)?\\s+assault(?:ed|s|ing)?\\b', '\\bwas\\s+this\\s+(?:sa|sexual\\s+assault)\\b']"
lajq0d,sexualassault,"TRIGGER WARNING-----Please, reply. I think I might have been sexual assaulted or sexually harrased idk.",Ok_Regret8408,2,5,True,2,1612228420,/r/sexualassault/comments/lajq0d/trigger_warningplease_reply_i_think_i_might_have/,"TRIGGER WARNING- so last year, it was my 6th period science class. I was with my "" friends"", and I was sitting by them. I was sitting with 4 of my friends named Peyton, Cheyenne, 2 other friends I forgot. My other close friend named Diego was getting teased. So Diego went on top of the table for some reason and then started be reckless. He started randomly putted his dick in my face almost rubbing on my face and started yelling at me for 5 minutes straight suck it. In those 5 minutes i was so scared, I felt so mad at him bc he was one of my bestie s at the time. He was putting it closer to my face and trying to force me to suck it.I couldn't get out of the situation bc the back of the chair was someone else. It was hard to get out of the situation bc i was surrounded by people, i think he knew that i couldn't get out of the situation, it was tight so I couldn't get up and stand out of my chair. He continued to do this sexual contact without my consent and started joking about it, then was asking me how big is his dick. The people around the situation was laughing and my friend Cheyenne was laughing so hard, I felt like I was going to cry bc I hated this I never gave him consent to do it. Everyone was so loud and my teacher was outside taking a call. Everyone in the class was yelling suck it suck it, while his dick was in my face. It was so loud and so traumatizing, it felt like this happened for hours long, I just wanted this to stop. Then the teacher went in the classroom and yelled at Diego to get off the table not realizing what he was doing to me. After this I pretended to everyone that i thought it was funny too. After that class I went to the bathroom and cried. It was so traumatizing to be in that locked position, and not able to do anything at all. I went to my math class. After this I cried for 4 hours straight in my bedroom once I got home. I told my friend about this and she wasn't sure if that was sexual assault or sexual harassment. I don't know if I was sexually assaulted or sexually harrased can u tell me if I was or not im confused. Please reply back.","lajq0d sexualassault TRIGGER WARNING-----Please, reply. I think I might have been sexual assaulted or sexually harrased idk. Ok_Regret8408 /r/sexualassault/comments/lajq0d/trigger_warningplease_reply_i_think_i_might_have/ TRIGGER WARNING- so last year, it was my 6th period science class. I was with my "" friends"", and I was sitting by them. I was sitting with 4 of my friends named Peyton, Cheyenne, 2 other friends I forgot. My other close friend named Diego was getting teased. So Diego went on top of the table for some reason and then started be reckless. He started randomly putted his dick in my face almost rubbing on my face and started yelling at me for 5 minutes straight suck it. In those 5 minutes i was so scared, I felt so mad at him bc he was one of my bestie s at the time. He was putting it closer to my face and trying to force me to suck it.I couldn't get out of the situation bc the back of the chair was someone else. It was hard to get out of the situation bc i was surrounded by people, i think he knew that i couldn't get out of the situation, it was tight so I couldn't get up and stand out of my chair. He continued to do this sexual contact without my consent and started joking about it, then was asking me how big is his dick. The people around the situation was laughing and my friend Cheyenne was laughing so hard, I felt like I was going to cry bc I hated this I never gave him consent to do it. Everyone was so loud and my teacher was outside taking a call. Everyone in the class was yelling suck it suck it, while his dick was in my face. It was so loud and so traumatizing, it felt like this happened for hours long, I just wanted this to stop. Then the teacher went in the classroom and yelled at Diego to get off the table not realizing what he was doing to me. After this I pretended to everyone that i thought it was funny too. After that class I went to the bathroom and cried. It was so traumatizing to be in that locked position, and not able to do anything at all. I went to my math class. After this I cried for 4 hours straight in my bedroom once I got home. I told my friend about this and she wasn't sure if that was sexual assault or sexual harassment. I don't know if I was sexually assaulted or sexually harrased can u tell me if I was or not im confused. Please reply back.",['\\bidk\\b.*\\bif\\s+i\\b.*\\b(?:even\\s+)?was\\b.*sexually\\s+assaulted\\b'],"['\\bidk\\b.*\\bif\\s+i\\b.*\\b(?:even\\s+)?was\\b.*sexually\\s+assaulted\\b', '\\bidk+k*\\b', ""\\bi\\s+don[’']t\\s+know\\b"", '\\bassault\\b', '\\bfriend\\b', '\\bsexual(?:ly)?\\s+assault(?:ed|s|ing)?\\b', '\\bsexual(?:ly)?\\s+harass(?:ment|ments|ed|es|ing)?\\b']"
lajq0d,sexualassault,"TRIGGER WARNING-----Please, reply. I think I might have been sexual assaulted or sexually harrased idk.",Ok_Regret8408,2,5,True,2,1612228420,/r/sexualassault/comments/lajq0d/trigger_warningplease_reply_i_think_i_might_have/,"TRIGGER WARNING- so last year, it was my 6th period science class. I was with my "" friends"", and I was sitting by them. I was sitting with 4 of my friends named Peyton, Cheyenne, 2 other friends I forgot. My other close friend named Diego was getting teased. So Diego went on top of the table for some reason and then started be reckless. He started randomly putted his dick in my face almost rubbing on my face and started yelling at me for 5 minutes straight suck it. In those 5 minutes i was so scared, I felt so mad at him bc he was one of my bestie s at the time. He was putting it closer to my face and trying to force me to suck it.I couldn't get out of the situation bc the back of the chair was someone else. It was hard to get out of the situation bc i was surrounded by people, i think he knew that i couldn't get out of the situation, it was tight so I couldn't get up and stand out of my chair. He continued to do this sexual contact without my consent and started joking about it, then was asking me how big is his dick. The people around the situation was laughing and my friend Cheyenne was laughing so hard, I felt like I was going to cry bc I hated this I never gave him consent to do it. Everyone was so loud and my teacher was outside taking a call. Everyone in the class was yelling suck it suck it, while his dick was in my face. It was so loud and so traumatizing, it felt like this happened for hours long, I just wanted this to stop. Then the teacher went in the classroom and yelled at Diego to get off the table not realizing what he was doing to me. After this I pretended to everyone that i thought it was funny too. After that class I went to the bathroom and cried. It was so traumatizing to be in that locked position, and not able to do anything at all. I went to my math class. After this I cried for 4 hours straight in my bedroom once I got home. I told my friend about this and she wasn't sure if that was sexual assault or sexual harassment. I don't know if I was sexually assaulted or sexually harrased can u tell me if I was or not im confused. Please reply back.","lajq0d sexualassault TRIGGER WARNING-----Please, reply. I think I might have been sexual assaulted or sexually harrased idk. Ok_Regret8408 /r/sexualassault/comments/lajq0d/trigger_warningplease_reply_i_think_i_might_have/ TRIGGER WARNING- so last year, it was my 6th period science class. I was with my "" friends"", and I was sitting by them. I was sitting with 4 of my friends named Peyton, Cheyenne, 2 other friends I forgot. My other close friend named Diego was getting teased. So Diego went on top of the table for some reason and then started be reckless. He started randomly putted his dick in my face almost rubbing on my face and started yelling at me for 5 minutes straight suck it. In those 5 minutes i was so scared, I felt so mad at him bc he was one of my bestie s at the time. He was putting it closer to my face and trying to force me to suck it.I couldn't get out of the situation bc the back of the chair was someone else. It was hard to get out of the situation bc i was surrounded by people, i think he knew that i couldn't get out of the situation, it was tight so I couldn't get up and stand out of my chair. He continued to do this sexual contact without my consent and started joking about it, then was asking me how big is his dick. The people around the situation was laughing and my friend Cheyenne was laughing so hard, I felt like I was going to cry bc I hated this I never gave him consent to do it. Everyone was so loud and my teacher was outside taking a call. Everyone in the class was yelling suck it suck it, while his dick was in my face. It was so loud and so traumatizing, it felt like this happened for hours long, I just wanted this to stop. Then the teacher went in the classroom and yelled at Diego to get off the table not realizing what he was doing to me. After this I pretended to everyone that i thought it was funny too. After that class I went to the bathroom and cried. It was so traumatizing to be in that locked position, and not able to do anything at all. I went to my math class. After this I cried for 4 hours straight in my bedroom once I got home. I told my friend about this and she wasn't sure if that was sexual assault or sexual harassment. I don't know if I was sexually assaulted or sexually harrased can u tell me if I was or not im confused. Please reply back.",['\\bidk\\b.*\\bif\\s+i\\b.*\\b(?:even\\s+)?was\\b.*sexually\\s+assaulted\\b'],"['\\bidk\\b.*\\bif\\s+i\\b.*\\b(?:even\\s+)?was\\b.*sexually\\s+assaulted\\b', '\\bidk+k*\\b', ""\\bi\\s+don[’']t\\s+know\\b"", '\\bassault\\b', '\\bfriend\\b', '\\bsexual(?:ly)?\\s+assault(?:ed|s|ing)?\\b', '\\bsexual(?:ly)?\\s+harass(?:ment|ments|ed|es|ing)?\\b']"
la5ew3,sexualassault,I feel like it was my fault (tw description of incident),quinnro187,13,5,True,1,1612192736,/r/sexualassault/comments/la5ew3/i_feel_like_it_was_my_fault_tw_description_of/,"It happened a year and a half ago and a few days ago I read through old messages from him where he basically said it wasn’t assault bc I didn’t say no and I’m spiralling bc of it. Like it was still nonconsensual, I know that. I didn’t reciprocate any of his actions and then he took off my pants (I don’t remember that but I remember putting them back on) and when he couldn’t um get it in, he made me give him a blowjob and I really didn’t want to but I did it anyway and just...I could have stopped it if I just hadn’t froze and had been able to say something. I’m feeling a lot of guilt and shame over the way I reacted","la5ew3 sexualassault I feel like it was my fault (tw description of incident) quinnro187 /r/sexualassault/comments/la5ew3/i_feel_like_it_was_my_fault_tw_description_of/ It happened a year and a half ago and a few days ago I read through old messages from him where he basically said it wasn’t assault bc I didn’t say no and I’m spiralling bc of it. Like it was still nonconsensual, I know that. I didn’t reciprocate any of his actions and then he took off my pants (I don’t remember that but I remember putting them back on) and when he couldn’t um get it in, he made me give him a blowjob and I really didn’t want to but I did it anyway and just...I could have stopped it if I just hadn’t froze and had been able to say something. I’m feeling a lot of guilt and shame over the way I reacted","[""\\bi\\s+didn[’']t\\s+say\\s+no\\b""]","['\\bassault\\b', ""\\bi\\s+didn[’']t\\s+say\\s+no\\b""]"
la5ew3,sexualassault,I feel like it was my fault (tw description of incident),quinnro187,13,5,True,1,1612192736,/r/sexualassault/comments/la5ew3/i_feel_like_it_was_my_fault_tw_description_of/,"It happened a year and a half ago and a few days ago I read through old messages from him where he basically said it wasn’t assault bc I didn’t say no and I’m spiralling bc of it. Like it was still nonconsensual, I know that. I didn’t reciprocate any of his actions and then he took off my pants (I don’t remember that but I remember putting them back on) and when he couldn’t um get it in, he made me give him a blowjob and I really didn’t want to but I did it anyway and just...I could have stopped it if I just hadn’t froze and had been able to say something. I’m feeling a lot of guilt and shame over the way I reacted","la5ew3 sexualassault I feel like it was my fault (tw description of incident) quinnro187 /r/sexualassault/comments/la5ew3/i_feel_like_it_was_my_fault_tw_description_of/ It happened a year and a half ago and a few days ago I read through old messages from him where he basically said it wasn’t assault bc I didn’t say no and I’m spiralling bc of it. Like it was still nonconsensual, I know that. I didn’t reciprocate any of his actions and then he took off my pants (I don’t remember that but I remember putting them back on) and when he couldn’t um get it in, he made me give him a blowjob and I really didn’t want to but I did it anyway and just...I could have stopped it if I just hadn’t froze and had been able to say something. I’m feeling a lot of guilt and shame over the way I reacted","[""\\bi\\s+didn[’']t\\s+say\\s+no\\b""]","['\\bassault\\b', ""\\bi\\s+didn[’']t\\s+say\\s+no\\b""]"
l1j4e9,sexualassault,Was it sexual assault?,Purple_Kate,3,3,False,0,1611178418,/r/sexualassault/comments/l1j4e9/was_it_sexual_assault/,"When I was younger I used to play outside with other kids in the neighborhood. One night we were playing this game kind of like tag and there was this big field at the end of the street so I ran that way and this guy who was like 5 or 6 years older than me was chasing me and when he caught me he pinned me down and started dry humping me I tried to push him off but I couldnt and he didn't get off me until someone else ran into the feild. This same situation happened more than once and he even pulled it out one day and told me to look at it and wanted me to put my mouth on it. It's something that whenever I think about it, it makes me feel disgusted and ashamed and gives me anxiety but then at the same time I feel like I don't have a right to feel this way because so many other people have been through worse and in comparison this was nothing. I'm not even sure if this consider sexual assault...? I also don't understand why it still bothers me and makes me feel this way after years have passed since it happened...","l1j4e9 sexualassault Was it sexual assault? Purple_Kate /r/sexualassault/comments/l1j4e9/was_it_sexual_assault/ When I was younger I used to play outside with other kids in the neighborhood. One night we were playing this game kind of like tag and there was this big field at the end of the street so I ran that way and this guy who was like 5 or 6 years older than me was chasing me and when he caught me he pinned me down and started dry humping me I tried to push him off but I couldnt and he didn't get off me until someone else ran into the feild. This same situation happened more than once and he even pulled it out one day and told me to look at it and wanted me to put my mouth on it. It's something that whenever I think about it, it makes me feel disgusted and ashamed and gives me anxiety but then at the same time I feel like I don't have a right to feel this way because so many other people have been through worse and in comparison this was nothing. I'm not even sure if this consider sexual assault...? I also don't understand why it still bothers me and makes me feel this way after years have passed since it happened...",['\\bconsider(?:ed)?\\s+(?:it\\s+)?(?:sa|sexual\\s+assault)\\b'],"['\\bassault\\b', '\\bsexual(?:ly)?\\s+assault(?:ed|s|ing)?\\b', '\\bconsider(?:ed)?\\s+(?:it\\s+)?(?:sa|sexual\\s+assault)\\b']"
ksu4kj,sexualassault,Don't know what to do- don't know if it was assault....,nonamewhocares,3,5,True,2,1610076674,/r/sexualassault/comments/ksu4kj/dont_know_what_to_do_dont_know_if_it_was_assault/,"I had a dream the other night that has brought up increasingly intrusive memories about one night with a former best friend....tonight I'm going insane to the point of feeling suicidal....

But it was something like ten years ago, why would my brain bring it up now? Is it just because I'm struggling with the first year anniversary of my siblings suicide- like a distraction?

We had been out drinking with his brother and the beer was WAY stronger than I was used to. I stayed over, which wasn't uncommon- he was into me but I didn't reciprocate but we'd share a bed and sometimes I let him kiss me (what a stupid 20 something i was), but this night with the intoxication and laughter i let things go further. Suddenly he very quickly said ""I just want to feel you"" at the same time I felt this like...swipe/slight insert across my parts...I jumped back and stammered was that your fingers? He didn't answer and I just remember thinking no no it couldn't have been his penis no i never wanted that but he's not answering wtf have i done. i flew out of the bed, ran to my car and neither of us ever spoke of it again. i don't remember driving home. it was like i completely left my body and erased it from my mind. we were friends like nothing had happened for at least another year....

A mutual friend/coworker mentioned shortly after that he had made some comments that next day insinuating that maybe he had taken my virginity.... so i know SOMETHING happened, it's not like my mind is falsifying something.... but....

ten years ago? i stayed friends with them? i had been willingly in bed with them fooling around.... he knew i didn't want to have sex with anyone and i 100% would have said no to being touched by his penis but.... is that really assault??? what do i even do if it is??? why all of a sudden do i feel like im going to explode???

i don't know what to do. if i say anything....everyone will assume im making it up at this point and also i'll be the stereotypical intoxicated female that sent mixed signals or something i don't know.... and i shouldn't have driven home albeit a short distance....i was even in an intensive treatment setting for an eating disorder since then and this never surfaced in my mind as  something important to mention even when we talked of other sexual trauma. i know what abuse is. we've all heard about consent and metoo etc etc etc....so AM i making it up??? or did i just so badly want to forget it and believe it never happened if i didn't acknowledge it??? what else am i fucking denying to my own conscious??? im so scared.

between this and missing my sibling...i just want to follow them in death and never have to fucking question this ever again....i feel so disgusting stupid and worthless.... thank you, for at least having somewhere to put this when i have no where to turn in real life. please please, you don't have to give me answers but don't click away....i've never felt like this","ksu4kj sexualassault Don't know what to do- don't know if it was assault.... nonamewhocares /r/sexualassault/comments/ksu4kj/dont_know_what_to_do_dont_know_if_it_was_assault/ I had a dream the other night that has brought up increasingly intrusive memories about one night with a former best friend....tonight I'm going insane to the point of feeling suicidal....

But it was something like ten years ago, why would my brain bring it up now? Is it just because I'm struggling with the first year anniversary of my siblings suicide- like a distraction?

We had been out drinking with his brother and the beer was WAY stronger than I was used to. I stayed over, which wasn't uncommon- he was into me but I didn't reciprocate but we'd share a bed and sometimes I let him kiss me (what a stupid 20 something i was), but this night with the intoxication and laughter i let things go further. Suddenly he very quickly said ""I just want to feel you"" at the same time I felt this like...swipe/slight insert across my parts...I jumped back and stammered was that your fingers? He didn't answer and I just remember thinking no no it couldn't have been his penis no i never wanted that but he's not answering wtf have i done. i flew out of the bed, ran to my car and neither of us ever spoke of it again. i don't remember driving home. it was like i completely left my body and erased it from my mind. we were friends like nothing had happened for at least another year....

A mutual friend/coworker mentioned shortly after that he had made some comments that next day insinuating that maybe he had taken my virginity.... so i know SOMETHING happened, it's not like my mind is falsifying something.... but....

ten years ago? i stayed friends with them? i had been willingly in bed with them fooling around.... he knew i didn't want to have sex with anyone and i 100% would have said no to being touched by his penis but.... is that really assault??? what do i even do if it is??? why all of a sudden do i feel like im going to explode???

i don't know what to do. if i say anything....everyone will assume im making it up at this point and also i'll be the stereotypical intoxicated female that sent mixed signals or something i don't know.... and i shouldn't have driven home albeit a short distance....i was even in an intensive treatment setting for an eating disorder since then and this never surfaced in my mind as  something important to mention even when we talked of other sexual trauma. i know what abuse is. we've all heard about consent and metoo etc etc etc....so AM i making it up??? or did i just so badly want to forget it and believe it never happened if i didn't acknowledge it??? what else am i fucking denying to my own conscious??? im so scared.

between this and missing my sibling...i just want to follow them in death and never have to fucking question this ever again....i feel so disgusting stupid and worthless.... thank you, for at least having somewhere to put this when i have no where to turn in real life. please please, you don't have to give me answers but don't click away....i've never felt like this",['\\bif\\s+it\\s+was\\s+assault\\b'],"['\\bif\\s+it\\s+was\\s+assault\\b', '\\bfriend\\b', '\\bassault\\b', ""\\bi\\s+don[’']t\\s+know\\b""]"
kq1dir,sexualassault,Does this count as sexual assault?,nocturnalasshole,4,7,True,3,1609735186,/r/sexualassault/comments/kq1dir/does_this_count_as_sexual_assault/,"I (f24), have been struggling with this ever since it happened and I went through the title IX process at my college. I’m much better now, but I still get anxiety around men. 

I’ll keep the details limited, but the long story of it all is that a classmate of mine kept me in his car, wouldn’t take me home, put his hands all over me, tried to get me to lay down with him over and over again. Then, when, (after an hour), he finally decided I got to go home, he pinned me against his car, fondled and groped me all over the place, and made out with my neck. All while I was trying to push him off. I never directly used the word no, (I have anxiety), but I made it clear that I didn’t want it, that I was tired and he needed to take me home, and then, when he had me pinned against the car, I tried to push him off the entire time. My school, (a private college), thought it serious enough to go through the title-IX process, but my brain tells me it wasn’t actually sexual assault.

For reference, I was raised very Christian, and still hold on to my faith now, (I’m not saying that my upbringing was bad, btw!) But up until that point, other then being catcalled I hadn’t had any “suggestive” interaction with anyone. Could this be why I found it so traumatic? Apologies if this is ridiculous but I can’t really talk to people about it, so I thought I’d post it on here.","kq1dir sexualassault Does this count as sexual assault? nocturnalasshole /r/sexualassault/comments/kq1dir/does_this_count_as_sexual_assault/ I (f24), have been struggling with this ever since it happened and I went through the title IX process at my college. I’m much better now, but I still get anxiety around men. 

I’ll keep the details limited, but the long story of it all is that a classmate of mine kept me in his car, wouldn’t take me home, put his hands all over me, tried to get me to lay down with him over and over again. Then, when, (after an hour), he finally decided I got to go home, he pinned me against his car, fondled and groped me all over the place, and made out with my neck. All while I was trying to push him off. I never directly used the word no, (I have anxiety), but I made it clear that I didn’t want it, that I was tired and he needed to take me home, and then, when he had me pinned against the car, I tried to push him off the entire time. My school, (a private college), thought it serious enough to go through the title-IX process, but my brain tells me it wasn’t actually sexual assault.

For reference, I was raised very Christian, and still hold on to my faith now, (I’m not saying that my upbringing was bad, btw!) But up until that point, other then being catcalled I hadn’t had any “suggestive” interaction with anyone. Could this be why I found it so traumatic? Apologies if this is ridiculous but I can’t really talk to people about it, so I thought I’d post it on here.",['\\bdoes\\s+this\\s+count\\s+as\\s+(?:sa|sexual\\s+assault)\\b'],"['\\bdoes\\s+this\\s+count\\s+as\\s+(?:sa|sexual\\s+assault)\\b', '\\bassault\\b', '\\bsexual(?:ly)?\\s+assault(?:ed|s|ing)?\\b']"
kq1dir,sexualassault,Does this count as sexual assault?,nocturnalasshole,4,7,True,3,1609735186,/r/sexualassault/comments/kq1dir/does_this_count_as_sexual_assault/,"I (f24), have been struggling with this ever since it happened and I went through the title IX process at my college. I’m much better now, but I still get anxiety around men. 

I’ll keep the details limited, but the long story of it all is that a classmate of mine kept me in his car, wouldn’t take me home, put his hands all over me, tried to get me to lay down with him over and over again. Then, when, (after an hour), he finally decided I got to go home, he pinned me against his car, fondled and groped me all over the place, and made out with my neck. All while I was trying to push him off. I never directly used the word no, (I have anxiety), but I made it clear that I didn’t want it, that I was tired and he needed to take me home, and then, when he had me pinned against the car, I tried to push him off the entire time. My school, (a private college), thought it serious enough to go through the title-IX process, but my brain tells me it wasn’t actually sexual assault.

For reference, I was raised very Christian, and still hold on to my faith now, (I’m not saying that my upbringing was bad, btw!) But up until that point, other then being catcalled I hadn’t had any “suggestive” interaction with anyone. Could this be why I found it so traumatic? Apologies if this is ridiculous but I can’t really talk to people about it, so I thought I’d post it on here.","kq1dir sexualassault Does this count as sexual assault? nocturnalasshole /r/sexualassault/comments/kq1dir/does_this_count_as_sexual_assault/ I (f24), have been struggling with this ever since it happened and I went through the title IX process at my college. I’m much better now, but I still get anxiety around men. 

I’ll keep the details limited, but the long story of it all is that a classmate of mine kept me in his car, wouldn’t take me home, put his hands all over me, tried to get me to lay down with him over and over again. Then, when, (after an hour), he finally decided I got to go home, he pinned me against his car, fondled and groped me all over the place, and made out with my neck. All while I was trying to push him off. I never directly used the word no, (I have anxiety), but I made it clear that I didn’t want it, that I was tired and he needed to take me home, and then, when he had me pinned against the car, I tried to push him off the entire time. My school, (a private college), thought it serious enough to go through the title-IX process, but my brain tells me it wasn’t actually sexual assault.

For reference, I was raised very Christian, and still hold on to my faith now, (I’m not saying that my upbringing was bad, btw!) But up until that point, other then being catcalled I hadn’t had any “suggestive” interaction with anyone. Could this be why I found it so traumatic? Apologies if this is ridiculous but I can’t really talk to people about it, so I thought I’d post it on here.",['\\bdoes\\s+this\\s+count\\s+as\\s+(?:sa|sexual\\s+assault)\\b'],"['\\bdoes\\s+this\\s+count\\s+as\\s+(?:sa|sexual\\s+assault)\\b', '\\bassault\\b', '\\bsexual(?:ly)?\\s+assault(?:ed|s|ing)?\\b']"
k2ygi1,sexualassault,Was this sexual assault? (TW),king2820483,2,3,True,1,1606607100,/r/sexualassault/comments/k2ygi1/was_this_sexual_assault_tw/,"This happened almost 3 years ago but it still affects me. I know what happened wasn’t “okay” and has given me trust issues I just am unsure if it is considered full on sexual assault. So I (F14) was just starting freshman year when a guy (M16) who was a junior showed an interest in me. All of the guys in my grade would harass everyone and would frequently try to grab my ass among other things. But this guy was different. We began hanging out and while he would tell me he thought I was hot he was very respectful. I told him I was a virgin and didn’t want to just throw that away and he was fine with that. I even remember one day he put his hand on my inner thigh and I moved it and told him I wasn’t comfortable with it and he apologized and moved his hand and I was shocked how respectful he was about it because I was not used to it. Well one day we were planning to hangout and the next day and I asked him what he wanted to do and he sent me a very sexual paragraph which he had never done before. I responded saying that I wasn’t comfortable doing anything and made it very clear that I was not at all interested in having sex w him. He never gave me a response he just sent back a picture of himself. He came over the next day as planned and the moment he got there he started kissing me pretty aggressively. I pulled back and told him that he was making me feel like all he wanted to do was have sex with me and I did not like that because I didn’t want to have sex with him. He told me that he thought I was very attractive and he wanted to have sex with me and started kissing me again and was on me. I was very nervous/scared/uncomfortable in the situation but I let him have sex with me. I didn’t push him off, I didn’t say no, I didn’t tell, nothing, I just let it happen. Afterwards I was in shock and at the time I did not think it was THAT bad. I tried to justify his actions. Because of this I continued hanging out with him for a while and we had sex a few more times because my logic was “we already had sex once and I’m not a virgin so why does it matter” I know looking back that’s horrible logic but I began abusing drugs at the time so I just wasn’t thinking clearly. Well fast forward around a month and a very similar thing happened. We were planning on having sex this time, he said he was going to do anal sex, I said no, then the next day he did it anyways. Once again, I got scared and didn’t do anything. This was the final straw, afterwards I stopped talking to him and eventually blocked him. I know this story is all over the place so I’m sorry for that. I just don’t know if what happened was considered assault especially since after I continued having sex with him. I have a lot of anxiety regarding sexual assault for when I go off to college next year and I know I need to get closure from this situation in order to feel more comfortable in college. Thank you to anyone who responds!","k2ygi1 sexualassault Was this sexual assault? (TW) king2820483 /r/sexualassault/comments/k2ygi1/was_this_sexual_assault_tw/ This happened almost 3 years ago but it still affects me. I know what happened wasn’t “okay” and has given me trust issues I just am unsure if it is considered full on sexual assault. So I (F14) was just starting freshman year when a guy (M16) who was a junior showed an interest in me. All of the guys in my grade would harass everyone and would frequently try to grab my ass among other things. But this guy was different. We began hanging out and while he would tell me he thought I was hot he was very respectful. I told him I was a virgin and didn’t want to just throw that away and he was fine with that. I even remember one day he put his hand on my inner thigh and I moved it and told him I wasn’t comfortable with it and he apologized and moved his hand and I was shocked how respectful he was about it because I was not used to it. Well one day we were planning to hangout and the next day and I asked him what he wanted to do and he sent me a very sexual paragraph which he had never done before. I responded saying that I wasn’t comfortable doing anything and made it very clear that I was not at all interested in having sex w him. He never gave me a response he just sent back a picture of himself. He came over the next day as planned and the moment he got there he started kissing me pretty aggressively. I pulled back and told him that he was making me feel like all he wanted to do was have sex with me and I did not like that because I didn’t want to have sex with him. He told me that he thought I was very attractive and he wanted to have sex with me and started kissing me again and was on me. I was very nervous/scared/uncomfortable in the situation but I let him have sex with me. I didn’t push him off, I didn’t say no, I didn’t tell, nothing, I just let it happen. Afterwards I was in shock and at the time I did not think it was THAT bad. I tried to justify his actions. Because of this I continued hanging out with him for a while and we had sex a few more times because my logic was “we already had sex once and I’m not a virgin so why does it matter” I know looking back that’s horrible logic but I began abusing drugs at the time so I just wasn’t thinking clearly. Well fast forward around a month and a very similar thing happened. We were planning on having sex this time, he said he was going to do anal sex, I said no, then the next day he did it anyways. Once again, I got scared and didn’t do anything. This was the final straw, afterwards I stopped talking to him and eventually blocked him. I know this story is all over the place so I’m sorry for that. I just don’t know if what happened was considered assault especially since after I continued having sex with him. I have a lot of anxiety regarding sexual assault for when I go off to college next year and I know I need to get closure from this situation in order to feel more comfortable in college. Thank you to anyone who responds!","['\\bwas\\s+this\\s+(?:sa|sexual\\s+assault)\\b', ""\\bi\\s+didn[’']t\\s+say\\s+no\\b""]","[""\\bi\\s+(?:genuinely|just|honestly|really|truly|still)\\s+don[’']t\\s+know\\b"", ""\\bi\\s+didn[’']t\\s+say\\s+no\\b"", '\\bwas\\s+this\\s+(?:sa|sexual\\s+assault)\\b', '\\bassault\\b', '\\bsexual(?:ly)?\\s+assault(?:ed|s|ing)?\\b']"
jkss23,sexualassault,"Please help, was this sexual assault?",imgonnadoit___,3,2,False,0,1604045385,/r/sexualassault/comments/jkss23/please_help_was_this_sexual_assault/,"I’ve posted several times with no response.
So, when I was younger I had a friend about three years older than me, as in like at the time I was 8/9 and she was 11/12. She has a brother one year younger than me. One day she made me and him get under the blanket and touch each other, she would make sure we were actually doing it. At the time I didn’t think anything was wrong with it but me and the boy ended up doing it more and more even without her there, every time I would feel dirty but i thought it was a normal thing. On two separate occasions me and the boy were caught. And im not sure how it started with me and the girl but we also had a lot of sexual activity going that would make me feel worse and at the point around when we stopped seeing each other a lot I started hating myself for it and only doing it because, for years it went on and she enjoyed it. I am now in high school and she is a freshman in college but I've been thinking about it a lot. can someone please help me figure this out?","jkss23 sexualassault Please help, was this sexual assault? imgonnadoit___ /r/sexualassault/comments/jkss23/please_help_was_this_sexual_assault/ I’ve posted several times with no response.
So, when I was younger I had a friend about three years older than me, as in like at the time I was 8/9 and she was 11/12. She has a brother one year younger than me. One day she made me and him get under the blanket and touch each other, she would make sure we were actually doing it. At the time I didn’t think anything was wrong with it but me and the boy ended up doing it more and more even without her there, every time I would feel dirty but i thought it was a normal thing. On two separate occasions me and the boy were caught. And im not sure how it started with me and the girl but we also had a lot of sexual activity going that would make me feel worse and at the point around when we stopped seeing each other a lot I started hating myself for it and only doing it because, for years it went on and she enjoyed it. I am now in high school and she is a freshman in college but I've been thinking about it a lot. can someone please help me figure this out?",['\\bwas\\s+this\\s+(?:sa|sexual\\s+assault)\\b'],"[""\\bi[’']?m\\s+not\\s+sure\\b"", '\\bwas\\s+this\\s+(?:sa|sexual\\s+assault)\\b', '\\bassault\\b', '\\bfriend\\b', '\\bsexual(?:ly)?\\s+assault(?:ed|s|ing)?\\b']"
jkss23,sexualassault,"Please help, was this sexual assault?",imgonnadoit___,3,2,False,0,1604045385,/r/sexualassault/comments/jkss23/please_help_was_this_sexual_assault/,"I’ve posted several times with no response.
So, when I was younger I had a friend about three years older than me, as in like at the time I was 8/9 and she was 11/12. She has a brother one year younger than me. One day she made me and him get under the blanket and touch each other, she would make sure we were actually doing it. At the time I didn’t think anything was wrong with it but me and the boy ended up doing it more and more even without her there, every time I would feel dirty but i thought it was a normal thing. On two separate occasions me and the boy were caught. And im not sure how it started with me and the girl but we also had a lot of sexual activity going that would make me feel worse and at the point around when we stopped seeing each other a lot I started hating myself for it and only doing it because, for years it went on and she enjoyed it. I am now in high school and she is a freshman in college but I've been thinking about it a lot. can someone please help me figure this out?","jkss23 sexualassault Please help, was this sexual assault? imgonnadoit___ /r/sexualassault/comments/jkss23/please_help_was_this_sexual_assault/ I’ve posted several times with no response.
So, when I was younger I had a friend about three years older than me, as in like at the time I was 8/9 and she was 11/12. She has a brother one year younger than me. One day she made me and him get under the blanket and touch each other, she would make sure we were actually doing it. At the time I didn’t think anything was wrong with it but me and the boy ended up doing it more and more even without her there, every time I would feel dirty but i thought it was a normal thing. On two separate occasions me and the boy were caught. And im not sure how it started with me and the girl but we also had a lot of sexual activity going that would make me feel worse and at the point around when we stopped seeing each other a lot I started hating myself for it and only doing it because, for years it went on and she enjoyed it. I am now in high school and she is a freshman in college but I've been thinking about it a lot. can someone please help me figure this out?",['\\bwas\\s+this\\s+(?:sa|sexual\\s+assault)\\b'],"[""\\bi[’']?m\\s+not\\s+sure\\b"", '\\bwas\\s+this\\s+(?:sa|sexual\\s+assault)\\b', '\\bassault\\b', '\\bfriend\\b', '\\bsexual(?:ly)?\\s+assault(?:ed|s|ing)?\\b']"
jg4xcj,sexualassault,Would this be considered sexual assault or not? // Is this ptsd?,3095throwaway13,2,2,False,0,1603389936,/r/sexualassault/comments/jg4xcj/would_this_be_considered_sexual_assault_or_not_is/,"I'm confused as to what I should call this. let me explain what happened.

When I was about 10 I was sleeping in my own bed in my room and it was a Saturday or Sunday morning. I just know I was sleeping and I woke up but pretended to be asleep bc I felt someone pulling down my clothes. I knew it was my brother because in the past he would lick my feet when I was SLEEPING and I would pretend to be asleep. So I felt him pull down my pants and he pulled me upwards to his lap. He never raped me or anything. He just touched me there and rubbed his own genitals on mine. I remember him sticking what I think was an eyeliner tube I borrowed from my mom that I left on the table. I remember feeling that go inside my butt. I found it in the trash when I remember leaving it on the table. So that's how I knew he used it on me. 

So I don't know what this would be called. I always think sexual assault is when they rape you, or something. I thought. This would be molestation but he was about 12-13 so would it still apply? I don't know what happened to me I just want to know what this would be called. 

I also have nightmares of this or I would often remember this  when I think/read or do something sexual. I just constantly remember what he did and I often get anxious and worried and cry. It's extremely hard to speak about it to anyone. I recently just told friends. Since it was my brother wk did this to me it's hard to speak about it. Is this also ptsd?? If I remember it so much and it affects me? I'm sorry if I'm asking too many questions I'm just. I don't know","jg4xcj sexualassault Would this be considered sexual assault or not? // Is this ptsd? 3095throwaway13 /r/sexualassault/comments/jg4xcj/would_this_be_considered_sexual_assault_or_not_is/ I'm confused as to what I should call this. let me explain what happened.

When I was about 10 I was sleeping in my own bed in my room and it was a Saturday or Sunday morning. I just know I was sleeping and I woke up but pretended to be asleep bc I felt someone pulling down my clothes. I knew it was my brother because in the past he would lick my feet when I was SLEEPING and I would pretend to be asleep. So I felt him pull down my pants and he pulled me upwards to his lap. He never raped me or anything. He just touched me there and rubbed his own genitals on mine. I remember him sticking what I think was an eyeliner tube I borrowed from my mom that I left on the table. I remember feeling that go inside my butt. I found it in the trash when I remember leaving it on the table. So that's how I knew he used it on me. 

So I don't know what this would be called. I always think sexual assault is when they rape you, or something. I thought. This would be molestation but he was about 12-13 so would it still apply? I don't know what happened to me I just want to know what this would be called. 

I also have nightmares of this or I would often remember this  when I think/read or do something sexual. I just constantly remember what he did and I often get anxious and worried and cry. It's extremely hard to speak about it to anyone. I recently just told friends. Since it was my brother wk did this to me it's hard to speak about it. Is this also ptsd?? If I remember it so much and it affects me? I'm sorry if I'm asking too many questions I'm just. I don't know",['\\bconsider(?:ed)?\\s+(?:it\\s+)?(?:sa|sexual\\s+assault)\\b'],"[""\\bi\\s+don[’']t\\s+know\\b"", '\\bassault\\b', '\\brape\\b', '\\bconsider(?:ed)?\\s+(?:it\\s+)?(?:sa|sexual\\s+assault)\\b', '\\bmolest(?:ed|ation|ations)?\\b', '\\bsexual(?:ly)?\\s+assault(?:ed|s|ing)?\\b']"
jfpnyj,sexualassault,Was I sexually assaulted?,TreesAndStars1,5,2,False,0,1603328108,/r/sexualassault/comments/jfpnyj/was_i_sexually_assaulted/,"I really don't know what to feel. Can't tell my therapist for reasons that will be obvious soon enough. Idk if I can tell anyone honestly. Everytime I think m about it I get incredibly anxious.

I (male) recently went on a camping trip with a friend (also male). I was gonna try acid for the first time. He'd done it before and was supposed to ""guide me thru it."" I know, drugs are bad, and im putting myself into situation that I can't control. Idk. I've been having a lot of problems with my mental health lately, I really wanted to try something to get out of my own head. Idk. I trusted him to be there. I won't bore ya with the majority of the trip. Eventually it became clear that it was a lot of drugs. I began to sorta check out. I couldn't really speak, i had a very difficult time moving, or compelling myself to act. I felt like a vegetable or a baby or idk. My friend told me to get in his tent and I did. I figured we were just gonna hangout, it was raining afterall. Idk what really happened but next thing i was under the covers with him and he was suddenly in just his underwear. He was rubbing his hand on my body, he dry humped me and moaned. At one point he licked my face and then his tongue was in my mouth and he was trying to kiss me. He kept rambling and saying weird things. Asking ""where do we go from here?"" I kept saying ""we don't!"" I kept trying to leave. I wanted to escape, i didnt want any of this to happen but I couldn't move and i could barely speak. I knew what was happening very clearly I just couldn't do anything to stop it. The next day he admitted to us kissing but not the other stuff. He implied it was mutual and that he didn't like it either but that it was something that happened rather than something he did. He denied the other stuff, the dry humping, the face licking. He told me he was having an existential crisis and didn't think anything was real and he wasn't thinking shit sex at all. Idk. I feel very detached from it? But also incredibly anxious and uncomfortable. I know i didn't want it to happen, and I know I basically laid there not knowing how to make it stop. I want to believe my friend ya know? That it was just drugs or whatever and shit happened and while I hated every minute of this situation I felt very trapped in, there wasn't any ""perpetrator"" of the event so to speak. But also he was supposed to be the ""expert"" on taking acid and he never mentioned anything like this happening. So idk what to think. Im very confused and I don't like any of this.","jfpnyj sexualassault Was I sexually assaulted? TreesAndStars1 /r/sexualassault/comments/jfpnyj/was_i_sexually_assaulted/ I really don't know what to feel. Can't tell my therapist for reasons that will be obvious soon enough. Idk if I can tell anyone honestly. Everytime I think m about it I get incredibly anxious.

I (male) recently went on a camping trip with a friend (also male). I was gonna try acid for the first time. He'd done it before and was supposed to ""guide me thru it."" I know, drugs are bad, and im putting myself into situation that I can't control. Idk. I've been having a lot of problems with my mental health lately, I really wanted to try something to get out of my own head. Idk. I trusted him to be there. I won't bore ya with the majority of the trip. Eventually it became clear that it was a lot of drugs. I began to sorta check out. I couldn't really speak, i had a very difficult time moving, or compelling myself to act. I felt like a vegetable or a baby or idk. My friend told me to get in his tent and I did. I figured we were just gonna hangout, it was raining afterall. Idk what really happened but next thing i was under the covers with him and he was suddenly in just his underwear. He was rubbing his hand on my body, he dry humped me and moaned. At one point he licked my face and then his tongue was in my mouth and he was trying to kiss me. He kept rambling and saying weird things. Asking ""where do we go from here?"" I kept saying ""we don't!"" I kept trying to leave. I wanted to escape, i didnt want any of this to happen but I couldn't move and i could barely speak. I knew what was happening very clearly I just couldn't do anything to stop it. The next day he admitted to us kissing but not the other stuff. He implied it was mutual and that he didn't like it either but that it was something that happened rather than something he did. He denied the other stuff, the dry humping, the face licking. He told me he was having an existential crisis and didn't think anything was real and he wasn't thinking shit sex at all. Idk. I feel very detached from it? But also incredibly anxious and uncomfortable. I know i didn't want it to happen, and I know I basically laid there not knowing how to make it stop. I want to believe my friend ya know? That it was just drugs or whatever and shit happened and while I hated every minute of this situation I felt very trapped in, there wasn't any ""perpetrator"" of the event so to speak. But also he was supposed to be the ""expert"" on taking acid and he never mentioned anything like this happening. So idk what to think. Im very confused and I don't like any of this.",['\\bwas\\s+i\\s+sexually\\s+assaulted\\b'],"[""\\bi\\s+(?:genuinely|just|honestly|really|truly|still)\\s+don[’']t\\s+know\\b"", '\\bidk+k*\\b', '\\bwas\\s+i\\s+sexually\\s+assaulted\\b', '\\bfriend\\b', '\\bsexual(?:ly)?\\s+assault(?:ed|s|ing)?\\b']"
jfpnyj,sexualassault,Was I sexually assaulted?,TreesAndStars1,5,2,False,0,1603328108,/r/sexualassault/comments/jfpnyj/was_i_sexually_assaulted/,"I really don't know what to feel. Can't tell my therapist for reasons that will be obvious soon enough. Idk if I can tell anyone honestly. Everytime I think m about it I get incredibly anxious.

I (male) recently went on a camping trip with a friend (also male). I was gonna try acid for the first time. He'd done it before and was supposed to ""guide me thru it."" I know, drugs are bad, and im putting myself into situation that I can't control. Idk. I've been having a lot of problems with my mental health lately, I really wanted to try something to get out of my own head. Idk. I trusted him to be there. I won't bore ya with the majority of the trip. Eventually it became clear that it was a lot of drugs. I began to sorta check out. I couldn't really speak, i had a very difficult time moving, or compelling myself to act. I felt like a vegetable or a baby or idk. My friend told me to get in his tent and I did. I figured we were just gonna hangout, it was raining afterall. Idk what really happened but next thing i was under the covers with him and he was suddenly in just his underwear. He was rubbing his hand on my body, he dry humped me and moaned. At one point he licked my face and then his tongue was in my mouth and he was trying to kiss me. He kept rambling and saying weird things. Asking ""where do we go from here?"" I kept saying ""we don't!"" I kept trying to leave. I wanted to escape, i didnt want any of this to happen but I couldn't move and i could barely speak. I knew what was happening very clearly I just couldn't do anything to stop it. The next day he admitted to us kissing but not the other stuff. He implied it was mutual and that he didn't like it either but that it was something that happened rather than something he did. He denied the other stuff, the dry humping, the face licking. He told me he was having an existential crisis and didn't think anything was real and he wasn't thinking shit sex at all. Idk. I feel very detached from it? But also incredibly anxious and uncomfortable. I know i didn't want it to happen, and I know I basically laid there not knowing how to make it stop. I want to believe my friend ya know? That it was just drugs or whatever and shit happened and while I hated every minute of this situation I felt very trapped in, there wasn't any ""perpetrator"" of the event so to speak. But also he was supposed to be the ""expert"" on taking acid and he never mentioned anything like this happening. So idk what to think. Im very confused and I don't like any of this.","jfpnyj sexualassault Was I sexually assaulted? TreesAndStars1 /r/sexualassault/comments/jfpnyj/was_i_sexually_assaulted/ I really don't know what to feel. Can't tell my therapist for reasons that will be obvious soon enough. Idk if I can tell anyone honestly. Everytime I think m about it I get incredibly anxious.

I (male) recently went on a camping trip with a friend (also male). I was gonna try acid for the first time. He'd done it before and was supposed to ""guide me thru it."" I know, drugs are bad, and im putting myself into situation that I can't control. Idk. I've been having a lot of problems with my mental health lately, I really wanted to try something to get out of my own head. Idk. I trusted him to be there. I won't bore ya with the majority of the trip. Eventually it became clear that it was a lot of drugs. I began to sorta check out. I couldn't really speak, i had a very difficult time moving, or compelling myself to act. I felt like a vegetable or a baby or idk. My friend told me to get in his tent and I did. I figured we were just gonna hangout, it was raining afterall. Idk what really happened but next thing i was under the covers with him and he was suddenly in just his underwear. He was rubbing his hand on my body, he dry humped me and moaned. At one point he licked my face and then his tongue was in my mouth and he was trying to kiss me. He kept rambling and saying weird things. Asking ""where do we go from here?"" I kept saying ""we don't!"" I kept trying to leave. I wanted to escape, i didnt want any of this to happen but I couldn't move and i could barely speak. I knew what was happening very clearly I just couldn't do anything to stop it. The next day he admitted to us kissing but not the other stuff. He implied it was mutual and that he didn't like it either but that it was something that happened rather than something he did. He denied the other stuff, the dry humping, the face licking. He told me he was having an existential crisis and didn't think anything was real and he wasn't thinking shit sex at all. Idk. I feel very detached from it? But also incredibly anxious and uncomfortable. I know i didn't want it to happen, and I know I basically laid there not knowing how to make it stop. I want to believe my friend ya know? That it was just drugs or whatever and shit happened and while I hated every minute of this situation I felt very trapped in, there wasn't any ""perpetrator"" of the event so to speak. But also he was supposed to be the ""expert"" on taking acid and he never mentioned anything like this happening. So idk what to think. Im very confused and I don't like any of this.",['\\bwas\\s+i\\s+sexually\\s+assaulted\\b'],"[""\\bi\\s+(?:genuinely|just|honestly|really|truly|still)\\s+don[’']t\\s+know\\b"", '\\bidk+k*\\b', '\\bwas\\s+i\\s+sexually\\s+assaulted\\b', '\\bfriend\\b', '\\bsexual(?:ly)?\\s+assault(?:ed|s|ing)?\\b']"
jbfb1l,sexualassault,Idk if this counts but,TartKat,7,3,False,0,1602729736,/r/sexualassault/comments/jbfb1l/idk_if_this_counts_but/,"I'm 13 years old, 8th grade. (This happened today btw) and I'm in gym. We share gym with some 7th graders too, though only a few. I was playing around with a guy who I'd consider a friend, and the ball we were messing around with rolled away and so I went to pick it up. A 7th grade boy who I didn't know at all (I spoke a few sentences to at most) came over to me, touched my waist for a few seconds, and then continued walking like nothing happened.

 He acted like he was gently steering me away to he could go through, but it made no sense. There was a bunch of empty space around up, and he came specifically towards me. I was there, stunned. It took my mind a minute to comprehend what just happened. 
For the rest of the period, if he even got the tiniest bit close to me, I would make sure there was at least 6 feet inbetween us.

I'm hurt, confused, and I want to sob. Can someone please explain?","jbfb1l sexualassault Idk if this counts but TartKat /r/sexualassault/comments/jbfb1l/idk_if_this_counts_but/ I'm 13 years old, 8th grade. (This happened today btw) and I'm in gym. We share gym with some 7th graders too, though only a few. I was playing around with a guy who I'd consider a friend, and the ball we were messing around with rolled away and so I went to pick it up. A 7th grade boy who I didn't know at all (I spoke a few sentences to at most) came over to me, touched my waist for a few seconds, and then continued walking like nothing happened.

 He acted like he was gently steering me away to he could go through, but it made no sense. There was a bunch of empty space around up, and he came specifically towards me. I was there, stunned. It took my mind a minute to comprehend what just happened. 
For the rest of the period, if he even got the tiniest bit close to me, I would make sure there was at least 6 feet inbetween us.

I'm hurt, confused, and I want to sob. Can someone please explain?",['\\bidk\\b.*\\bif\\s+this\\s+counts\\b'],"['\\bidk\\b.*\\bif\\s+this\\s+counts\\b', ""\\bi\\s+didn[’']t\\s+know\\b"", '\\bfriend\\b', '\\bidk+k*\\b']"
1cc6sje,SexualHarassment,Was my bf sexually harassing me?,[deleted],2,4,True,3,1713985920,/r/SexualHarassment/comments/1cc6sje/was_my_bf_sexually_harassing_me/,"I (18f) just got left by my bf (19m) 2 weeks ago. I started thinking about our relationship and only started realizing it's probably for the best he left, since some of his behaviour was quite alarming. I was a virgin when I started dating him, he wasn't. He seemed so respectful of it at first, I told him I wasn't ready yet the first time he tried to initiate, and  he respected that. 

But I feel like when I was intimate with him, it was because he kept talking about it and pressuring me, rather than because I wanted it. Technically, I did consent, but I'm not sure I did it because I wanted it, or because he wanted me to. I mostly didn't enjoy it much honestly. It hurt inside of me and at first he was respectful and patient with me, but one time he just held my legs so I couldn't get it out of me, and he just 'helped' me push through the pain. Every time we started, it hurt, and yes after a couple thrusts it went away, but I wanted to do it slowly and on my terms so it wouldn't hurt, and eventually he just lost patience and pushed through even though I said it hurt. And that hurt emotionally as well, since he was so respectful and loving in the beginning, I had no idea why he was suddenly like this. 

And then there was oral sex. I was hesitant, and told him I wasn't sure I wanted to because it just didn't seem like something I'd enjoy, but he kept talking about it and really wanted it. I said maybe someday I'll try, but if I didn't like it, I'd just stop. And I tried it, didn't really like it, and told him that, and he wasn't so patient anymore. He'd say things like 'As long as I get head, I'm happy', not caring at all about how it makes me feel. Sometimes after that, he'd physically push my head down or stand up while I was close to a wall until I gave in and did it. And that lead to something else I said I didn't want; I didn't want cum anywhere near my face, I found it gross. I wanted him to either do it in a condom or on my stomach so I could easily wipe it off. He just ignored this, and tried to do it on my face anyway. Luckily he never did it in my mouth, I think I would have actually puked if he did. 

It just hurts because he seemed so respectful in the beginning, but sex felt more like a chore to make him happy, than to make me happy. He said he cared about me and wanted me to enjoy it too, but from how he behaved as soon as he got into the mood, I doubt that. He also would touch my boobs and butt a lot, and usually I was okay with it, but sometimes I just didn't want to and I'd say 'stop', but he didn't listen.

I only realized how messed up this all is after we broke up. In those moments I just froze and did what he wanted, I thought it was an act of love? It messed me up pretty badly, and I don't know how to deal with this realisation. 

So, is this sexual assault? Technically, I consented. But it was out of pressure. I just don't know how to feel about all of this.","1cc6sje SexualHarassment Was my bf sexually harassing me? [deleted] /r/SexualHarassment/comments/1cc6sje/was_my_bf_sexually_harassing_me/ I (18f) just got left by my bf (19m) 2 weeks ago. I started thinking about our relationship and only started realizing it's probably for the best he left, since some of his behaviour was quite alarming. I was a virgin when I started dating him, he wasn't. He seemed so respectful of it at first, I told him I wasn't ready yet the first time he tried to initiate, and  he respected that. 

But I feel like when I was intimate with him, it was because he kept talking about it and pressuring me, rather than because I wanted it. Technically, I did consent, but I'm not sure I did it because I wanted it, or because he wanted me to. I mostly didn't enjoy it much honestly. It hurt inside of me and at first he was respectful and patient with me, but one time he just held my legs so I couldn't get it out of me, and he just 'helped' me push through the pain. Every time we started, it hurt, and yes after a couple thrusts it went away, but I wanted to do it slowly and on my terms so it wouldn't hurt, and eventually he just lost patience and pushed through even though I said it hurt. And that hurt emotionally as well, since he was so respectful and loving in the beginning, I had no idea why he was suddenly like this. 

And then there was oral sex. I was hesitant, and told him I wasn't sure I wanted to because it just didn't seem like something I'd enjoy, but he kept talking about it and really wanted it. I said maybe someday I'll try, but if I didn't like it, I'd just stop. And I tried it, didn't really like it, and told him that, and he wasn't so patient anymore. He'd say things like 'As long as I get head, I'm happy', not caring at all about how it makes me feel. Sometimes after that, he'd physically push my head down or stand up while I was close to a wall until I gave in and did it. And that lead to something else I said I didn't want; I didn't want cum anywhere near my face, I found it gross. I wanted him to either do it in a condom or on my stomach so I could easily wipe it off. He just ignored this, and tried to do it on my face anyway. Luckily he never did it in my mouth, I think I would have actually puked if he did. 

It just hurts because he seemed so respectful in the beginning, but sex felt more like a chore to make him happy, than to make me happy. He said he cared about me and wanted me to enjoy it too, but from how he behaved as soon as he got into the mood, I doubt that. He also would touch my boobs and butt a lot, and usually I was okay with it, but sometimes I just didn't want to and I'd say 'stop', but he didn't listen.

I only realized how messed up this all is after we broke up. In those moments I just froze and did what he wanted, I thought it was an act of love? It messed me up pretty badly, and I don't know how to deal with this realisation. 

So, is this sexual assault? Technically, I consented. But it was out of pressure. I just don't know how to feel about all of this.",['\\bis\\s+this\\s+(?:sa|sexual\\s+assault)\\b'],"[""\\bi\\s+(?:genuinely|just|honestly|really|truly|still)\\s+don[’']t\\s+know\\b"", '\\bis\\s+this\\s+(?:sa|sexual\\s+assault)\\b', ""\\bi\\s+don[’']t\\s+know\\b"", ""\\bi[’']?m\\s+not\\s+sure\\b"", '\\bassault\\b', ""\\bi\\s+wasn[’']t\\s+sure\\b"", '\\bsexual(?:ly)?\\s+assault(?:ed|s|ing)?\\b', '\\bsexual(?:ly)?\\s+harass(?:ment|ments|ed|es|ing)?\\b']"
1c3l2nl,SexualHarassment,Is it sexual assault or am I just overreacting ?,crazygirl47_346,3,2,False,0,1713069345,/r/SexualHarassment/comments/1c3l2nl/is_it_sexual_assault_or_am_i_just_overreacting/,We were dating at the time and she was already really aggressive but I tried to ignore it . I was 14 we were at her house on the couch she started touching on me and I was fine with that then touching turned into kissing then eventually she started touching my private area while I still had my jeans on then she started unzipping my jeans and I tried to grab her hand but she wouldn’t move ..she fingered me and I didn’t say anything because I was scared of her and to embarrass myself . Later that night I cried looking at the blood in my underwear but the thing is does it really count if all I did was try to move her hand? I didn’t say no or anything …I have to walk past her every day in the hallways and I can’t do anything but keep it to myself . Please somebody tell me is this sexual assault or am I just overreacting..,1c3l2nl SexualHarassment Is it sexual assault or am I just overreacting ? crazygirl47_346 /r/SexualHarassment/comments/1c3l2nl/is_it_sexual_assault_or_am_i_just_overreacting/ We were dating at the time and she was already really aggressive but I tried to ignore it . I was 14 we were at her house on the couch she started touching on me and I was fine with that then touching turned into kissing then eventually she started touching my private area while I still had my jeans on then she started unzipping my jeans and I tried to grab her hand but she wouldn’t move ..she fingered me and I didn’t say anything because I was scared of her and to embarrass myself . Later that night I cried looking at the blood in my underwear but the thing is does it really count if all I did was try to move her hand? I didn’t say no or anything …I have to walk past her every day in the hallways and I can’t do anything but keep it to myself . Please somebody tell me is this sexual assault or am I just overreacting..,"['\\bis\\s+this\\s+(?:sa|sexual\\s+assault)\\b', ""\\bi\\s+didn[’']t\\s+say\\s+no\\b""]","[""\\bi\\s+didn[’']t\\s+say\\s+no\\b"", '\\bis\\s+this\\s+(?:sa|sexual\\s+assault)\\b', '\\bassault\\b', '\\bsexual(?:ly)?\\s+assault(?:ed|s|ing)?\\b']"
12qc75r,SexualHarassment,Am i a victim of anything? i feel like it's my fault.,Existing-Tap6399,4,3,True,1,1681796383,/r/SexualHarassment/comments/12qc75r/am_i_a_victim_of_anything_i_feel_like_its_my_fault/," 

Saturday night, I decided to go out with someone I known for about a year to go get some drinks and vibe to some music. I'm only 21 and my tolerance for alcohol is super low. I am aware when I am tipsy/drunk when I start dancing not caring about what others think but countless times during these moments I will feel said person- lets call him Nate, come up from behind me with a hard on and would press himself against me even though I am not doing any grinding to begin with.

Nate is 27 years old and has a high tolerance for alcohol but he only had about 2 drinks that night and told me he was completely sober. Each time I sober up I state to Nate that it makes me uncomfortable when he does this or kiss me without my consent. At times he will get defensive but others he will apologize. So it shocked me when it happened again.

After some time I needed to use the bathroom. I was wearing a romper with a zipper I just could not find. My bladder is weak and I was going to just pee on myself but I decided to ask for help. I open the door to the restroom and see a couple on the couch- both female so I decided not to ask them because I did not want to start a problem. I asked one of them to get Nate for me. Nate came over and I turned my back at the crack of the door so he could unzip it for me but he opened the door so he could go in and I stepped back noticing he closed the door behind him. weird but ok.

When he unzipped it I stated I was insecure because of my back acne. Nate said it was nothing he haven't seen before. So I notice that Nate was standing towards me while I was holding my romper to my chest and I asked him to at least turn around. He made a big fuss about it and only turned halfway I assume because there was a mirror to his right. I really had no other choice but to pee and eventually Nate turned back around stating he had his eyes closed.

I promise you me and him made direct eye contact and I was feeling very upset while covering my chest with my hands. Nate once again said that he has already seen it before- speaking about the time when I had an OF a year ago. Nate started manipulating me by saying that we can leave right then and there but I said I did not care. I took an uber home and this made him upset. He mentioned that I was overreacting because I had ""too much to drink"" and that I cant afford an uber. I told the uber lady everything and she said that I had every right to leave. What exactly is this called? I felt vunerable. what would've happened if I blacked out. Please don't blame me. I learned from my mistakes. Thank you..","12qc75r SexualHarassment Am i a victim of anything? i feel like it's my fault. Existing-Tap6399 /r/SexualHarassment/comments/12qc75r/am_i_a_victim_of_anything_i_feel_like_its_my_fault/  

Saturday night, I decided to go out with someone I known for about a year to go get some drinks and vibe to some music. I'm only 21 and my tolerance for alcohol is super low. I am aware when I am tipsy/drunk when I start dancing not caring about what others think but countless times during these moments I will feel said person- lets call him Nate, come up from behind me with a hard on and would press himself against me even though I am not doing any grinding to begin with.

Nate is 27 years old and has a high tolerance for alcohol but he only had about 2 drinks that night and told me he was completely sober. Each time I sober up I state to Nate that it makes me uncomfortable when he does this or kiss me without my consent. At times he will get defensive but others he will apologize. So it shocked me when it happened again.

After some time I needed to use the bathroom. I was wearing a romper with a zipper I just could not find. My bladder is weak and I was going to just pee on myself but I decided to ask for help. I open the door to the restroom and see a couple on the couch- both female so I decided not to ask them because I did not want to start a problem. I asked one of them to get Nate for me. Nate came over and I turned my back at the crack of the door so he could unzip it for me but he opened the door so he could go in and I stepped back noticing he closed the door behind him. weird but ok.

When he unzipped it I stated I was insecure because of my back acne. Nate said it was nothing he haven't seen before. So I notice that Nate was standing towards me while I was holding my romper to my chest and I asked him to at least turn around. He made a big fuss about it and only turned halfway I assume because there was a mirror to his right. I really had no other choice but to pee and eventually Nate turned back around stating he had his eyes closed.

I promise you me and him made direct eye contact and I was feeling very upset while covering my chest with my hands. Nate once again said that he has already seen it before- speaking about the time when I had an OF a year ago. Nate started manipulating me by saying that we can leave right then and there but I said I did not care. I took an uber home and this made him upset. He mentioned that I was overreacting because I had ""too much to drink"" and that I cant afford an uber. I told the uber lady everything and she said that I had every right to leave. What exactly is this called? I felt vunerable. what would've happened if I blacked out. Please don't blame me. I learned from my mistakes. Thank you..",['\\bam\\s+i\\s+(?:a\\s+)?victim\\b'],['\\bam\\s+i\\s+(?:a\\s+)?victim\\b']
x0qpjz,SexualHarassment,I just feel so,RubyRoseheart7703,2,4,True,1,1661784655,/r/SexualHarassment/comments/x0qpjz/i_just_feel_so/,"I just feel so

This was earlier this year. I downloaded an app called Taimi, maybe someone here's heard of it. Had an unrelated unsolicited pic, but that wasn't what affected me. I messaged someone on Taimi (who we'll call K/ and they said they liked me right away. I probably should have thought it over but I felt so desperate I let them get together with me after a day. 

It was okay for maybe the first few days. We voice chatted a bit, K was very affectionate. Less than a week afterwards K sprang up and told me how.. he felt. It was completely random and they said they were doing to,, relieve it. I got uncomfortable because it came out of nowhere, but I didn't say anything because I didn't want them to feel shamed. 

Not long after that they told me they had things they wanted to do with me. K said they wanted to wait until I was comfortable, but it still felt off to me that they admitted that in the first place. One time they said: ""I want to do things to you. But I don't want to say them.""  We'd maybe been together for less than a week online at this point, and I never said anything about anything more than romantic stuff. I agreed to.. things over text, for a reason I'm not even sure why. I guess I was just desperate and lonely and wanted some form of bond with someone. They kept bringing it up before I agreed, I felt like it was something they wanted. Maybe I agreed because they kept bringing it up. I don't know. 

I sent pictures, I allowed K to send pictures. We talked dirty to each other. But I wasn't really into it, but I didn't have the heart to tell K. Some part of me did want it, I guess. Maybe some deep, repressed, lonely part. But after a day or two, they asked me two days in a row. And I guess I snapped out of it, finally stood up for myself and blocked K on all social medias. 

I just, I don't know. I feel like he sprang all the talk on me to try and coerce me but.. I don't know. Is this sa? What is this? I just need opinions on the situation. I feel taken advantage of. I feel like they never loved me and only wanted something out of me. I feel so bad.","x0qpjz SexualHarassment I just feel so RubyRoseheart7703 /r/SexualHarassment/comments/x0qpjz/i_just_feel_so/ I just feel so

This was earlier this year. I downloaded an app called Taimi, maybe someone here's heard of it. Had an unrelated unsolicited pic, but that wasn't what affected me. I messaged someone on Taimi (who we'll call K/ and they said they liked me right away. I probably should have thought it over but I felt so desperate I let them get together with me after a day. 

It was okay for maybe the first few days. We voice chatted a bit, K was very affectionate. Less than a week afterwards K sprang up and told me how.. he felt. It was completely random and they said they were doing to,, relieve it. I got uncomfortable because it came out of nowhere, but I didn't say anything because I didn't want them to feel shamed. 

Not long after that they told me they had things they wanted to do with me. K said they wanted to wait until I was comfortable, but it still felt off to me that they admitted that in the first place. One time they said: ""I want to do things to you. But I don't want to say them.""  We'd maybe been together for less than a week online at this point, and I never said anything about anything more than romantic stuff. I agreed to.. things over text, for a reason I'm not even sure why. I guess I was just desperate and lonely and wanted some form of bond with someone. They kept bringing it up before I agreed, I felt like it was something they wanted. Maybe I agreed because they kept bringing it up. I don't know. 

I sent pictures, I allowed K to send pictures. We talked dirty to each other. But I wasn't really into it, but I didn't have the heart to tell K. Some part of me did want it, I guess. Maybe some deep, repressed, lonely part. But after a day or two, they asked me two days in a row. And I guess I snapped out of it, finally stood up for myself and blocked K on all social medias. 

I just, I don't know. I feel like he sprang all the talk on me to try and coerce me but.. I don't know. Is this sa? What is this? I just need opinions on the situation. I feel taken advantage of. I feel like they never loved me and only wanted something out of me. I feel so bad.",['\\bis\\s+this\\s+(?:sa|sexual\\s+assault)\\b'],"['\\bsa\\b', ""\\bi\\s+don[’']t\\s+know\\b"", '\\bis\\s+this\\s+(?:sa|sexual\\s+assault)\\b']"
rmdm35,SexualHarassment,Should i report?,caosdragon,3,3,False,0,1640203767,/r/SexualHarassment/comments/rmdm35/should_i_report/,"Recently, my gym PT molested me, but it wasn’t really because i did kinda give consent? 

i’m feeling very conflicted
—

i’m female, 18, and just started working out with this PT dude, whose probably 25. I had 10 sessions with him and things went well, occasionally i felt as if he was overstepping his boundaries but i let it slide thinking he was just friendly.

i understand that when working out at the gym, it’s needed for some sensitive physical contact with my PT in order to excercise correctly and not hurt myself, That’s why i look over some of the red flags.

But then things went from 10 to 100 real quick.

one day he suggested i use the gym’s sauna for better muscle recovery, so i went in without much thought. But then i saw that it was only me and him in that room.

he started getting all close to me and ask if he can touch me, i thought he was doing muscle recovery massage so i gave an awkward sure.

it started just as that, but then he just went to suck on my nipple. then start touch me down under, and i just sat there. while he continued having his way with me, i didn’t say no, but at the same time i didn’t say yes as well.

He wanted to have sex with me, and so i refused. luckily he listened to me, but he was still very pushy. in that moment, i wasn’t direct nor confrontative like i want to be, rather i was this weak and shy person. 

The next few sessions i have with him were very awkward, we did have a talk and i just wanted to let the event go and forget about it.

bassically, just move past it and let me just workout. at the same time, i was also trying to maintain a good relationship with him since he is still my trainer.

that incident was a week or 2 ago, then today, something similar happened again.
this time i did say no, that i don’t like it nor want it. But he was really pushy and just did some things without my consent. but not much happened.

Now i’m questioning if i should report him or not, since in some sense he was under a pretense that we have a good relationship and im okay with things because i didn’t alright reject him and didn’t want to hurt his feelings.

i feel so frustrated with myself for not being those badass woman who can stand up for herself. i really need some words of advice and encouragement right now since i never have something like this happen to me before","rmdm35 SexualHarassment Should i report? caosdragon /r/SexualHarassment/comments/rmdm35/should_i_report/ Recently, my gym PT molested me, but it wasn’t really because i did kinda give consent? 

i’m feeling very conflicted
—

i’m female, 18, and just started working out with this PT dude, whose probably 25. I had 10 sessions with him and things went well, occasionally i felt as if he was overstepping his boundaries but i let it slide thinking he was just friendly.

i understand that when working out at the gym, it’s needed for some sensitive physical contact with my PT in order to excercise correctly and not hurt myself, That’s why i look over some of the red flags.

But then things went from 10 to 100 real quick.

one day he suggested i use the gym’s sauna for better muscle recovery, so i went in without much thought. But then i saw that it was only me and him in that room.

he started getting all close to me and ask if he can touch me, i thought he was doing muscle recovery massage so i gave an awkward sure.

it started just as that, but then he just went to suck on my nipple. then start touch me down under, and i just sat there. while he continued having his way with me, i didn’t say no, but at the same time i didn’t say yes as well.

He wanted to have sex with me, and so i refused. luckily he listened to me, but he was still very pushy. in that moment, i wasn’t direct nor confrontative like i want to be, rather i was this weak and shy person. 

The next few sessions i have with him were very awkward, we did have a talk and i just wanted to let the event go and forget about it.

bassically, just move past it and let me just workout. at the same time, i was also trying to maintain a good relationship with him since he is still my trainer.

that incident was a week or 2 ago, then today, something similar happened again.
this time i did say no, that i don’t like it nor want it. But he was really pushy and just did some things without my consent. but not much happened.

Now i’m questioning if i should report him or not, since in some sense he was under a pretense that we have a good relationship and im okay with things because i didn’t alright reject him and didn’t want to hurt his feelings.

i feel so frustrated with myself for not being those badass woman who can stand up for herself. i really need some words of advice and encouragement right now since i never have something like this happen to me before","[""\\bi\\s+didn[’']t\\s+say\\s+no\\b""]","['\\bmolest(?:ed|ation|ations)?\\b', ""\\bi\\s+didn[’']t\\s+say\\s+no\\b""]"
qcg4oc,SexualHarassment,"After almost two years of not being harassed on the street, it happened again.",Nat_BP,4,4,False,0,1634779348,/r/SexualHarassment/comments/qcg4oc/after_almost_two_years_of_not_being_harassed_on/,"Just want to vent a bit...

Its weird 'cause before the pandemic I was SO used to street harassment I didn't give it much thought, I just tuned it out. I downplayed it thinking to myself: ""Well nothing REALLY happened, I'm physically OK"".

But now, after this very long lockdown and working from home, I hadn't experienced it in a long time and I'm **no longer desensitized to it**.

I was walking my dog in the park when this idiot in a bike passes by me and sits on one of the tables. I didn't give it any thought until I passed next to him to exit the park, and he starts shouting all this vulgar disgusting things, making horrid gestures and kissing noises...

I didn't have my cellphone on me so I had to turn back home to call the police. By the time I finally did it, he was gone on his stupid bike...

I hate that I even hesitated whether I should call or not, the usual thoughts came to mind: ""You know, you're fine"", ""It wasn't that bad, you where used to it before""... But you know what, that complete stranger did not hesitate for one second to say disgusting things to me, he didn't consider me or empathized with me one bit, why should I?

I hated it all so much, and I just made a pact with myself: It doesn't matter how small or unimportant it might seem to others, from now on, if I get harrassed -even if its just ONE word- I'm calling the cops.

Women in my country fought HARD for this sexual harrassment law and I intend to make good use of it.","qcg4oc SexualHarassment After almost two years of not being harassed on the street, it happened again. Nat_BP /r/SexualHarassment/comments/qcg4oc/after_almost_two_years_of_not_being_harassed_on/ Just want to vent a bit...

Its weird 'cause before the pandemic I was SO used to street harassment I didn't give it much thought, I just tuned it out. I downplayed it thinking to myself: ""Well nothing REALLY happened, I'm physically OK"".

But now, after this very long lockdown and working from home, I hadn't experienced it in a long time and I'm **no longer desensitized to it**.

I was walking my dog in the park when this idiot in a bike passes by me and sits on one of the tables. I didn't give it any thought until I passed next to him to exit the park, and he starts shouting all this vulgar disgusting things, making horrid gestures and kissing noises...

I didn't have my cellphone on me so I had to turn back home to call the police. By the time I finally did it, he was gone on his stupid bike...

I hate that I even hesitated whether I should call or not, the usual thoughts came to mind: ""You know, you're fine"", ""It wasn't that bad, you where used to it before""... But you know what, that complete stranger did not hesitate for one second to say disgusting things to me, he didn't consider me or empathized with me one bit, why should I?

I hated it all so much, and I just made a pact with myself: It doesn't matter how small or unimportant it might seem to others, from now on, if I get harrassed -even if its just ONE word- I'm calling the cops.

Women in my country fought HARD for this sexual harrassment law and I intend to make good use of it.","[""\\bit\\s+wasn[’']t\\s+that\\s+bad\\b""]","['\\bsexual(?:ly)?\\s+harrass(?:ment|ments|ed|es|ing)?\\b', ""\\bit\\s+wasn[’']t\\s+that\\s+bad\\b""]"
j4bsfy,SexualHarassment,does this count as sexual assault,howdoesredditworklol,3,9,False,0,1601710790,/r/SexualHarassment/comments/j4bsfy/does_this_count_as_sexual_assault/,"tw// sexual assault. around two months ago, i had been talking to this guy. we would send nudes to eachother and he would sext me. occasionally i would go along with it, for example, he would say “i cant wait to fuck you” and i would say “mmmhhmm”. after a little while, we met up and went to the park. it was around 12am. he started grinding on me from behind and it made me feel disgusting but i was too scared to say anything. we then went to lay on the grass. i told him i was gonna fall asleep and he said “do you want me to keep you awake” and i said yes, not knowing what he was going to do. he then lifted up my shirt and bra and started sucking my nipple and squeezing my boob. i didn’t say anything, all i did was look away because i felt too uncomfortable. ever since that night i have hated myself, i went to the mental hospital for a week mainly because of what happened. people are telling me to file a police report but i don’t know if i should because i don’t know if it counts as sexual assault since we had sexted. someone answer please i would really appreciate it.","j4bsfy SexualHarassment does this count as sexual assault howdoesredditworklol /r/SexualHarassment/comments/j4bsfy/does_this_count_as_sexual_assault/ tw// sexual assault. around two months ago, i had been talking to this guy. we would send nudes to eachother and he would sext me. occasionally i would go along with it, for example, he would say “i cant wait to fuck you” and i would say “mmmhhmm”. after a little while, we met up and went to the park. it was around 12am. he started grinding on me from behind and it made me feel disgusting but i was too scared to say anything. we then went to lay on the grass. i told him i was gonna fall asleep and he said “do you want me to keep you awake” and i said yes, not knowing what he was going to do. he then lifted up my shirt and bra and started sucking my nipple and squeezing my boob. i didn’t say anything, all i did was look away because i felt too uncomfortable. ever since that night i have hated myself, i went to the mental hospital for a week mainly because of what happened. people are telling me to file a police report but i don’t know if i should because i don’t know if it counts as sexual assault since we had sexted. someone answer please i would really appreciate it.","['\\bit\\s+count(?:s)?\\s+as\\s+(?:sa|sexual\\s+assault)\\b', '\\bdoes\\s+this\\s+count\\s+as\\s+(?:sa|sexual\\s+assault)\\b']","[""\\bi\\s+don[’']t\\s+know\\b"", '\\bit\\s+count(?:s)?\\s+as\\s+(?:sa|sexual\\s+assault)\\b', '\\bassault\\b', '\\bdoes\\s+this\\s+count\\s+as\\s+(?:sa|sexual\\s+assault)\\b', '\\bsexual(?:ly)?\\s+assault(?:ed|s|ing)?\\b']"
j4bsfy,SexualHarassment,does this count as sexual assault,howdoesredditworklol,3,9,False,0,1601710790,/r/SexualHarassment/comments/j4bsfy/does_this_count_as_sexual_assault/,"tw// sexual assault. around two months ago, i had been talking to this guy. we would send nudes to eachother and he would sext me. occasionally i would go along with it, for example, he would say “i cant wait to fuck you” and i would say “mmmhhmm”. after a little while, we met up and went to the park. it was around 12am. he started grinding on me from behind and it made me feel disgusting but i was too scared to say anything. we then went to lay on the grass. i told him i was gonna fall asleep and he said “do you want me to keep you awake” and i said yes, not knowing what he was going to do. he then lifted up my shirt and bra and started sucking my nipple and squeezing my boob. i didn’t say anything, all i did was look away because i felt too uncomfortable. ever since that night i have hated myself, i went to the mental hospital for a week mainly because of what happened. people are telling me to file a police report but i don’t know if i should because i don’t know if it counts as sexual assault since we had sexted. someone answer please i would really appreciate it.","j4bsfy SexualHarassment does this count as sexual assault howdoesredditworklol /r/SexualHarassment/comments/j4bsfy/does_this_count_as_sexual_assault/ tw// sexual assault. around two months ago, i had been talking to this guy. we would send nudes to eachother and he would sext me. occasionally i would go along with it, for example, he would say “i cant wait to fuck you” and i would say “mmmhhmm”. after a little while, we met up and went to the park. it was around 12am. he started grinding on me from behind and it made me feel disgusting but i was too scared to say anything. we then went to lay on the grass. i told him i was gonna fall asleep and he said “do you want me to keep you awake” and i said yes, not knowing what he was going to do. he then lifted up my shirt and bra and started sucking my nipple and squeezing my boob. i didn’t say anything, all i did was look away because i felt too uncomfortable. ever since that night i have hated myself, i went to the mental hospital for a week mainly because of what happened. people are telling me to file a police report but i don’t know if i should because i don’t know if it counts as sexual assault since we had sexted. someone answer please i would really appreciate it.","['\\bit\\s+count(?:s)?\\s+as\\s+(?:sa|sexual\\s+assault)\\b', '\\bdoes\\s+this\\s+count\\s+as\\s+(?:sa|sexual\\s+assault)\\b']","[""\\bi\\s+don[’']t\\s+know\\b"", '\\bit\\s+count(?:s)?\\s+as\\s+(?:sa|sexual\\s+assault)\\b', '\\bassault\\b', '\\bdoes\\s+this\\s+count\\s+as\\s+(?:sa|sexual\\s+assault)\\b', '\\bsexual(?:ly)?\\s+assault(?:ed|s|ing)?\\b']"
xrhvp2,Molested,Against my better judgment I gave in to him.,Thrownawaygullible,33,9,True,3,1664482660,/r/Molested/comments/xrhvp2/against_my_better_judgment_i_gave_in_to_him/,"Trigger warning: sexual assault, sex and nudity. 

Took a long time for me to write this as I know this is when everything changed for me. A lot of my behavior and how I interact with people changed. Especially how I was with him. 

I still held off for the most part on sex and he did respect my boundaries of not having it. My friends were saying I was the last one (no surprises and no judgements) they would just hook up with guys way older then mine. They said he provides a stable and steady life why not? My only answer was I wanted to be older at least a teen who “knew what they did” silly as it sounds. But I couldn’t think of anything as nothing really happened to me. Things happened to others but not to me. I came home and got fight with my aunt and uncle as they were thinking of renting out my room to a friend. Told me I could sleep on the couch since I didn’t pay rent. I think that was the straw. I asked him if he minded I moved in with him permanently? He was ecstatic to say the least like it was the best news he heard and he welcomed me. Seeing how happy that made him against my better judgement I told him, we can start having sex. Never saw someone more happy then with that news. But I did have conditions at least hoping it would make things better, I told him condoms on at all times, not allowed to put me down in anyway and if he talks about it to not make me seem like I was slutty (I was still worried about what people said). He agreed to it all and promised to make me happy. But he had conditions to. Since I was living with him he expected certain things. He expected a hot meal or sex when he came home from work but I got to choose, at times. So I guess that was a positive? Nonetheless I agreed. 

I moved in all my other clothes to his place or as he said “our place”. My aunt and uncle were only concerned about not having “high end” groceries. When I asked them anything else, they said he would have to take care of it. So I was more convinced at making the right decision.

I moved in on a Tuesday and basically assumed my role as a domestic as he called it. I didn’t really know how to cook so it was a lot of soups which he didn’t complain about. I did say Friday would be a good day for us to have a physical relationship. Friday came and he was slow, gentle and caring. All the porn we watched wasn’t the best. A lot of those guys weren’t nice if I can explain it. He did take me to the room. We did what we did normally, he showed me he put on the condom. It was time, it hurt a lot but he took his time for now. He kept saying how tight I was( now I know what that meant thanks to my friends ). It was uncomfortable till it wasn’t but once again he was easy. He kept checking on me to make sure I was alright. It started feeling good. His fingers didn’t feel good so I was confused why this felt better. I finished before him. So we changed positions ( all fours )he kept telling me I was now his. He was slightly rougher in the new position my head kept hitting the headboard and he approved stating it took way too long for him to hear that noise. He took a long time to finish but I can tell as he kept going faster and harder till he did. He said 2/3 was my first but sooner or later he wants something else from me. 

Saturday I woke up and his neighbor was talking to him. I overheard him saying if everything was alright as he heard some moaning, screaming and banging last night. He said yeah just “fucking” my girlfriend. I still wasn’t used to that kind of word. His neighbor stated how he was lucky and good luck. I was kind of taken back by it but he assured me, people are going to assume anyway. So I guess that was ok since everyone assumed this was normal I just went along with it. That’s how it started with me.

My therapist said once again he knew the type of environment I was in and put the allusion of providing a better one as long as he got access to me. For a while I felt bad like I fell for it.","xrhvp2 Molested Against my better judgment I gave in to him. Thrownawaygullible /r/Molested/comments/xrhvp2/against_my_better_judgment_i_gave_in_to_him/ Trigger warning: sexual assault, sex and nudity. 

Took a long time for me to write this as I know this is when everything changed for me. A lot of my behavior and how I interact with people changed. Especially how I was with him. 

I still held off for the most part on sex and he did respect my boundaries of not having it. My friends were saying I was the last one (no surprises and no judgements) they would just hook up with guys way older then mine. They said he provides a stable and steady life why not? My only answer was I wanted to be older at least a teen who “knew what they did” silly as it sounds. But I couldn’t think of anything as nothing really happened to me. Things happened to others but not to me. I came home and got fight with my aunt and uncle as they were thinking of renting out my room to a friend. Told me I could sleep on the couch since I didn’t pay rent. I think that was the straw. I asked him if he minded I moved in with him permanently? He was ecstatic to say the least like it was the best news he heard and he welcomed me. Seeing how happy that made him against my better judgement I told him, we can start having sex. Never saw someone more happy then with that news. But I did have conditions at least hoping it would make things better, I told him condoms on at all times, not allowed to put me down in anyway and if he talks about it to not make me seem like I was slutty (I was still worried about what people said). He agreed to it all and promised to make me happy. But he had conditions to. Since I was living with him he expected certain things. He expected a hot meal or sex when he came home from work but I got to choose, at times. So I guess that was a positive? Nonetheless I agreed. 

I moved in all my other clothes to his place or as he said “our place”. My aunt and uncle were only concerned about not having “high end” groceries. When I asked them anything else, they said he would have to take care of it. So I was more convinced at making the right decision.

I moved in on a Tuesday and basically assumed my role as a domestic as he called it. I didn’t really know how to cook so it was a lot of soups which he didn’t complain about. I did say Friday would be a good day for us to have a physical relationship. Friday came and he was slow, gentle and caring. All the porn we watched wasn’t the best. A lot of those guys weren’t nice if I can explain it. He did take me to the room. We did what we did normally, he showed me he put on the condom. It was time, it hurt a lot but he took his time for now. He kept saying how tight I was( now I know what that meant thanks to my friends ). It was uncomfortable till it wasn’t but once again he was easy. He kept checking on me to make sure I was alright. It started feeling good. His fingers didn’t feel good so I was confused why this felt better. I finished before him. So we changed positions ( all fours )he kept telling me I was now his. He was slightly rougher in the new position my head kept hitting the headboard and he approved stating it took way too long for him to hear that noise. He took a long time to finish but I can tell as he kept going faster and harder till he did. He said 2/3 was my first but sooner or later he wants something else from me. 

Saturday I woke up and his neighbor was talking to him. I overheard him saying if everything was alright as he heard some moaning, screaming and banging last night. He said yeah just “fucking” my girlfriend. I still wasn’t used to that kind of word. His neighbor stated how he was lucky and good luck. I was kind of taken back by it but he assured me, people are going to assume anyway. So I guess that was ok since everyone assumed this was normal I just went along with it. That’s how it started with me.

My therapist said once again he knew the type of environment I was in and put the allusion of providing a better one as long as he got access to me. For a while I felt bad like I fell for it.",['\\bi\\s+just\\s+went\\s+along\\s+with\\s+it\\b'],"['\\bi\\s+just\\s+went\\s+along\\s+with\\s+it\\b', ""\\bi\\s+didn[’']t\\s+really\\s+know\\b"", '\\bgirlfriend\\b', '\\bassault\\b', '\\bfriend\\b', '\\bmolest(?:ed|ation|ations)?\\b', '\\bsexual(?:ly)?\\s+assault(?:ed|s|ing)?\\b']"
oedjrd,Molested,Is this sexual assault ? Molestation ?,suicidal_song,6,3,False,0,1625510678,/r/Molested/comments/oedjrd/is_this_sexual_assault_molestation/,"We were in a jam packed lift. Both 8 th graders. He was holding a sweater and we were standing very close to each other. He kept shifting his hands and his knuckles kept brushing against me right below my private area. I stood there frozen. Reported it after that.

He had once brushed past me hitting my butt and I had complained to the teacher and so had my parents. 

This was the second time. The said she woukd talk to him. She just talked. 

After this I don't remember clearly if dod something like ghis again or not as the timeline is a bit messed up.

Before tge lift incident, I had become sort of hyper aware of these incidents and every time some brushd or hit against me, i told my teachers my fears.  I think they started to think it was my problem. So they did nothing.

My mother tells me that both times it coudl be both an accidental touch or intentional, bit either its not worth crying over. That I should move on. I cant.","oedjrd Molested Is this sexual assault ? Molestation ? suicidal_song /r/Molested/comments/oedjrd/is_this_sexual_assault_molestation/ We were in a jam packed lift. Both 8 th graders. He was holding a sweater and we were standing very close to each other. He kept shifting his hands and his knuckles kept brushing against me right below my private area. I stood there frozen. Reported it after that.

He had once brushed past me hitting my butt and I had complained to the teacher and so had my parents. 

This was the second time. The said she woukd talk to him. She just talked. 

After this I don't remember clearly if dod something like ghis again or not as the timeline is a bit messed up.

Before tge lift incident, I had become sort of hyper aware of these incidents and every time some brushd or hit against me, i told my teachers my fears.  I think they started to think it was my problem. So they did nothing.

My mother tells me that both times it coudl be both an accidental touch or intentional, bit either its not worth crying over. That I should move on. I cant.",['\\bis\\s+this\\s+(?:sa|sexual\\s+assault)\\b'],"['\\bis\\s+this\\s+(?:sa|sexual\\s+assault)\\b', '\\bmolest(?:ed|ation|ations)?\\b', '\\bassault\\b', '\\bsexual(?:ly)?\\s+assault(?:ed|s|ing)?\\b']"
liv51f,Molested,I think my abuse made negatively effected my views on sex. Seeing and hearing about it pisses me off uncontrollably.,WaitPatient4771,9,11,False,0,1613198206,/r/Molested/comments/liv51f/i_think_my_abuse_made_negatively_effected_my/,"(Im a female btw) I was 5 when the sexual abuse wuth my uncle started, and this was right after my grandma got in trouble for phsycially/verbally abusing me for 2 years.

My uncle groomed me, made me feel like he was a friend and gave me a nickname. A couple times he touched me inappropriately while play-wrestling with me, and many times he would kiss me on the lips and have his hands too low while hugging. He also exposed himself to me.
Eventually he made the move to carry out intercourse, but i was struggling which startled him and he stopped, im not sure if that would still be considered sexual assault or not. From that day on he stopped with the molestation but still acted creepy with me up until 16 when i moved away. I told my parents, who believed me and told my relatives the jist of it since hes around other children and has 2 of his own, which im not sure if hes abused as well. 
They claimed to believe me, yet still hung around him and his wife didnt act on it at all. Also told me the cliche ""he didnt mean to make you uncomfortable, he wont be like that anymore."" We cut all of them off. I dont have evidence to go to the police about it. 

Im now 21, and have nightmares from time to time about the whole situation. I moderate social media content as my job, where i see a lot of people talking about sex with their partners and being sexual with them. On TV its almost as if every other minute theres a sex scene with obnoxious moaning. 
Every time i come across all this, i get pissed off and try not to. The idea of certain submissive positions makes me so upset. I feel like its such a pressured thing to have in relationships. And i always feel like somehow theyre always rubbing it in that they have sex lives. especially with the loud moaning and talking about sex lives, i always feel like the girl is on a high horse trying to rub it in my face and purposely being loud so everyone can hear. These thought are intrusive and i try to push them away.

I struggle accepting intimate advances. Ive had a few relationships but never a really good healthy one. I lost my virginity to a man almost twice my age, who is a close friend but i didnt feel anything emotionally so i regret it.

Just kinda wanted to vent about this and was wondering if anyone else goes through the same thing.","liv51f Molested I think my abuse made negatively effected my views on sex. Seeing and hearing about it pisses me off uncontrollably. WaitPatient4771 /r/Molested/comments/liv51f/i_think_my_abuse_made_negatively_effected_my/ (Im a female btw) I was 5 when the sexual abuse wuth my uncle started, and this was right after my grandma got in trouble for phsycially/verbally abusing me for 2 years.

My uncle groomed me, made me feel like he was a friend and gave me a nickname. A couple times he touched me inappropriately while play-wrestling with me, and many times he would kiss me on the lips and have his hands too low while hugging. He also exposed himself to me.
Eventually he made the move to carry out intercourse, but i was struggling which startled him and he stopped, im not sure if that would still be considered sexual assault or not. From that day on he stopped with the molestation but still acted creepy with me up until 16 when i moved away. I told my parents, who believed me and told my relatives the jist of it since hes around other children and has 2 of his own, which im not sure if hes abused as well. 
They claimed to believe me, yet still hung around him and his wife didnt act on it at all. Also told me the cliche ""he didnt mean to make you uncomfortable, he wont be like that anymore."" We cut all of them off. I dont have evidence to go to the police about it. 

Im now 21, and have nightmares from time to time about the whole situation. I moderate social media content as my job, where i see a lot of people talking about sex with their partners and being sexual with them. On TV its almost as if every other minute theres a sex scene with obnoxious moaning. 
Every time i come across all this, i get pissed off and try not to. The idea of certain submissive positions makes me so upset. I feel like its such a pressured thing to have in relationships. And i always feel like somehow theyre always rubbing it in that they have sex lives. especially with the loud moaning and talking about sex lives, i always feel like the girl is on a high horse trying to rub it in my face and purposely being loud so everyone can hear. These thought are intrusive and i try to push them away.

I struggle accepting intimate advances. Ive had a few relationships but never a really good healthy one. I lost my virginity to a man almost twice my age, who is a close friend but i didnt feel anything emotionally so i regret it.

Just kinda wanted to vent about this and was wondering if anyone else goes through the same thing.",['\\bconsider(?:ed)?\\s+(?:it\\s+)?(?:sa|sexual\\s+assault)\\b'],"['\\bwife\\b', '\\bsexual(?:ly)?\\s+abus(?:e|ed|es|ing)\\b', ""\\bi[’']?m\\s+not\\s+sure\\b"", '\\bassault\\b', '\\bconsider(?:ed)?\\s+(?:it\\s+)?(?:sa|sexual\\s+assault)\\b', '\\bfriend\\b', '\\bmolest(?:ed|ation|ations)?\\b', '\\bsexual(?:ly)?\\s+assault(?:ed|s|ing)?\\b']"
1madrc4,rape,Was this 🍇?,Working-Guest2125,8,2,False,0,1753592147,/r/rape/comments/1madrc4/was_this/,"Major trigger warning this contains graphic details and my story and what happened that night. If you think this may trigger you please stop reading here!!!!.

Okay so I had met this guy on this island whilst traveling (solo trip after a group trip ) and he was my tour guide for a snorkeling tour and we went out for dinner and had drinks and whenever I’d drink I guess I drunk around 3/4 drinks but I was never blackout drunk any of these times but ended up getting myself decently drunk as I was anxious.

the first night we had sex in the water on the beach he had asked me wether he could kiss me and said he wanted to go futher down the beach from the bar as he was “shy”  and I agreed
And we went futher down the beach and made out and then he asked wether I wanted to go swimming and I agreed and we skinny dipped and then we sort of kissed and then I was sitting on top of him and he just like started fingering me and I remember being sort of taken aback and then a bit after he penetrated me and started having sex with me . This was my first time.  It just felt like everything moved a little fast . but this experience didn’t really like feel like assualt I guess I didn’t actively consent but I didn’t like not want to have sex with him it was just weirdly fucken sudden

but it was the other experience below which happened the second night I hung out with him that I guess was sort of traumatizing and assault or harm in some way I don’t know wether it was rape ,

The second night we went out for drinks and had sex on a boat in the ocean, ( fucken werid i know 0/10 don’t reccomend!) So like we were in missionary and he was like standing up and he was I guess thrusting into me and it started to really fucken hurt like on the skin when he was fucking me. Like I was really in pain and it really fucken hurt like burned, not just a little discomfort and I wanted to stop. so I like nudged/pushed him with my hand and he stopped looked at me and said “just two more minutes”  and kept going. And I kinda just froze. I remember seeing the slats of wood on the boat seats above me that where in my direct eye view as it was happening, I remember feeling like I was looking down on myself in third person. It felt dehumanizing.  I wish I had pushed him harder I wish I had fought I wish I had pushed him off me I wish I had said something and I blame myself and I didn’t even know wether it was assualt and still doubt myself because I didn’t say no or scream . I also feel so embarrassed by this . I don’t really know whether it’s rape or assualt and I guess I’m just putting this out there for an honest opinion.

And when he finished he was wearing a condom thank god. I went back on his bike and he dropped me off at the place I was staying and then I remeber showering and the skin down there was like so inflamed and painful it like still hurt and so I like put benpanthen all over it, I remember being really mad afterwards and just hating the guy, especially cause my clothes were wet. I left the island that morning

This happened a few months on a solo trip  on an island so hot humid weather! . And a day later I went to the bathroom and pulled my underwear down as ya do 🤣. and patch of skin came off down there like it was about the size of my thumb that came off and it was like completely raw like hair follicles came off too.
So I kept it clean whilst It healed and kept putting benpenathen cream on it and thank god It didn’t get infected which I was worried about in such hot weather.
but it honestly hurt to walk as it healed .

I guess I’m here sharing this and asking for advice as I’ve not really spoken much about this to anyone. I have contacted a counselling service thing for SA victims and I had a meeting with a social worker. where she got me to tell her a bit about what happened and she just said that I had experienced sexual harm and just asked how the skin was healing etc. and I told my best friends mother but no details about what happened just hinted I was assaulted. as her daughter my ex best friend had gossiped about my first time with her mum behind my back when I never wanted that shared . My best friend didn’t know I was assaulted by that guy when she did that thou, but shouldn’t have shared that behind my back. but never went into detail or anything with my ex best friends mum and said I didn’t wish to talk about it. And she just told me “ if you’ve been seriously harmed you need to go to the police or get counselling like you are”.

I never reported it or had a kit done, it’s been a few months since this happened and it happened overseas, I don’t know whether i should report it or not. I know the justice system in most countries dosent do shit for victims and definitely dosent in my home country. And I don’t know whether I’d get done for having sex in a public place/beach if I ever did report it. And I don’t have proof.)

I guess I’m just after a human response that’s not some pyschology shit , I studied psychology, I was abused for 5 years I’m more than fucken aware of what the 4 trauma responses are I know I freezed and I hate myself for it .","1madrc4 rape Was this 🍇? Working-Guest2125 /r/rape/comments/1madrc4/was_this/ Major trigger warning this contains graphic details and my story and what happened that night. If you think this may trigger you please stop reading here!!!!.

Okay so I had met this guy on this island whilst traveling (solo trip after a group trip ) and he was my tour guide for a snorkeling tour and we went out for dinner and had drinks and whenever I’d drink I guess I drunk around 3/4 drinks but I was never blackout drunk any of these times but ended up getting myself decently drunk as I was anxious.

the first night we had sex in the water on the beach he had asked me wether he could kiss me and said he wanted to go futher down the beach from the bar as he was “shy”  and I agreed
And we went futher down the beach and made out and then he asked wether I wanted to go swimming and I agreed and we skinny dipped and then we sort of kissed and then I was sitting on top of him and he just like started fingering me and I remember being sort of taken aback and then a bit after he penetrated me and started having sex with me . This was my first time.  It just felt like everything moved a little fast . but this experience didn’t really like feel like assualt I guess I didn’t actively consent but I didn’t like not want to have sex with him it was just weirdly fucken sudden

but it was the other experience below which happened the second night I hung out with him that I guess was sort of traumatizing and assault or harm in some way I don’t know wether it was rape ,

The second night we went out for drinks and had sex on a boat in the ocean, ( fucken werid i know 0/10 don’t reccomend!) So like we were in missionary and he was like standing up and he was I guess thrusting into me and it started to really fucken hurt like on the skin when he was fucking me. Like I was really in pain and it really fucken hurt like burned, not just a little discomfort and I wanted to stop. so I like nudged/pushed him with my hand and he stopped looked at me and said “just two more minutes”  and kept going. And I kinda just froze. I remember seeing the slats of wood on the boat seats above me that where in my direct eye view as it was happening, I remember feeling like I was looking down on myself in third person. It felt dehumanizing.  I wish I had pushed him harder I wish I had fought I wish I had pushed him off me I wish I had said something and I blame myself and I didn’t even know wether it was assualt and still doubt myself because I didn’t say no or scream . I also feel so embarrassed by this . I don’t really know whether it’s rape or assualt and I guess I’m just putting this out there for an honest opinion.

And when he finished he was wearing a condom thank god. I went back on his bike and he dropped me off at the place I was staying and then I remeber showering and the skin down there was like so inflamed and painful it like still hurt and so I like put benpanthen all over it, I remember being really mad afterwards and just hating the guy, especially cause my clothes were wet. I left the island that morning

This happened a few months on a solo trip  on an island so hot humid weather! . And a day later I went to the bathroom and pulled my underwear down as ya do 🤣. and patch of skin came off down there like it was about the size of my thumb that came off and it was like completely raw like hair follicles came off too.
So I kept it clean whilst It healed and kept putting benpenathen cream on it and thank god It didn’t get infected which I was worried about in such hot weather.
but it honestly hurt to walk as it healed .

I guess I’m here sharing this and asking for advice as I’ve not really spoken much about this to anyone. I have contacted a counselling service thing for SA victims and I had a meeting with a social worker. where she got me to tell her a bit about what happened and she just said that I had experienced sexual harm and just asked how the skin was healing etc. and I told my best friends mother but no details about what happened just hinted I was assaulted. as her daughter my ex best friend had gossiped about my first time with her mum behind my back when I never wanted that shared . My best friend didn’t know I was assaulted by that guy when she did that thou, but shouldn’t have shared that behind my back. but never went into detail or anything with my ex best friends mum and said I didn’t wish to talk about it. And she just told me “ if you’ve been seriously harmed you need to go to the police or get counselling like you are”.

I never reported it or had a kit done, it’s been a few months since this happened and it happened overseas, I don’t know whether i should report it or not. I know the justice system in most countries dosent do shit for victims and definitely dosent in my home country. And I don’t know whether I’d get done for having sex in a public place/beach if I ever did report it. And I don’t have proof.)

I guess I’m just after a human response that’s not some pyschology shit , I studied psychology, I was abused for 5 years I’m more than fucken aware of what the 4 trauma responses are I know I freezed and I hate myself for it .","[""\\bi\\s+didn[’']t\\s+say\\s+no\\b""]","[""\\bi\\s+didn[’']t\\s+say\\s+no\\b"", ""\\bi\\s+don[’']t\\s+really\\s+know\\b"", ""\\bi\\s+don[’']t\\s+know\\b"", '\\bsa\\b', '\\bassault\\b', '\\brape\\b', '\\bfriend\\b']"
1k325cf,rape,Was it some sort of sexual abuse?,Ayokayyy_8989,1,1,True,3,1745085314,/r/rape/comments/1k325cf/was_it_some_sort_of_sexual_abuse/,"I had a few coworkers come to my house one night to hang out. We were all drinking and I had made it very clear to one of them at the beginning of the night that I would not be engaging in any sexual activity with him. I ended up blacking out and he had sex with me. Here’s the thing.. I vaguely remember yelling to my roommate in her room that I was having sex and I didn’t care. I don’t remember anything else from the entire night. The next morning I felt very confused and dirty. The guy never spoke to me again. Very odd situation, but I was curious on others take on this. Was it considered SA since my inhibitions were lower at the time? Please no negative comments. I’m really just trying to make sense of it. ","1k325cf rape Was it some sort of sexual abuse? Ayokayyy_8989 /r/rape/comments/1k325cf/was_it_some_sort_of_sexual_abuse/ I had a few coworkers come to my house one night to hang out. We were all drinking and I had made it very clear to one of them at the beginning of the night that I would not be engaging in any sexual activity with him. I ended up blacking out and he had sex with me. Here’s the thing.. I vaguely remember yelling to my roommate in her room that I was having sex and I didn’t care. I don’t remember anything else from the entire night. The next morning I felt very confused and dirty. The guy never spoke to me again. Very odd situation, but I was curious on others take on this. Was it considered SA since my inhibitions were lower at the time? Please no negative comments. I’m really just trying to make sense of it. ",['\\bconsider(?:ed)?\\s+(?:it\\s+)?(?:sa|sexual\\s+assault)\\b'],"['\\bsexual(?:ly)?\\s+abus(?:e|ed|es|ing)\\b', '\\bsa\\b', '\\brape\\b', '\\bconsider(?:ed)?\\s+(?:it\\s+)?(?:sa|sexual\\s+assault)\\b']"
1jfdsma,rape,Was it rape or just sa,Pointlessavenue,5,2,False,0,1742434753,/r/rape/comments/1jfdsma/was_it_rape_or_just_sa/,"Hello, I’m 25f. I’m coming up on my 5 year anniversary of my assault. I’ve really been struggling with the whole ordeal lately. I’m not sure if it’s because I never really worked through my trauma or what. Over the course of the last couple of years I’ve definitely gotten worse when I talk about it. A part of me says that it was just sa because it wasn’t that bad. When I confided in someone whom I’m no longer friends with about what happened, he compared my situation to another one of my friends abuse and said, “well, at least at wasn’t as bad as hers”. It kinda stuck with me. Like maybe I am making a big deal out of nothing. But if it wasn’t a big deal, why is my body responding this way?? I feel like I’m so dramatic.

I’m going to try my best to recount what happened I guess

On my 21st birthday I had a big party at a friend’s house (J). I only really knew the one friend and she had invited everyone else over. I was going through some stuff at the time with a guy and at some point, I was really drunk and tried to text/ call him. Either way, he didn’t answer and I was really upset and pretty drunk at this point. The girls at the party were trying to cheat me up and everything which definitely worked, but I had already cried through most of my make up. We’ll call the guy X. X decided to come in the bathroom with me while I was crying and he was trying to cheer me up. He was trying to wipe off the my makeup on my face. I knew him somewhat already since he lived with my friend, but I didn’t know him very well. He was going on about how pretty I was and blah blah blah. Then he started talking about how him and his gf were looking for someone to have a threesome with and it kinda went from there. Just consistently telling me how pretty I was and how great a threesome would be. Anyways, I ended up riding with him to the gas station with his other friend. When his friend went inside, he tried offering me some ecstasy. I declined, saying that it wasn’t smart to mix alcohol and pills, but he kept telling me that it would make me feel better and we’d have a good time. So I eventually caved and took half the pill. We stopped by this graveyard by my friend’s house and talked with his friend for a bit and eventually went home. 

Well, being the girl that I am, I wanted to go back to that graveyard. Maybe I had finally hit the “running away and exploring” part of being drunk. He offered to take me and I asked my friend to go with me, but she said she didn’t feel like going. I didn’t really want to go alone with him because he was making me a little uncomfortable, but she didn’t want to go and I didn’t think he would actually try anything. I was drinking from one of the big bottles of fireball that night and took it with me. We drove over to the graveyard, except he took me to this little area behind some trees so I couldn’t even see the graveyard (like a loop). You actually can’t even tell anyone is back there unless you start going around the loop. 

We were just talking and eventually the guy I was involved with came up and he had mentioned that he knew him and confirmed some stuff I thought. I started crying and was upset over this. Drinking the rest of the bottle during all this. I called my other friend who was not at the party (Q) about the new information and I had told her I was with X, she offered to pick me up, but I told her I was okay. I was super upset and at some point he was on the phone with her. Afterwards, he kept asking me to get in the back seat with him so he could “comfort me better” like hugging me and stuff. At some point he had brought up taking the rest of the ecstasy which he convinced me to do. He kept pressuring me to get into the backseat, so I just gave in. It does get a little fuzzier here, but I remember being really uncomfortable because he kept bringing up how attractive I was and how he wanted a threesome. He started talking about how we could have sex now because his gf wouldn’t care, but I told him I didn’t want to. It was like that for a while. At some point I told him to text his gf and ask (I genuinely thought he was trying to cheat on his gf and I guess in my drunk brain I thought he was fr gonna ask her to sleep with me and once she didn’t give permission, he would stop), but he didn’t text her because she was at work. I guess I was really trying to coming up with anything at this point because saying I didn’t want to wasn’t enough. I never explicitly said “no” and maybe that was my fault. I was just so drunk and scared. There were a few times where I had said I was going to call Q or text her, but he got really weird about it. If I remember correctly, he had taken my phone out of my hands a couple times. I was really starting to freak out because he had me laying my back on top of him between his legs and stroking my chest and thighs. Eventually it escalated and he unbuttoned my pants and was stroking me and penetrating me with his fingers and trying to comfort me by saying that everything was okay etc. I was so fucking scared and freaked out. I sat up and made an excuse about how my back was uncomfortable. My phone was literally on like 2%, but I texted Q as quick as possible and said “help me, he’s trying to fuck I can’t say no text J”. (I still have the screenshot of this). He told me to lay back down and I did. I laid there while he touched me and prayed that Q would see my message and rescue me (of course there was still back and forth between us with me saying it was a bad idea to have sex and I didn’t want to do anything)

It wasn’t too long after that Q pulled up with her bf and J. X panicked and sat up, telling me to go to the front, but I start bawling my eyes out and couldn’t move after sitting up. Q all but ripped the door off the hinges when she opened it. Her bf had to walk me to their car because I was so drunk I couldn’t even walk by myself. 

After everything was said and done, Q had me in Js back yard, buttoning my pants up for me. We went back to her house (J stayed home) and I told Q everything that happened. Unbeknownst to me, Q had actually recorded everything I said at her house when recounting what had happened. (This has still bugged me to this day). After a few hours, for some reason we all went back to Js house to talk about what happened. It was me, J, Q and her bf, and X and his gf. It was the most uncomfortable things I’ve been through. 2 hours after this happened, Xs gf messaged me asking if I still wanted to have a threesome. 

This year makes 5 years since this happened and I still can’t figure out how I feel about this situation. I still can’t tell if my brain is being dramatic about this. I know it most certainly falls under sa, but my brain refuses to believe that it was rape. Even if technically it’s considered rape if you’re being unconsensually penetrated or whatever. I don’t know if I just need validation that this was a bad situation or whatever. Please help. I want to move on so badly I don’t know what to do","1jfdsma rape Was it rape or just sa Pointlessavenue /r/rape/comments/1jfdsma/was_it_rape_or_just_sa/ Hello, I’m 25f. I’m coming up on my 5 year anniversary of my assault. I’ve really been struggling with the whole ordeal lately. I’m not sure if it’s because I never really worked through my trauma or what. Over the course of the last couple of years I’ve definitely gotten worse when I talk about it. A part of me says that it was just sa because it wasn’t that bad. When I confided in someone whom I’m no longer friends with about what happened, he compared my situation to another one of my friends abuse and said, “well, at least at wasn’t as bad as hers”. It kinda stuck with me. Like maybe I am making a big deal out of nothing. But if it wasn’t a big deal, why is my body responding this way?? I feel like I’m so dramatic.

I’m going to try my best to recount what happened I guess

On my 21st birthday I had a big party at a friend’s house (J). I only really knew the one friend and she had invited everyone else over. I was going through some stuff at the time with a guy and at some point, I was really drunk and tried to text/ call him. Either way, he didn’t answer and I was really upset and pretty drunk at this point. The girls at the party were trying to cheat me up and everything which definitely worked, but I had already cried through most of my make up. We’ll call the guy X. X decided to come in the bathroom with me while I was crying and he was trying to cheer me up. He was trying to wipe off the my makeup on my face. I knew him somewhat already since he lived with my friend, but I didn’t know him very well. He was going on about how pretty I was and blah blah blah. Then he started talking about how him and his gf were looking for someone to have a threesome with and it kinda went from there. Just consistently telling me how pretty I was and how great a threesome would be. Anyways, I ended up riding with him to the gas station with his other friend. When his friend went inside, he tried offering me some ecstasy. I declined, saying that it wasn’t smart to mix alcohol and pills, but he kept telling me that it would make me feel better and we’d have a good time. So I eventually caved and took half the pill. We stopped by this graveyard by my friend’s house and talked with his friend for a bit and eventually went home. 

Well, being the girl that I am, I wanted to go back to that graveyard. Maybe I had finally hit the “running away and exploring” part of being drunk. He offered to take me and I asked my friend to go with me, but she said she didn’t feel like going. I didn’t really want to go alone with him because he was making me a little uncomfortable, but she didn’t want to go and I didn’t think he would actually try anything. I was drinking from one of the big bottles of fireball that night and took it with me. We drove over to the graveyard, except he took me to this little area behind some trees so I couldn’t even see the graveyard (like a loop). You actually can’t even tell anyone is back there unless you start going around the loop. 

We were just talking and eventually the guy I was involved with came up and he had mentioned that he knew him and confirmed some stuff I thought. I started crying and was upset over this. Drinking the rest of the bottle during all this. I called my other friend who was not at the party (Q) about the new information and I had told her I was with X, she offered to pick me up, but I told her I was okay. I was super upset and at some point he was on the phone with her. Afterwards, he kept asking me to get in the back seat with him so he could “comfort me better” like hugging me and stuff. At some point he had brought up taking the rest of the ecstasy which he convinced me to do. He kept pressuring me to get into the backseat, so I just gave in. It does get a little fuzzier here, but I remember being really uncomfortable because he kept bringing up how attractive I was and how he wanted a threesome. He started talking about how we could have sex now because his gf wouldn’t care, but I told him I didn’t want to. It was like that for a while. At some point I told him to text his gf and ask (I genuinely thought he was trying to cheat on his gf and I guess in my drunk brain I thought he was fr gonna ask her to sleep with me and once she didn’t give permission, he would stop), but he didn’t text her because she was at work. I guess I was really trying to coming up with anything at this point because saying I didn’t want to wasn’t enough. I never explicitly said “no” and maybe that was my fault. I was just so drunk and scared. There were a few times where I had said I was going to call Q or text her, but he got really weird about it. If I remember correctly, he had taken my phone out of my hands a couple times. I was really starting to freak out because he had me laying my back on top of him between his legs and stroking my chest and thighs. Eventually it escalated and he unbuttoned my pants and was stroking me and penetrating me with his fingers and trying to comfort me by saying that everything was okay etc. I was so fucking scared and freaked out. I sat up and made an excuse about how my back was uncomfortable. My phone was literally on like 2%, but I texted Q as quick as possible and said “help me, he’s trying to fuck I can’t say no text J”. (I still have the screenshot of this). He told me to lay back down and I did. I laid there while he touched me and prayed that Q would see my message and rescue me (of course there was still back and forth between us with me saying it was a bad idea to have sex and I didn’t want to do anything)

It wasn’t too long after that Q pulled up with her bf and J. X panicked and sat up, telling me to go to the front, but I start bawling my eyes out and couldn’t move after sitting up. Q all but ripped the door off the hinges when she opened it. Her bf had to walk me to their car because I was so drunk I couldn’t even walk by myself. 

After everything was said and done, Q had me in Js back yard, buttoning my pants up for me. We went back to her house (J stayed home) and I told Q everything that happened. Unbeknownst to me, Q had actually recorded everything I said at her house when recounting what had happened. (This has still bugged me to this day). After a few hours, for some reason we all went back to Js house to talk about what happened. It was me, J, Q and her bf, and X and his gf. It was the most uncomfortable things I’ve been through. 2 hours after this happened, Xs gf messaged me asking if I still wanted to have a threesome. 

This year makes 5 years since this happened and I still can’t figure out how I feel about this situation. I still can’t tell if my brain is being dramatic about this. I know it most certainly falls under sa, but my brain refuses to believe that it was rape. Even if technically it’s considered rape if you’re being unconsensually penetrated or whatever. I don’t know if I just need validation that this was a bad situation or whatever. Please help. I want to move on so badly I don’t know what to do","[""\\bit\\s+wasn[’']t\\s+that\\s+bad\\b""]","[""\\bi\\s+didn[’']t\\s+know\\b"", ""\\bit\\s+wasn[’']t\\s+that\\s+bad\\b"", ""\\bi\\s+don[’']t\\s+know\\b"", ""\\bi[’']?m\\s+not\\s+sure\\b"", '\\bsa\\b', '\\bassault\\b', '\\brape\\b', '\\bfriend\\b']"
1ip49pg,rape,I think I was r*ped,iamjustboredlmaohaha,1,1,False,0,1739513834,/r/rape/comments/1ip49pg/i_think_i_was_rped/,"Last year on November, I went on a date with a guy I've been talking to for a while. Hit it off at dinner and we decided to go for a late night drive. I didn't feel any bad vibes from him, he has been super respectful during our whole dinner and even asked before holding my hand, so I agreed to the drive. Windows down, great music, we smoked up and we made out. None of us wanted to go home yet, so we decided to chill at his place. Things had been going GREAT and we got intimate when he suggested we should fuck. This would've been my first time so I was hesitant at first, but we had been smoking weed and high as fuck so in a while he was taking off my panties. I told him MULTIPLE times to stop, that it hurts but he kept saying its okay and the high finally got to me and I started feeling dizzy and eventually, I stopped fighting. It hurt like hell. I remember there was blood. He was bigger than me too, 6'2 and all muscles and I'm 5'7. I couldn't really push him off.

I didn't register what had happened till the next day when I was at work and randomly his text popped up. I didn't consent to sexual intercourse. I had told him no too. But I was high too and maybe I wasn't clear enough? Maybe I had given him signals that I was into it? I'm just so confused and tired of feeling like this. And I can't even tell anyone because the way it seems, I had put myself in that situation. I don't know what to do.","1ip49pg rape I think I was r*ped iamjustboredlmaohaha /r/rape/comments/1ip49pg/i_think_i_was_rped/ Last year on November, I went on a date with a guy I've been talking to for a while. Hit it off at dinner and we decided to go for a late night drive. I didn't feel any bad vibes from him, he has been super respectful during our whole dinner and even asked before holding my hand, so I agreed to the drive. Windows down, great music, we smoked up and we made out. None of us wanted to go home yet, so we decided to chill at his place. Things had been going GREAT and we got intimate when he suggested we should fuck. This would've been my first time so I was hesitant at first, but we had been smoking weed and high as fuck so in a while he was taking off my panties. I told him MULTIPLE times to stop, that it hurts but he kept saying its okay and the high finally got to me and I started feeling dizzy and eventually, I stopped fighting. It hurt like hell. I remember there was blood. He was bigger than me too, 6'2 and all muscles and I'm 5'7. I couldn't really push him off.

I didn't register what had happened till the next day when I was at work and randomly his text popped up. I didn't consent to sexual intercourse. I had told him no too. But I was high too and maybe I wasn't clear enough? Maybe I had given him signals that I was into it? I'm just so confused and tired of feeling like this. And I can't even tell anyone because the way it seems, I had put myself in that situation. I don't know what to do.","[""\\bi\\s+didn[’']t\\s+consent\\b""]","[""\\bi\\s+didn[’']t\\s+consent\\b"", ""\\bi\\s+don[’']t\\s+know\\b"", '\\brape\\b']"
1hrrsou,rape,am I to be blamed for or am I a victim of SA by step-dad??,jayKayjay0,1,1,False,0,1735817760,/r/rape/comments/1hrrsou/am_i_to_be_blamed_for_or_am_i_a_victim_of_sa_by/,"I'm a minor, female and I have a boyfriend. being a teen who just wants to try stuff out I decided I wanted to start having sex with my boyfriend . I wrongfully sneak him inside my parents home and do sexual stuff while no one was home.12/14/24 one day we fell asleep and my parents had came home and came into the room and seen me and him js sleeping aand seen the condom. my mom was disappointed in me as well as my stepdad. he was mad especially because I was never open to them about my relationships bc it never felt like i could go to them to talk about anything... 12/18/24 fast forward im grounded and i CANT go out and my stepdad took away my devices and my room so i sleep on the couch now. he didn't talk to me for 3 weeks bc he was mad and felt like heartbroken almost. He cried alot and recently 12/29/24i got my period so im not pregnant. he told me if i was he would have kicked me out. when he started talking to me again 12/29/24 he said he wanted to start a new connection with me and start over, to leave everything in the past, I'm no longer afraid to wanna face him and he is now willing to talk to me so 3 days go by , we are good and now talking like we would have normally but yesterday 1/1/24 when we were talking about wanting to be better, he had asked me questions if I still want to be with my boyfriend, I say yes because I'm actually in love with him and not just for sex. he then proceeded to ask if I'm gonna want to be sexually active, he also asked abt my period if I'm bleeding alot or a little. he had then left and went to the bathroom and then came out aggressively and im in the living room btw, on the TV and he pulls out his penis to flop it in my face saying ' u wanna play games , well now u come fuck me first'' as if he was taunting me to feel bad and humiliated. I turned my eyes away because his fucking penis was right in my face and js flopping it.. I started to cry bc i was so uncomfortable and scared and he left for like two mins and comes back and he said he was sorry , forgive me, im so stupid,i cant control it bc im mad (for what i did) he then said dont tell my mom. knowing what he did was just disgusting and wrong. i sobbed so bad and he tried hugging me but it was so forced i didnt even hug him back i legit froze because i didnt think he would do shit like that because hes always been a father figure to me. few days before this 12/29/24 he was also yelling at me and calling me a whore and that if all i wanna do is fuck around he'll send me where the prositiutes in my area are at. After he ded that nasty physicalshit he was trying to hug me and he said 'do u feel my pain now?' basically trying to say if I felt as bad as he did when he found out I was having sex and just doing stuff behind my parents back and I believe he could have handled this differently and not like that. I feel like its my fault and idk what to do.. I'm scared to tell my mom they been tg my whole life and have gotten married. everytime I think abt the moment I remember how scared and confused I was because it was the person who I always called dad. now I don't even wanna look at him no more. he made me feel guilty for everything but the way he handled it to me was by far fucking traumatizing. I sobbed so much idk wat to do 

  
sorry if this doesntbmake sense i just feel really violated and dont know how to feel or even think or what to do","1hrrsou rape am I to be blamed for or am I a victim of SA by step-dad?? jayKayjay0 /r/rape/comments/1hrrsou/am_i_to_be_blamed_for_or_am_i_a_victim_of_sa_by/ I'm a minor, female and I have a boyfriend. being a teen who just wants to try stuff out I decided I wanted to start having sex with my boyfriend . I wrongfully sneak him inside my parents home and do sexual stuff while no one was home.12/14/24 one day we fell asleep and my parents had came home and came into the room and seen me and him js sleeping aand seen the condom. my mom was disappointed in me as well as my stepdad. he was mad especially because I was never open to them about my relationships bc it never felt like i could go to them to talk about anything... 12/18/24 fast forward im grounded and i CANT go out and my stepdad took away my devices and my room so i sleep on the couch now. he didn't talk to me for 3 weeks bc he was mad and felt like heartbroken almost. He cried alot and recently 12/29/24i got my period so im not pregnant. he told me if i was he would have kicked me out. when he started talking to me again 12/29/24 he said he wanted to start a new connection with me and start over, to leave everything in the past, I'm no longer afraid to wanna face him and he is now willing to talk to me so 3 days go by , we are good and now talking like we would have normally but yesterday 1/1/24 when we were talking about wanting to be better, he had asked me questions if I still want to be with my boyfriend, I say yes because I'm actually in love with him and not just for sex. he then proceeded to ask if I'm gonna want to be sexually active, he also asked abt my period if I'm bleeding alot or a little. he had then left and went to the bathroom and then came out aggressively and im in the living room btw, on the TV and he pulls out his penis to flop it in my face saying ' u wanna play games , well now u come fuck me first'' as if he was taunting me to feel bad and humiliated. I turned my eyes away because his fucking penis was right in my face and js flopping it.. I started to cry bc i was so uncomfortable and scared and he left for like two mins and comes back and he said he was sorry , forgive me, im so stupid,i cant control it bc im mad (for what i did) he then said dont tell my mom. knowing what he did was just disgusting and wrong. i sobbed so bad and he tried hugging me but it was so forced i didnt even hug him back i legit froze because i didnt think he would do shit like that because hes always been a father figure to me. few days before this 12/29/24 he was also yelling at me and calling me a whore and that if all i wanna do is fuck around he'll send me where the prositiutes in my area are at. After he ded that nasty physicalshit he was trying to hug me and he said 'do u feel my pain now?' basically trying to say if I felt as bad as he did when he found out I was having sex and just doing stuff behind my parents back and I believe he could have handled this differently and not like that. I feel like its my fault and idk what to do.. I'm scared to tell my mom they been tg my whole life and have gotten married. everytime I think abt the moment I remember how scared and confused I was because it was the person who I always called dad. now I don't even wanna look at him no more. he made me feel guilty for everything but the way he handled it to me was by far fucking traumatizing. I sobbed so much idk wat to do 

  
sorry if this doesntbmake sense i just feel really violated and dont know how to feel or even think or what to do",['\\bam\\s+i\\s+(?:a\\s+)?victim\\b'],"['\\bboyfriend\\b', '\\bam\\s+i\\s+(?:a\\s+)?victim\\b', '\\bidk+k*\\b', '\\bsa\\b', '\\brape\\b']"
1hi5vkl,rape,I feel like I’m overreacting,yellowflower_321,1,1,True,3,1734649880,/r/rape/comments/1hi5vkl/i_feel_like_im_overreacting/,"My R word wasn’t “that bad”, I was R three times by different people, but I feel like I was just stupid. 
The first time is when I lost my virginity, but the abuser was a girl (well, it was a trans man at the time) I told her to stop, I tried getting away, nothing would work… she was also my best friend.
The second time the man tricked me, he told me we would go on a date but he stopped on an empty road and did it, the thing is: I was clearly uncomfortable and afraid but I didn’t say no, I’m fact I didn’t say anything.
The third time the man kept insisting in having sex with me at the mall, but I kept saying no and no and no, but he just wouldn’t stop. I just know that I began to get so scared and so uncomfortable that I gave up, I cried a lot later bc he knew I didn’t want it and I told him so.
To be honest I feel like none of these times were R word, I feel like I was just a stupid sl*t (I was a minor in all of those times)
Please help me, I’m so confused. I have PTSD bc of the first time bc it was really traumatic, but I still feel like I’m overreacting and that I can’t blame the ones who did it to me.","1hi5vkl rape I feel like I’m overreacting yellowflower_321 /r/rape/comments/1hi5vkl/i_feel_like_im_overreacting/ My R word wasn’t “that bad”, I was R three times by different people, but I feel like I was just stupid. 
The first time is when I lost my virginity, but the abuser was a girl (well, it was a trans man at the time) I told her to stop, I tried getting away, nothing would work… she was also my best friend.
The second time the man tricked me, he told me we would go on a date but he stopped on an empty road and did it, the thing is: I was clearly uncomfortable and afraid but I didn’t say no, I’m fact I didn’t say anything.
The third time the man kept insisting in having sex with me at the mall, but I kept saying no and no and no, but he just wouldn’t stop. I just know that I began to get so scared and so uncomfortable that I gave up, I cried a lot later bc he knew I didn’t want it and I told him so.
To be honest I feel like none of these times were R word, I feel like I was just a stupid sl*t (I was a minor in all of those times)
Please help me, I’m so confused. I have PTSD bc of the first time bc it was really traumatic, but I still feel like I’m overreacting and that I can’t blame the ones who did it to me.","[""\\bi\\s+didn[’']t\\s+say\\s+no\\b""]","['\\bfriend\\b', ""\\bi\\s+didn[’']t\\s+say\\s+no\\b"", '\\brape\\b']"
1hcx827,rape,Is this SA/Rape?,KeyMany1639,1,1,False,0,1734042397,/r/rape/comments/1hcx827/is_this_sarape/,"I got my memory back …

When I was with my ex a couple of years ago, he turned into a different person during the last month and a half of our relationship, and we were fighting all the time. He’d start arguments over things he didn’t need to, and at the time I was extremely sympathetic to him because he was grieving his grandma’s death, who was practically his second mom. It was hard to see him go through that, and he made me feel like I was in the wrong all the time because he made everything feel like my fault. Eventually, I started to believe it.

One week, I was having a really bad mentally ill episode, but I felt like I couldn’t say much about it because his grieving took so much emotional space. He knew I wasn’t doing well mentally that night. I told him I wasn’t feeling good and had no appetite, so I didn’t want to eat pizza we ordered. He got mad, yanked me out of bed somewhat forcefully, and told me to eat. I ate a small slice to avoid making him angrier. At dinner, I explained I was having a bipolar episode, but he didn’t understand and treated it like random depression/something I could simply get over. Later that night, after I took a shower, the first incident happened.

I then went to take a shower, then wrapped myself in a towel and laid down on the bed on my stomach. I hate putting clothes on when my body is still wet, and I didn’t have the energy to get dressed for about an hour while I just scrolled on my phone. Then, out of nowhere (he was busy working on something at his desk), I felt him taking off the towel, kissing my back, putting my hands behind my back, and having sex with me, more forcefully than normal, but not to the point I was in debilitating pain. I completely froze, and I never freeze. He apologized right after and said he should have asked first, but I didn’t say anything—I didn’t even know what to say. Having sex wasn’t on my mind that night, and if he had asked, I honestly don’t know what I would have said. While it was happening, I almost told him to stop, but didn’t because it was the first time we weren’t fighting and I didn’t want to be yelled at, it was honestly easier to take it than it was for me to yell at him. It felt like there was no love in those moments, and that made it worse. Usually, sex between us was different—more gentle, intimate, and a buildup. But this was sudden, cold, and mechanical. I cried myself to sleep the first time it happened, but I didn’t really process how wrong it was, moreso that I felt hollow and sad.

Over the next couple weeks, he did this two or three more times after that, but in different ways, like taking off my underwear in the morning before I was fully awake. He apologized each time afterward, and I used to think he genuinely forgot, but remembering now, I feels like he knew what he was doing. Again, I never said ""stop,"" but I was so out of it and dissociating because of the stress in our relationship.

It’s hard to think about because he wasn’t like that before—until he was. And it feels even worse knowing I forgot it happened. It didn’t feel like something “happened” just because it wasn't violent - but I know that doesn’t mean anything now. How do you even forget something like that? 

We always discussed new things in bed to try beforehand if we wanted to, but we didn’t talk about this, so this isn’t a normal “kink” thing we do in case anyone was wondering. If we had talked about trying consensual non-consensual play with boundaries and a safeword, I would’ve been okay with it. But we didn’t.

A week or so later, I told him about a news story I read about a woman being assaulted, and he made a comment about how disgusting and wrong it was not to ask for consent. I pointed out that he had “forgotten to ask” me twice, and his tone changed to something almost scary. He said he apologized and couldn’t take it back, but when I tried to explain how I felt, he snapped, saying, “Don’t you dare make this into something it’s not.” That stuck with me and made me question myself—like maybe I was overreacting. I eventually pushed it out of my mind until now.

Then, on the night before I left for school, we had a massive fight. I cried harder than I ever have before. I begged him to open up emotionally, and he cried for the first time in front of me. We ended up having consensual sex, but during it, he tried to enter my “backdoor” without asking. It hurt so badly I almost cried. When I winced loudly, he stopped, but he said, “Are you in pain? You look like you’re going to cry,” in such a cold, apathetic tone. I told him it hurt, and he got frustrated, saying, “God, this always happens. We can’t even have sex without something going wrong.” I felt so guilty and even offered to try again to make him less upset, but he said, “No, this entire thing just ruined the mood.”

Another unrelated memory is from when I was 18. I hooked up with a guy, and everything was fine until I woke up to him dry-humping me in his sleep and finishing. I pretended to be asleep because I didn’t know what to do.

Now that I’m remembering all this in vivid detail, it feels like I’m reliving it. I can feel it all over again. I just want to know—was I assaulted, raped, or both? I feel dumb asking, but I don’t trust anyone in my life enough to tell.

","1hcx827 rape Is this SA/Rape? KeyMany1639 /r/rape/comments/1hcx827/is_this_sarape/ I got my memory back …

When I was with my ex a couple of years ago, he turned into a different person during the last month and a half of our relationship, and we were fighting all the time. He’d start arguments over things he didn’t need to, and at the time I was extremely sympathetic to him because he was grieving his grandma’s death, who was practically his second mom. It was hard to see him go through that, and he made me feel like I was in the wrong all the time because he made everything feel like my fault. Eventually, I started to believe it.

One week, I was having a really bad mentally ill episode, but I felt like I couldn’t say much about it because his grieving took so much emotional space. He knew I wasn’t doing well mentally that night. I told him I wasn’t feeling good and had no appetite, so I didn’t want to eat pizza we ordered. He got mad, yanked me out of bed somewhat forcefully, and told me to eat. I ate a small slice to avoid making him angrier. At dinner, I explained I was having a bipolar episode, but he didn’t understand and treated it like random depression/something I could simply get over. Later that night, after I took a shower, the first incident happened.

I then went to take a shower, then wrapped myself in a towel and laid down on the bed on my stomach. I hate putting clothes on when my body is still wet, and I didn’t have the energy to get dressed for about an hour while I just scrolled on my phone. Then, out of nowhere (he was busy working on something at his desk), I felt him taking off the towel, kissing my back, putting my hands behind my back, and having sex with me, more forcefully than normal, but not to the point I was in debilitating pain. I completely froze, and I never freeze. He apologized right after and said he should have asked first, but I didn’t say anything—I didn’t even know what to say. Having sex wasn’t on my mind that night, and if he had asked, I honestly don’t know what I would have said. While it was happening, I almost told him to stop, but didn’t because it was the first time we weren’t fighting and I didn’t want to be yelled at, it was honestly easier to take it than it was for me to yell at him. It felt like there was no love in those moments, and that made it worse. Usually, sex between us was different—more gentle, intimate, and a buildup. But this was sudden, cold, and mechanical. I cried myself to sleep the first time it happened, but I didn’t really process how wrong it was, moreso that I felt hollow and sad.

Over the next couple weeks, he did this two or three more times after that, but in different ways, like taking off my underwear in the morning before I was fully awake. He apologized each time afterward, and I used to think he genuinely forgot, but remembering now, I feels like he knew what he was doing. Again, I never said ""stop,"" but I was so out of it and dissociating because of the stress in our relationship.

It’s hard to think about because he wasn’t like that before—until he was. And it feels even worse knowing I forgot it happened. It didn’t feel like something “happened” just because it wasn't violent - but I know that doesn’t mean anything now. How do you even forget something like that? 

We always discussed new things in bed to try beforehand if we wanted to, but we didn’t talk about this, so this isn’t a normal “kink” thing we do in case anyone was wondering. If we had talked about trying consensual non-consensual play with boundaries and a safeword, I would’ve been okay with it. But we didn’t.

A week or so later, I told him about a news story I read about a woman being assaulted, and he made a comment about how disgusting and wrong it was not to ask for consent. I pointed out that he had “forgotten to ask” me twice, and his tone changed to something almost scary. He said he apologized and couldn’t take it back, but when I tried to explain how I felt, he snapped, saying, “Don’t you dare make this into something it’s not.” That stuck with me and made me question myself—like maybe I was overreacting. I eventually pushed it out of my mind until now.

Then, on the night before I left for school, we had a massive fight. I cried harder than I ever have before. I begged him to open up emotionally, and he cried for the first time in front of me. We ended up having consensual sex, but during it, he tried to enter my “backdoor” without asking. It hurt so badly I almost cried. When I winced loudly, he stopped, but he said, “Are you in pain? You look like you’re going to cry,” in such a cold, apathetic tone. I told him it hurt, and he got frustrated, saying, “God, this always happens. We can’t even have sex without something going wrong.” I felt so guilty and even offered to try again to make him less upset, but he said, “No, this entire thing just ruined the mood.”

Another unrelated memory is from when I was 18. I hooked up with a guy, and everything was fine until I woke up to him dry-humping me in his sleep and finishing. I pretended to be asleep because I didn’t know what to do.

Now that I’m remembering all this in vivid detail, it feels like I’m reliving it. I can feel it all over again. I just want to know—was I assaulted, raped, or both? I feel dumb asking, but I don’t trust anyone in my life enough to tell.

",['\\bis\\s+this\\s+(?:sa|sexual\\s+assault)\\b'],"[""\\bi\\s+(?:genuinely|just|honestly|really|truly|still)\\s+don[’']t\\s+know\\b"", '\\bis\\s+this\\s+(?:sa|sexual\\s+assault)\\b', ""\\bi\\s+didn[’']t\\s+know\\b"", '\\bsa\\b', '\\brape\\b']"
1fwhaoz,rape,is this SA?,[deleted],7,3,True,1,1728098584,/r/rape/comments/1fwhaoz/is_this_sa/,"this is kinda an embarrassing post I've just been feeling uncomfortable and I have no one too ask, im 16 for reference and while spending a weekend with my uncle i had broken a rule I didn't even know he had and he for whatever reason used idk corporal punishment on me and I feel extremely violated, my own parents don't even do that and wouldn't ever give someone else permission but also most of my family members do discipline their children that way so I can't tell if I'm over reacting ","1fwhaoz rape is this SA? [deleted] /r/rape/comments/1fwhaoz/is_this_sa/ this is kinda an embarrassing post I've just been feeling uncomfortable and I have no one too ask, im 16 for reference and while spending a weekend with my uncle i had broken a rule I didn't even know he had and he for whatever reason used idk corporal punishment on me and I feel extremely violated, my own parents don't even do that and wouldn't ever give someone else permission but also most of my family members do discipline their children that way so I can't tell if I'm over reacting ",['\\bis\\s+this\\s+(?:sa|sexual\\s+assault)\\b'],"['\\bsa\\b', '\\bidk+k*\\b', '\\brape\\b', '\\bis\\s+this\\s+(?:sa|sexual\\s+assault)\\b']"
1ecinjj,rape,just need someone to listen.,sweet_like_candyy,1,1,True,2,1721981116,/r/rape/comments/1ecinjj/just_need_someone_to_listen/,"i 26(f)went to see a guy 40(m)who had me under the impression he wanted to pursue a relationship with me. we had been talking since late April and i had hung out with him once before back at the end of May when he drove to see me. he was super sweet and even sent me a very thoughtful gift in the mail for my birthday in May when we had only been talking a week or so which i now realize may have been love bombing? we live in different states and he has to travel a lot for work. so the weekend of July 13th rolls around and i drive 2 hours to finally get to see him again. 

i drove to see him saturday July 13th and did not have sex that night. i didn’t wanna have sex cause i liked him for more than that and i just wanted to cuddle and get to know him more. this was my first time at his house and i wasn’t fully comfortable. also i didn’t fully trust him and was afraid he would do what he ended up doing which was use me for sex and not really want a relationship and i didn’t know when i would see him again so it didn’t feel right to me. and he knew i wanted a relationship. i haven’t talked to him since the 18th cause i text him that night basically saying how he made me feel and that he just used me and he said he wouldn’t message me again and wished me the best. unfriended me on everything, but didn’t block me.. i know i shouldn’t but i miss him and wish he would talk to me again. 

anyway saturday night we just drank wine, cuddled and watched movies on the couch. we did kiss and he felt on me some(which was fine)but i didn’t want it to go any father than that so i would push him off me and turn my face away. but he would grab my face and force my head up to keep kissing him. however he did end up taking the hint and stopped trying. 

but then sunday morning we were cuddling on the couch still and i asked him if he wanted me to leave and if i was bothering him he said “no” and i just started making conversation, talking about aliens and weird stuff like bigfoot. it was mostly me talking. i told him i liked his veins on his arms and hands which i guess prompted him to take his shirt off. he got on top of me, pushed my legs apart and at first he just laid there on my chest for a bit and i thought he was just gonna cuddle and be cute. then he started kissing me(which was fine)but then he pinned my arms above my head and i was fighting it cause it was triggering me and i really didn’t wanna do it. he had said to me he “needed to have his way with me”. i had a dress on, he used one hand to move my panties over and get his penis out. i slipped out of his grasp for a second while he did this to try to push him away but he just grabbed my arm and pinned it down again. he said to me “tell me that u want it. i wanna hear u say u want it.” i wouldn’t say it at first so he asked me to again and so i did say it cause i was scared, triggered and nervous but i didn’t want to and idk why i said it but i didn’t know what else to do. i was afraid if i didn’t do what he said he would hurt me even more i guess. i never said yes but i didn’t say no or to stop either so idk…i just shut down and locked up/froze. i feel awful and stupid.
after he was done he went to flip me on my stomach, i started fighting against him quite a bit again. i asked him what he was going to do and he said “whatever i want”. he sat on the back of my legs pulled my dress up and started slapping my butt very hard. i tried covering my butt with my hands but he just grabbed my arms and pinned them behind my back. he slapped me until i was very red and it hurt. 

the night before he asked me why my hands were so sweaty around him and i told him men make me nervous cause of stuff i’ve been through/past trauma so he knew when he did all that to me that i have trauma. idk if i can say what he did to me was wrong….idk if i can say he raped me. but i know i feel gross and it upsets me. i can’t stop thinking about it and how he took advantage of me from the beginning.

also i think he gave me BV(bacterial vaginosis)which i started medication for today. and i bled a few days after the ordeal, i guess it could have been my period although i wasn’t expecting it yet and it would’ve been early. that stopped but now a few days later i’m spotting light pink and have been for days and i’m not sure why. i do have a copper iud is it possible it shifted during everything? ","1ecinjj rape just need someone to listen. sweet_like_candyy /r/rape/comments/1ecinjj/just_need_someone_to_listen/ i 26(f)went to see a guy 40(m)who had me under the impression he wanted to pursue a relationship with me. we had been talking since late April and i had hung out with him once before back at the end of May when he drove to see me. he was super sweet and even sent me a very thoughtful gift in the mail for my birthday in May when we had only been talking a week or so which i now realize may have been love bombing? we live in different states and he has to travel a lot for work. so the weekend of July 13th rolls around and i drive 2 hours to finally get to see him again. 

i drove to see him saturday July 13th and did not have sex that night. i didn’t wanna have sex cause i liked him for more than that and i just wanted to cuddle and get to know him more. this was my first time at his house and i wasn’t fully comfortable. also i didn’t fully trust him and was afraid he would do what he ended up doing which was use me for sex and not really want a relationship and i didn’t know when i would see him again so it didn’t feel right to me. and he knew i wanted a relationship. i haven’t talked to him since the 18th cause i text him that night basically saying how he made me feel and that he just used me and he said he wouldn’t message me again and wished me the best. unfriended me on everything, but didn’t block me.. i know i shouldn’t but i miss him and wish he would talk to me again. 

anyway saturday night we just drank wine, cuddled and watched movies on the couch. we did kiss and he felt on me some(which was fine)but i didn’t want it to go any father than that so i would push him off me and turn my face away. but he would grab my face and force my head up to keep kissing him. however he did end up taking the hint and stopped trying. 

but then sunday morning we were cuddling on the couch still and i asked him if he wanted me to leave and if i was bothering him he said “no” and i just started making conversation, talking about aliens and weird stuff like bigfoot. it was mostly me talking. i told him i liked his veins on his arms and hands which i guess prompted him to take his shirt off. he got on top of me, pushed my legs apart and at first he just laid there on my chest for a bit and i thought he was just gonna cuddle and be cute. then he started kissing me(which was fine)but then he pinned my arms above my head and i was fighting it cause it was triggering me and i really didn’t wanna do it. he had said to me he “needed to have his way with me”. i had a dress on, he used one hand to move my panties over and get his penis out. i slipped out of his grasp for a second while he did this to try to push him away but he just grabbed my arm and pinned it down again. he said to me “tell me that u want it. i wanna hear u say u want it.” i wouldn’t say it at first so he asked me to again and so i did say it cause i was scared, triggered and nervous but i didn’t want to and idk why i said it but i didn’t know what else to do. i was afraid if i didn’t do what he said he would hurt me even more i guess. i never said yes but i didn’t say no or to stop either so idk…i just shut down and locked up/froze. i feel awful and stupid.
after he was done he went to flip me on my stomach, i started fighting against him quite a bit again. i asked him what he was going to do and he said “whatever i want”. he sat on the back of my legs pulled my dress up and started slapping my butt very hard. i tried covering my butt with my hands but he just grabbed my arms and pinned them behind my back. he slapped me until i was very red and it hurt. 

the night before he asked me why my hands were so sweaty around him and i told him men make me nervous cause of stuff i’ve been through/past trauma so he knew when he did all that to me that i have trauma. idk if i can say what he did to me was wrong….idk if i can say he raped me. but i know i feel gross and it upsets me. i can’t stop thinking about it and how he took advantage of me from the beginning.

also i think he gave me BV(bacterial vaginosis)which i started medication for today. and i bled a few days after the ordeal, i guess it could have been my period although i wasn’t expecting it yet and it would’ve been early. that stopped but now a few days later i’m spotting light pink and have been for days and i’m not sure why. i do have a copper iud is it possible it shifted during everything? ","[""\\bi\\s+didn[’']t\\s+say\\s+no\\b""]","[""\\bi\\s+didn[’']t\\s+say\\s+no\\b"", ""\\bi\\s+didn[’']t\\s+know\\b"", '\\bidk+k*\\b', ""\\bi[’']?m\\s+not\\s+sure\\b"", '\\brape\\b']"
1bm05w3,rape,was i sexually assaulted,FitBrain1113,1,1,True,1,1711221073,/r/rape/comments/1bm05w3/was_i_sexually_assaulted/,"for as long as i can remember me (a teenage girl)  and my two older cousins (one girl and one boy) were quite close. My cousin who is a boy lived out of town and when he would come visit the three of us would meet up at either of our houses and talk play games, basically do normal stuff, but somehow the night would always escalate into us playing dirty games like stripping or dares where we would have to kiss each other or hump each other. I’m two years younger than them so i always thought they were just silly games at first but then when i got uncomfortable with something they would say i was boring or stuck up. I didn’t want to be left out so most of the time i did what they asked. When my boy cousin moved back home he and my girl cousin would always hangout without me until my girl cousin grew distant. When my boy cousin would come around me he would always want to “wrestle” but it turned into him groping me or sticking his hands under my shorts etc.  He also made me massage his p*nis one time and tried to get me to agree to him fingering me. This is the only time i’ve said no. Other times i just move away or remove his hands from me or say “I don’t want to play right now” etc. I don’t know if i was SA’d or not and i still talk to him bc i’m scared he’ll do those things again and i feel guilty because i feel like i never actually said no or stop. i also feel like if i tell my family that they won’t believe me or they’ll blame me.","1bm05w3 rape was i sexually assaulted FitBrain1113 /r/rape/comments/1bm05w3/was_i_sexually_assaulted/ for as long as i can remember me (a teenage girl)  and my two older cousins (one girl and one boy) were quite close. My cousin who is a boy lived out of town and when he would come visit the three of us would meet up at either of our houses and talk play games, basically do normal stuff, but somehow the night would always escalate into us playing dirty games like stripping or dares where we would have to kiss each other or hump each other. I’m two years younger than them so i always thought they were just silly games at first but then when i got uncomfortable with something they would say i was boring or stuck up. I didn’t want to be left out so most of the time i did what they asked. When my boy cousin moved back home he and my girl cousin would always hangout without me until my girl cousin grew distant. When my boy cousin would come around me he would always want to “wrestle” but it turned into him groping me or sticking his hands under my shorts etc.  He also made me massage his p*nis one time and tried to get me to agree to him fingering me. This is the only time i’ve said no. Other times i just move away or remove his hands from me or say “I don’t want to play right now” etc. I don’t know if i was SA’d or not and i still talk to him bc i’m scared he’ll do those things again and i feel guilty because i feel like i never actually said no or stop. i also feel like if i tell my family that they won’t believe me or they’ll blame me.",['\\bwas\\s+i\\s+sexually\\s+assaulted\\b'],"[""\\bi\\s+don[’']t\\s+know\\b"", '\\bsa\\b', '\\brape\\b', '\\bwas\\s+i\\s+sexually\\s+assaulted\\b', '\\bsexual(?:ly)?\\s+assault(?:ed|s|ing)?\\b']"
15c015r,rape,Should I [19F] be concerned I'm trauma bonding with my partner [19M] after he may have sexually abused me?,ExternalSilver9504,8,5,True,1,1690556801,/r/rape/comments/15c015r/should_i_19f_be_concerned_im_trauma_bonding_with/,"I've been with my partner, let's call him J for just under a year. He incredibly sweet and treats me wonderfully. He's always willing to do things for me and is generally very loving however a few incidents have really had me questioning if staying with him is the right thing. 

The first red flag for me was when he discussed his past relationships and although he used to have a few one night stands (even one on the night we met with another girl), that's not what worried me. He admitted to sleeping with a 15 year old when he was 18. At the time it weirded me out a bit but I didn't think anything of it. 

The second problem came one night when we had been out drinking with some of our friends. Throughout the time I'd known him, he'd smoked and I openly disapproved of it. He said he was going to quit but instead turned to secretly smoking. This night was where I stupidly decided to show him why I hated it and decided to accept cigarettes from my friend on the way home in the hopes he would find it as disgusting as I did. Admittedly this was an asshole thing for me to do and I was definitely wrong to have provoked him so openly. When we got back and were alone he told me how that was an awful thing to do I that's when my senses came back to me and I profusely apologised. I know that's not enough but it's all I could do at the time. In our drunk state, we ended up having sex but J wanted to try anal. I was hesitant but said sure. He wasn't gentle and instead was incredibly rough and so I told him it hurt and tried to get away but he held me there and began telling me to never do what I did again. I was left in tears and in a lot of pain but instead of telling him to go, I asked him to stay. At the time, being alone seemed worse and I had no one to comfort me except him. It took time but we worked through that night so I thought everything would be OK. We have done bondage before so I thought maybe he just didn't know he was taking it so far and it was my fault anyway for provoking him. 

The third red flag happened most recently when J was staying over at mine. We woke up like any other day and J started trying to give me oral. I told him no and that I wasn't in the mood - this was the first time I'd ever declined his advances as I was tired and wanted to go back to sleep. I rolled over and not even a minute later he started grinding against me. At first I was confused but then he inserted himself inside of me. I don't know why I didn't say no again but instead I froze and buried my face in the pillow. I silently cried while he carried on for another minute. He didn't notice I was rigid and sobbing during that time and once he did notice, he stopped what he was doing. Again, instead of asking him to leave I let him comfort me. I don't know if I overreacted or if it's my fault for not saying anything. 

We sort of moved on from that but since I recently heard what trauma bonding is I've began to worry that's why I've been able to be ok with it. I've not provoked or denied him since so I have no idea if he's changed. After each instance he was willing to do anything for me before we settled back into our normal relationship. Day to day he's wonderful and I believe I am comfortable with him. All my friends and family love him too and to tell them any of this would end the relationship. 

Am I just overreacting or should I do something about this? Have I been trauma bonding? 

TLDR: I may be trauma bonding with my bf after he punished me by forcing me to have painful anal sex and forced himself inside me after I said no. After each instance I asked him to stay and comfort me.","15c015r rape Should I [19F] be concerned I'm trauma bonding with my partner [19M] after he may have sexually abused me? ExternalSilver9504 /r/rape/comments/15c015r/should_i_19f_be_concerned_im_trauma_bonding_with/ I've been with my partner, let's call him J for just under a year. He incredibly sweet and treats me wonderfully. He's always willing to do things for me and is generally very loving however a few incidents have really had me questioning if staying with him is the right thing. 

The first red flag for me was when he discussed his past relationships and although he used to have a few one night stands (even one on the night we met with another girl), that's not what worried me. He admitted to sleeping with a 15 year old when he was 18. At the time it weirded me out a bit but I didn't think anything of it. 

The second problem came one night when we had been out drinking with some of our friends. Throughout the time I'd known him, he'd smoked and I openly disapproved of it. He said he was going to quit but instead turned to secretly smoking. This night was where I stupidly decided to show him why I hated it and decided to accept cigarettes from my friend on the way home in the hopes he would find it as disgusting as I did. Admittedly this was an asshole thing for me to do and I was definitely wrong to have provoked him so openly. When we got back and were alone he told me how that was an awful thing to do I that's when my senses came back to me and I profusely apologised. I know that's not enough but it's all I could do at the time. In our drunk state, we ended up having sex but J wanted to try anal. I was hesitant but said sure. He wasn't gentle and instead was incredibly rough and so I told him it hurt and tried to get away but he held me there and began telling me to never do what I did again. I was left in tears and in a lot of pain but instead of telling him to go, I asked him to stay. At the time, being alone seemed worse and I had no one to comfort me except him. It took time but we worked through that night so I thought everything would be OK. We have done bondage before so I thought maybe he just didn't know he was taking it so far and it was my fault anyway for provoking him. 

The third red flag happened most recently when J was staying over at mine. We woke up like any other day and J started trying to give me oral. I told him no and that I wasn't in the mood - this was the first time I'd ever declined his advances as I was tired and wanted to go back to sleep. I rolled over and not even a minute later he started grinding against me. At first I was confused but then he inserted himself inside of me. I don't know why I didn't say no again but instead I froze and buried my face in the pillow. I silently cried while he carried on for another minute. He didn't notice I was rigid and sobbing during that time and once he did notice, he stopped what he was doing. Again, instead of asking him to leave I let him comfort me. I don't know if I overreacted or if it's my fault for not saying anything. 

We sort of moved on from that but since I recently heard what trauma bonding is I've began to worry that's why I've been able to be ok with it. I've not provoked or denied him since so I have no idea if he's changed. After each instance he was willing to do anything for me before we settled back into our normal relationship. Day to day he's wonderful and I believe I am comfortable with him. All my friends and family love him too and to tell them any of this would end the relationship. 

Am I just overreacting or should I do something about this? Have I been trauma bonding? 

TLDR: I may be trauma bonding with my bf after he punished me by forcing me to have painful anal sex and forced himself inside me after I said no. After each instance I asked him to stay and comfort me.","[""\\bi\\s+didn[’']t\\s+say\\s+no\\b""]","['\\bpartner\\b', ""\\bi\\s+didn[’']t\\s+say\\s+no\\b"", '\\bsexual(?:ly)?\\s+abus(?:e|ed|es|ing)\\b', ""\\bi\\s+don[’']t\\s+know\\b"", '\\brape\\b', '\\bfriend\\b']"
11ouyan,rape,I might developed weird kinks to cope with rape and assault,fuckedup-again,13,7,True,1,1678568392,/r/rape/comments/11ouyan/i_might_developed_weird_kinks_to_cope_with_rape/,"Tldr I think i developed rape and degradation fetishes after experiencing rape and assault and I don't like it and I have no idea how to deal with it

TW suicide and selfharm attempts

I'm f24, I'm very introverted, shy and autistic. I was always bullied at school and never had friends, the same for my college years. Never dated or had any partners. Everyone made fun of my for my lack of experience and no love life. Even my mom bullied me for it and it was the worst.
I changed college for my masters and moved across the country. I was 22 at the time and was very lonely. I tried to make friends and end up hanging out with another older student. He seemed fine and he said from the beginning that he wants to be just friends. One time he wanted to hang out as usual and we ended up in his dorm room. He suddenly grabbed me and started forcefully kissing and touching me, he was trying to get under my clothes. I didn't want it at all, but I was to weak to push him away. He stopped a few times to ask if i liked it and to say that he knows that I want that, he wasn't listening to my no and stopped only because I started ugly crying. He stopped holding me and I run away. It was very terrifying for me and gave me a panic attack. The next few days where horrible for me. He tried to talk to me and he actually succeed at it a few times. He said it was just a mistake, that he doesn't like me and even doesn't see me as a woman, while trying to assault me and trying to touch my hips and legs. I managed to cut him completely off, but I struggled for a while. That was my first experience with anything. It was my first kiss, the first person that was not disgusted by me or my body. I'm very insecure about myself and my dating life or the lack of it and I just assumed I'm gonna be single forever and die alone. I know he's also right about me being ugly and unattractive. For some fucked up reason I unwillingly started romanticizing what happened. Like i should be grateful to have at least that experience and shit like that. I low-key even started having some feelings for that guy, even i find him disgusting for his actions.

After that i was even more lonelier that ever and I really badly wanted to have a boyfriend/girlfriend. Previously i was interested in romance, but nothing more. And I was able suppress my thoughts about love and romance since i knew i couldn't ever have experiences like that. I wasn't really interested in sex and I where sure I'm asexual. After that guy assaulted me i had not just a huge crave for romance, but for some reason i discovered that i actually have a sex drive and that its very strong. It made me very confused and I still feel myself very wrong for having all that thoughts and feelings.

Since I'm socially akward i can't make friends so i started chatting with strangers online. One of them turned out to go to the same college as me. We clicked very fast and chatted a lot. Later on we started meeting offline as friends. I developed a crush on him, but I never wanted to act on it. Even being just friends is an extremely big achievement for me and I don't really need more. After a few months he suggested to became fwb. It's not something i want, i want a normal relationship, but I knew i didn't have a chance so i give him a shot. The beginning was amazing and I felt very happy. I knew it's not a relationship and that my feelings where most likely one sided, but the illusion of being loved and being intimate with someone made me very happy. I feel very deep in live with him. He was kinky so he introduced me into BDSM. I wasn't really against it and I think my feelings, emotion and hornieness took over me and clear thinking so i agreed on it. It quickly became to him trying out new stuff i didn't actually want and he stopped listening to what i say and ignoring the save word. He did stuff like tying me up an beating me up until i cry or electrocuting me with a shocker, because i was afraid of that thing. I accepted it because in return he would cuddle with me and spent time with me and it made me very happy.
After 3 month of being fwb on Christmas he confessed that he is seeing other people and that he started sleeping around. It made me very sad so i confessed my feelings to him. He didn't react to it at first, but a couple days later said that he doesn't feel the same for me, he isn't interested in a relationship with me, doesn't see me as a girlfriend at all and that he prefers other people over me. I just couldn't hold it and started crying, i cried for few hours while he just watched me having a mental breakdown. He did nothing and just watched how I cry non stop. He than started hugging and touching me. He was very pushy with it and I didn't know how to stop him or stop crying. For some reason my crying turned him on and he raped me. I didn't say no or that i don't want it but for some reason decided it to slide. He convinced me that it would help me to feel better. After he finished i managed to kick him out. I hated everything and myself for what happened and I started to be depressed. In January and February happened a bunch of stuff that just broke me and I had a massive depression with suicide attempts. That guy didn't actually care, we barely talked, perhaps he was busy fucking other people. In March i got into therapy, because i lost control over my life. It went better and somehow i started seeing that guy more often. It was only for sex, well for him it was only to fuck, for me it was to have someone around to talk and have some kind of emotional support. He became more forceful and he started making more perverted stuff to me. He did care what i wanted and what not. I once felt very bad and wanted to kill myself, so i started talking to him. He wasn't interested in listening to my problems, when it was to annoying for him he raped me. It lead to a strong panic attack and he made fun of it for a couple of days. That want the first time he raped me, he also became very violent. By that time i was completely fucked up in my brain. After the very first assault i started romanticizing it and now i dit it with rape. I know I'm not worthy of a proper relationship, i know i deserve all that assault, rape and abuse that happened to me, that it's not enough and that i should be thankful for that. All my fantasies would be just rape, assault and violence towards me. It became so bad i started begging him to do it with me, which he happily did. He started convincing me into very weird stuff, like he wanted me to ""rent"" to friends and strangers, how he wants me to serve him naked all the time, he want to make it unprotected and that he wants to piss on me. He was so pushy with it that it scared me a lot. He sometimes would force me to giving him head and ""cleanup urine from his dick"". When I was very depressed i would allow him to do whatever he wants to me, because I don't feel like i deserve anything good. He enjoys it a lot and beats me up, sucks me violently and pissed on me. By that time my assault and rape fantasies started developing into killing fantasies. I would dream of being raped and degradated until i die or just being killed in a perverted way without sex

Once he mentioned that he wants to bring in knifes and I can't stop thinking about it. I know wanted it very badly. Not because it turns me on, but because im failing in selfharm and if i can't do it, someone else could do it for me. So i started fantasizing about being stabbed by him. It became so strong i actually asked him to do it, by he denied it.

I know all this is wrong and I'm just fucked up, but I can't stop myself. I just want to be raped and killed. I didn't left the guy because I became emotionally dependent on him and but him and my therapist i can't talk to anyone IRL.

The last time Ive met that guy was mid January. He did some other things that have upset me and other things made me so depressed that i isolated myself and didn't see him. A month ago i opened to my therapist for the first time. My therapist was shocked but he tries to help me. I still have all that fucked up though and I can't stop. I also am afraid i became a nymphomaniac. I try to deal with my urges ""by myself"" but every time I get horny it makes me so sad i cry. I always start thinking about suicide and bring killed or raped and end up crying because of disgust to myself. I hate it, i think I'm just broken","11ouyan rape I might developed weird kinks to cope with rape and assault fuckedup-again /r/rape/comments/11ouyan/i_might_developed_weird_kinks_to_cope_with_rape/ Tldr I think i developed rape and degradation fetishes after experiencing rape and assault and I don't like it and I have no idea how to deal with it

TW suicide and selfharm attempts

I'm f24, I'm very introverted, shy and autistic. I was always bullied at school and never had friends, the same for my college years. Never dated or had any partners. Everyone made fun of my for my lack of experience and no love life. Even my mom bullied me for it and it was the worst.
I changed college for my masters and moved across the country. I was 22 at the time and was very lonely. I tried to make friends and end up hanging out with another older student. He seemed fine and he said from the beginning that he wants to be just friends. One time he wanted to hang out as usual and we ended up in his dorm room. He suddenly grabbed me and started forcefully kissing and touching me, he was trying to get under my clothes. I didn't want it at all, but I was to weak to push him away. He stopped a few times to ask if i liked it and to say that he knows that I want that, he wasn't listening to my no and stopped only because I started ugly crying. He stopped holding me and I run away. It was very terrifying for me and gave me a panic attack. The next few days where horrible for me. He tried to talk to me and he actually succeed at it a few times. He said it was just a mistake, that he doesn't like me and even doesn't see me as a woman, while trying to assault me and trying to touch my hips and legs. I managed to cut him completely off, but I struggled for a while. That was my first experience with anything. It was my first kiss, the first person that was not disgusted by me or my body. I'm very insecure about myself and my dating life or the lack of it and I just assumed I'm gonna be single forever and die alone. I know he's also right about me being ugly and unattractive. For some fucked up reason I unwillingly started romanticizing what happened. Like i should be grateful to have at least that experience and shit like that. I low-key even started having some feelings for that guy, even i find him disgusting for his actions.

After that i was even more lonelier that ever and I really badly wanted to have a boyfriend/girlfriend. Previously i was interested in romance, but nothing more. And I was able suppress my thoughts about love and romance since i knew i couldn't ever have experiences like that. I wasn't really interested in sex and I where sure I'm asexual. After that guy assaulted me i had not just a huge crave for romance, but for some reason i discovered that i actually have a sex drive and that its very strong. It made me very confused and I still feel myself very wrong for having all that thoughts and feelings.

Since I'm socially akward i can't make friends so i started chatting with strangers online. One of them turned out to go to the same college as me. We clicked very fast and chatted a lot. Later on we started meeting offline as friends. I developed a crush on him, but I never wanted to act on it. Even being just friends is an extremely big achievement for me and I don't really need more. After a few months he suggested to became fwb. It's not something i want, i want a normal relationship, but I knew i didn't have a chance so i give him a shot. The beginning was amazing and I felt very happy. I knew it's not a relationship and that my feelings where most likely one sided, but the illusion of being loved and being intimate with someone made me very happy. I feel very deep in live with him. He was kinky so he introduced me into BDSM. I wasn't really against it and I think my feelings, emotion and hornieness took over me and clear thinking so i agreed on it. It quickly became to him trying out new stuff i didn't actually want and he stopped listening to what i say and ignoring the save word. He did stuff like tying me up an beating me up until i cry or electrocuting me with a shocker, because i was afraid of that thing. I accepted it because in return he would cuddle with me and spent time with me and it made me very happy.
After 3 month of being fwb on Christmas he confessed that he is seeing other people and that he started sleeping around. It made me very sad so i confessed my feelings to him. He didn't react to it at first, but a couple days later said that he doesn't feel the same for me, he isn't interested in a relationship with me, doesn't see me as a girlfriend at all and that he prefers other people over me. I just couldn't hold it and started crying, i cried for few hours while he just watched me having a mental breakdown. He did nothing and just watched how I cry non stop. He than started hugging and touching me. He was very pushy with it and I didn't know how to stop him or stop crying. For some reason my crying turned him on and he raped me. I didn't say no or that i don't want it but for some reason decided it to slide. He convinced me that it would help me to feel better. After he finished i managed to kick him out. I hated everything and myself for what happened and I started to be depressed. In January and February happened a bunch of stuff that just broke me and I had a massive depression with suicide attempts. That guy didn't actually care, we barely talked, perhaps he was busy fucking other people. In March i got into therapy, because i lost control over my life. It went better and somehow i started seeing that guy more often. It was only for sex, well for him it was only to fuck, for me it was to have someone around to talk and have some kind of emotional support. He became more forceful and he started making more perverted stuff to me. He did care what i wanted and what not. I once felt very bad and wanted to kill myself, so i started talking to him. He wasn't interested in listening to my problems, when it was to annoying for him he raped me. It lead to a strong panic attack and he made fun of it for a couple of days. That want the first time he raped me, he also became very violent. By that time i was completely fucked up in my brain. After the very first assault i started romanticizing it and now i dit it with rape. I know I'm not worthy of a proper relationship, i know i deserve all that assault, rape and abuse that happened to me, that it's not enough and that i should be thankful for that. All my fantasies would be just rape, assault and violence towards me. It became so bad i started begging him to do it with me, which he happily did. He started convincing me into very weird stuff, like he wanted me to ""rent"" to friends and strangers, how he wants me to serve him naked all the time, he want to make it unprotected and that he wants to piss on me. He was so pushy with it that it scared me a lot. He sometimes would force me to giving him head and ""cleanup urine from his dick"". When I was very depressed i would allow him to do whatever he wants to me, because I don't feel like i deserve anything good. He enjoys it a lot and beats me up, sucks me violently and pissed on me. By that time my assault and rape fantasies started developing into killing fantasies. I would dream of being raped and degradated until i die or just being killed in a perverted way without sex

Once he mentioned that he wants to bring in knifes and I can't stop thinking about it. I know wanted it very badly. Not because it turns me on, but because im failing in selfharm and if i can't do it, someone else could do it for me. So i started fantasizing about being stabbed by him. It became so strong i actually asked him to do it, by he denied it.

I know all this is wrong and I'm just fucked up, but I can't stop myself. I just want to be raped and killed. I didn't left the guy because I became emotionally dependent on him and but him and my therapist i can't talk to anyone IRL.

The last time Ive met that guy was mid January. He did some other things that have upset me and other things made me so depressed that i isolated myself and didn't see him. A month ago i opened to my therapist for the first time. My therapist was shocked but he tries to help me. I still have all that fucked up though and I can't stop. I also am afraid i became a nymphomaniac. I try to deal with my urges ""by myself"" but every time I get horny it makes me so sad i cry. I always start thinking about suicide and bring killed or raped and end up crying because of disgust to myself. I hate it, i think I'm just broken","[""\\bi\\s+didn[’']t\\s+say\\s+no\\b""]","['\\bboyfriend\\b', ""\\bi\\s+didn[’']t\\s+say\\s+no\\b"", ""\\bi\\s+didn[’']t\\s+know\\b"", '\\bassault\\b', '\\brape\\b', '\\bgirlfriend\\b']"
11gk3w1,rape,Was this sexual assault,dogmotiif,2,4,False,0,1677799407,/r/rape/comments/11gk3w1/was_this_sexual_assault/,"For context I’m 19, non-binary, and my first time was with a guy in my dorm who I had a rocky friends-with-benefits thing with

So like we were touching each other and he gets kinda rough and dominant which I typically like, but like I didn’t know if I was really ready to Be Penetrated for the first time? But he was saying shit like ""you want me inside you? yeah i bet you do"" and shit like that so I felt like it would probably be fun or whatever.

But he never explicitly said he was going to put it in or anything, it just kind of happened. And like I feel like I gave enough consent by ""being into it"" or whatever? Like it wasn't something my brain was like ""no stop bad"" it was just sudden and unplanned and unasked for with detail or clear communication. AND he didn't use a condom which also made me panic even in the moment n like I absolutely HATED that n was uncomfy.

It hurt a lot (I bled for a few days after until the bleeding stopped n then my period started??? I don't know if that's normal), n there were times during the actual penetration when I like reached back to physically stop him from moving because it hurt so much, and then after a few seconds he would start back up again without warning like it was just a normal thing.

Logically there was probably some level of coercion because he kept saying things like ""you want me inside you"" and ""it's gonna feel so good when im inside you"" and all that and I don't remember if I gave an explicit yes???

He also misgendered me during it, like slightly before penetrating. I had told him I enjoy hearing ""good boy"" and he did that a lot but on this night he let a ""good girl"" slip n that made me feel icky n bad but it felt like so much was happening.

I don't even know if there's anything there like my brain still justifies it by saying that I never told him a verbal ""stop,” so I wanted to see what outside opinions think? Thank you","11gk3w1 rape Was this sexual assault dogmotiif /r/rape/comments/11gk3w1/was_this_sexual_assault/ For context I’m 19, non-binary, and my first time was with a guy in my dorm who I had a rocky friends-with-benefits thing with

So like we were touching each other and he gets kinda rough and dominant which I typically like, but like I didn’t know if I was really ready to Be Penetrated for the first time? But he was saying shit like ""you want me inside you? yeah i bet you do"" and shit like that so I felt like it would probably be fun or whatever.

But he never explicitly said he was going to put it in or anything, it just kind of happened. And like I feel like I gave enough consent by ""being into it"" or whatever? Like it wasn't something my brain was like ""no stop bad"" it was just sudden and unplanned and unasked for with detail or clear communication. AND he didn't use a condom which also made me panic even in the moment n like I absolutely HATED that n was uncomfy.

It hurt a lot (I bled for a few days after until the bleeding stopped n then my period started??? I don't know if that's normal), n there were times during the actual penetration when I like reached back to physically stop him from moving because it hurt so much, and then after a few seconds he would start back up again without warning like it was just a normal thing.

Logically there was probably some level of coercion because he kept saying things like ""you want me inside you"" and ""it's gonna feel so good when im inside you"" and all that and I don't remember if I gave an explicit yes???

He also misgendered me during it, like slightly before penetrating. I had told him I enjoy hearing ""good boy"" and he did that a lot but on this night he let a ""good girl"" slip n that made me feel icky n bad but it felt like so much was happening.

I don't even know if there's anything there like my brain still justifies it by saying that I never told him a verbal ""stop,” so I wanted to see what outside opinions think? Thank you",['\\bwas\\s+this\\s+(?:sa|sexual\\s+assault)\\b'],"[""\\bi\\s+don[’']t\\s+even\\s+know\\b"", ""\\bi\\s+didn[’']t\\s+know\\b"", ""\\bi\\s+don[’']t\\s+know\\b"", '\\bwas\\s+this\\s+(?:sa|sexual\\s+assault)\\b', '\\bassault\\b', '\\brape\\b', '\\bsexual(?:ly)?\\s+assault(?:ed|s|ing)?\\b']"
11be8s6,rape,need an unbiased second opinion,pposerr,3,3,True,1,1677307077,/r/rape/comments/11be8s6/need_an_unbiased_second_opinion/,"so i’m gonna start off by saying that this may be triggering to some folks but i’m not gonna give any super graphic details to this situation at all. i’m not trying to ask for validation i’m genuinely asking what to call this situation and if it truly is what i feel like it is. i’m very uncomfortable with saying the words no or stop to somebody because of childhood SA that happened long before this situation. this was a guy i had considered kind of a friend but more so someone who was willing to spend time with me because i didn’t have anyone else. he would make a lot of creepy sexual comments and advances toward me and i would let him know that i was sex repulsed from my childhood SA and not interested. he would never fully listen and never fully stop and kept asking and asking and asking until finally i asked him if i did it would he stop asking, and he said yes. so i said fine. i said i would probably ask him to stop, forgetting my previously mentioned hardship with saying those words. as soon as this started, i told him that it hurt, and he said nothing, did nothing. i said it again and he said nothing, did nothing. i started crying a bit out of pain and he said nothing, did nothing. i didn’t fully push but put pressure pushing back away from me on his chest and he noticeably stiffened his posture to stay in the same place. i thought, for a while, that because i didn’t say no, and only gave signs that i wanted this to stop, that there wasn’t anything bad in this situation. when i met my current boyfriend and fell in love, i realized how different he made me feel, and how it wasn’t normal for me to feel that pained months later by that memory. i explained to bf, and he eventually more or less told me that’s a clean cut definition of SA. i’m confused. i still feel like this is my fault so i have no right to be sad about it. it’s hard to cry about, or to feel anything about. it’s like the emotions to it are kept at an arms length away from me and this even further makes me think it wasn’t SA, because if it is why can i not cry about it? i also think that it is, because it feels like a part of me is just stuck there in that moment perpetually and i feel a heaviness in my chest and an overwhelming guilty sort of feeling thinking about it. i don’t know what to do. i don’t know if i’m a liar for saying that it is sexual assault. i feel like i am but also i feel like i’m not. all my friends are biased because they’re my friends. my bf is biased because he’s my bf. i need to know the truth i need an unbiased opinion","11be8s6 rape need an unbiased second opinion pposerr /r/rape/comments/11be8s6/need_an_unbiased_second_opinion/ so i’m gonna start off by saying that this may be triggering to some folks but i’m not gonna give any super graphic details to this situation at all. i’m not trying to ask for validation i’m genuinely asking what to call this situation and if it truly is what i feel like it is. i’m very uncomfortable with saying the words no or stop to somebody because of childhood SA that happened long before this situation. this was a guy i had considered kind of a friend but more so someone who was willing to spend time with me because i didn’t have anyone else. he would make a lot of creepy sexual comments and advances toward me and i would let him know that i was sex repulsed from my childhood SA and not interested. he would never fully listen and never fully stop and kept asking and asking and asking until finally i asked him if i did it would he stop asking, and he said yes. so i said fine. i said i would probably ask him to stop, forgetting my previously mentioned hardship with saying those words. as soon as this started, i told him that it hurt, and he said nothing, did nothing. i said it again and he said nothing, did nothing. i started crying a bit out of pain and he said nothing, did nothing. i didn’t fully push but put pressure pushing back away from me on his chest and he noticeably stiffened his posture to stay in the same place. i thought, for a while, that because i didn’t say no, and only gave signs that i wanted this to stop, that there wasn’t anything bad in this situation. when i met my current boyfriend and fell in love, i realized how different he made me feel, and how it wasn’t normal for me to feel that pained months later by that memory. i explained to bf, and he eventually more or less told me that’s a clean cut definition of SA. i’m confused. i still feel like this is my fault so i have no right to be sad about it. it’s hard to cry about, or to feel anything about. it’s like the emotions to it are kept at an arms length away from me and this even further makes me think it wasn’t SA, because if it is why can i not cry about it? i also think that it is, because it feels like a part of me is just stuck there in that moment perpetually and i feel a heaviness in my chest and an overwhelming guilty sort of feeling thinking about it. i don’t know what to do. i don’t know if i’m a liar for saying that it is sexual assault. i feel like i am but also i feel like i’m not. all my friends are biased because they’re my friends. my bf is biased because he’s my bf. i need to know the truth i need an unbiased opinion","[""\\bi\\s+didn[’']t\\s+say\\s+no\\b""]","['\\bboyfriend\\b', ""\\bi\\s+didn[’']t\\s+say\\s+no\\b"", ""\\bi\\s+don[’']t\\s+know\\b"", '\\bsa\\b', '\\bassault\\b', '\\brape\\b', '\\bfriend\\b', '\\bsexual(?:ly)?\\s+assault(?:ed|s|ing)?\\b']"
zo4par,rape,was this SA,insaneinthemelbrain,7,27,False,0,1671277778,/r/rape/comments/zo4par/was_this_sa/,i stayed at my friends house and whilst i was trying to fall asleep i felt her trying to take my bra off and touching me. i don’t think she knew what she was doing because she was heavily intoxicated but i haven’t felt right about the situation,zo4par rape was this SA insaneinthemelbrain /r/rape/comments/zo4par/was_this_sa/ i stayed at my friends house and whilst i was trying to fall asleep i felt her trying to take my bra off and touching me. i don’t think she knew what she was doing because she was heavily intoxicated but i haven’t felt right about the situation,['\\bwas\\s+this\\s+(?:sa|sexual\\s+assault)\\b'],"['\\bsa\\b', '\\bwas\\s+this\\s+(?:sa|sexual\\s+assault)\\b', '\\brape\\b']"
zmscxd,rape,Question,[deleted],1,9,True,5,1671129154,/r/rape/comments/zmscxd/question/,Sorry if this is the wrong Subreddit. I do have a question. I remember on Multiple Occasions that I saw My Dad's penis and 1 time specifically he took a shower with Me and his Girlfriend. My Dad watched Me take a Shower till I was 11 only because I got CPS involved. Also I do have Nightmares of My Dad Raping Me. Is that Considered SA? Again I apologize if this is the wrong Subreddit.,zmscxd rape Question [deleted] /r/rape/comments/zmscxd/question/ Sorry if this is the wrong Subreddit. I do have a question. I remember on Multiple Occasions that I saw My Dad's penis and 1 time specifically he took a shower with Me and his Girlfriend. My Dad watched Me take a Shower till I was 11 only because I got CPS involved. Also I do have Nightmares of My Dad Raping Me. Is that Considered SA? Again I apologize if this is the wrong Subreddit.,['\\bconsider(?:ed)?\\s+(?:it\\s+)?(?:sa|sexual\\s+assault)\\b'],"['\\bsa\\b', '\\bgirlfriend\\b', '\\brape\\b', '\\bconsider(?:ed)?\\s+(?:it\\s+)?(?:sa|sexual\\s+assault)\\b']"
xt75pq,rape,Was I sexually assaulted in my sleep?,snailydotexe,8,3,False,0,1664660795,/r/rape/comments/xt75pq/was_i_sexually_assaulted_in_my_sleep/,"22F. 

I, like many other women like me, have been molested. 

This instance, which is the one I’m still unsure about, happened late September 2020. I went with a guy down to a religious event where we would be staying at his house for a couple of days. He was my roommate. 

I had been taking a new medication. Lexapro. I was aware of the side effects it would give me, but I didn’t realize that it would affect me as bad as it did. I was having heart palpitations, anxiety, large pupils, hallucinations and I was delirious. I had told the guy about this so he was aware.

We were sharing the basement; which had two separate rooms. I remember the guy first before we went to bed like giving me a back scratch and unhooking my bra. It went nothing far beyond that But I remember not liking it and not remembering whether or not I asked for it. I also remember for some reason he was in a shirt and his underwear. 

Later that night I woke up with a panic attack from the medication. I went into the guys room and said “i need you to hold me until I calm down”. He did, and then I asked him if he could sleep in the same room as me to ensure nothing happens. I remember him getting in the bed with me and spooning me. I don’t remember whether or not I asked him to get into bed with me. Eventually, I fell asleep. I don’t remember what happened next because I was asleep, but the next day he was in the other bed. 

Something was not right the next day though. I felt weird, I couldn’t look at him and I felt violated. Ever since then I haven’t been able to let someone with male genitals spoon me, I haven’t been able to have sex, I lost my libido and it ruined 2 relationships because I just couldn’t have sex. Particularly, having sex will put me in this weird trance. It makes me think of that day, but the whole thing is just, black. 

I noticed the guy was a lot more comfortable with touching me after that, with or without my consent. He would touch my head, slap my ass and poke or squeeze my boobs. 

I feel awful because I really have a hard time in the bedroom because of this, but I legitimately don’t know what the fuck is going on wirh me or how to explain it to my partners without saying “I think someone molested me in my sleep”. 

I know it’s possible because two other instances have happened since then, both of which I woke up to it happening and knew it was real. They both had the same feeling, where it felt like the sex act being committed was a dream until I woke up to it happening. 

I need some advice. I don’t know what to do.","xt75pq rape Was I sexually assaulted in my sleep? snailydotexe /r/rape/comments/xt75pq/was_i_sexually_assaulted_in_my_sleep/ 22F. 

I, like many other women like me, have been molested. 

This instance, which is the one I’m still unsure about, happened late September 2020. I went with a guy down to a religious event where we would be staying at his house for a couple of days. He was my roommate. 

I had been taking a new medication. Lexapro. I was aware of the side effects it would give me, but I didn’t realize that it would affect me as bad as it did. I was having heart palpitations, anxiety, large pupils, hallucinations and I was delirious. I had told the guy about this so he was aware.

We were sharing the basement; which had two separate rooms. I remember the guy first before we went to bed like giving me a back scratch and unhooking my bra. It went nothing far beyond that But I remember not liking it and not remembering whether or not I asked for it. I also remember for some reason he was in a shirt and his underwear. 

Later that night I woke up with a panic attack from the medication. I went into the guys room and said “i need you to hold me until I calm down”. He did, and then I asked him if he could sleep in the same room as me to ensure nothing happens. I remember him getting in the bed with me and spooning me. I don’t remember whether or not I asked him to get into bed with me. Eventually, I fell asleep. I don’t remember what happened next because I was asleep, but the next day he was in the other bed. 

Something was not right the next day though. I felt weird, I couldn’t look at him and I felt violated. Ever since then I haven’t been able to let someone with male genitals spoon me, I haven’t been able to have sex, I lost my libido and it ruined 2 relationships because I just couldn’t have sex. Particularly, having sex will put me in this weird trance. It makes me think of that day, but the whole thing is just, black. 

I noticed the guy was a lot more comfortable with touching me after that, with or without my consent. He would touch my head, slap my ass and poke or squeeze my boobs. 

I feel awful because I really have a hard time in the bedroom because of this, but I legitimately don’t know what the fuck is going on wirh me or how to explain it to my partners without saying “I think someone molested me in my sleep”. 

I know it’s possible because two other instances have happened since then, both of which I woke up to it happening and knew it was real. They both had the same feeling, where it felt like the sex act being committed was a dream until I woke up to it happening. 

I need some advice. I don’t know what to do.",['\\bwas\\s+i\\s+sexually\\s+assaulted\\b'],"[""\\bi\\s+don[’']t\\s+know\\b"", ""\\bi\\s+didn[’']t\\s+realize\\b"", '\\brape\\b', '\\bwas\\s+i\\s+sexually\\s+assaulted\\b', '\\bmolest(?:ed|ation|ations)?\\b', '\\bsexual(?:ly)?\\s+assault(?:ed|s|ing)?\\b']"
x8st9y,rape,Was I raped?,Comfortable-Depth-32,4,3,False,0,1662618848,/r/rape/comments/x8st9y/was_i_raped/,"I’ve been talking to this guy for about a month. 2 days ago I went to his place for a couple hours and when things were getting a little more heavy, I asked if he had a condom and when he said no, I stopped it because I obviously want us to use protection. We ended up going back to it and he told me he wouldn’t enter because “if you say you don’t want to do it without a condom, we won’t” but I felt him enter multiple times even though I said no. I had to take a Plan B yesterday morning just to be careful and when I talked to my friend about it, she said it counts as sexual assault and coercion… I definitely feel disrespected and violated but is it really assault?","x8st9y rape Was I raped? Comfortable-Depth-32 /r/rape/comments/x8st9y/was_i_raped/ I’ve been talking to this guy for about a month. 2 days ago I went to his place for a couple hours and when things were getting a little more heavy, I asked if he had a condom and when he said no, I stopped it because I obviously want us to use protection. We ended up going back to it and he told me he wouldn’t enter because “if you say you don’t want to do it without a condom, we won’t” but I felt him enter multiple times even though I said no. I had to take a Plan B yesterday morning just to be careful and when I talked to my friend about it, she said it counts as sexual assault and coercion… I definitely feel disrespected and violated but is it really assault?",['\\bit\\s+count(?:s)?\\s+as\\s+(?:sa|sexual\\s+assault)\\b'],"['\\bit\\s+count(?:s)?\\s+as\\s+(?:sa|sexual\\s+assault)\\b', '\\bassault\\b', '\\brape\\b', '\\bfriend\\b', '\\bsexual(?:ly)?\\s+assault(?:ed|s|ing)?\\b']"
vpca35,rape,i’m disgusting and confused,acnhnipsthrow,14,8,False,0,1656713001,/r/rape/comments/vpca35/im_disgusting_and_confused/,"he was really really sweet to me. the day before, we hung out for the first time and i was super into him. he’s this super attractive guy and i felt so lucky that he was into me. that night, we were making out in his car. it was a great night, and nothing happened out of consent.

a few days pass, and we’re hanging out again. we went for a long walk where he held my hand, cuddled me, and seemed super interested in me. he told me that he was falling for me. i already told him i wanted to take it slow, but i tend to feel like nobody will ever love me, so i think i clung onto his words. we’re making out in the backseat of his car, and at this point, the sun has gone down. 

it’s dark and it’s night time now. we start undressing a bit, and i remember taking my shorts off. i really didn’t want to be in any level of undress in public. the whole time i was looking around, and i was afraid another car would come into the car park or that the police would catch us and id get in trouble of some kind. he persisted that it was okay and that nothing would happen. i tried to settle down, and he also took his pants off. he began asking to just put the head in. i already told him that i wanted to take it slow, and that i want to use a condom during any sex. 

i can’t remember the words he was saying but it was basically along the lines of just for a minute. just the head. i do remember laying there on my back thinking no, this isn’t right, i literally just said no, what is he doing? i just laid there. i don’t remember how long it lasted, but i was blank visibly and was just thinking how could he be in the mood at this moment.

i believe the next day, he came over. i didn’t think about what had happened the night before much. i remember not wanting him to be mad at me for turning down sex, and saying just wait until tomorrow until we can be in the comfort of my bed. well, he came over, and we did have condoms. at first, he was using it. this time i was in the mood and thought nothing of it. when it was done, i realized that he didn’t go to take the condom off. because the condom had already been taken off at some point, without my knowledge. i didn’t say anything about it right then

we were watching a movie, where he proceeded to have sex with me without the condom. these two times i knew he wasn’t wearing one and i just went along with it. i figured, he’s already done it. i mean, what can i do.

about a month has passed since then. we have still talked almost everyday, never about what he did those nights though. 

thing is, i’m not horribly upset. i’m not traumatized. i don’t get it. i wasn’t sad, i wasn’t scared. he didn’t attack me or get violent. i don’t understand why i don’t hate him, why i’m not mad at him, why i don’t fear him. i don’t get it. 

we still talk. i’m going to hang out with him tomorrow. i know this is terrible and i deserve better. it’s crazy to me to think that he raped me. however, he did. what he did to me was rape. i never thought i’d say that or type that about anybody, especially somebody who’s still in my life.

i just wrote this to get it off my chest. i confided in a friend who validated my feelings. but i’m just so disgusted with myself that i’m still romantically pursuing my own rapist. i know that i normally feel desperate and unlovable, but this is a new low even for me. i really don’t know how to let people go even when it’s obvious that i need to

edit because this just came to mind:

i feel as if i’m not distraught over this because my rapist didn’t act aggressively violent towards me in the way that he didn’t hold me down or restrain me. he was on top of me, and didn’t listen to me out right saying that i didn’t want sex to happen. i didn’t feel physically intimidated by him although he is a taller guy with large arm muscles. i just want to understand why don’t i feel more distressed over this. this man literally took something from me and i don’t seem too moved by it which scares me more than the event itself","vpca35 rape i’m disgusting and confused acnhnipsthrow /r/rape/comments/vpca35/im_disgusting_and_confused/ he was really really sweet to me. the day before, we hung out for the first time and i was super into him. he’s this super attractive guy and i felt so lucky that he was into me. that night, we were making out in his car. it was a great night, and nothing happened out of consent.

a few days pass, and we’re hanging out again. we went for a long walk where he held my hand, cuddled me, and seemed super interested in me. he told me that he was falling for me. i already told him i wanted to take it slow, but i tend to feel like nobody will ever love me, so i think i clung onto his words. we’re making out in the backseat of his car, and at this point, the sun has gone down. 

it’s dark and it’s night time now. we start undressing a bit, and i remember taking my shorts off. i really didn’t want to be in any level of undress in public. the whole time i was looking around, and i was afraid another car would come into the car park or that the police would catch us and id get in trouble of some kind. he persisted that it was okay and that nothing would happen. i tried to settle down, and he also took his pants off. he began asking to just put the head in. i already told him that i wanted to take it slow, and that i want to use a condom during any sex. 

i can’t remember the words he was saying but it was basically along the lines of just for a minute. just the head. i do remember laying there on my back thinking no, this isn’t right, i literally just said no, what is he doing? i just laid there. i don’t remember how long it lasted, but i was blank visibly and was just thinking how could he be in the mood at this moment.

i believe the next day, he came over. i didn’t think about what had happened the night before much. i remember not wanting him to be mad at me for turning down sex, and saying just wait until tomorrow until we can be in the comfort of my bed. well, he came over, and we did have condoms. at first, he was using it. this time i was in the mood and thought nothing of it. when it was done, i realized that he didn’t go to take the condom off. because the condom had already been taken off at some point, without my knowledge. i didn’t say anything about it right then

we were watching a movie, where he proceeded to have sex with me without the condom. these two times i knew he wasn’t wearing one and i just went along with it. i figured, he’s already done it. i mean, what can i do.

about a month has passed since then. we have still talked almost everyday, never about what he did those nights though. 

thing is, i’m not horribly upset. i’m not traumatized. i don’t get it. i wasn’t sad, i wasn’t scared. he didn’t attack me or get violent. i don’t understand why i don’t hate him, why i’m not mad at him, why i don’t fear him. i don’t get it. 

we still talk. i’m going to hang out with him tomorrow. i know this is terrible and i deserve better. it’s crazy to me to think that he raped me. however, he did. what he did to me was rape. i never thought i’d say that or type that about anybody, especially somebody who’s still in my life.

i just wrote this to get it off my chest. i confided in a friend who validated my feelings. but i’m just so disgusted with myself that i’m still romantically pursuing my own rapist. i know that i normally feel desperate and unlovable, but this is a new low even for me. i really don’t know how to let people go even when it’s obvious that i need to

edit because this just came to mind:

i feel as if i’m not distraught over this because my rapist didn’t act aggressively violent towards me in the way that he didn’t hold me down or restrain me. he was on top of me, and didn’t listen to me out right saying that i didn’t want sex to happen. i didn’t feel physically intimidated by him although he is a taller guy with large arm muscles. i just want to understand why don’t i feel more distressed over this. this man literally took something from me and i don’t seem too moved by it which scares me more than the event itself",['\\bi\\s+just\\s+went\\s+along\\s+with\\s+it\\b'],"[""\\bi\\s+(?:genuinely|just|honestly|really|truly|still)\\s+don[’']t\\s+know\\b"", '\\bi\\s+just\\s+went\\s+along\\s+with\\s+it\\b', '\\bfriend\\b', '\\brape\\b']"
ua2ytk,rape,i still love her,nawimnotsad,7,7,True,3,1650711764,/r/rape/comments/ua2ytk/i_still_love_her/,"my girlfriend sexually assaulted me and it bothers me but I don't think I'll ever be able to get over her.


we're both teenagers and I don't want to give out too much information because she uses reddit but I don't know which forms .

I don't even feel right saying she raped me-   I just don't like it knowing how much I love her and how perfect she is. she's the prettiest girl I've ever dated , she's so smart , she's sweet, sentimental and caring , she's just so likeable. I can't wait to marry her .



but this doesn't blow away that she assaulted me-  the worst part is she sees nothing wrong with it. she tried and succeeded to get me drunk and have sex with me.



the whole time it was like I was in and out consciousness . I  don't know why she thought it was okay in the first place , I couldn't even walk on my own . she said she wanted the experience of having sex while drunk the week prior and I said I would want to but I didn't know she would do it sober and the week after .


I knew what was happening and I wanted to stop 1 minute in
but I don't know why I didn't say no.



her taking advantage of me isn't this rare occurrence- every once and awhile she'll touch me while I'm sleeping . I told her not to do it anymore because it might wake me up and she still does it .


I feel like it's my fault for not saying that I just didn't wanna be touched in my sleep. she also purposely waits till I'm just about to fall asleep to get on top of me .
I told myself that it wasn't too unusual because she knew I was awake with my eyes closed
and she probably just thought it was funny .



but if I say stop she doesn't- I don't think it's horrible but it's disrespect to me .



I don't believe she didn't know it was wrong not even a little bit
she lives to make me feel uncomfortable- rather she's horny or not.

I wish she understood that my body doesn't always have the same reaction as my brain .


we have had a conversation about boundaries but she has still done things to prove she didn't understand mines.


I can't tell my friends about any of this because I don't want them hating her .
I feel like she's the only one I can talk to about it and she still doesn't listen .



she makes me sad , but happier

she's so perfect in my eyes.  I don't ever see us breaking up , but the both of us need help .

I don't know how I'm gonna make it work , keep her happy and keep myself sane .","ua2ytk rape i still love her nawimnotsad /r/rape/comments/ua2ytk/i_still_love_her/ my girlfriend sexually assaulted me and it bothers me but I don't think I'll ever be able to get over her.


we're both teenagers and I don't want to give out too much information because she uses reddit but I don't know which forms .

I don't even feel right saying she raped me-   I just don't like it knowing how much I love her and how perfect she is. she's the prettiest girl I've ever dated , she's so smart , she's sweet, sentimental and caring , she's just so likeable. I can't wait to marry her .



but this doesn't blow away that she assaulted me-  the worst part is she sees nothing wrong with it. she tried and succeeded to get me drunk and have sex with me.



the whole time it was like I was in and out consciousness . I  don't know why she thought it was okay in the first place , I couldn't even walk on my own . she said she wanted the experience of having sex while drunk the week prior and I said I would want to but I didn't know she would do it sober and the week after .


I knew what was happening and I wanted to stop 1 minute in
but I don't know why I didn't say no.



her taking advantage of me isn't this rare occurrence- every once and awhile she'll touch me while I'm sleeping . I told her not to do it anymore because it might wake me up and she still does it .


I feel like it's my fault for not saying that I just didn't wanna be touched in my sleep. she also purposely waits till I'm just about to fall asleep to get on top of me .
I told myself that it wasn't too unusual because she knew I was awake with my eyes closed
and she probably just thought it was funny .



but if I say stop she doesn't- I don't think it's horrible but it's disrespect to me .



I don't believe she didn't know it was wrong not even a little bit
she lives to make me feel uncomfortable- rather she's horny or not.

I wish she understood that my body doesn't always have the same reaction as my brain .


we have had a conversation about boundaries but she has still done things to prove she didn't understand mines.


I can't tell my friends about any of this because I don't want them hating her .
I feel like she's the only one I can talk to about it and she still doesn't listen .



she makes me sad , but happier

she's so perfect in my eyes.  I don't ever see us breaking up , but the both of us need help .

I don't know how I'm gonna make it work , keep her happy and keep myself sane .","[""\\bi\\s+didn[’']t\\s+say\\s+no\\b""]","[""\\bi\\s+didn[’']t\\s+say\\s+no\\b"", ""\\bi\\s+didn[’']t\\s+know\\b"", ""\\bi\\s+don[’']t\\s+know\\b"", '\\brape\\b', '\\bgirlfriend\\b', '\\bsexual(?:ly)?\\s+assault(?:ed|s|ing)?\\b']"
u56csg,rape,Help is this considered sexual assault,WintryNymph,11,8,True,5,1650140574,/r/rape/comments/u56csg/help_is_this_considered_sexual_assault/,"Hi, I’m an 18F attending uni internationally in the UK.   This has been eating me alive because I received so many different blames and answers to this.  Basically, I moved here in august.  Being homeschooled my whole life, the clubbing / party thing was really new to me. 

I (think) I’ve been assaulted three times.  I say think, because I’ve never reported them since some people told me it’s not worth reporting 

My first experience was my first night at a flat party.  I met a guy who was friends with my flatmates.  He was really nice and neutral toward me, not creepy or flirty.  He wanted to do shots, so he gave me 3 to “test my limit” but he ended up doing one. Next thing I know, I wake up in the ambulance because they said I hit my head really hard.  I was found naked and unconscious in his flat.  I know this obviously sounds like assault, but here’s the thing.  He called the ambulance himself, seemed really worried for me, and told me that I consented and said yes when he asked if I wanted to have sex.  I have no memory of this, being blackout drunk and was still a virgin.  He was really drunk too, but not as drunk as me. 


Second experience was with another guy who lives in my building.  He wanted to talk to me about homework and get to know me as a fellow international student himself.  He said we’ll take a walk on campus, but changed his mind and convinced me to go with him to get food in town.  So we get food and walk back to the bus stop around 10pm.  He asks to kiss me and I hesitantly agree.  He starts kissing me but he begins to put his hands down my pants to squeeze my ass in public.  We finally get the bus, and he follows me to my floor and goes into my kitchen.  He keeps kissing and puts his hand inside my underwear and tries to rip off my top, shoving his tongue down my throat.  I kept laughing cuz I do this when I’m nervous and kept telling him I’m tired and I need to go to bed.  He keeps begging me to show him my room and I’m getting scared.  He eventually leaves, however he doesn’t think he did anything wrong and kept speaking to me like normal every day from then on.     


Third experience would be on Halloween a week later.  I’m at a Halloween party with my friends and they want to leave.  I stay to talk to a girl and she says she will walk me home because I am drunk.  She ends up disappearing for the night.  A guy approached me and scared off all the weirdos hitting on me, and he seems to be the only sober guy there.  He was absolutely not drunk.  He starts to walk me up but claims he needs to go pee in his room.  It’s raining so he brings me inside and I tell him I’ll wait outside his door but he insists on showing me his cool collectibles in his room.  I go in and wait and he comes out of the bathroom but locks his his bedroom door.  He starts to kiss me and I start laughing and saying I want to go home.  He says “5 more min” and 5 min passes where I let him kiss me.  He then says it’s raining too hard.  I am drunk and the campus is huge so I do not know how to get back on my own.  My phone is dead.  I refuse to take off my costume even though he gets mostly naked.  He pins me to the bed and turns out the light and I tell him I don’t want to have sex just kiss.  He left 9 hickeys on my neck and some were bleeding.  They hurt and I did not ask for hickeys.  I feel his penis suddenly insert me and I’m in shock as I told him no to sex 5 times.  I lie there and pretend to enjoy it and he eventually falls asleep.  I found out hes really popular on social media and it made me feel so small and like I would get harrassed or accused of lying.  I know this was a long time ago but I still have nightmares and confused as some people say it isn’t wrong if I was too scared to say no because they thought I wanted it","u56csg rape Help is this considered sexual assault WintryNymph /r/rape/comments/u56csg/help_is_this_considered_sexual_assault/ Hi, I’m an 18F attending uni internationally in the UK.   This has been eating me alive because I received so many different blames and answers to this.  Basically, I moved here in august.  Being homeschooled my whole life, the clubbing / party thing was really new to me. 

I (think) I’ve been assaulted three times.  I say think, because I’ve never reported them since some people told me it’s not worth reporting 

My first experience was my first night at a flat party.  I met a guy who was friends with my flatmates.  He was really nice and neutral toward me, not creepy or flirty.  He wanted to do shots, so he gave me 3 to “test my limit” but he ended up doing one. Next thing I know, I wake up in the ambulance because they said I hit my head really hard.  I was found naked and unconscious in his flat.  I know this obviously sounds like assault, but here’s the thing.  He called the ambulance himself, seemed really worried for me, and told me that I consented and said yes when he asked if I wanted to have sex.  I have no memory of this, being blackout drunk and was still a virgin.  He was really drunk too, but not as drunk as me. 


Second experience was with another guy who lives in my building.  He wanted to talk to me about homework and get to know me as a fellow international student himself.  He said we’ll take a walk on campus, but changed his mind and convinced me to go with him to get food in town.  So we get food and walk back to the bus stop around 10pm.  He asks to kiss me and I hesitantly agree.  He starts kissing me but he begins to put his hands down my pants to squeeze my ass in public.  We finally get the bus, and he follows me to my floor and goes into my kitchen.  He keeps kissing and puts his hand inside my underwear and tries to rip off my top, shoving his tongue down my throat.  I kept laughing cuz I do this when I’m nervous and kept telling him I’m tired and I need to go to bed.  He keeps begging me to show him my room and I’m getting scared.  He eventually leaves, however he doesn’t think he did anything wrong and kept speaking to me like normal every day from then on.     


Third experience would be on Halloween a week later.  I’m at a Halloween party with my friends and they want to leave.  I stay to talk to a girl and she says she will walk me home because I am drunk.  She ends up disappearing for the night.  A guy approached me and scared off all the weirdos hitting on me, and he seems to be the only sober guy there.  He was absolutely not drunk.  He starts to walk me up but claims he needs to go pee in his room.  It’s raining so he brings me inside and I tell him I’ll wait outside his door but he insists on showing me his cool collectibles in his room.  I go in and wait and he comes out of the bathroom but locks his his bedroom door.  He starts to kiss me and I start laughing and saying I want to go home.  He says “5 more min” and 5 min passes where I let him kiss me.  He then says it’s raining too hard.  I am drunk and the campus is huge so I do not know how to get back on my own.  My phone is dead.  I refuse to take off my costume even though he gets mostly naked.  He pins me to the bed and turns out the light and I tell him I don’t want to have sex just kiss.  He left 9 hickeys on my neck and some were bleeding.  They hurt and I did not ask for hickeys.  I feel his penis suddenly insert me and I’m in shock as I told him no to sex 5 times.  I lie there and pretend to enjoy it and he eventually falls asleep.  I found out hes really popular on social media and it made me feel so small and like I would get harrassed or accused of lying.  I know this was a long time ago but I still have nightmares and confused as some people say it isn’t wrong if I was too scared to say no because they thought I wanted it",['\\bconsider(?:ed)?\\s+(?:it\\s+)?(?:sa|sexual\\s+assault)\\b'],"['\\bsexual(?:ly)?\\s+assault(?:ed|s|ing)?\\b', '\\bassault\\b', '\\brape\\b', '\\bconsider(?:ed)?\\s+(?:it\\s+)?(?:sa|sexual\\s+assault)\\b']"
u3baoc,rape,Is this sexual assault? (Warning: long),BagelWithButterOnIt,4,2,False,0,1649919565,/r/rape/comments/u3baoc/is_this_sexual_assault_warning_long/,"I could use some honest advice on whether or not my situation constitutes sexual assault. Really, I just want to know if ""I was sexually assaulted"" is an appropriate thing for me to say (obviously, that's a pretty bad thing to say erroneously). If the answer is no, I can absolutely live with that, and I won't feel invalidated or anything. Sorry, I know there's a million of these posts on here, but this has been eating at me for a while and I really just need an answer. Sorry if I include unnecessary details, this is the first time I've written it out like this. 

When I (I'm a dude) was in 7th grade, I met this guy. We became friends over the course of around a month. I was a pretty sheltered kid, I was raised Catholic and only had a few friends before this. I was a late bloomer, and a year younger than everyone else in my grade, so I wouldn't go through puberty for another 2 years, while everyone else already had at the time. Basically, I was naive, gullible, and completely clueless about anything sexual. 

Anyways, this friend started inviting me over for sleepovers, where he'd suggest we play truth or dare. He'd ask mostly sexual questions and get me to do things like take off clothes. I figured this was normal teenage stuff, and went along with it. It culminated when he told me that he wanted to have sex with me. That took me completely by surprise (even if it should have been blindingly obvious). At that point I pretty much had a snap realization that none of what we had done up to that point had been appropriate, and that he had pressured me into it because he was attracted to me. 

Amanda Todd was big in the news around this time, so I was terrified of getting on his bad side, thinking my life could be ruined if he shared what happened between us. He also did his best to guilt me into going further - his mom had cancer, he said I was his only friend, he showed me that he was cutting himself, and guilted me for not returning his feelings. He got me to exchange sexually explicit text messages with him, persuading me that it wasn't any worse than anything we'd said in truth or dare. He tried to convince me I was bisexual (and actually succeeded, for a while - this resulted in me having another negative experience with someone else, but that's a different story). A couple of times he stuck his hands down my pants nonconsensually (rubbing around my genitals, but not on them), and got pictures of me in compromising positions (although I don't think it was anything pornographic?), which I told him to delete but he refused. He eventually convinced me to masturbate in front of him, while he did the same. Typically I would start by saying no, but he'd keep badgering and guilting me until I eventually capitulated. 

Anyways, is that sexual assault? What stands out is that I probably could have, and should have, walked away, I was never forced into anything, and most of what happened was due to my own stupidity. And we didn't do any actual sex acts - if he really wanted to blackmail me into that, he could have. If there's a better way to describe it, I'd love to hear it. This happened years ago so it's not like I'll be filing a police report. 

I haven't seen him in years. The thing that haunts me is that, the last time that I saw him, he mentioned that he was being accused of sexually assaulting his nephew. He claims he didn't do it but I find that hard to believe. I don't really care about anything that happened with me, I'm over it, but I can't shake the feeling that if I'd spoken up at the time I could have protected other people.","u3baoc rape Is this sexual assault? (Warning: long) BagelWithButterOnIt /r/rape/comments/u3baoc/is_this_sexual_assault_warning_long/ I could use some honest advice on whether or not my situation constitutes sexual assault. Really, I just want to know if ""I was sexually assaulted"" is an appropriate thing for me to say (obviously, that's a pretty bad thing to say erroneously). If the answer is no, I can absolutely live with that, and I won't feel invalidated or anything. Sorry, I know there's a million of these posts on here, but this has been eating at me for a while and I really just need an answer. Sorry if I include unnecessary details, this is the first time I've written it out like this. 

When I (I'm a dude) was in 7th grade, I met this guy. We became friends over the course of around a month. I was a pretty sheltered kid, I was raised Catholic and only had a few friends before this. I was a late bloomer, and a year younger than everyone else in my grade, so I wouldn't go through puberty for another 2 years, while everyone else already had at the time. Basically, I was naive, gullible, and completely clueless about anything sexual. 

Anyways, this friend started inviting me over for sleepovers, where he'd suggest we play truth or dare. He'd ask mostly sexual questions and get me to do things like take off clothes. I figured this was normal teenage stuff, and went along with it. It culminated when he told me that he wanted to have sex with me. That took me completely by surprise (even if it should have been blindingly obvious). At that point I pretty much had a snap realization that none of what we had done up to that point had been appropriate, and that he had pressured me into it because he was attracted to me. 

Amanda Todd was big in the news around this time, so I was terrified of getting on his bad side, thinking my life could be ruined if he shared what happened between us. He also did his best to guilt me into going further - his mom had cancer, he said I was his only friend, he showed me that he was cutting himself, and guilted me for not returning his feelings. He got me to exchange sexually explicit text messages with him, persuading me that it wasn't any worse than anything we'd said in truth or dare. He tried to convince me I was bisexual (and actually succeeded, for a while - this resulted in me having another negative experience with someone else, but that's a different story). A couple of times he stuck his hands down my pants nonconsensually (rubbing around my genitals, but not on them), and got pictures of me in compromising positions (although I don't think it was anything pornographic?), which I told him to delete but he refused. He eventually convinced me to masturbate in front of him, while he did the same. Typically I would start by saying no, but he'd keep badgering and guilting me until I eventually capitulated. 

Anyways, is that sexual assault? What stands out is that I probably could have, and should have, walked away, I was never forced into anything, and most of what happened was due to my own stupidity. And we didn't do any actual sex acts - if he really wanted to blackmail me into that, he could have. If there's a better way to describe it, I'd love to hear it. This happened years ago so it's not like I'll be filing a police report. 

I haven't seen him in years. The thing that haunts me is that, the last time that I saw him, he mentioned that he was being accused of sexually assaulting his nephew. He claims he didn't do it but I find that hard to believe. I don't really care about anything that happened with me, I'm over it, but I can't shake the feeling that if I'd spoken up at the time I could have protected other people.",['\\bis\\s+this\\s+(?:sa|sexual\\s+assault)\\b'],"['\\bis\\s+this\\s+(?:sa|sexual\\s+assault)\\b', '\\bassault\\b', '\\brape\\b', '\\bfriend\\b', '\\bsexual(?:ly)?\\s+assault(?:ed|s|ing)?\\b']"
ttuzp8,rape,I’m conflicted on this,[deleted],1,7,True,5,1648830675,/r/rape/comments/ttuzp8/im_conflicted_on_this/,So in December I guy invited me over to watch a movie with him and cuddle and stuff which I thought was cute because he both had been in a romance talking stage. He was 21 and I am 17. He always kinda peer pressured me into doing sexual stuff with him and sexually touching me when I didn’t want it and I would always try to make up an excuse to leave or keep pushing his hand away. I’ve never done anything sexual before till this guy and since he keep pushing to do sexual things with me we could consensual give oral but I would sway away from actual sex but I just did oral just to please him since that’s all he would pressure me to do. So back to what I was saying he we’re gonna watch a movie at his house and he get there and we start cuddling and watching the movie. From time to time he would repeatedly kiss me and then he finally just got on top of me and we started to make out. He started to to take off my clothes and he took of his and started making out. He asked to give me head and I said yes and then he stopped and kissed me and then he pressed down on my head and pushed his gentils in me and I started to freak out in my head. I didn’t understand what was going on and I just froze because I was scared and he was physically restraining me. But I during it i kept moaning and was like “enjoying it” which I su pressed the memory but is it bad to kinda of enjoy the rape it wasn’t because I wanted it but it some ways it felt good?? I feel disgusting to even say that but afterwards I was still in shock and didn’t realise I got raped but I just have so much hatred towards myself because I didn’t  say no or try to fight him off and I was just like frozen… after wards he asked me “how do you feel? Cause that was your first time having sex?” And that’s when it knocked in my head what just happened because I was really confused because I thought he was like grinding on me or using his finger I just know I wasn’t in the right mindset during it and I feel so disgusted. Any advice for comments on my situation? Was this actually rape?? was it like sex I just regret I don’t understand?  Help.,ttuzp8 rape I’m conflicted on this [deleted] /r/rape/comments/ttuzp8/im_conflicted_on_this/ So in December I guy invited me over to watch a movie with him and cuddle and stuff which I thought was cute because he both had been in a romance talking stage. He was 21 and I am 17. He always kinda peer pressured me into doing sexual stuff with him and sexually touching me when I didn’t want it and I would always try to make up an excuse to leave or keep pushing his hand away. I’ve never done anything sexual before till this guy and since he keep pushing to do sexual things with me we could consensual give oral but I would sway away from actual sex but I just did oral just to please him since that’s all he would pressure me to do. So back to what I was saying he we’re gonna watch a movie at his house and he get there and we start cuddling and watching the movie. From time to time he would repeatedly kiss me and then he finally just got on top of me and we started to make out. He started to to take off my clothes and he took of his and started making out. He asked to give me head and I said yes and then he stopped and kissed me and then he pressed down on my head and pushed his gentils in me and I started to freak out in my head. I didn’t understand what was going on and I just froze because I was scared and he was physically restraining me. But I during it i kept moaning and was like “enjoying it” which I su pressed the memory but is it bad to kinda of enjoy the rape it wasn’t because I wanted it but it some ways it felt good?? I feel disgusting to even say that but afterwards I was still in shock and didn’t realise I got raped but I just have so much hatred towards myself because I didn’t  say no or try to fight him off and I was just like frozen… after wards he asked me “how do you feel? Cause that was your first time having sex?” And that’s when it knocked in my head what just happened because I was really confused because I thought he was like grinding on me or using his finger I just know I wasn’t in the right mindset during it and I feel so disgusted. Any advice for comments on my situation? Was this actually rape?? was it like sex I just regret I don’t understand?  Help.,"[""\\bi\\s+didn[’']t\\s+say\\s+no\\b""]","[""\\bi\\s+didn[’']t\\s+understand\\b"", ""\\bi\\s+didn[’']t\\s+say\\s+no\\b"", '\\brape\\b']"
qvzlqq,rape,Was I sexually abused or coercion?,Odd-Conversation3037,8,5,True,2,1637156715,/r/rape/comments/qvzlqq/was_i_sexually_abused_or_coercion/,"

Disclaimer: long story, detailed,maybe TMI


A couple months ago I was really lonely and and wanted a boyfriend so I decide to go on tinder one guy found my Instagram and we started talking I began to really like this person so I put most of my time and energy into talking to him after about a week of us talking he would start bring up sex and I would always change then subject or talk about it a little then change it. Then one day he asked me for nudes at first I was hesitant but I ended up sending one to him and I asked for him to return the favor but he refused so I deleted mine(it’s was on Snapchat). A couple days later I told him I didn’t want to have sex because I didn’t like it and how the person never mad me feel comfortable, how they’ve never made me cum and how they only worried about satisfying themselves he told me that was okay and how his ex’s has told them that before and we moved on fast forward a couple weeks and we meet for the first time in person he asked me to have sex and I said no and he continued to beg and ask why the whole time he was there despite me repeatedly telling him “no because i don’t want to” and when that didn’t work he would ask for oral and said I was his girlfriend that’s what I’m supposed to do he would always kissed me suddenly like when I was eating or only trying to watch a movie he kept trying to touch my vagina and I would move his hand and tell him to stop touching me he then proceeded to claim he was fixing my underwear and sneakily touched me. When he left I  told him over text I didn’t like when he begged me like that it made him seem desperate and asked him to stop and he agreed to stop I also brought up the fact that I felt him touch me without consent and he just laughed it off and changed the subject( I should have left fight then and there I know) but this went on every Saturday for three weeks until I finally gave in I didn’t even want to do it but I felt obligated to he was my boyfriend and I had feelings for him when it first happened he didn’t preformed any form of intimacy but insisted On me giving him oral multiple times (I always excepted for him to return the favor but he never did) I ended up doing it when he started having sex with me it was hurting because I was uncomfortable, dry, and tight due to not being turned on I guess he could tell from my face because he asked me if it hurt I told him yes and he just laughed while continuing to force his way in eventually he was in and when he started stroking it was in a motion of him moving his whole body not his hips I tried to tell him what felt good to me but he kept ignoring me and doing what felt good to him and I just gave up and lied there. When he finished he got off of me put his clothes on and sat on the edge of the bed I could barely get up my legs hurt so bad from him pushing them down( we were In missionary) After he left my house I told him I didn’t even want to have sex and I didn’t know why I did and how he didn’t make me cum he didn’t say anything for about two minutes and then started talking about something else when we got off the phone he asked me if it was bad that it was his first time(he told me he has had sex 1 time and has gotten oral from 15 girls) I said so you lied to me and all he had to say was yea sorry. I broke up with him and completely stopped talking to him but he wouldn’t leave me alone he called me and begged me for forgiveness and me being me eventually I forgave him( stupid right? I know) so we continued our relationship and every Saturday he would come to my house and get me to have sex with him by kissing me, pulling mine and his pants down and asking for oral I knew I didn’t want to then again I never said yes but most times I didn’t say no I always just let him so every times it was the same thing I would give him oral( I really wasn’t trying just wanted it to be over) and then let him use my body to masturbate( he wasn’t having sex WITH me it was more like to me like he was having sex with a pillow) when I would ask him to return the favor he would eat for 1 minute (I kid you not) stop and say he wasn’t good at it while laughing I told him this is how he’s going to get better practice but it was the same thing so I asked him can he at least try other things to make me cum he would always do it for 1 minute then stop and try to have sex( when I asked  him for different things he’d usually try then stop or seem like he didn’t  want to by asking how long it was going to take and if i came a lot or a little) one day he asked me for it and I said no I don’t want to because I’m still bleeding a little he started pulling my pants down and I say again I’m still bleeding he said I don’t care leans me back and has his way with me and I laid there in silence the whole time I don’t know why I just let it happen or why I didn’t try to resist him off of me. After i felt so violated and used  I was disgusted in myself I let him after I told him he didn’t care about me and he didn’t really love me and how I wanted to break up and he tried to convince me he loved me by laying on top of me fake crying and saying he needs someone for his depression We got into and argument and I stopped talking to him he came up to me and said can we at least have sex one last time and I agreed( the only time I agreed and I have no idea why I said yes) he tried to go in but I was turned off so he told me to just spit on it ( I have no idea why I always would just listen to him or let him do whatever to me I guess I really wanted a boyfriend to love me and vise versa) so he went in and I tried to tell him to at least play with it to turn me on and he just ignored me and continued doing what he like(it was always the same stroking motion as before) after he came inside me without me knowing or asking( I low key think he was trying to trap me) he got off me and wipped me off ( his first time doing it and tried to wipe back to front🤦🏽‍♀️) After I put my clothes on and just laid in bed and cried I didn’t know what just happened I didn’t know what he was doing to me I was so confused( I have a bad/toxic mom who literally didn’t tech me anything about anything and my dad is out the picture) He saw me crying and all he said was “it’s okay don’t worry  I’m not using you see I’m wiping your tears I love you” I told him he was the one that gave me the tears and he just got up and left my house that’s when I knew he didn’t care about me or love me and only pretend to just to lose his virginity(we exchanged the I love you words and he did the bare minimum boyfriend things) it’s been weeks since I left him and I still think it was my fault he showed me so many red flags before I had sex with him but I ignored them because all I wanted was for someone to love me how I’ve always wanted but he just used me for sex he seen I was vulnerable and decided to take that as an opportunity I stayed with him after he lied after he treated me bad after he would do the bare minimum and expect me to give him everything I stayed with him when he begged me for sex and would always make it about him and his pleasure because that’s what I was used to I was used to getting treated like trash so I though he was a improvement because I didn’t catch him cheating and he was never “mean” to me so I thought he was the best I ever had (WRONGG) I still feel it’s my fault I let him use my body over and over and I regret it soooo bad I wish I never let it happen I wish I broke up with him before he even met me in person now I hate him so much I wish he would just die already( I know that’s messed up to say but it’s the truth) so was I raped or sexually abused or was it just coercion? I’m so confused please help","qvzlqq rape Was I sexually abused or coercion? Odd-Conversation3037 /r/rape/comments/qvzlqq/was_i_sexually_abused_or_coercion/ 

Disclaimer: long story, detailed,maybe TMI


A couple months ago I was really lonely and and wanted a boyfriend so I decide to go on tinder one guy found my Instagram and we started talking I began to really like this person so I put most of my time and energy into talking to him after about a week of us talking he would start bring up sex and I would always change then subject or talk about it a little then change it. Then one day he asked me for nudes at first I was hesitant but I ended up sending one to him and I asked for him to return the favor but he refused so I deleted mine(it’s was on Snapchat). A couple days later I told him I didn’t want to have sex because I didn’t like it and how the person never mad me feel comfortable, how they’ve never made me cum and how they only worried about satisfying themselves he told me that was okay and how his ex’s has told them that before and we moved on fast forward a couple weeks and we meet for the first time in person he asked me to have sex and I said no and he continued to beg and ask why the whole time he was there despite me repeatedly telling him “no because i don’t want to” and when that didn’t work he would ask for oral and said I was his girlfriend that’s what I’m supposed to do he would always kissed me suddenly like when I was eating or only trying to watch a movie he kept trying to touch my vagina and I would move his hand and tell him to stop touching me he then proceeded to claim he was fixing my underwear and sneakily touched me. When he left I  told him over text I didn’t like when he begged me like that it made him seem desperate and asked him to stop and he agreed to stop I also brought up the fact that I felt him touch me without consent and he just laughed it off and changed the subject( I should have left fight then and there I know) but this went on every Saturday for three weeks until I finally gave in I didn’t even want to do it but I felt obligated to he was my boyfriend and I had feelings for him when it first happened he didn’t preformed any form of intimacy but insisted On me giving him oral multiple times (I always excepted for him to return the favor but he never did) I ended up doing it when he started having sex with me it was hurting because I was uncomfortable, dry, and tight due to not being turned on I guess he could tell from my face because he asked me if it hurt I told him yes and he just laughed while continuing to force his way in eventually he was in and when he started stroking it was in a motion of him moving his whole body not his hips I tried to tell him what felt good to me but he kept ignoring me and doing what felt good to him and I just gave up and lied there. When he finished he got off of me put his clothes on and sat on the edge of the bed I could barely get up my legs hurt so bad from him pushing them down( we were In missionary) After he left my house I told him I didn’t even want to have sex and I didn’t know why I did and how he didn’t make me cum he didn’t say anything for about two minutes and then started talking about something else when we got off the phone he asked me if it was bad that it was his first time(he told me he has had sex 1 time and has gotten oral from 15 girls) I said so you lied to me and all he had to say was yea sorry. I broke up with him and completely stopped talking to him but he wouldn’t leave me alone he called me and begged me for forgiveness and me being me eventually I forgave him( stupid right? I know) so we continued our relationship and every Saturday he would come to my house and get me to have sex with him by kissing me, pulling mine and his pants down and asking for oral I knew I didn’t want to then again I never said yes but most times I didn’t say no I always just let him so every times it was the same thing I would give him oral( I really wasn’t trying just wanted it to be over) and then let him use my body to masturbate( he wasn’t having sex WITH me it was more like to me like he was having sex with a pillow) when I would ask him to return the favor he would eat for 1 minute (I kid you not) stop and say he wasn’t good at it while laughing I told him this is how he’s going to get better practice but it was the same thing so I asked him can he at least try other things to make me cum he would always do it for 1 minute then stop and try to have sex( when I asked  him for different things he’d usually try then stop or seem like he didn’t  want to by asking how long it was going to take and if i came a lot or a little) one day he asked me for it and I said no I don’t want to because I’m still bleeding a little he started pulling my pants down and I say again I’m still bleeding he said I don’t care leans me back and has his way with me and I laid there in silence the whole time I don’t know why I just let it happen or why I didn’t try to resist him off of me. After i felt so violated and used  I was disgusted in myself I let him after I told him he didn’t care about me and he didn’t really love me and how I wanted to break up and he tried to convince me he loved me by laying on top of me fake crying and saying he needs someone for his depression We got into and argument and I stopped talking to him he came up to me and said can we at least have sex one last time and I agreed( the only time I agreed and I have no idea why I said yes) he tried to go in but I was turned off so he told me to just spit on it ( I have no idea why I always would just listen to him or let him do whatever to me I guess I really wanted a boyfriend to love me and vise versa) so he went in and I tried to tell him to at least play with it to turn me on and he just ignored me and continued doing what he like(it was always the same stroking motion as before) after he came inside me without me knowing or asking( I low key think he was trying to trap me) he got off me and wipped me off ( his first time doing it and tried to wipe back to front🤦🏽‍♀️) After I put my clothes on and just laid in bed and cried I didn’t know what just happened I didn’t know what he was doing to me I was so confused( I have a bad/toxic mom who literally didn’t tech me anything about anything and my dad is out the picture) He saw me crying and all he said was “it’s okay don’t worry  I’m not using you see I’m wiping your tears I love you” I told him he was the one that gave me the tears and he just got up and left my house that’s when I knew he didn’t care about me or love me and only pretend to just to lose his virginity(we exchanged the I love you words and he did the bare minimum boyfriend things) it’s been weeks since I left him and I still think it was my fault he showed me so many red flags before I had sex with him but I ignored them because all I wanted was for someone to love me how I’ve always wanted but he just used me for sex he seen I was vulnerable and decided to take that as an opportunity I stayed with him after he lied after he treated me bad after he would do the bare minimum and expect me to give him everything I stayed with him when he begged me for sex and would always make it about him and his pleasure because that’s what I was used to I was used to getting treated like trash so I though he was a improvement because I didn’t catch him cheating and he was never “mean” to me so I thought he was the best I ever had (WRONGG) I still feel it’s my fault I let him use my body over and over and I regret it soooo bad I wish I never let it happen I wish I broke up with him before he even met me in person now I hate him so much I wish he would just die already( I know that’s messed up to say but it’s the truth) so was I raped or sexually abused or was it just coercion? I’m so confused please help","[""\\bi\\s+didn[’']t\\s+say\\s+no\\b""]","['\\bboyfriend\\b', ""\\bi\\s+didn[’']t\\s+say\\s+no\\b"", '\\bsexual(?:ly)?\\s+abus(?:e|ed|es|ing)\\b', ""\\bi\\s+didn[’']t\\s+know\\b"", ""\\bi\\s+don[’']t\\s+know\\b"", '\\brape\\b', '\\bgirlfriend\\b']"
q4ojed,rape,was i sexually assaulted?,suvesia,8,5,False,0,1633796487,/r/rape/comments/q4ojed/was_i_sexually_assaulted/,"i was at a party several years ago and was offered “coke” that was actually xanax and i completely blacked out after taking shots. i only remember snippets of what happened but people said i was “begging them to do it” (they being my ex and his friend) and i know i couldn’t stand by myself at this point. i don’t remember anything past that point. only have secondhand accounts. and (sorry this might be graphic) the next day i went to go to the bathroom and felt something weird and pulled out half of a broken condom. i asked what happened and they dismissed me entirely. i’ve been feeling guilty about this since it happened and really just tried to act like it was okay but…it really bothers me. I don’t feel qualified to say i’ve been sexually assaulted because everyone kept telling me i was begging them to. i couldn’t walk out to the car and i couldn’t even put my pants back on. It haunts me every day regardless. i don’t think that was right. i also remembered my current boyfriend (this was before we got together) had taken a video. I don’t know what to do. I can’t talk about this with anyone and i’m so broken. there were multiple people there and no one even said anything to stop them.

edit: it was confirmed my ex and his friend but it was backhandedly implied several times there were more people but no one will give me a straight answer.","q4ojed rape was i sexually assaulted? suvesia /r/rape/comments/q4ojed/was_i_sexually_assaulted/ i was at a party several years ago and was offered “coke” that was actually xanax and i completely blacked out after taking shots. i only remember snippets of what happened but people said i was “begging them to do it” (they being my ex and his friend) and i know i couldn’t stand by myself at this point. i don’t remember anything past that point. only have secondhand accounts. and (sorry this might be graphic) the next day i went to go to the bathroom and felt something weird and pulled out half of a broken condom. i asked what happened and they dismissed me entirely. i’ve been feeling guilty about this since it happened and really just tried to act like it was okay but…it really bothers me. I don’t feel qualified to say i’ve been sexually assaulted because everyone kept telling me i was begging them to. i couldn’t walk out to the car and i couldn’t even put my pants back on. It haunts me every day regardless. i don’t think that was right. i also remembered my current boyfriend (this was before we got together) had taken a video. I don’t know what to do. I can’t talk about this with anyone and i’m so broken. there were multiple people there and no one even said anything to stop them.

edit: it was confirmed my ex and his friend but it was backhandedly implied several times there were more people but no one will give me a straight answer.",['\\bwas\\s+i\\s+sexually\\s+assaulted\\b'],"['\\bboyfriend\\b', ""\\bi\\s+don[’']t\\s+know\\b"", '\\brape\\b', '\\bwas\\s+i\\s+sexually\\s+assaulted\\b', '\\bfriend\\b', '\\bsexual(?:ly)?\\s+assault(?:ed|s|ing)?\\b']"
puyf13,rape,Was I sexually assaulted ? TW,Prize-Conversation14,3,3,True,1,1632539268,/r/rape/comments/puyf13/was_i_sexually_assaulted_tw/,"Hi. I don't know how to start this but I need to get this off my chest and I also need someone else's perspective on what this was. 
This happened to me a year ago and I don't know how to cope with it or if it was really a sexual assault/ rape or a bad sexual encounter. 

I invited this guy over to my house, we had been speaking for a week or two on snapchat and I had known him for a while. We were in the same friend group for a few years. I had never really spent time with him one on one.
I told him over snapchat I didn't want to have sex with him when we met because I didn't know him like that. 
He came over to my house and we sat on my sofa watching Netflix for a while. 
He said he wasn't going to stay for a while and he gestured towards a hug. Then he kissed me and we started kissing. 

He then asked if I wanted to sit on my bed, and I said yes. I sat next to him on my bed and he continued to kiss me.
It then started to feel more forceful and his body weight on-top of me was more noticeable. I didn't say anything whilst he pulling my clothes up. We kept kissing, there wasn't any foreplay. I didn't say anything.
He then put his penis inside me. I didn't realise at that time that he was going to do that. He stayed on top of me for a few minutes and then he got off of me. 
He was covered in my blood from my vagina and it was all over my sheets. It really hurt inside physically. I said I'm not on my period, because I wasn't and then I shouted at him to leave my house. He said he didn't mind about the blood. And I still told him to leave my house. 
He told our friends that we had sex and I started my period during. 
This really upset me as I found out about it through our mutual friend, so I messaged him saying that I didn't even want to have sex with him and the reason I bled everywhere is because there was no foreplay. They all said I should have known what was going to happen because I invited him to my house.
One of my friends responded to me saying, are you saying X sexually assaulted you? and then blocked me. 
I am not sure what it was. Part of me feels like it was just bad sex and a miscommunication. Another part of me feels I was sexually assaulted because I didn't say anything. I'm aware I said yes to sitting on the bed, but I didn't realise at the time what that truly meant in his head. I have felt so shitty for a year and I want to know if I was in the wrong or right for saying the things I have said about that night. A part of me also feels grateful it wasn't a violent experience as others and I don't feel as if it was as serious to deserve being labelled as a rape. But I feel like I didn't want that before it had happened and it felt too quick for me to say no. And I also feel to blame for inviting him to my house in the first place. 

I really would appreciate anyone's insight. I haven't spoken to anyone about this since I spoke to my ex friends. I really appreciate anyone who bothered to read this and any responses would be rly appreciated. 
This is also on a throwaway account bc a lot of my ex friends use reddit. 
Thank u for reading","puyf13 rape Was I sexually assaulted ? TW Prize-Conversation14 /r/rape/comments/puyf13/was_i_sexually_assaulted_tw/ Hi. I don't know how to start this but I need to get this off my chest and I also need someone else's perspective on what this was. 
This happened to me a year ago and I don't know how to cope with it or if it was really a sexual assault/ rape or a bad sexual encounter. 

I invited this guy over to my house, we had been speaking for a week or two on snapchat and I had known him for a while. We were in the same friend group for a few years. I had never really spent time with him one on one.
I told him over snapchat I didn't want to have sex with him when we met because I didn't know him like that. 
He came over to my house and we sat on my sofa watching Netflix for a while. 
He said he wasn't going to stay for a while and he gestured towards a hug. Then he kissed me and we started kissing. 

He then asked if I wanted to sit on my bed, and I said yes. I sat next to him on my bed and he continued to kiss me.
It then started to feel more forceful and his body weight on-top of me was more noticeable. I didn't say anything whilst he pulling my clothes up. We kept kissing, there wasn't any foreplay. I didn't say anything.
He then put his penis inside me. I didn't realise at that time that he was going to do that. He stayed on top of me for a few minutes and then he got off of me. 
He was covered in my blood from my vagina and it was all over my sheets. It really hurt inside physically. I said I'm not on my period, because I wasn't and then I shouted at him to leave my house. He said he didn't mind about the blood. And I still told him to leave my house. 
He told our friends that we had sex and I started my period during. 
This really upset me as I found out about it through our mutual friend, so I messaged him saying that I didn't even want to have sex with him and the reason I bled everywhere is because there was no foreplay. They all said I should have known what was going to happen because I invited him to my house.
One of my friends responded to me saying, are you saying X sexually assaulted you? and then blocked me. 
I am not sure what it was. Part of me feels like it was just bad sex and a miscommunication. Another part of me feels I was sexually assaulted because I didn't say anything. I'm aware I said yes to sitting on the bed, but I didn't realise at the time what that truly meant in his head. I have felt so shitty for a year and I want to know if I was in the wrong or right for saying the things I have said about that night. A part of me also feels grateful it wasn't a violent experience as others and I don't feel as if it was as serious to deserve being labelled as a rape. But I feel like I didn't want that before it had happened and it felt too quick for me to say no. And I also feel to blame for inviting him to my house in the first place. 

I really would appreciate anyone's insight. I haven't spoken to anyone about this since I spoke to my ex friends. I really appreciate anyone who bothered to read this and any responses would be rly appreciated. 
This is also on a throwaway account bc a lot of my ex friends use reddit. 
Thank u for reading",['\\bwas\\s+i\\s+sexually\\s+assaulted\\b'],"[""\\bi\\s+didn[’']t\\s+know\\b"", ""\\bi\\s+don[’']t\\s+know\\b"", '\\bassault\\b', '\\brape\\b', '\\bwas\\s+i\\s+sexually\\s+assaulted\\b', '\\bfriend\\b', '\\bsexual(?:ly)?\\s+assault(?:ed|s|ing)?\\b']"
l8bk33,rape,Was I sexually assaulted?,dhtzts2,4,5,True,2,1611973770,/r/rape/comments/l8bk33/was_i_sexually_assaulted/,"Now, I know this is nowhere near as serious as what other people go through but I still want to know.
It was in primary school in an after school club. I would of been around 7, her about 9+. At that time I did not know much about sex or other mature topics. She did. We were friends. One day she told me she wanted to have 'sex'. She took me to the bathroom and told me to pull my pants down. I was confused and didn't know what was happening, so did just that. She then french kissed me for about 5 minutes until we were asked to leave the bathroom. The school found out. A week later, I found out she told many people after being asked about it in the playground. I'm guessing many people in my town were told, after the landlady of my house asked me if I really had sex. It was then my mother found out.  Everyone was told I had sex with this girl, even though we did not. I moved town about a few months later. My mother hasn't spoke about it since but I still sometimes wonder. Was I sexually assaulted?","l8bk33 rape Was I sexually assaulted? dhtzts2 /r/rape/comments/l8bk33/was_i_sexually_assaulted/ Now, I know this is nowhere near as serious as what other people go through but I still want to know.
It was in primary school in an after school club. I would of been around 7, her about 9+. At that time I did not know much about sex or other mature topics. She did. We were friends. One day she told me she wanted to have 'sex'. She took me to the bathroom and told me to pull my pants down. I was confused and didn't know what was happening, so did just that. She then french kissed me for about 5 minutes until we were asked to leave the bathroom. The school found out. A week later, I found out she told many people after being asked about it in the playground. I'm guessing many people in my town were told, after the landlady of my house asked me if I really had sex. It was then my mother found out.  Everyone was told I had sex with this girl, even though we did not. I moved town about a few months later. My mother hasn't spoke about it since but I still sometimes wonder. Was I sexually assaulted?",['\\bwas\\s+i\\s+sexually\\s+assaulted\\b'],"['\\bwas\\s+i\\s+sexually\\s+assaulted\\b', '\\bsexual(?:ly)?\\s+assault(?:ed|s|ing)?\\b', '\\brape\\b']"
l16kr4,rape,Was I sexually assaulted,ThatSadGril,5,5,True,1,1611138388,/r/rape/comments/l16kr4/was_i_sexually_assaulted/,I (21f) was really young maybe 8 and she was a few yrs older and i didn’t understand anything. She kept asking me about if i wore a bra and if i had my period yet but it was all new news to me but i pretended i knew what she was talking about so i dont seem like a loser. She told me to lie down and she proceeded to grind on me and asked if it felt good and i said yes but i never understood what was happening then i never saw her again until my freshmen year of hs which is so weird bc i went to school in a different city than i was in what are the chances shed be there?? I felt like a weight on my chance im really curious if she remembers what happened. I have no bad feelings towards her. Was I manipulated? I dont feel like it,l16kr4 rape Was I sexually assaulted ThatSadGril /r/rape/comments/l16kr4/was_i_sexually_assaulted/ I (21f) was really young maybe 8 and she was a few yrs older and i didn’t understand anything. She kept asking me about if i wore a bra and if i had my period yet but it was all new news to me but i pretended i knew what she was talking about so i dont seem like a loser. She told me to lie down and she proceeded to grind on me and asked if it felt good and i said yes but i never understood what was happening then i never saw her again until my freshmen year of hs which is so weird bc i went to school in a different city than i was in what are the chances shed be there?? I felt like a weight on my chance im really curious if she remembers what happened. I have no bad feelings towards her. Was I manipulated? I dont feel like it,['\\bwas\\s+i\\s+sexually\\s+assaulted\\b'],"['\\bi\\s+never\\s+understood\\b', ""\\bi\\s+didn[’']t\\s+understand\\b"", '\\brape\\b', '\\bwas\\s+i\\s+sexually\\s+assaulted\\b', '\\bsexual(?:ly)?\\s+assault(?:ed|s|ing)?\\b']"
kkoc3l,rape,I'm not sure if my boyfriend is sexually assaulting me,throwra197809,1,3,False,0,1609011215,/r/rape/comments/kkoc3l/im_not_sure_if_my_boyfriend_is_sexually/,"I also posted this on r/sexualassault but figured I would also ask here.

I (20F) have been dating my boyfriend (21M) for 7 months. The first 3 months were in person, and the last 4 have been long distance. I feel a little uneasy about some of the sexual encounters we've had, but I'm not sure if they're bad enough to count.

For context, I have a restraining order against my ex boyfriend for physically and sexually abusing me, as well as stalking me. My current boyfriend knows about this.

There's three incidents that happened that make me uneasy but I don't know if it counts as sexual assault.

1. When we had been dating about 3 months, we were having sex for the last time before we went back to our separate universities. He was going really rough and he started saying stuff like ""I'm going to destroy you"" which made me a little uncomfortable because of my past. I asked if we could stop for a second, and he said ""I'm about to cum though"" and kept going. Afterwards, I asked him about it, and he said he doesn't remember me asking him to stop, so I'm not sure if this counts as sexual assault.
2. We had a really big fight and he came down to see me. We were staying in a hotel room, so we had to share a bed. I was super upset and I told him that I felt uncomfortable touching him and really didn't want to do anything, but I could see he was also upset because we had been fighting all day, so I said we could cuddle before we went to bed if he wanted but that I was only comfortable with cuddling. He agreed, but the second we started cuddling he started making out with me and we ended up having sex. I just didn't say anything when he initiated it and went along with it. I asked him later why he had sex with me if I had said I didn't want to earlier, and he said that cuddling me was a nice moment and he just wanted to do it and feel good. I didn't say no when he was on me, I just didn't say anything at all and let it happen, so I don't know if this counts.
3. We had another fight when we both came home for Christmas Break. He drove to my house in the middle of the night so we could talk about it. He was a little worried about sneaking into my house, so I said we could figure out whether I would sneak out to his car, or he would sneak in. He then said he felt bad for yelling at me during the day, and offered to sneak in. I told him I appreciated him coming down and sneaking in even though he was worried about it, and he said he was glad he had. I was pretty freaked out and crying and flinching away from him as we talked. I've told him before that when I'm upset I don't like being touched because of my past, and I was upset and scared and he could tell I was scared of him. He ended up talking about how sexy I was and he started making out with me and initiating sex, even though I was flinching away. I honestly didn't want to but I was so scared. After making out with me but before actually having sex, he asked me if I wanted to, and I said yes. I only said it because I was scared. We had sex and he left right after. I was really uncomfortable, and while he was driving home I made a joke to him about him ""crossing an item off the bucket list"" since it was his first time sneaking into someone's house, and I tend to joke about bad situations where I feel awkward. This morning I told him that it was a little weird to me that he had initiated sex while I was flinching and scared. He said that it was on me because I had forced him to sneak into my house, and because I said it was okay when he asked, and I had made jokes about it after so it was fine. I did say yes when he asked, but only because I was scared and he could tell I was scared. He said he had sex with me as a way to make me feel good and feel better. He also said that I initiated sex the day before and before in the past, so how was he supposed to know that having sex with me in that moment would make me uncomfortable, but I told him that I don't like being touched when I'm upset. I feel very conflicted about this situation, because at my university they teach us in the training that if you give consent while you're scared then it doesn't count, but also I did say yes to him.

Do these encounters count as sexual assault?","kkoc3l rape I'm not sure if my boyfriend is sexually assaulting me throwra197809 /r/rape/comments/kkoc3l/im_not_sure_if_my_boyfriend_is_sexually/ I also posted this on r/sexualassault but figured I would also ask here.

I (20F) have been dating my boyfriend (21M) for 7 months. The first 3 months were in person, and the last 4 have been long distance. I feel a little uneasy about some of the sexual encounters we've had, but I'm not sure if they're bad enough to count.

For context, I have a restraining order against my ex boyfriend for physically and sexually abusing me, as well as stalking me. My current boyfriend knows about this.

There's three incidents that happened that make me uneasy but I don't know if it counts as sexual assault.

1. When we had been dating about 3 months, we were having sex for the last time before we went back to our separate universities. He was going really rough and he started saying stuff like ""I'm going to destroy you"" which made me a little uncomfortable because of my past. I asked if we could stop for a second, and he said ""I'm about to cum though"" and kept going. Afterwards, I asked him about it, and he said he doesn't remember me asking him to stop, so I'm not sure if this counts as sexual assault.
2. We had a really big fight and he came down to see me. We were staying in a hotel room, so we had to share a bed. I was super upset and I told him that I felt uncomfortable touching him and really didn't want to do anything, but I could see he was also upset because we had been fighting all day, so I said we could cuddle before we went to bed if he wanted but that I was only comfortable with cuddling. He agreed, but the second we started cuddling he started making out with me and we ended up having sex. I just didn't say anything when he initiated it and went along with it. I asked him later why he had sex with me if I had said I didn't want to earlier, and he said that cuddling me was a nice moment and he just wanted to do it and feel good. I didn't say no when he was on me, I just didn't say anything at all and let it happen, so I don't know if this counts.
3. We had another fight when we both came home for Christmas Break. He drove to my house in the middle of the night so we could talk about it. He was a little worried about sneaking into my house, so I said we could figure out whether I would sneak out to his car, or he would sneak in. He then said he felt bad for yelling at me during the day, and offered to sneak in. I told him I appreciated him coming down and sneaking in even though he was worried about it, and he said he was glad he had. I was pretty freaked out and crying and flinching away from him as we talked. I've told him before that when I'm upset I don't like being touched because of my past, and I was upset and scared and he could tell I was scared of him. He ended up talking about how sexy I was and he started making out with me and initiating sex, even though I was flinching away. I honestly didn't want to but I was so scared. After making out with me but before actually having sex, he asked me if I wanted to, and I said yes. I only said it because I was scared. We had sex and he left right after. I was really uncomfortable, and while he was driving home I made a joke to him about him ""crossing an item off the bucket list"" since it was his first time sneaking into someone's house, and I tend to joke about bad situations where I feel awkward. This morning I told him that it was a little weird to me that he had initiated sex while I was flinching and scared. He said that it was on me because I had forced him to sneak into my house, and because I said it was okay when he asked, and I had made jokes about it after so it was fine. I did say yes when he asked, but only because I was scared and he could tell I was scared. He said he had sex with me as a way to make me feel good and feel better. He also said that I initiated sex the day before and before in the past, so how was he supposed to know that having sex with me in that moment would make me uncomfortable, but I told him that I don't like being touched when I'm upset. I feel very conflicted about this situation, because at my university they teach us in the training that if you give consent while you're scared then it doesn't count, but also I did say yes to him.

Do these encounters count as sexual assault?","['\\bit\\s+count(?:s)?\\s+as\\s+(?:sa|sexual\\s+assault)\\b', ""\\bi\\s+didn[’']t\\s+say\\s+no\\b""]","['\\bboyfriend\\b', ""\\bi\\s+didn[’']t\\s+say\\s+no\\b"", '\\bsexual(?:ly)?\\s+abus(?:e|ed|es|ing)\\b', ""\\bi\\s+don[’']t\\s+know\\b"", '\\bit\\s+count(?:s)?\\s+as\\s+(?:sa|sexual\\s+assault)\\b', ""\\bi[’']?m\\s+not\\s+sure\\b"", '\\bassault\\b', '\\brape\\b', '\\bsexual(?:ly)?\\s+assault(?:ed|s|ing)?\\b']"
jpaih4,rape,A good way to acknowledge what's happened,Nebula_Smart,31,2,False,0,1604687424,/r/rape/comments/jpaih4/a_good_way_to_acknowledge_whats_happened/,"The other night, I recorded myself talking about the rape, the imapct on me, and everyone else who loves me, and it was fucking healing to play it back today. 

For anyone who struggles with ""if this was my friend I would be devastated for them"" but then your mind switches to ""ah it wasn't that bad"" (which seems to be a good proportion of us) - please please please consider doing this. 

I have so much empathy I didn't have before towards myself, and that's literally just viewing a video that I never wanted or expected to record, but it's given me an new perspective on everything. 

Please try it. x","jpaih4 rape A good way to acknowledge what's happened Nebula_Smart /r/rape/comments/jpaih4/a_good_way_to_acknowledge_whats_happened/ The other night, I recorded myself talking about the rape, the imapct on me, and everyone else who loves me, and it was fucking healing to play it back today. 

For anyone who struggles with ""if this was my friend I would be devastated for them"" but then your mind switches to ""ah it wasn't that bad"" (which seems to be a good proportion of us) - please please please consider doing this. 

I have so much empathy I didn't have before towards myself, and that's literally just viewing a video that I never wanted or expected to record, but it's given me an new perspective on everything. 

Please try it. x","[""\\bit\\s+wasn[’']t\\s+that\\s+bad\\b""]","[""\\bit\\s+wasn[’']t\\s+that\\s+bad\\b"", '\\bfriend\\b', '\\brape\\b']"
oc215p,sexualassault,I don't know if this was assault or not,throwaway459703,8,4,True,1,1625197251,https://www.reddit.com/r/sexualassault/comments/oc215p/i_dont_know_if_this_was_assault_or_not/,"I'm 16f. So my mom was suuuper drunk once night and she called me into her room, and basically she sort of...held me down in her bed and she was forcing me to cuddle with her? I kept trying to push her off and get up but she just kept pulling me back down...and she was like grabbing my chest and like running her hands over my thighs, it just felt so fucking gross. I don't know if it was assault because she probably wasn't trying to, and she's also...my mom? I don't know. It made me never wanna be touched by anyone ever again.",,['\\bif\\s+it\\s+was\\s+assault\\b'],"['\\bif\\s+it\\s+was\\s+assault\\b', '\\bassault\\b', ""\\bi\\s+don[’']t\\s+know\\b""]"
oc215p,sexualassault,I don't know if this was assault or not,throwaway459703,8,4,True,1,1625197251,https://www.reddit.com/r/sexualassault/comments/oc215p/i_dont_know_if_this_was_assault_or_not/,"I'm 16f. So my mom was suuuper drunk once night and she called me into her room, and basically she sort of...held me down in her bed and she was forcing me to cuddle with her? I kept trying to push her off and get up but she just kept pulling me back down...and she was like grabbing my chest and like running her hands over my thighs, it just felt so fucking gross. I don't know if it was assault because she probably wasn't trying to, and she's also...my mom? I don't know. It made me never wanna be touched by anyone ever again.",,['\\bif\\s+it\\s+was\\s+assault\\b'],"['\\bif\\s+it\\s+was\\s+assault\\b', '\\bassault\\b', ""\\bi\\s+don[’']t\\s+know\\b""]"
nl0vo0,sexualassault,Is this sexual assault or grooming? CW: venting TW: possible SA,Last_Midnight1704,3,3,True,1,1621979137,https://www.reddit.com/r/sexualassault/comments/nl0vo0/is_this_sexual_assault_or_grooming_cw_venting_tw/,"I don't know what to do and I want to cry. I have so much going on in my life. I have a bunch of missing assignments and school ends in like 2 weeks. I can't get any work done at all. My mom just went on a vacation for like 5 days and so my brother and I were home alone. During the 5 days he had his friends over twice and I really like talking to his friends but they are all 4-5 years older than me. The first time he had his friends over there were 3 of them and my favorite friend of my brothers came. I will call my fav friend of his B. The second time they came over the same people came but they picked up another one of his friends who I will call C. So basically C was at a party and he was drunk so they went to pick him up around 11:40 pm. When they got back it was like 12:15 am. So I said hi to C because he is also one of my favorite friends of my brother. Anyways I really wanted to cry and I was very sad when they came back but obvi I was hiding it. But I was in the living room standing on the couch and all of my brother friends including my brother left the room. The only person that stayed was me and B. So B walked over to were I was standing and I like held out my arms like the way you do when you want a hug. (I really just wanted a hug lol) So he hugged me like normal but I like put my head down on his shoulder and hugged him tightly so he was like ""are you ok"". And I said yeah but he could tell i was lying. So we stopped hugging and went into the kitchen and he was like you wanna talk about it and I was like no cause I didn't want to bother him. But then I hugged him again because I felt like it but this time I was shorter than him because hes a foot taller than me lol. And I was like sniffling like one does when they are trying not to cry. And when he was hugging me his hand was a little bit low on my body like lower back. So we stopped hugging than he was like if you don't want to talk about it then do you want me to go and I was like sure then he started walking away but I was like wait. Then I explained to him about like school stuff and how stressed out I was. And he gave me advice and stuff then we hugged again. But when we hugged this time I noticed that his hand was on my butt. Then we stopped hugging and he told me other things to do then he hugged goodnight and he touched my butt AGAIN. So we said good night and I went upstairs then I realized what he had actually done. So the next day i woke up and went downstairs and he was the only one awake. So we were like talking cause I didn't want to be awkward and I really like talking to him. He didn't do anything weird like he even helped me with homework. But when he was leaving we were hugging goodbye and since he was talking to his friends he was hugging me with one hand. But his hand was on my lower back right above my butt. And he was kind of rubbing my back then let go. But while he was doing this he wasn't even looking at me so maybe he didn't realize that he did that...? It makes me uncomfy to think about how he touched my butt because I don't like guys and stuff and I never said he could do that. AND he is 18 while I am a minor who is only 13.

Can someone help me?? I am very confused and I don't know what to do and I need advice. Also would this be considered the grooming or manipulation? Because he has a lot of ways he could manipulate me because I trust him a lot.

I posted this on another community of reddit but no one has responded yet

Also sorry to everyone who privately messaged me it won't let me respond to messages only comments, idk why.",,['\\bis\\s+this\\s+(?:sa|sexual\\s+assault)\\b'],"['\\bis\\s+this\\s+(?:sa|sexual\\s+assault)\\b', ""\\bi\\s+don[’']t\\s+know\\b"", '\\bsa\\b', '\\bassault\\b', '\\bfriend\\b', '\\bsexual(?:ly)?\\s+assault(?:ed|s|ing)?\\b']"
nl0vo0,sexualassault,Is this sexual assault or grooming? CW: venting TW: possible SA,Last_Midnight1704,3,3,True,1,1621979137,https://www.reddit.com/r/sexualassault/comments/nl0vo0/is_this_sexual_assault_or_grooming_cw_venting_tw/,"I don't know what to do and I want to cry. I have so much going on in my life. I have a bunch of missing assignments and school ends in like 2 weeks. I can't get any work done at all. My mom just went on a vacation for like 5 days and so my brother and I were home alone. During the 5 days he had his friends over twice and I really like talking to his friends but they are all 4-5 years older than me. The first time he had his friends over there were 3 of them and my favorite friend of my brothers came. I will call my fav friend of his B. The second time they came over the same people came but they picked up another one of his friends who I will call C. So basically C was at a party and he was drunk so they went to pick him up around 11:40 pm. When they got back it was like 12:15 am. So I said hi to C because he is also one of my favorite friends of my brother. Anyways I really wanted to cry and I was very sad when they came back but obvi I was hiding it. But I was in the living room standing on the couch and all of my brother friends including my brother left the room. The only person that stayed was me and B. So B walked over to were I was standing and I like held out my arms like the way you do when you want a hug. (I really just wanted a hug lol) So he hugged me like normal but I like put my head down on his shoulder and hugged him tightly so he was like ""are you ok"". And I said yeah but he could tell i was lying. So we stopped hugging and went into the kitchen and he was like you wanna talk about it and I was like no cause I didn't want to bother him. But then I hugged him again because I felt like it but this time I was shorter than him because hes a foot taller than me lol. And I was like sniffling like one does when they are trying not to cry. And when he was hugging me his hand was a little bit low on my body like lower back. So we stopped hugging than he was like if you don't want to talk about it then do you want me to go and I was like sure then he started walking away but I was like wait. Then I explained to him about like school stuff and how stressed out I was. And he gave me advice and stuff then we hugged again. But when we hugged this time I noticed that his hand was on my butt. Then we stopped hugging and he told me other things to do then he hugged goodnight and he touched my butt AGAIN. So we said good night and I went upstairs then I realized what he had actually done. So the next day i woke up and went downstairs and he was the only one awake. So we were like talking cause I didn't want to be awkward and I really like talking to him. He didn't do anything weird like he even helped me with homework. But when he was leaving we were hugging goodbye and since he was talking to his friends he was hugging me with one hand. But his hand was on my lower back right above my butt. And he was kind of rubbing my back then let go. But while he was doing this he wasn't even looking at me so maybe he didn't realize that he did that...? It makes me uncomfy to think about how he touched my butt because I don't like guys and stuff and I never said he could do that. AND he is 18 while I am a minor who is only 13.

Can someone help me?? I am very confused and I don't know what to do and I need advice. Also would this be considered the grooming or manipulation? Because he has a lot of ways he could manipulate me because I trust him a lot.

I posted this on another community of reddit but no one has responded yet

Also sorry to everyone who privately messaged me it won't let me respond to messages only comments, idk why.",,['\\bis\\s+this\\s+(?:sa|sexual\\s+assault)\\b'],"['\\bis\\s+this\\s+(?:sa|sexual\\s+assault)\\b', ""\\bi\\s+don[’']t\\s+know\\b"", '\\bsa\\b', '\\bassault\\b', '\\bfriend\\b', '\\bsexual(?:ly)?\\s+assault(?:ed|s|ing)?\\b']"
nfewcc,sexualassault,Groped by my brother please help me - was this sexual assault?,candyb00bz,2,6,True,2,1621354731,https://www.reddit.com/r/sexualassault/comments/nfewcc/groped_by_my_brother_please_help_me_was_this/,"Hi there. I’m not sure if this is the right place to post this but I’m looking for help, advice, and for someone to just hear me.

I’m a 21 year old female and my brother is three years older than me. My siblings and I all have a very close bond that means a lot to me; my family is the most important facet of my life and I think that’s important to clarify given what’s happened.

My brother flew to my hometown and we’re both staying at my parents’ house for the week along with the rest of my nuclear family. We always have such an enjoyable time amongst my sister, brother and I and we’re all very close. We’re siblings, so let me clarify that we all normally sleep in the same bed when he visits or vice versa (normally due to a lack of beds honestly). This time he slept in my bed with just me, and I didn’t see anything wrong with this as he’s my brother and we’ve slept alone before with nothing weird.

Last night I woke up to him groping me. I had absolutely no idea what to do or say, so like an idiot, I sat there and hoped he would stop (let me clarify: I did not want this nor did I consent to it). It only progressed further and he ended up starting to finger me, and still I sat there hoping he’d stop. He eventually did stop, and he nudged me “awake” (I was awake) and I immediately started sobbing. He stopped all action thankfully and I think he apologized. We talked it over and I think he agreed it would never happen again unless I condoned it (first of all: no? Wtf? I’m never going to condone it and I told him that). 

But at this point things are obviously very different between us. I can’t look at him the same and that genuinely upsets me so I’m just trying to forget. On top of that, I am so completely disgusted with myself. I did not want any of that (the groping) to happen, so why didn’t I speak up? Because had I spoken up, or swatted his hand away when I first woke up, it wouldn’t have escalated to this point. I know I didn’t speak up because I was hoping it wasn’t really happening, and I feared acknowledging it would make it real, but if I didn’t want it to happen, why didn’t I say so.

I’m just disgusted with myself at this point. I don’t mean for this to be a pity party for myself, so please offer me any advice or criticisms. I’ll really appreciate it because I can’t tell anyone about this. Thank you.",,['\\bwas\\s+this\\s+(?:sa|sexual\\s+assault)\\b'],"[""\\bi[’']?m\\s+not\\s+sure\\b"", '\\bwas\\s+this\\s+(?:sa|sexual\\s+assault)\\b', '\\bassault\\b', '\\bsexual(?:ly)?\\s+assault(?:ed|s|ing)?\\b']"
nfewcc,sexualassault,Groped by my brother please help me - was this sexual assault?,candyb00bz,2,6,True,2,1621354731,https://www.reddit.com/r/sexualassault/comments/nfewcc/groped_by_my_brother_please_help_me_was_this/,"Hi there. I’m not sure if this is the right place to post this but I’m looking for help, advice, and for someone to just hear me.

I’m a 21 year old female and my brother is three years older than me. My siblings and I all have a very close bond that means a lot to me; my family is the most important facet of my life and I think that’s important to clarify given what’s happened.

My brother flew to my hometown and we’re both staying at my parents’ house for the week along with the rest of my nuclear family. We always have such an enjoyable time amongst my sister, brother and I and we’re all very close. We’re siblings, so let me clarify that we all normally sleep in the same bed when he visits or vice versa (normally due to a lack of beds honestly). This time he slept in my bed with just me, and I didn’t see anything wrong with this as he’s my brother and we’ve slept alone before with nothing weird.

Last night I woke up to him groping me. I had absolutely no idea what to do or say, so like an idiot, I sat there and hoped he would stop (let me clarify: I did not want this nor did I consent to it). It only progressed further and he ended up starting to finger me, and still I sat there hoping he’d stop. He eventually did stop, and he nudged me “awake” (I was awake) and I immediately started sobbing. He stopped all action thankfully and I think he apologized. We talked it over and I think he agreed it would never happen again unless I condoned it (first of all: no? Wtf? I’m never going to condone it and I told him that). 

But at this point things are obviously very different between us. I can’t look at him the same and that genuinely upsets me so I’m just trying to forget. On top of that, I am so completely disgusted with myself. I did not want any of that (the groping) to happen, so why didn’t I speak up? Because had I spoken up, or swatted his hand away when I first woke up, it wouldn’t have escalated to this point. I know I didn’t speak up because I was hoping it wasn’t really happening, and I feared acknowledging it would make it real, but if I didn’t want it to happen, why didn’t I say so.

I’m just disgusted with myself at this point. I don’t mean for this to be a pity party for myself, so please offer me any advice or criticisms. I’ll really appreciate it because I can’t tell anyone about this. Thank you.",,['\\bwas\\s+this\\s+(?:sa|sexual\\s+assault)\\b'],"[""\\bi[’']?m\\s+not\\s+sure\\b"", '\\bwas\\s+this\\s+(?:sa|sexual\\s+assault)\\b', '\\bassault\\b', '\\bsexual(?:ly)?\\s+assault(?:ed|s|ing)?\\b']"
n732ag,sexualassault,Why do I hold so much shame from this?,FidgetingHoneybee,5,2,False,0,1620406233,https://www.reddit.com/r/sexualassault/comments/n732ag/why_do_i_hold_so_much_shame_from_this/,"I was sexually assaulted when I was 6 by my older brother. In the past couple years, I've been working on healing from it. Part of that healing was talking about it to people I trust. But I've found that every time I talk about it or even think about talking about it, I feel disgusting. I feel like I'm talking about something dirty that I should be ashamed about. As if I'm flaunting something gross. When I discuss the details or talk about how I felt at the time, I feel like I'm suggesting to people that I wanted this or enjoyed it even though I don't actually say anything like that. I've been working on not feeling shame about it in general, but I still feel shameful when talking about it. Because of this, I tend to be very vague about it and speed through it quickly to get it over with. I didn't consent to this, why do I feel so much shame? How do I get rid of it?",,"[""\\bi\\s+didn[’']t\\s+consent\\b""]","[""\\bi\\s+didn[’']t\\s+consent\\b"", '\\bassault\\b', '\\bsexual(?:ly)?\\s+assault(?:ed|s|ing)?\\b']"
n732ag,sexualassault,Why do I hold so much shame from this?,FidgetingHoneybee,5,2,False,0,1620406233,https://www.reddit.com/r/sexualassault/comments/n732ag/why_do_i_hold_so_much_shame_from_this/,"I was sexually assaulted when I was 6 by my older brother. In the past couple years, I've been working on healing from it. Part of that healing was talking about it to people I trust. But I've found that every time I talk about it or even think about talking about it, I feel disgusting. I feel like I'm talking about something dirty that I should be ashamed about. As if I'm flaunting something gross. When I discuss the details or talk about how I felt at the time, I feel like I'm suggesting to people that I wanted this or enjoyed it even though I don't actually say anything like that. I've been working on not feeling shame about it in general, but I still feel shameful when talking about it. Because of this, I tend to be very vague about it and speed through it quickly to get it over with. I didn't consent to this, why do I feel so much shame? How do I get rid of it?",,"[""\\bi\\s+didn[’']t\\s+consent\\b""]","[""\\bi\\s+didn[’']t\\s+consent\\b"", '\\bassault\\b', '\\bsexual(?:ly)?\\s+assault(?:ed|s|ing)?\\b']"
n663l2,sexualassault,What do I call this?,throwaway22030200,1,2,False,0,1620304028,https://www.reddit.com/r/sexualassault/comments/n663l2/what_do_i_call_this/,"(warnings for pedophilia) Hey. This has been on my mind for a while now, but I could never find a place to ask about it.

When I was young (around 11), I started going on gay chatrooms and talking with pedophiles, sending them explicit photos and having sexual conversations with them. The story of how I ended up on these is a bit of a long one and it's unrelated to what I'm asking here, so I decided to omit it. I did this for around six years, stopping when I was 17 (I'm 18 now). I've also been in long-term sexual online relationships (video calls, sexting, etc.) with a 19- and 21-year old (three-person relationship) at 12 and an 18-year-old at 13.

I know I have some form of trauma from these. Taking photos of myself is anxiety-inducing, making me think of all the times I took photos for those men. I can't handle someone calling me ""baby"", even in a joking way, because it reminds me of the things they'd say to me. I can't stand sleeping in the same room as another person because I'm afraid they'll take advantage of me. Being touched at all makes me feel suffocated, even just when I get hugged by a close friend or parent. I periodically get afraid of being seen, having to stay in my room until it's over. I'm always paranoid that people will only see me as a sex object and leave me if I don't let them do sexual things to me. If I ever feel aroused or jack-off, I get incredibly uncomfortable and start feeling physically ill. I have a mild porn addiction, frequently consuming sexual content despite how I feel because of it.

What I don't know is what this was. I consented, technically. I was the one reaching out to these men knowing what I was doing, and I was able to stop an interaction if I ever wanted to. Even when I was starting to feel disgusted with myself after each interaction (around 12), I was still seeking them out. Nothing other than a negligible experience with a middle school girlfriend has ever happened to me where I didn't consent to physical sexual interactions, and even if I was a kid when this started, it was my choice to be in sexual interactions online.

So, that's my question. What term could be used to describe my experience?

Thanks for reading, everyone. I haven't told anyone I know about this stuff 'cause I don't want them to see me differently, so I don't really have anyone to talk to or ask about this. I hope you guys have a great day :)",,"[""\\bi\\s+didn[’']t\\s+consent\\b""]","[""\\bi\\s+didn[’']t\\s+consent\\b"", ""\\bi\\s+don[’']t\\s+know\\b"", '\\bgirlfriend\\b', '\\bassault\\b', '\\bfriend\\b']"
n663l2,sexualassault,What do I call this?,throwaway22030200,1,2,False,0,1620304028,https://www.reddit.com/r/sexualassault/comments/n663l2/what_do_i_call_this/,"(warnings for pedophilia) Hey. This has been on my mind for a while now, but I could never find a place to ask about it.

When I was young (around 11), I started going on gay chatrooms and talking with pedophiles, sending them explicit photos and having sexual conversations with them. The story of how I ended up on these is a bit of a long one and it's unrelated to what I'm asking here, so I decided to omit it. I did this for around six years, stopping when I was 17 (I'm 18 now). I've also been in long-term sexual online relationships (video calls, sexting, etc.) with a 19- and 21-year old (three-person relationship) at 12 and an 18-year-old at 13.

I know I have some form of trauma from these. Taking photos of myself is anxiety-inducing, making me think of all the times I took photos for those men. I can't handle someone calling me ""baby"", even in a joking way, because it reminds me of the things they'd say to me. I can't stand sleeping in the same room as another person because I'm afraid they'll take advantage of me. Being touched at all makes me feel suffocated, even just when I get hugged by a close friend or parent. I periodically get afraid of being seen, having to stay in my room until it's over. I'm always paranoid that people will only see me as a sex object and leave me if I don't let them do sexual things to me. If I ever feel aroused or jack-off, I get incredibly uncomfortable and start feeling physically ill. I have a mild porn addiction, frequently consuming sexual content despite how I feel because of it.

What I don't know is what this was. I consented, technically. I was the one reaching out to these men knowing what I was doing, and I was able to stop an interaction if I ever wanted to. Even when I was starting to feel disgusted with myself after each interaction (around 12), I was still seeking them out. Nothing other than a negligible experience with a middle school girlfriend has ever happened to me where I didn't consent to physical sexual interactions, and even if I was a kid when this started, it was my choice to be in sexual interactions online.

So, that's my question. What term could be used to describe my experience?

Thanks for reading, everyone. I haven't told anyone I know about this stuff 'cause I don't want them to see me differently, so I don't really have anyone to talk to or ask about this. I hope you guys have a great day :)",,"[""\\bi\\s+didn[’']t\\s+consent\\b""]","[""\\bi\\s+didn[’']t\\s+consent\\b"", ""\\bi\\s+don[’']t\\s+know\\b"", '\\bgirlfriend\\b', '\\bassault\\b', '\\bfriend\\b']"
n1h5z2,sexualassault,"Was I sexually assaulted, and why didn’t I realize until now?",pixi3_dust_,9,2,False,0,1619738787,https://www.reddit.com/r/sexualassault/comments/n1h5z2/was_i_sexually_assaulted_and_why_didnt_i_realize/,"Hi friends! So recently I realized I think I was sexually assaulted a few years ago. I didn’t really think about it up until a month ago when I had to go to the doctor and get a pap smear. I was laying there on the table and looking up at the ceiling waiting for it to be over and I started to feel panicked. A lot of memories came back to me — I was seeing a guy and on multiple occasions he persuaded me into having sex when I didn’t want to. I remember just looking by up at the ceiling and waiting for it to be over. I also ended up giving him head even though I didn’t want to, he made me feel bad about not wanting to have sex all the time. When I wouldn’t have sex with him he would aggressively dry hump me just to get off I guess. I remember one time he bruised my hips because he was dry humping me so hard while wearing a belt, so after that I would just have sex with him when I didn’t want to because it was over quicker and hurt less than being grinded against. 

I have had a hard time figuring out if what actually happened to me was sexual assault. what I experienced wasn’t violent, and if it was sexual assault why didn’t i realize it before? I have been with multiple partners since and it hasn’t impacted me until now? And if you asked him he probably wouldn’t have realized that his actions impacted me. 

How do you vagina owners deal with invasive tests, like Pap smears, and not get super triggered? And how do you come to terms with what has happened?

Sorry for all of the questions. I just feel like I’m crazy. 

Much love to you all 💕",,['\\bwas\\s+i\\s+sexually\\s+assaulted\\b'],"['\\bwas\\s+i\\s+sexually\\s+assaulted\\b', '\\bassault\\b', '\\bsexual(?:ly)?\\s+assault(?:ed|s|ing)?\\b']"
n1h5z2,sexualassault,"Was I sexually assaulted, and why didn’t I realize until now?",pixi3_dust_,9,2,False,0,1619738787,https://www.reddit.com/r/sexualassault/comments/n1h5z2/was_i_sexually_assaulted_and_why_didnt_i_realize/,"Hi friends! So recently I realized I think I was sexually assaulted a few years ago. I didn’t really think about it up until a month ago when I had to go to the doctor and get a pap smear. I was laying there on the table and looking up at the ceiling waiting for it to be over and I started to feel panicked. A lot of memories came back to me — I was seeing a guy and on multiple occasions he persuaded me into having sex when I didn’t want to. I remember just looking by up at the ceiling and waiting for it to be over. I also ended up giving him head even though I didn’t want to, he made me feel bad about not wanting to have sex all the time. When I wouldn’t have sex with him he would aggressively dry hump me just to get off I guess. I remember one time he bruised my hips because he was dry humping me so hard while wearing a belt, so after that I would just have sex with him when I didn’t want to because it was over quicker and hurt less than being grinded against. 

I have had a hard time figuring out if what actually happened to me was sexual assault. what I experienced wasn’t violent, and if it was sexual assault why didn’t i realize it before? I have been with multiple partners since and it hasn’t impacted me until now? And if you asked him he probably wouldn’t have realized that his actions impacted me. 

How do you vagina owners deal with invasive tests, like Pap smears, and not get super triggered? And how do you come to terms with what has happened?

Sorry for all of the questions. I just feel like I’m crazy. 

Much love to you all 💕",,['\\bwas\\s+i\\s+sexually\\s+assaulted\\b'],"['\\bwas\\s+i\\s+sexually\\s+assaulted\\b', '\\bassault\\b', '\\bsexual(?:ly)?\\s+assault(?:ed|s|ing)?\\b']"
mnm54f,sexualassault,was I sexual assaulted?,quincybabymomma,7,9,True,2,1617988897,https://www.reddit.com/r/sexualassault/comments/mnm54f/was_i_sexual_assaulted/,">{ I apologize for being too specific but hopefully someone can understand.} Starting from when I was about 6/7 years old, I would constantly visit my parents home country every summer to see family. My cousin was 20/21 at the time. He was my absolute favorite cousin so I easily grew a family bond with him. We would watch movies and play video games in his room. My cousin would slowly expose me to the sexual world the more I was around him. He would sneakily show me porn, touch my private parts while I sat on his lap, crawl into my bed and perform oral and have me do it to him. I didn't think anything of it but I knew it was supposed to be sneaky.  
>  
>I just thought what we were doing was supposed to be playfulness fun. I didn't think it was malicious intended. I was not properly learned about sex education yet. The last ever time he touched me was when I was 10, I woke up to him staring at me with my pants gone & a hickey on my chest ( I remember feeling disgusted and actually old enough to know what he did was odd.) I finally came to realization that what he doing was wrong and disgusting. I suddenly became so angry and rude to him ( he made my family look at me like a bad/rude cousin because of my attitude) They knew nothing about it. It stopped because I think he realized I was too old and aware.  
>  
>For years ive felt so guilty because why didn't I FEEL abused or disgust when it was happening? was it bc I was too young? did he groom me? is this considered sexual assault? I know I was too young to consent but I don't fully understand. Im 18 now and there's not a day of where I stare into confusion and think about it. (note: Ive been addicted to pornography for years since he exposed me to it) . I appreciate any feedback/questions or anyone who takes the time to respond I know it can feel eerie to read I just don't want to be in denial. What's the correct term to describe the situation?",,['\\bconsider(?:ed)?\\s+(?:it\\s+)?(?:sa|sexual\\s+assault)\\b'],"['\\bassault\\b', '\\bsexual(?:ly)?\\s+assault(?:ed|s|ing)?\\b', '\\bconsider(?:ed)?\\s+(?:it\\s+)?(?:sa|sexual\\s+assault)\\b']"
mnm54f,sexualassault,was I sexual assaulted?,quincybabymomma,7,9,True,2,1617988897,https://www.reddit.com/r/sexualassault/comments/mnm54f/was_i_sexual_assaulted/,">{ I apologize for being too specific but hopefully someone can understand.} Starting from when I was about 6/7 years old, I would constantly visit my parents home country every summer to see family. My cousin was 20/21 at the time. He was my absolute favorite cousin so I easily grew a family bond with him. We would watch movies and play video games in his room. My cousin would slowly expose me to the sexual world the more I was around him. He would sneakily show me porn, touch my private parts while I sat on his lap, crawl into my bed and perform oral and have me do it to him. I didn't think anything of it but I knew it was supposed to be sneaky.  
>  
>I just thought what we were doing was supposed to be playfulness fun. I didn't think it was malicious intended. I was not properly learned about sex education yet. The last ever time he touched me was when I was 10, I woke up to him staring at me with my pants gone & a hickey on my chest ( I remember feeling disgusted and actually old enough to know what he did was odd.) I finally came to realization that what he doing was wrong and disgusting. I suddenly became so angry and rude to him ( he made my family look at me like a bad/rude cousin because of my attitude) They knew nothing about it. It stopped because I think he realized I was too old and aware.  
>  
>For years ive felt so guilty because why didn't I FEEL abused or disgust when it was happening? was it bc I was too young? did he groom me? is this considered sexual assault? I know I was too young to consent but I don't fully understand. Im 18 now and there's not a day of where I stare into confusion and think about it. (note: Ive been addicted to pornography for years since he exposed me to it) . I appreciate any feedback/questions or anyone who takes the time to respond I know it can feel eerie to read I just don't want to be in denial. What's the correct term to describe the situation?",,['\\bconsider(?:ed)?\\s+(?:it\\s+)?(?:sa|sexual\\s+assault)\\b'],"['\\bassault\\b', '\\bsexual(?:ly)?\\s+assault(?:ed|s|ing)?\\b', '\\bconsider(?:ed)?\\s+(?:it\\s+)?(?:sa|sexual\\s+assault)\\b']"
ly67h3,sexualassault,Is this still considered sexual assault?,chocochipyum,2,2,False,0,1614927181,https://www.reddit.com/r/sexualassault/comments/ly67h3/is_this_still_considered_sexual_assault/,"when I was around 4-5 years old my cousin of 7-8 years old came over to visit since he lives in another state. I was a very very innocent child and had pure thoughts I didn’t know anything about kissing or things like that. but even then I still knew it was wrong what he was doing to me and I have vivid memories. My cousin forced me to kiss him and I would even hide from him and while I was doing the bathroom he would come in and tell me to take off my pants and I would cry and tell him no and run. I even have a memory of him locking me in my parents room and he took off my clothes and pulled me under the bed with him and he would force me to kiss him and I just remember crying while it happened. I was very petite and weak so I remember him being way stronger than I was. Now I’m 16 and think about it and feel so much anger and sadness that he took my innocent thinking. I don’t have a memory of him putting himself inside me but he still kissed me and took all my clothes off and touched me. Then I remember that he was only 7-8 and I feel like I invalidate my own feelings of anger and sadness. but I still feel so gross that he touched me like that and in 9th grade I just barely started being okay with people touching me. I’m just so confused if I even have a right to feel this way.

and sorry for the bad grammar, i’m not really concerned for that right now..",,['\\bconsider(?:ed)?\\s+(?:it\\s+)?(?:sa|sexual\\s+assault)\\b'],"[""\\bi\\s+didn[’']t\\s+know\\b"", '\\bassault\\b', '\\bsexual(?:ly)?\\s+assault(?:ed|s|ing)?\\b', '\\bconsider(?:ed)?\\s+(?:it\\s+)?(?:sa|sexual\\s+assault)\\b']"
ly67h3,sexualassault,Is this still considered sexual assault?,chocochipyum,2,2,False,0,1614927181,https://www.reddit.com/r/sexualassault/comments/ly67h3/is_this_still_considered_sexual_assault/,"when I was around 4-5 years old my cousin of 7-8 years old came over to visit since he lives in another state. I was a very very innocent child and had pure thoughts I didn’t know anything about kissing or things like that. but even then I still knew it was wrong what he was doing to me and I have vivid memories. My cousin forced me to kiss him and I would even hide from him and while I was doing the bathroom he would come in and tell me to take off my pants and I would cry and tell him no and run. I even have a memory of him locking me in my parents room and he took off my clothes and pulled me under the bed with him and he would force me to kiss him and I just remember crying while it happened. I was very petite and weak so I remember him being way stronger than I was. Now I’m 16 and think about it and feel so much anger and sadness that he took my innocent thinking. I don’t have a memory of him putting himself inside me but he still kissed me and took all my clothes off and touched me. Then I remember that he was only 7-8 and I feel like I invalidate my own feelings of anger and sadness. but I still feel so gross that he touched me like that and in 9th grade I just barely started being okay with people touching me. I’m just so confused if I even have a right to feel this way.

and sorry for the bad grammar, i’m not really concerned for that right now..",,['\\bconsider(?:ed)?\\s+(?:it\\s+)?(?:sa|sexual\\s+assault)\\b'],"[""\\bi\\s+didn[’']t\\s+know\\b"", '\\bassault\\b', '\\bsexual(?:ly)?\\s+assault(?:ed|s|ing)?\\b', '\\bconsider(?:ed)?\\s+(?:it\\s+)?(?:sa|sexual\\s+assault)\\b']"
ln9bdb,sexualassault,I said no,piratecoke_420,11,4,False,0,1613717445,https://www.reddit.com/r/sexualassault/comments/ln9bdb/i_said_no/,[removed],,['\\bconsider(?:ed)?\\s+(?:it\\s+)?(?:sa|sexual\\s+assault)\\b'],"['\\bboyfriend\\b', '\\bidk+k*\\b', ""\\bi\\s+don[’']t\\s+know\\b"", '\\bassault\\b', '\\brape\\b', '\\bconsider(?:ed)?\\s+(?:it\\s+)?(?:sa|sexual\\s+assault)\\b', '\\bsexual(?:ly)?\\s+assault(?:ed|s|ing)?\\b']"
lajq0d,sexualassault,"TRIGGER WARNING-----Please, reply. I think I might have been sexual assaulted or sexually harrased idk.",Ok_Regret8408,2,5,True,2,1612228420,https://www.reddit.com/r/sexualassault/comments/lajq0d/trigger_warningplease_reply_i_think_i_might_have/,"TRIGGER WARNING- so last year, it was my 6th period science class. I was with my "" friends"", and I was sitting by them. I was sitting with 4 of my friends named Peyton, Cheyenne, 2 other friends I forgot. My other close friend named Diego was getting teased. So Diego went on top of the table for some reason and then started be reckless. He started randomly putted his dick in my face almost rubbing on my face and started yelling at me for 5 minutes straight suck it. In those 5 minutes i was so scared, I felt so mad at him bc he was one of my bestie s at the time. He was putting it closer to my face and trying to force me to suck it.I couldn't get out of the situation bc the back of the chair was someone else. It was hard to get out of the situation bc i was surrounded by people, i think he knew that i couldn't get out of the situation, it was tight so I couldn't get up and stand out of my chair. He continued to do this sexual contact without my consent and started joking about it, then was asking me how big is his dick. The people around the situation was laughing and my friend Cheyenne was laughing so hard, I felt like I was going to cry bc I hated this I never gave him consent to do it. Everyone was so loud and my teacher was outside taking a call. Everyone in the class was yelling suck it suck it, while his dick was in my face. It was so loud and so traumatizing, it felt like this happened for hours long, I just wanted this to stop. Then the teacher went in the classroom and yelled at Diego to get off the table not realizing what he was doing to me. After this I pretended to everyone that i thought it was funny too. After that class I went to the bathroom and cried. It was so traumatizing to be in that locked position, and not able to do anything at all. I went to my math class. After this I cried for 4 hours straight in my bedroom once I got home. I told my friend about this and she wasn't sure if that was sexual assault or sexual harassment. I don't know if I was sexually assaulted or sexually harrased can u tell me if I was or not im confused. Please reply back.",,['\\bidk\\b.*\\bif\\s+i\\b.*\\b(?:even\\s+)?was\\b.*sexually\\s+assaulted\\b'],"['\\bidk\\b.*\\bif\\s+i\\b.*\\b(?:even\\s+)?was\\b.*sexually\\s+assaulted\\b', '\\bidk+k*\\b', ""\\bi\\s+don[’']t\\s+know\\b"", '\\bassault\\b', '\\bfriend\\b', '\\bsexual(?:ly)?\\s+assault(?:ed|s|ing)?\\b', '\\bsexual(?:ly)?\\s+harass(?:ment|ments|ed|es|ing)?\\b']"
lajq0d,sexualassault,"TRIGGER WARNING-----Please, reply. I think I might have been sexual assaulted or sexually harrased idk.",Ok_Regret8408,2,5,True,2,1612228420,https://www.reddit.com/r/sexualassault/comments/lajq0d/trigger_warningplease_reply_i_think_i_might_have/,"TRIGGER WARNING- so last year, it was my 6th period science class. I was with my "" friends"", and I was sitting by them. I was sitting with 4 of my friends named Peyton, Cheyenne, 2 other friends I forgot. My other close friend named Diego was getting teased. So Diego went on top of the table for some reason and then started be reckless. He started randomly putted his dick in my face almost rubbing on my face and started yelling at me for 5 minutes straight suck it. In those 5 minutes i was so scared, I felt so mad at him bc he was one of my bestie s at the time. He was putting it closer to my face and trying to force me to suck it.I couldn't get out of the situation bc the back of the chair was someone else. It was hard to get out of the situation bc i was surrounded by people, i think he knew that i couldn't get out of the situation, it was tight so I couldn't get up and stand out of my chair. He continued to do this sexual contact without my consent and started joking about it, then was asking me how big is his dick. The people around the situation was laughing and my friend Cheyenne was laughing so hard, I felt like I was going to cry bc I hated this I never gave him consent to do it. Everyone was so loud and my teacher was outside taking a call. Everyone in the class was yelling suck it suck it, while his dick was in my face. It was so loud and so traumatizing, it felt like this happened for hours long, I just wanted this to stop. Then the teacher went in the classroom and yelled at Diego to get off the table not realizing what he was doing to me. After this I pretended to everyone that i thought it was funny too. After that class I went to the bathroom and cried. It was so traumatizing to be in that locked position, and not able to do anything at all. I went to my math class. After this I cried for 4 hours straight in my bedroom once I got home. I told my friend about this and she wasn't sure if that was sexual assault or sexual harassment. I don't know if I was sexually assaulted or sexually harrased can u tell me if I was or not im confused. Please reply back.",,['\\bidk\\b.*\\bif\\s+i\\b.*\\b(?:even\\s+)?was\\b.*sexually\\s+assaulted\\b'],"['\\bidk\\b.*\\bif\\s+i\\b.*\\b(?:even\\s+)?was\\b.*sexually\\s+assaulted\\b', '\\bidk+k*\\b', ""\\bi\\s+don[’']t\\s+know\\b"", '\\bassault\\b', '\\bfriend\\b', '\\bsexual(?:ly)?\\s+assault(?:ed|s|ing)?\\b', '\\bsexual(?:ly)?\\s+harass(?:ment|ments|ed|es|ing)?\\b']"
la5ew3,sexualassault,I feel like it was my fault (tw description of incident),quinnro187,12,4,True,1,1612192736,https://www.reddit.com/r/sexualassault/comments/la5ew3/i_feel_like_it_was_my_fault_tw_description_of/,"It happened a year and a half ago and a few days ago I read through old messages from him where he basically said it wasn’t assault bc I didn’t say no and I’m spiralling bc of it. Like it was still nonconsensual, I know that. I didn’t reciprocate any of his actions and then he took off my pants (I don’t remember that but I remember putting them back on) and when he couldn’t um get it in, he made me give him a blowjob and I really didn’t want to but I did it anyway and just...I could have stopped it if I just hadn’t froze and had been able to say something. I’m feeling a lot of guilt and shame over the way I reacted",,"[""\\bi\\s+didn[’']t\\s+say\\s+no\\b""]","['\\bassault\\b', ""\\bi\\s+didn[’']t\\s+say\\s+no\\b""]"
la5ew3,sexualassault,I feel like it was my fault (tw description of incident),quinnro187,12,4,True,1,1612192736,https://www.reddit.com/r/sexualassault/comments/la5ew3/i_feel_like_it_was_my_fault_tw_description_of/,"It happened a year and a half ago and a few days ago I read through old messages from him where he basically said it wasn’t assault bc I didn’t say no and I’m spiralling bc of it. Like it was still nonconsensual, I know that. I didn’t reciprocate any of his actions and then he took off my pants (I don’t remember that but I remember putting them back on) and when he couldn’t um get it in, he made me give him a blowjob and I really didn’t want to but I did it anyway and just...I could have stopped it if I just hadn’t froze and had been able to say something. I’m feeling a lot of guilt and shame over the way I reacted",,"[""\\bi\\s+didn[’']t\\s+say\\s+no\\b""]","['\\bassault\\b', ""\\bi\\s+didn[’']t\\s+say\\s+no\\b""]"
kq1dir,sexualassault,Does this count as sexual assault?,nocturnalasshole,4,7,True,3,1609735186,https://www.reddit.com/r/sexualassault/comments/kq1dir/does_this_count_as_sexual_assault/,"I (f24), have been struggling with this ever since it happened and I went through the title IX process at my college. I’m much better now, but I still get anxiety around men. 

I’ll keep the details limited, but the long story of it all is that a classmate of mine kept me in his car, wouldn’t take me home, put his hands all over me, tried to get me to lay down with him over and over again. Then, when, (after an hour), he finally decided I got to go home, he pinned me against his car, fondled and groped me all over the place, and made out with my neck. All while I was trying to push him off. I never directly used the word no, (I have anxiety), but I made it clear that I didn’t want it, that I was tired and he needed to take me home, and then, when he had me pinned against the car, I tried to push him off the entire time. My school, (a private college), thought it serious enough to go through the title-IX process, but my brain tells me it wasn’t actually sexual assault.

For reference, I was raised very Christian, and still hold on to my faith now, (I’m not saying that my upbringing was bad, btw!) But up until that point, other then being catcalled I hadn’t had any “suggestive” interaction with anyone. Could this be why I found it so traumatic? Apologies if this is ridiculous but I can’t really talk to people about it, so I thought I’d post it on here.",,['\\bdoes\\s+this\\s+count\\s+as\\s+(?:sa|sexual\\s+assault)\\b'],"['\\bdoes\\s+this\\s+count\\s+as\\s+(?:sa|sexual\\s+assault)\\b', '\\bassault\\b', '\\bsexual(?:ly)?\\s+assault(?:ed|s|ing)?\\b']"
kq1dir,sexualassault,Does this count as sexual assault?,nocturnalasshole,4,7,True,3,1609735186,https://www.reddit.com/r/sexualassault/comments/kq1dir/does_this_count_as_sexual_assault/,"I (f24), have been struggling with this ever since it happened and I went through the title IX process at my college. I’m much better now, but I still get anxiety around men. 

I’ll keep the details limited, but the long story of it all is that a classmate of mine kept me in his car, wouldn’t take me home, put his hands all over me, tried to get me to lay down with him over and over again. Then, when, (after an hour), he finally decided I got to go home, he pinned me against his car, fondled and groped me all over the place, and made out with my neck. All while I was trying to push him off. I never directly used the word no, (I have anxiety), but I made it clear that I didn’t want it, that I was tired and he needed to take me home, and then, when he had me pinned against the car, I tried to push him off the entire time. My school, (a private college), thought it serious enough to go through the title-IX process, but my brain tells me it wasn’t actually sexual assault.

For reference, I was raised very Christian, and still hold on to my faith now, (I’m not saying that my upbringing was bad, btw!) But up until that point, other then being catcalled I hadn’t had any “suggestive” interaction with anyone. Could this be why I found it so traumatic? Apologies if this is ridiculous but I can’t really talk to people about it, so I thought I’d post it on here.",,['\\bdoes\\s+this\\s+count\\s+as\\s+(?:sa|sexual\\s+assault)\\b'],"['\\bdoes\\s+this\\s+count\\s+as\\s+(?:sa|sexual\\s+assault)\\b', '\\bassault\\b', '\\bsexual(?:ly)?\\s+assault(?:ed|s|ing)?\\b']"
jkss23,sexualassault,"Please help, was this sexual assault?",imgonnadoit___,4,2,False,0,1604045385,https://www.reddit.com/r/sexualassault/comments/jkss23/please_help_was_this_sexual_assault/,"I’ve posted several times with no response.
So, when I was younger I had a friend about three years older than me, as in like at the time I was 8/9 and she was 11/12. She has a brother one year younger than me. One day she made me and him get under the blanket and touch each other, she would make sure we were actually doing it. At the time I didn’t think anything was wrong with it but me and the boy ended up doing it more and more even without her there, every time I would feel dirty but i thought it was a normal thing. On two separate occasions me and the boy were caught. And im not sure how it started with me and the girl but we also had a lot of sexual activity going that would make me feel worse and at the point around when we stopped seeing each other a lot I started hating myself for it and only doing it because, for years it went on and she enjoyed it. I am now in high school and she is a freshman in college but I've been thinking about it a lot. can someone please help me figure this out?",,['\\bwas\\s+this\\s+(?:sa|sexual\\s+assault)\\b'],"[""\\bi[’']?m\\s+not\\s+sure\\b"", '\\bwas\\s+this\\s+(?:sa|sexual\\s+assault)\\b', '\\bassault\\b', '\\bfriend\\b', '\\bsexual(?:ly)?\\s+assault(?:ed|s|ing)?\\b']"
jkss23,sexualassault,"Please help, was this sexual assault?",imgonnadoit___,4,2,False,0,1604045385,https://www.reddit.com/r/sexualassault/comments/jkss23/please_help_was_this_sexual_assault/,"I’ve posted several times with no response.
So, when I was younger I had a friend about three years older than me, as in like at the time I was 8/9 and she was 11/12. She has a brother one year younger than me. One day she made me and him get under the blanket and touch each other, she would make sure we were actually doing it. At the time I didn’t think anything was wrong with it but me and the boy ended up doing it more and more even without her there, every time I would feel dirty but i thought it was a normal thing. On two separate occasions me and the boy were caught. And im not sure how it started with me and the girl but we also had a lot of sexual activity going that would make me feel worse and at the point around when we stopped seeing each other a lot I started hating myself for it and only doing it because, for years it went on and she enjoyed it. I am now in high school and she is a freshman in college but I've been thinking about it a lot. can someone please help me figure this out?",,['\\bwas\\s+this\\s+(?:sa|sexual\\s+assault)\\b'],"[""\\bi[’']?m\\s+not\\s+sure\\b"", '\\bwas\\s+this\\s+(?:sa|sexual\\s+assault)\\b', '\\bassault\\b', '\\bfriend\\b', '\\bsexual(?:ly)?\\s+assault(?:ed|s|ing)?\\b']"
jfpnyj,sexualassault,Was I sexually assaulted?,TreesAndStars1,5,2,False,0,1603328108,https://www.reddit.com/r/sexualassault/comments/jfpnyj/was_i_sexually_assaulted/,"I really don't know what to feel. Can't tell my therapist for reasons that will be obvious soon enough. Idk if I can tell anyone honestly. Everytime I think m about it I get incredibly anxious.

I (male) recently went on a camping trip with a friend (also male). I was gonna try acid for the first time. He'd done it before and was supposed to ""guide me thru it."" I know, drugs are bad, and im putting myself into situation that I can't control. Idk. I've been having a lot of problems with my mental health lately, I really wanted to try something to get out of my own head. Idk. I trusted him to be there. I won't bore ya with the majority of the trip. Eventually it became clear that it was a lot of drugs. I began to sorta check out. I couldn't really speak, i had a very difficult time moving, or compelling myself to act. I felt like a vegetable or a baby or idk. My friend told me to get in his tent and I did. I figured we were just gonna hangout, it was raining afterall. Idk what really happened but next thing i was under the covers with him and he was suddenly in just his underwear. He was rubbing his hand on my body, he dry humped me and moaned. At one point he licked my face and then his tongue was in my mouth and he was trying to kiss me. He kept rambling and saying weird things. Asking ""where do we go from here?"" I kept saying ""we don't!"" I kept trying to leave. I wanted to escape, i didnt want any of this to happen but I couldn't move and i could barely speak. I knew what was happening very clearly I just couldn't do anything to stop it. The next day he admitted to us kissing but not the other stuff. He implied it was mutual and that he didn't like it either but that it was something that happened rather than something he did. He denied the other stuff, the dry humping, the face licking. He told me he was having an existential crisis and didn't think anything was real and he wasn't thinking shit sex at all. Idk. I feel very detached from it? But also incredibly anxious and uncomfortable. I know i didn't want it to happen, and I know I basically laid there not knowing how to make it stop. I want to believe my friend ya know? That it was just drugs or whatever and shit happened and while I hated every minute of this situation I felt very trapped in, there wasn't any ""perpetrator"" of the event so to speak. But also he was supposed to be the ""expert"" on taking acid and he never mentioned anything like this happening. So idk what to think. Im very confused and I don't like any of this.",,['\\bwas\\s+i\\s+sexually\\s+assaulted\\b'],"[""\\bi\\s+(?:genuinely|just|honestly|really|truly|still)\\s+don[’']t\\s+know\\b"", '\\bidk+k*\\b', '\\bassault\\b', '\\bwas\\s+i\\s+sexually\\s+assaulted\\b', '\\bfriend\\b', '\\bsexual(?:ly)?\\s+assault(?:ed|s|ing)?\\b']"
jfpnyj,sexualassault,Was I sexually assaulted?,TreesAndStars1,5,2,False,0,1603328108,https://www.reddit.com/r/sexualassault/comments/jfpnyj/was_i_sexually_assaulted/,"I really don't know what to feel. Can't tell my therapist for reasons that will be obvious soon enough. Idk if I can tell anyone honestly. Everytime I think m about it I get incredibly anxious.

I (male) recently went on a camping trip with a friend (also male). I was gonna try acid for the first time. He'd done it before and was supposed to ""guide me thru it."" I know, drugs are bad, and im putting myself into situation that I can't control. Idk. I've been having a lot of problems with my mental health lately, I really wanted to try something to get out of my own head. Idk. I trusted him to be there. I won't bore ya with the majority of the trip. Eventually it became clear that it was a lot of drugs. I began to sorta check out. I couldn't really speak, i had a very difficult time moving, or compelling myself to act. I felt like a vegetable or a baby or idk. My friend told me to get in his tent and I did. I figured we were just gonna hangout, it was raining afterall. Idk what really happened but next thing i was under the covers with him and he was suddenly in just his underwear. He was rubbing his hand on my body, he dry humped me and moaned. At one point he licked my face and then his tongue was in my mouth and he was trying to kiss me. He kept rambling and saying weird things. Asking ""where do we go from here?"" I kept saying ""we don't!"" I kept trying to leave. I wanted to escape, i didnt want any of this to happen but I couldn't move and i could barely speak. I knew what was happening very clearly I just couldn't do anything to stop it. The next day he admitted to us kissing but not the other stuff. He implied it was mutual and that he didn't like it either but that it was something that happened rather than something he did. He denied the other stuff, the dry humping, the face licking. He told me he was having an existential crisis and didn't think anything was real and he wasn't thinking shit sex at all. Idk. I feel very detached from it? But also incredibly anxious and uncomfortable. I know i didn't want it to happen, and I know I basically laid there not knowing how to make it stop. I want to believe my friend ya know? That it was just drugs or whatever and shit happened and while I hated every minute of this situation I felt very trapped in, there wasn't any ""perpetrator"" of the event so to speak. But also he was supposed to be the ""expert"" on taking acid and he never mentioned anything like this happening. So idk what to think. Im very confused and I don't like any of this.",,['\\bwas\\s+i\\s+sexually\\s+assaulted\\b'],"[""\\bi\\s+(?:genuinely|just|honestly|really|truly|still)\\s+don[’']t\\s+know\\b"", '\\bidk+k*\\b', '\\bassault\\b', '\\bwas\\s+i\\s+sexually\\s+assaulted\\b', '\\bfriend\\b', '\\bsexual(?:ly)?\\s+assault(?:ed|s|ing)?\\b']"
j4bsfy,SexualHarassment,does this count as sexual assault,[deleted],3,10,False,0,1601710790,https://www.reddit.com/r/SexualHarassment/comments/j4bsfy/does_this_count_as_sexual_assault/,"tw// sexual assault. around two months ago, i had been talking to this guy. we would send nudes to eachother and he would sext me. occasionally i would go along with it, for example, he would say “i cant wait to fuck you” and i would say “mmmhhmm”. after a little while, we met up and went to the park. it was around 12am. he started grinding on me from behind and it made me feel disgusting but i was too scared to say anything. we then went to lay on the grass. i told him i was gonna fall asleep and he said “do you want me to keep you awake” and i said yes, not knowing what he was going to do. he then lifted up my shirt and bra and started sucking my nipple and squeezing my boob. i didn’t say anything, all i did was look away because i felt too uncomfortable. ever since that night i have hated myself, i went to the mental hospital for a week mainly because of what happened. people are telling me to file a police report but i don’t know if i should because i don’t know if it counts as sexual assault since we had sexted. someone answer please i would really appreciate it.",,"['\\bit\\s+count(?:s)?\\s+as\\s+(?:sa|sexual\\s+assault)\\b', '\\bdoes\\s+this\\s+count\\s+as\\s+(?:sa|sexual\\s+assault)\\b']","[""\\bi\\s+don[’']t\\s+know\\b"", '\\bit\\s+count(?:s)?\\s+as\\s+(?:sa|sexual\\s+assault)\\b', '\\bassault\\b', '\\bdoes\\s+this\\s+count\\s+as\\s+(?:sa|sexual\\s+assault)\\b', '\\bsexual(?:ly)?\\s+assault(?:ed|s|ing)?\\b']"
j4bsfy,SexualHarassment,does this count as sexual assault,[deleted],3,10,False,0,1601710790,https://www.reddit.com/r/SexualHarassment/comments/j4bsfy/does_this_count_as_sexual_assault/,"tw// sexual assault. around two months ago, i had been talking to this guy. we would send nudes to eachother and he would sext me. occasionally i would go along with it, for example, he would say “i cant wait to fuck you” and i would say “mmmhhmm”. after a little while, we met up and went to the park. it was around 12am. he started grinding on me from behind and it made me feel disgusting but i was too scared to say anything. we then went to lay on the grass. i told him i was gonna fall asleep and he said “do you want me to keep you awake” and i said yes, not knowing what he was going to do. he then lifted up my shirt and bra and started sucking my nipple and squeezing my boob. i didn’t say anything, all i did was look away because i felt too uncomfortable. ever since that night i have hated myself, i went to the mental hospital for a week mainly because of what happened. people are telling me to file a police report but i don’t know if i should because i don’t know if it counts as sexual assault since we had sexted. someone answer please i would really appreciate it.",,"['\\bit\\s+count(?:s)?\\s+as\\s+(?:sa|sexual\\s+assault)\\b', '\\bdoes\\s+this\\s+count\\s+as\\s+(?:sa|sexual\\s+assault)\\b']","[""\\bi\\s+don[’']t\\s+know\\b"", '\\bit\\s+count(?:s)?\\s+as\\s+(?:sa|sexual\\s+assault)\\b', '\\bassault\\b', '\\bdoes\\s+this\\s+count\\s+as\\s+(?:sa|sexual\\s+assault)\\b', '\\bsexual(?:ly)?\\s+assault(?:ed|s|ing)?\\b']"
mwb0yj,sexualassault,"Hello, I wanna know if what I'm about to say counts as molestation or sexual assault. (I was young and didn't know better so pls don't judge)",[deleted],1,3,False,0,1619115354,https://www.reddit.com/r/sexualassault/comments/mwb0yj/hello_i_wanna_know_if_what_im_about_to_say_counts/,"When I was 7-8 me and my brother went to my grandma's house a lot since we were neighbors and still are. During that time my cousin's parents were going through a divorce so he stayed there a lot. When we came over we would play Minecraft with him. It was fun which is what made me still go... He started watching some not so child friendly things. During this time he was 11-12. Children copy things they see so you might know where this is going. He started to touch me... First the legs and then inside my pants... My brother was younger than me and was scared of him. My cousin, let's call him Sean. Sean would lock me in with him and then touch me. In the close. Outside the closet. And once in my own house. He wouldn't stop. Why I didn't tell anyone? I thought I was gonna get in trouble. I thought it was my fault. One day though, he decided he was gonna finally do it. You know what I mean. He didn't lock the door though. He grabbed me and kissed e and then touched me. I was terrified. But that day it was all over. My brother ran to my grandma who didn't know about any of this. She told him to stop and she told e to leave. He chased me and my brother down the stairs and almost all the way to my house. I think my grandma told him something 'cause he never did it again. As far as she was concerned, this was a one time thing. She never knew what else he did to me. I was traumatized. In fear I didn't tell anyone so for a while only my brother knew. We still hung out with him but he didn't touch me after that but it was awkward. I am now older an I finally told my mom. She was petrified and told me she was gonna talk to my uncle about it. He said he was gonna talk to my cousin about it. I had confronted him last year about it and he just told me he didn't remember doing that. I have a lot of body issues now and opening up to people isn't my best characteristic. I do wanna know tho.. Is what he did considered sexual assault? Was I molested? I don't really know so pls tell me. Sorry this was long but I needed to get this out of my chest. Btw, my dad doesn't know. Should I tell him? If yes, how? Thanks for reading this.",,['\\bconsider(?:ed)?\\s+(?:it\\s+)?(?:sa|sexual\\s+assault)\\b'],"[""\\bi\\s+don[’']t\\s+really\\s+know\\b"", '\\bassault\\b', '\\bconsider(?:ed)?\\s+(?:it\\s+)?(?:sa|sexual\\s+assault)\\b', '\\bmolest(?:ed|ation|ations)?\\b', '\\bsexual(?:ly)?\\s+assault(?:ed|s|ing)?\\b']"
mwb0yj,sexualassault,"Hello, I wanna know if what I'm about to say counts as molestation or sexual assault. (I was young and didn't know better so pls don't judge)",[deleted],1,3,False,0,1619115354,https://www.reddit.com/r/sexualassault/comments/mwb0yj/hello_i_wanna_know_if_what_im_about_to_say_counts/,"When I was 7-8 me and my brother went to my grandma's house a lot since we were neighbors and still are. During that time my cousin's parents were going through a divorce so he stayed there a lot. When we came over we would play Minecraft with him. It was fun which is what made me still go... He started watching some not so child friendly things. During this time he was 11-12. Children copy things they see so you might know where this is going. He started to touch me... First the legs and then inside my pants... My brother was younger than me and was scared of him. My cousin, let's call him Sean. Sean would lock me in with him and then touch me. In the close. Outside the closet. And once in my own house. He wouldn't stop. Why I didn't tell anyone? I thought I was gonna get in trouble. I thought it was my fault. One day though, he decided he was gonna finally do it. You know what I mean. He didn't lock the door though. He grabbed me and kissed e and then touched me. I was terrified. But that day it was all over. My brother ran to my grandma who didn't know about any of this. She told him to stop and she told e to leave. He chased me and my brother down the stairs and almost all the way to my house. I think my grandma told him something 'cause he never did it again. As far as she was concerned, this was a one time thing. She never knew what else he did to me. I was traumatized. In fear I didn't tell anyone so for a while only my brother knew. We still hung out with him but he didn't touch me after that but it was awkward. I am now older an I finally told my mom. She was petrified and told me she was gonna talk to my uncle about it. He said he was gonna talk to my cousin about it. I had confronted him last year about it and he just told me he didn't remember doing that. I have a lot of body issues now and opening up to people isn't my best characteristic. I do wanna know tho.. Is what he did considered sexual assault? Was I molested? I don't really know so pls tell me. Sorry this was long but I needed to get this out of my chest. Btw, my dad doesn't know. Should I tell him? If yes, how? Thanks for reading this.",,['\\bconsider(?:ed)?\\s+(?:it\\s+)?(?:sa|sexual\\s+assault)\\b'],"[""\\bi\\s+don[’']t\\s+really\\s+know\\b"", '\\bassault\\b', '\\bconsider(?:ed)?\\s+(?:it\\s+)?(?:sa|sexual\\s+assault)\\b', '\\bmolest(?:ed|ation|ations)?\\b', '\\bsexual(?:ly)?\\s+assault(?:ed|s|ing)?\\b']"
