post_id,subreddit,title,author,score,num_comments_listed,op_replied,op_reply_count,created_utc,permalink,body,combined_text,matched_ambivalent_phrases,matched_keywords
10olxi4,meToo,i just realized this might be SA,Certain-Database-741,6,6,False,0,1675034336,/r/meToo/comments/10olxi4/i_just_realized_this_might_be_sa/,"so before me(f18) and my bf(m24) became official and we were just talking i remember hanging out with an old friend(m17) and his neighbors(m18 and m28) and we were playing never have i ever with sum vodka on top of this parking garage and ive done alot of stuff they said so i had to drink alot and i even ended up throwing up off the side but they still wanted to play and i drank alot more and when we were done and i was completely obliterated, the neighbor (m28) took me to his place and while my old friend and the other neighbor went back to theirs, he took me to his room where he convinced me to give him head, i wanted to be loyal to who i was talking to  but i had no control over the situation, and when i told my bf about what happened he believes it was SA, i was under the influence and couldnt properly consent. was this SA??","10olxi4 meToo i just realized this might be SA Certain-Database-741 /r/meToo/comments/10olxi4/i_just_realized_this_might_be_sa/ so before me(f18) and my bf(m24) became official and we were just talking i remember hanging out with an old friend(m17) and his neighbors(m18 and m28) and we were playing never have i ever with sum vodka on top of this parking garage and ive done alot of stuff they said so i had to drink alot and i even ended up throwing up off the side but they still wanted to play and i drank alot more and when we were done and i was completely obliterated, the neighbor (m28) took me to his place and while my old friend and the other neighbor went back to theirs, he took me to his room where he convinced me to give him head, i wanted to be loyal to who i was talking to  but i had no control over the situation, and when i told my bf about what happened he believes it was SA, i was under the influence and couldnt properly consent. was this SA??",['\\bwas\\s+this\\s+(?:sa|sexual\\s+assault)\\b'],"['\\bsa\\b', '\\bwas\\s+this\\s+(?:sa|sexual\\s+assault)\\b', '\\bfriend\\b']"
104hhnz,meToo,Does it count as SA if I wasn't r@p3d?,Drunk_Kitten7,2,9,True,2,1672970448,/r/meToo/comments/104hhnz/does_it_count_as_sa_if_i_wasnt_rp3d/,"I used to have a best friend who used me. He would touch me inappropriately saying that if I didn't let him he'd kill himself. I believed him. I also had to pretend to do stuff with him online, even if I hated it under the same threat. It might not sound bad, but it felt really violating. It didn't help that he liked to pretend to rape me a lot. I hated it. I didn't consent to any of this. He used to threaten to tell people that I was doing sexual stuff too, even though it was his fault. I was used like this for six months, which isn't a lot compared to some other people, but I still have nightmares of him touching and using me. That being said, he never went all the way. With time I'm sure he would have, but we never got there. I was wondering if this counted as sexual abuse seeing as be didn't go all the way, or if I'm just being dramatic.

Edit: Thank you so much for your support!","104hhnz meToo Does it count as SA if I wasn't r@p3d? Drunk_Kitten7 /r/meToo/comments/104hhnz/does_it_count_as_sa_if_i_wasnt_rp3d/ I used to have a best friend who used me. He would touch me inappropriately saying that if I didn't let him he'd kill himself. I believed him. I also had to pretend to do stuff with him online, even if I hated it under the same threat. It might not sound bad, but it felt really violating. It didn't help that he liked to pretend to rape me a lot. I hated it. I didn't consent to any of this. He used to threaten to tell people that I was doing sexual stuff too, even though it was his fault. I was used like this for six months, which isn't a lot compared to some other people, but I still have nightmares of him touching and using me. That being said, he never went all the way. With time I'm sure he would have, but we never got there. I was wondering if this counted as sexual abuse seeing as be didn't go all the way, or if I'm just being dramatic.

Edit: Thank you so much for your support!","['\\bit\\s+count(?:s)?\\s+as\\s+(?:sa|sexual\\s+assault)\\b', ""\\bi\\s+didn[’']t\\s+consent\\b""]","['\\bsexual(?:ly)?\\s+abus(?:e|ed|es|ing)\\b', ""\\bi\\s+didn[’']t\\s+consent\\b"", '\\bit\\s+count(?:s)?\\s+as\\s+(?:sa|sexual\\s+assault)\\b', '\\bsa\\b', '\\brape\\b', '\\bfriend\\b']"
v3hktm,meToo,just venting,im_just_a_kat_,2,20,True,5,1654200285,/r/meToo/comments/v3hktm/just_venting/,"So... My cousin raped my almost every day for about a year when i was in kindergarten. Two years. This has impacted me to this day. I m now finishing ninth grade. Have went through a lot of psychologists, non helped. I am suicidal and am self harming partly because of this. every few days i get flashbacks of him saying things like ""if you don't do this, I'll tell a bunch of lies about you!"" Or ""don't tell anyone, or else!"" And him just telling me in great detail how sex works and just making me do it. It was in my grandma's house. While no one noticed he would say something like ""let's go play in grandma's room"" and this was code for let's go have sex. Every time i tried to say no, he just became angry. I didn't know how to stand up for myself so i just went along with it. Now, we meet a lot on family gatherings.","v3hktm meToo just venting im_just_a_kat_ /r/meToo/comments/v3hktm/just_venting/ So... My cousin raped my almost every day for about a year when i was in kindergarten. Two years. This has impacted me to this day. I m now finishing ninth grade. Have went through a lot of psychologists, non helped. I am suicidal and am self harming partly because of this. every few days i get flashbacks of him saying things like ""if you don't do this, I'll tell a bunch of lies about you!"" Or ""don't tell anyone, or else!"" And him just telling me in great detail how sex works and just making me do it. It was in my grandma's house. While no one noticed he would say something like ""let's go play in grandma's room"" and this was code for let's go have sex. Every time i tried to say no, he just became angry. I didn't know how to stand up for myself so i just went along with it. Now, we meet a lot on family gatherings.",['\\bi\\s+just\\s+went\\s+along\\s+with\\s+it\\b'],"['\\bi\\s+just\\s+went\\s+along\\s+with\\s+it\\b', ""\\bi\\s+didn[’']t\\s+know\\b""]"
jafsse,meToo,Was this assault? (please be nice),shayna2007,7,9,True,4,1602603228,/r/meToo/comments/jafsse/was_this_assault_please_be_nice/,"Hi I know I had a similar thing on my depression post but I just need to know I'm currently 13 years old and was (I think) sexual assaulted when I was 12 by an ex(14 years old) . I did say yes but the consent was super blurry he said if he could do something to me that would make me his forever and I said yes blindly and full of trust, and he touched me inside my clothes....  I had a vague idea of what was happening. 

My friend called the school, and the school call the cops, I tried to sue him but the cops said as long as I didn't say no it was consented.... So my best friend of 4 years dropped me for him. A lot of the middle schooler fromy city knows and most blame me for wanting attention. I was called a hoe, attention wanting seeker, liar, life ruining, and manipulative by mostly everyone. 

I tried to make it civil with him since I still loved him and he live in a abusive family so I feel like I have to responsibility to take care of him,but I realized I needed to cut it off so and I did, he told everyone I just wanted him back.

After the incident I talk about it a lot it's like I feel the urge to tell everyone and warn them. So people think I'm just looking for attention. 

He did apologize but it seem like he think he was right for whatever reasons, so did everyone else. People add me to Snapchat group chats just to hate on me, at first one of my friends cousin threatened to fight him, and she just turned against me after I showered. His friends started coming on my Tiktok and hate on everything I post. Saying I confessed a felony which is so he called ""false accusation""

Was this sexual assault?","jafsse meToo Was this assault? (please be nice) shayna2007 /r/meToo/comments/jafsse/was_this_assault_please_be_nice/ Hi I know I had a similar thing on my depression post but I just need to know I'm currently 13 years old and was (I think) sexual assaulted when I was 12 by an ex(14 years old) . I did say yes but the consent was super blurry he said if he could do something to me that would make me his forever and I said yes blindly and full of trust, and he touched me inside my clothes....  I had a vague idea of what was happening. 

My friend called the school, and the school call the cops, I tried to sue him but the cops said as long as I didn't say no it was consented.... So my best friend of 4 years dropped me for him. A lot of the middle schooler fromy city knows and most blame me for wanting attention. I was called a hoe, attention wanting seeker, liar, life ruining, and manipulative by mostly everyone. 

I tried to make it civil with him since I still loved him and he live in a abusive family so I feel like I have to responsibility to take care of him,but I realized I needed to cut it off so and I did, he told everyone I just wanted him back.

After the incident I talk about it a lot it's like I feel the urge to tell everyone and warn them. So people think I'm just looking for attention. 

He did apologize but it seem like he think he was right for whatever reasons, so did everyone else. People add me to Snapchat group chats just to hate on me, at first one of my friends cousin threatened to fight him, and she just turned against me after I showered. His friends started coming on my Tiktok and hate on everything I post. Saying I confessed a felony which is so he called ""false accusation""

Was this sexual assault?","['\\bwas\\s+this\\s+(?:sa|sexual\\s+assault)\\b', ""\\bi\\s+didn[’']t\\s+say\\s+no\\b""]","[""\\bi\\s+didn[’']t\\s+say\\s+no\\b"", '\\bwas\\s+this\\s+(?:sa|sexual\\s+assault)\\b', '\\bassault\\b', '\\bfriend\\b', '\\bsexual(?:ly)?\\s+assault(?:ed|s|ing)?\\b']"
1ofghi5,sexualassault,Was I sexually assaulted?,Talvezumautista,3,3,False,0,1761359968,/r/sexualassault/comments/1ofghi5/was_i_sexually_assaulted/,"23M At the time, my girlfriend and I were spending our vacation at a farm with family members. The place was small, so everyone slept together sharing rooms; there wasn't much privacy.

It turns out that my girlfriend really wanted to have sex, but I didn't want to since we had no privacy. She spent about two days insisting and emotionally blackmailing me, treating me badly. I couldn't take it anymore and gave in to her wishes because I wanted peace.

But in reality, I only did it to get her to stop annoying me. Obviously, we were caught in the act since there were no individual rooms. I feel very ashamed of this, and I also feel angry because she didn't respect my wishes.

However, this event causes me a lot of doubt since I consented to have sex with her, but I didn't want to.

Am I exaggerating, am I crazy, or am I right to be angry?","1ofghi5 sexualassault Was I sexually assaulted? Talvezumautista /r/sexualassault/comments/1ofghi5/was_i_sexually_assaulted/ 23M At the time, my girlfriend and I were spending our vacation at a farm with family members. The place was small, so everyone slept together sharing rooms; there wasn't much privacy.

It turns out that my girlfriend really wanted to have sex, but I didn't want to since we had no privacy. She spent about two days insisting and emotionally blackmailing me, treating me badly. I couldn't take it anymore and gave in to her wishes because I wanted peace.

But in reality, I only did it to get her to stop annoying me. Obviously, we were caught in the act since there were no individual rooms. I feel very ashamed of this, and I also feel angry because she didn't respect my wishes.

However, this event causes me a lot of doubt since I consented to have sex with her, but I didn't want to.

Am I exaggerating, am I crazy, or am I right to be angry?",['\\bwas\\s+i\\s+sexually\\s+assaulted\\b'],"['\\bwas\\s+i\\s+sexually\\s+assaulted\\b', '\\bgirlfriend\\b', '\\bsexual(?:ly)?\\s+assault(?:ed|s|ing)?\\b']"
1oer18z,sexualassault,Was this sexual assault or is this normal,redpandabun,5,5,False,0,1761289582,/r/sexualassault/comments/1oer18z/was_this_sexual_assault_or_is_this_normal/,"I was in sexual relations with a person and this was my second time giving oral to this person and my second time giving oral ever, they said they were close and to keep going and so I did but then they grabbed my head pushing their penis deeper in my mouth and I started gagging a lot and they held my head there as they came. And they came a lot. I didn’t like it at all, they smelled kinda bad and the cum tasted not good and I just gagged a lot. I also really didn’t like that they forced my head to stay there and didn’t warn me that they were about to come and didn’t give me the option to not have it in my mouth. We did not speak of that prior and I just really didn’t enjoy it. I don’t know if it was sa though as it was all consensual beforehand ","1oer18z sexualassault Was this sexual assault or is this normal redpandabun /r/sexualassault/comments/1oer18z/was_this_sexual_assault_or_is_this_normal/ I was in sexual relations with a person and this was my second time giving oral to this person and my second time giving oral ever, they said they were close and to keep going and so I did but then they grabbed my head pushing their penis deeper in my mouth and I started gagging a lot and they held my head there as they came. And they came a lot. I didn’t like it at all, they smelled kinda bad and the cum tasted not good and I just gagged a lot. I also really didn’t like that they forced my head to stay there and didn’t warn me that they were about to come and didn’t give me the option to not have it in my mouth. We did not speak of that prior and I just really didn’t enjoy it. I don’t know if it was sa though as it was all consensual beforehand ",['\\bwas\\s+this\\s+(?:sa|sexual\\s+assault)\\b'],"[""\\bi\\s+don[’']t\\s+know\\b"", '\\bsa\\b', '\\bwas\\s+this\\s+(?:sa|sexual\\s+assault)\\b', '\\bassault\\b', '\\bsexual(?:ly)?\\s+assault(?:ed|s|ing)?\\b']"
1o9e010,sexualassault,Was I sexually assaulted?,Fun-Category1770,4,5,False,0,1760737031,/r/sexualassault/comments/1o9e010/was_i_sexually_assaulted/,"I’m a male in my 30s. I don’t date girls, and I certainly don’t hook up with them for fun either. 

I went on a few dates with this one girl. Shes younger than me. Before the date she hinted at wanting to hug after the date. I know sounds like we are in middle school. But, her and I aren’t physical with the opposite gender so we tend to go for hand shakes usually. 

Anyways, after the date, we were in the car. And she went in for a hug. I hugged her, and as I was pulling out of the hug, she gripped tighter and ask if we can keep hugging for a little more…. 

At this point I was uncomfortable, and made a few comments trying to hint to her that we should stop now. She asked if I’m okay with kissing, I said no. She then put her face on my neck while still hugging me. 

Then as she slowly pulled back, she kissed my cheek. After I said I don’t went to kiss. Then asked me again to kiss, I said no and that it’s not a good idea. But she was persistent, kissed my cheek and neck. And then at that point I just felt pressure to give her a kiss. I went for a peck, she went full on French kiss. One thing let to another. She got touchy, and insisted on coming around and sitting on my side (we are still in the car). I made every excuse for her not to. But she kept insisting. Until we did. And she was aggressive and the whole time I was thinking to myself how uncomfortable I am and how I would like this to be over. 

This happened a couple of months ago. But ever since then, I would think about it every now and then. Idk how to feel about it. Idk what to make of it. 

Afterwards she told me she was ovulating, and that she admits she was a bit “much”. I didn’t say anything. She already felt guilty about the whole thing. So I figured not to make a big deal out of anything. 

At moments while it was happening, I would say I enjoyed it ??? But it’s hard not to? As a male maybe? I’m not sure what to think. 

I do feel like I was taken advantage of. Especially after she told me she was ovulating and she just “needed” it or couldn’t hold herself back. 

Am I overthinking this? Cause to me this doesn’t sound like a common SA scenario. ","1o9e010 sexualassault Was I sexually assaulted? Fun-Category1770 /r/sexualassault/comments/1o9e010/was_i_sexually_assaulted/ I’m a male in my 30s. I don’t date girls, and I certainly don’t hook up with them for fun either. 

I went on a few dates with this one girl. Shes younger than me. Before the date she hinted at wanting to hug after the date. I know sounds like we are in middle school. But, her and I aren’t physical with the opposite gender so we tend to go for hand shakes usually. 

Anyways, after the date, we were in the car. And she went in for a hug. I hugged her, and as I was pulling out of the hug, she gripped tighter and ask if we can keep hugging for a little more…. 

At this point I was uncomfortable, and made a few comments trying to hint to her that we should stop now. She asked if I’m okay with kissing, I said no. She then put her face on my neck while still hugging me. 

Then as she slowly pulled back, she kissed my cheek. After I said I don’t went to kiss. Then asked me again to kiss, I said no and that it’s not a good idea. But she was persistent, kissed my cheek and neck. And then at that point I just felt pressure to give her a kiss. I went for a peck, she went full on French kiss. One thing let to another. She got touchy, and insisted on coming around and sitting on my side (we are still in the car). I made every excuse for her not to. But she kept insisting. Until we did. And she was aggressive and the whole time I was thinking to myself how uncomfortable I am and how I would like this to be over. 

This happened a couple of months ago. But ever since then, I would think about it every now and then. Idk how to feel about it. Idk what to make of it. 

Afterwards she told me she was ovulating, and that she admits she was a bit “much”. I didn’t say anything. She already felt guilty about the whole thing. So I figured not to make a big deal out of anything. 

At moments while it was happening, I would say I enjoyed it ??? But it’s hard not to? As a male maybe? I’m not sure what to think. 

I do feel like I was taken advantage of. Especially after she told me she was ovulating and she just “needed” it or couldn’t hold herself back. 

Am I overthinking this? Cause to me this doesn’t sound like a common SA scenario. ",['\\bwas\\s+i\\s+sexually\\s+assaulted\\b'],"['\\bidk+k*\\b', ""\\bi[’']?m\\s+not\\s+sure\\b"", '\\bsa\\b', '\\bwas\\s+i\\s+sexually\\s+assaulted\\b', '\\bsexual(?:ly)?\\s+assault(?:ed|s|ing)?\\b']"
1o6xd8a,sexualassault,Is this considered SA or Molestation?! TW INVOLVES CHILD,No_Egg8848,3,3,False,0,1760490184,/r/sexualassault/comments/1o6xd8a/is_this_considered_sa_or_molestation_tw_involves/,So when I 17f was a child I wanna say about 5 or 6 I was being babysat by my best friend’s aunt(She was about 12-14) at my house while my mom went somewhere. She decided that she was going to give me a bath and after she started to dry me off with a towel. After she dried me off she laid me on the bed I was still naked and she started licking my private areas. I know this is SA but I was wondering if it was actually considered molestation since I was a child.,1o6xd8a sexualassault Is this considered SA or Molestation?! TW INVOLVES CHILD No_Egg8848 /r/sexualassault/comments/1o6xd8a/is_this_considered_sa_or_molestation_tw_involves/ So when I 17f was a child I wanna say about 5 or 6 I was being babysat by my best friend’s aunt(She was about 12-14) at my house while my mom went somewhere. She decided that she was going to give me a bath and after she started to dry me off with a towel. After she dried me off she laid me on the bed I was still naked and she started licking my private areas. I know this is SA but I was wondering if it was actually considered molestation since I was a child.,['\\bconsider(?:ed)?\\s+(?:it\\s+)?(?:sa|sexual\\s+assault)\\b'],"['\\bsa\\b', '\\bfriend\\b', '\\bmolest(?:ed|ation|ations)?\\b', '\\bconsider(?:ed)?\\s+(?:it\\s+)?(?:sa|sexual\\s+assault)\\b']"
1nvbrfh,sexualassault,Was I Raped?,redacted6942969,20,5,True,2,1759333458,/r/sexualassault/comments/1nvbrfh/was_i_raped/,"When I was 16 I was reached out to by this guy , he reached out to me the day after I got cheated on by his best friend,which is why i knew him. he knew I was in a vulnerable place. I said he could pick me up and we could do something in a day, after we talked for a bit- he was being unusually nice. The morning of I had unexpectedly taken some acid and he picked me up and I was a few hours into the trip. He knew I was tripping. We rode around hung out, then he pulls over and starts to touch me. I was terrified and didn’t know what was happening I felt like I wasn’t in reality. I was mentally pulling away but my body wasn’t moving, I was spaced the whole time, he then proceeded to have sex with me and I didn’t say no or fight him off. I was in a locked car in the middle of nowhere- he asked me if was okay with this i said yes. he had already touched me and in my state at that time i felt it was too late. i was showing no enjoyment or any emotion at all, not even a smile and didn’t care. I was not even in my body anymore. Then the condom broke and he didn’t stop after I said wait and kept going. I was incapacitated. He took me home immediately after and I became a different person. I know I was raped but my shame from not defending myself or telling him to stop, or even saying yes for a moment- makes me feel like a fraud every single day, and I second guess whether that’s what it was - it’s been 7 years and I still feel like gagging when I think about it. I grew up all alone and this was the only way i knew how to keep myself safe in the situation. I don’t know how to feel anymore.","1nvbrfh sexualassault Was I Raped? redacted6942969 /r/sexualassault/comments/1nvbrfh/was_i_raped/ When I was 16 I was reached out to by this guy , he reached out to me the day after I got cheated on by his best friend,which is why i knew him. he knew I was in a vulnerable place. I said he could pick me up and we could do something in a day, after we talked for a bit- he was being unusually nice. The morning of I had unexpectedly taken some acid and he picked me up and I was a few hours into the trip. He knew I was tripping. We rode around hung out, then he pulls over and starts to touch me. I was terrified and didn’t know what was happening I felt like I wasn’t in reality. I was mentally pulling away but my body wasn’t moving, I was spaced the whole time, he then proceeded to have sex with me and I didn’t say no or fight him off. I was in a locked car in the middle of nowhere- he asked me if was okay with this i said yes. he had already touched me and in my state at that time i felt it was too late. i was showing no enjoyment or any emotion at all, not even a smile and didn’t care. I was not even in my body anymore. Then the condom broke and he didn’t stop after I said wait and kept going. I was incapacitated. He took me home immediately after and I became a different person. I know I was raped but my shame from not defending myself or telling him to stop, or even saying yes for a moment- makes me feel like a fraud every single day, and I second guess whether that’s what it was - it’s been 7 years and I still feel like gagging when I think about it. I grew up all alone and this was the only way i knew how to keep myself safe in the situation. I don’t know how to feel anymore.","[""\\bi\\s+didn[’']t\\s+say\\s+no\\b""]","['\\bfriend\\b', ""\\bi\\s+didn[’']t\\s+say\\s+no\\b"", ""\\bi\\s+don[’']t\\s+know\\b""]"
1kdip8t,sexualassault,Was I a victim of sexual assault? I feel like it's my fault.,layla_cupcake,1,1,False,0,1746240064,/r/sexualassault/comments/1kdip8t/was_i_a_victim_of_sexual_assault_i_feel_like_its/,"I will preface this story by saying I am a 17 year old girl currently, these events happened from elementary school all through middle school. So in kindergarten, I befriended this girl, who we will call Ally. We were friends throughout all of elementary school, and we lived super close to each other so I would go to her house pretty much every day. I can't say exactly when this started, but I will estimate maybe like 3rd-4th grade. When I would hangout at Ally's house, she started sitting me down in bed with her, and showing me porn. I know for a fact I told her I didn't want to watch that, as we were both really young and I thought that stuff was weird and it made me uncomfortable. But, she continued anyway saying stuff like ""No just watch this one!"" or ""Please just watch one more with me!"" where I would begrudgingly sit there and watch with her. This happened every time we hung out. Eventually, it escalated from that to her touching herself in bed next to me whenever we would watch together... Which made me way more uncomfortable. However, I had gotten to a point where I gave up telling her I didn't want to because it was useless (save for sometimes I would ask her if we can be done so we could play hide and seek or something). Again, this was happening almost every day since we hung out that often and it happened EVERY HANGOUT. Then, it got worse. Whenever we would change into pajamas for a sleepover or change into a swimsuit to go swimming, she literally would get upset if I went to change in the bathroom. Ally insisted on me changing in her room in front of her, in which she would make comments on my body and how I was super underdeveloped and flat and so forth. It got to a point even, where she would literally tell me ""Hey it looks like your boobs got bigger!"" which I wouldn't even know myself, she just knew my body THAT well. Basically every hangout continued just like that for years, and I became used to it. It's middle school by now, and she had begun insisting I shower at her house. We would go swimming in her family friends pool a lot, and when we would shower after, she insisted I used her moms shower because it was glass instead of curtains, and she could see me that way. I HATED this. But I feel like I can't really blame her because I never necessarily told her to stop, since I thought ""well I guess this is how friendships are supposed to be and I need to suck it up."" So yeah now every hangout with her was consumed by sexual activities in one way or another, us watching porn plus her watching me change/shower and commenting on my body parts the entire time. FYI- I never insisted these things from her either... She would without warning show me her body too, but NEVER with my prompting. With this cycle of our friendship continuing for years and years all through elementary-middle school, where all of the people in our grade were hitting puberty and such, except me because I was a late bloomer. Ally's birthday was coming up and she hosted a small birthday party at her house with only me and one other girl, we will call her Molly. So the party itself is fine I don't really remember much of that, but then once it turned night and Ally's parents went to bed, things took a turn. Ally randomly pulls out a purple vibrator and says ""I found this in my parents room! Lets try it!"" My stomach dropped because I knew I wasn't going to be able to avoid this, even though I really didn't want to. Ally also had a younger brother who we will call Ashton, who is an entire 3 years younger than both of us, so he was still in elementary school. Ashton was there during the entire night but I will get to his part eventually. The night started with Ally turning to me and Molly and saying we should show each other our bodies. Now, I was used to this with Ally, but I barely new Molly so I was not looking forward to this. Molly and Ally immediately took their shirts and bras off and were giggling and commenting on each others chest size. Not only was I just plain uncomfortable with showing my chest, I also was incredibly insecure because of how late of a bloomer I was, so I was pretty flat. Ally already knew what my body looked like, but she wanted me to particapte with her and Molly, so they both turn to me and ask me to take my shirt off, in which I did immediately say no. But then they continued begging and asking me to, saying I was no fun and more. I did eventually and yeah... Molly started immediately making fun of my chest size but thats not even the point. Things continued, and Ashton got involved. Not going to lie, things get a little fuzzy as I was kind of trying to zone out and fade into the background during all of this. But I remember that somehow literal ""stations"" got set up. Where the girls would rotate between who they would basically have sex with/do sexual stuff with. I was with Ashton first, the boy who was 3 years younger than me. I vividly remember crouching with him behind a counter and whispering ""lets just pretend we are doing something, so they don't get mad at us."" And he quickly agreed. We sat there waiting, then I rotated to Ally and Molly rotated to Ashton. When with Ally, she pulled out the vibrator and laid me down on a table and began to use it on me. I didn't protest to this, because I deemed there was no point to and I didn't want to ruin the fun. Ally then asked me to switch and use it on her, so I did. During all of this I remember being so emotionless and just not being as energetic as the other two. We rotated around more I kind of forgot a lot of what happened, but then when I was with Ally again, she asked me to perform oral on her. This was the first time throughout this that I actually said ""No I am NOT doing that."" She was getting frustrated and asked me ""Why? It's not even that bad just do it."" And I stood my ground and refused. Eventually she went, ""Fine I will do it on you then."" In which she did in fact perform it on me, making a comment on how I tasted good or something... Eugh grosses me out to this moment. Then, the two girls insisted Ashton try inserting himself into one of us. They both volunteered me, which was weird because I was clearly the one not wanting to be there the most. I just let it happen, laid on a table as he inserted into me and I completely forgot what it felt like or what I was thinking. I just was zoned out. Eventually things ended, and years later to the beginning of high school I stayed being friends with Ally. One night while we were hanging out, Ashton was talking to me alone and asked if I remembered that night of Ally's birthday. I was shocked he brought it up, but I said yes. He then mentioned that it was a really weird night and he doesn't even know why it all happened. We proceeded to confront Ally actually (I don't know how I got the nerve to), and she said ""I don't remember that ever happening."" Honestly I would've believe her if it weren't for her brother also backing me up that he remembers it. Later on, Ashton tried to convince me to have sex with him and literally chased me around the house... Interesting. I stopped being friends with Ally for other reasons, she was just not very supportive and let her other friends pick on me and our relationship faded. When I confided in one person about this, they spread it around and Ally went up to me saying ""Why is there a rumor being spread around that I raped you?"" and I had a heart attack because I didn't even consider it sexual assault or rape or anything. I blamed myself for everything so the fact she was coming up and saying this scared me because even I myself wouldn't have called it that. 

Sorry for the yapfest guys LMAO. Just I really don't know if this counts and I blame myself for this so I wanted other opinions because I have been reflecting a lot. LMK if i did anything wrong idk how to use reddit ngl.","1kdip8t sexualassault Was I a victim of sexual assault? I feel like it's my fault. layla_cupcake /r/sexualassault/comments/1kdip8t/was_i_a_victim_of_sexual_assault_i_feel_like_its/ I will preface this story by saying I am a 17 year old girl currently, these events happened from elementary school all through middle school. So in kindergarten, I befriended this girl, who we will call Ally. We were friends throughout all of elementary school, and we lived super close to each other so I would go to her house pretty much every day. I can't say exactly when this started, but I will estimate maybe like 3rd-4th grade. When I would hangout at Ally's house, she started sitting me down in bed with her, and showing me porn. I know for a fact I told her I didn't want to watch that, as we were both really young and I thought that stuff was weird and it made me uncomfortable. But, she continued anyway saying stuff like ""No just watch this one!"" or ""Please just watch one more with me!"" where I would begrudgingly sit there and watch with her. This happened every time we hung out. Eventually, it escalated from that to her touching herself in bed next to me whenever we would watch together... Which made me way more uncomfortable. However, I had gotten to a point where I gave up telling her I didn't want to because it was useless (save for sometimes I would ask her if we can be done so we could play hide and seek or something). Again, this was happening almost every day since we hung out that often and it happened EVERY HANGOUT. Then, it got worse. Whenever we would change into pajamas for a sleepover or change into a swimsuit to go swimming, she literally would get upset if I went to change in the bathroom. Ally insisted on me changing in her room in front of her, in which she would make comments on my body and how I was super underdeveloped and flat and so forth. It got to a point even, where she would literally tell me ""Hey it looks like your boobs got bigger!"" which I wouldn't even know myself, she just knew my body THAT well. Basically every hangout continued just like that for years, and I became used to it. It's middle school by now, and she had begun insisting I shower at her house. We would go swimming in her family friends pool a lot, and when we would shower after, she insisted I used her moms shower because it was glass instead of curtains, and she could see me that way. I HATED this. But I feel like I can't really blame her because I never necessarily told her to stop, since I thought ""well I guess this is how friendships are supposed to be and I need to suck it up."" So yeah now every hangout with her was consumed by sexual activities in one way or another, us watching porn plus her watching me change/shower and commenting on my body parts the entire time. FYI- I never insisted these things from her either... She would without warning show me her body too, but NEVER with my prompting. With this cycle of our friendship continuing for years and years all through elementary-middle school, where all of the people in our grade were hitting puberty and such, except me because I was a late bloomer. Ally's birthday was coming up and she hosted a small birthday party at her house with only me and one other girl, we will call her Molly. So the party itself is fine I don't really remember much of that, but then once it turned night and Ally's parents went to bed, things took a turn. Ally randomly pulls out a purple vibrator and says ""I found this in my parents room! Lets try it!"" My stomach dropped because I knew I wasn't going to be able to avoid this, even though I really didn't want to. Ally also had a younger brother who we will call Ashton, who is an entire 3 years younger than both of us, so he was still in elementary school. Ashton was there during the entire night but I will get to his part eventually. The night started with Ally turning to me and Molly and saying we should show each other our bodies. Now, I was used to this with Ally, but I barely new Molly so I was not looking forward to this. Molly and Ally immediately took their shirts and bras off and were giggling and commenting on each others chest size. Not only was I just plain uncomfortable with showing my chest, I also was incredibly insecure because of how late of a bloomer I was, so I was pretty flat. Ally already knew what my body looked like, but she wanted me to particapte with her and Molly, so they both turn to me and ask me to take my shirt off, in which I did immediately say no. But then they continued begging and asking me to, saying I was no fun and more. I did eventually and yeah... Molly started immediately making fun of my chest size but thats not even the point. Things continued, and Ashton got involved. Not going to lie, things get a little fuzzy as I was kind of trying to zone out and fade into the background during all of this. But I remember that somehow literal ""stations"" got set up. Where the girls would rotate between who they would basically have sex with/do sexual stuff with. I was with Ashton first, the boy who was 3 years younger than me. I vividly remember crouching with him behind a counter and whispering ""lets just pretend we are doing something, so they don't get mad at us."" And he quickly agreed. We sat there waiting, then I rotated to Ally and Molly rotated to Ashton. When with Ally, she pulled out the vibrator and laid me down on a table and began to use it on me. I didn't protest to this, because I deemed there was no point to and I didn't want to ruin the fun. Ally then asked me to switch and use it on her, so I did. During all of this I remember being so emotionless and just not being as energetic as the other two. We rotated around more I kind of forgot a lot of what happened, but then when I was with Ally again, she asked me to perform oral on her. This was the first time throughout this that I actually said ""No I am NOT doing that."" She was getting frustrated and asked me ""Why? It's not even that bad just do it."" And I stood my ground and refused. Eventually she went, ""Fine I will do it on you then."" In which she did in fact perform it on me, making a comment on how I tasted good or something... Eugh grosses me out to this moment. Then, the two girls insisted Ashton try inserting himself into one of us. They both volunteered me, which was weird because I was clearly the one not wanting to be there the most. I just let it happen, laid on a table as he inserted into me and I completely forgot what it felt like or what I was thinking. I just was zoned out. Eventually things ended, and years later to the beginning of high school I stayed being friends with Ally. One night while we were hanging out, Ashton was talking to me alone and asked if I remembered that night of Ally's birthday. I was shocked he brought it up, but I said yes. He then mentioned that it was a really weird night and he doesn't even know why it all happened. We proceeded to confront Ally actually (I don't know how I got the nerve to), and she said ""I don't remember that ever happening."" Honestly I would've believe her if it weren't for her brother also backing me up that he remembers it. Later on, Ashton tried to convince me to have sex with him and literally chased me around the house... Interesting. I stopped being friends with Ally for other reasons, she was just not very supportive and let her other friends pick on me and our relationship faded. When I confided in one person about this, they spread it around and Ally went up to me saying ""Why is there a rumor being spread around that I raped you?"" and I had a heart attack because I didn't even consider it sexual assault or rape or anything. I blamed myself for everything so the fact she was coming up and saying this scared me because even I myself wouldn't have called it that. 

Sorry for the yapfest guys LMAO. Just I really don't know if this counts and I blame myself for this so I wanted other opinions because I have been reflecting a lot. LMK if i did anything wrong idk how to use reddit ngl.",['\\bconsider(?:ed)?\\s+(?:it\\s+)?(?:sa|sexual\\s+assault)\\b'],"[""\\bi\\s+(?:genuinely|just|honestly|really|truly|still)\\s+don[’']t\\s+know\\b"", '\\bidk+k*\\b', ""\\bi\\s+don[’']t\\s+know\\b"", '\\bassault\\b', '\\brape\\b', '\\bconsider(?:ed)?\\s+(?:it\\s+)?(?:sa|sexual\\s+assault)\\b', '\\bsexual(?:ly)?\\s+assault(?:ed|s|ing)?\\b']"
1k7nd25,sexualassault,my friend thought i was asleep/blacked out and touched me,artifinte,4,2,False,0,1745593907,/r/sexualassault/comments/1k7nd25/my_friend_thought_i_was_asleepblacked_out_and/,"we had a few drinks and i stayed round his. i’ve always made it adamant im not interested in him like that. anyway i dont remember getting back to his or going to sleep as i was quite drunk. i woke up 2-3 times durning the night to him with his hand in my joggers and underneath my underwear and i just froze. i feel like i should’ve pushed him away or something but i just froze. in the moment i didnt know what to do. im unsure if this is considered SA as i didn’t explicitly say “no” and to my knowledge he didnt actually penetrate me in any way but i cant stop thinking abt it the past few days and the fact he doesnt seem to think anything is wrong is messing with my head

i’ve blocked him on everything and he keeps trying to contact me via friends and old co workers. how does he not understand what he did was wrong? 

edit: thought i should add that the next day he kept asking “do you remember what happened last night” i told him no i dont remember anything after the pub. i tried to pretend like nothing happened as i couldn’t get home till later in the day. i couldnt look him in the eyes at all. he told me apparently we made out. i dont remember that happening at all, and even if i were blackout drunk there’s absolutely no chance i would ever willingly kiss him. 

i keep getting flashbacks of what he did to me and it makes me feel sick","1k7nd25 sexualassault my friend thought i was asleep/blacked out and touched me artifinte /r/sexualassault/comments/1k7nd25/my_friend_thought_i_was_asleepblacked_out_and/ we had a few drinks and i stayed round his. i’ve always made it adamant im not interested in him like that. anyway i dont remember getting back to his or going to sleep as i was quite drunk. i woke up 2-3 times durning the night to him with his hand in my joggers and underneath my underwear and i just froze. i feel like i should’ve pushed him away or something but i just froze. in the moment i didnt know what to do. im unsure if this is considered SA as i didn’t explicitly say “no” and to my knowledge he didnt actually penetrate me in any way but i cant stop thinking abt it the past few days and the fact he doesnt seem to think anything is wrong is messing with my head

i’ve blocked him on everything and he keeps trying to contact me via friends and old co workers. how does he not understand what he did was wrong? 

edit: thought i should add that the next day he kept asking “do you remember what happened last night” i told him no i dont remember anything after the pub. i tried to pretend like nothing happened as i couldn’t get home till later in the day. i couldnt look him in the eyes at all. he told me apparently we made out. i dont remember that happening at all, and even if i were blackout drunk there’s absolutely no chance i would ever willingly kiss him. 

i keep getting flashbacks of what he did to me and it makes me feel sick",['\\bconsider(?:ed)?\\s+(?:it\\s+)?(?:sa|sexual\\s+assault)\\b'],"['\\bsa\\b', '\\bfriend\\b', '\\bconsider(?:ed)?\\s+(?:it\\s+)?(?:sa|sexual\\s+assault)\\b']"
1jrs85a,sexualassault,Was this sexual assault?,xXtbabyyX,1,1,False,0,1743816674,/r/sexualassault/comments/1jrs85a/was_this_sexual_assault/,"I’m 20(F) now and when I was 13 I would stay at my older cousin (M17) house for most weekends. I remember he started making sexual jokes around me and I’d just awkwardly laugh not really understanding them. Some of the jokes came across flirty, but I didn’t realise this until later on so I had just laughed in the moment and not said anything back. During the night, when he thought I was asleep, he started touching me while masturbating besides me. I pretended to stay asleep, because I didn’t know how to stop him. Afterwards, I thought I had just dreamt it and fell asleep. The next morning I woke up to him trying to put his dick inside me, but because I was young he couldn’t get it in. I was confused and thought maybe I gave him the wrong idea because I had laughed at his jokes? Anyway, after that I tried to not be around him as much, but there was a time where I was fried and half asleep and he slapped my ass thinking I was sleeping. A few months ago, my mom was joking about how when I was 6-8 years old I would stay at his house and come home crying every time. I pieced it together and now I have blurry memories of him doing similar things to me as a child as well. I don’t feel upset or traumatised at all I think I’ve just accepted or normalised it, so does this count as sexual assault? Did I maybe seem like I wanted it for laughing at the jokes? 
Also forgot to add - other than this he’s a really nice person everyone in the family loves him and he always talks about how much he respects women. Makes me feel crazy lol.","1jrs85a sexualassault Was this sexual assault? xXtbabyyX /r/sexualassault/comments/1jrs85a/was_this_sexual_assault/ I’m 20(F) now and when I was 13 I would stay at my older cousin (M17) house for most weekends. I remember he started making sexual jokes around me and I’d just awkwardly laugh not really understanding them. Some of the jokes came across flirty, but I didn’t realise this until later on so I had just laughed in the moment and not said anything back. During the night, when he thought I was asleep, he started touching me while masturbating besides me. I pretended to stay asleep, because I didn’t know how to stop him. Afterwards, I thought I had just dreamt it and fell asleep. The next morning I woke up to him trying to put his dick inside me, but because I was young he couldn’t get it in. I was confused and thought maybe I gave him the wrong idea because I had laughed at his jokes? Anyway, after that I tried to not be around him as much, but there was a time where I was fried and half asleep and he slapped my ass thinking I was sleeping. A few months ago, my mom was joking about how when I was 6-8 years old I would stay at his house and come home crying every time. I pieced it together and now I have blurry memories of him doing similar things to me as a child as well. I don’t feel upset or traumatised at all I think I’ve just accepted or normalised it, so does this count as sexual assault? Did I maybe seem like I wanted it for laughing at the jokes? 
Also forgot to add - other than this he’s a really nice person everyone in the family loves him and he always talks about how much he respects women. Makes me feel crazy lol.","['\\bwas\\s+this\\s+(?:sa|sexual\\s+assault)\\b', '\\bdoes\\s+this\\s+count\\s+as\\s+(?:sa|sexual\\s+assault)\\b']","[""\\bi\\s+didn[’']t\\s+know\\b"", '\\bwas\\s+this\\s+(?:sa|sexual\\s+assault)\\b', '\\bassault\\b', '\\bdoes\\s+this\\s+count\\s+as\\s+(?:sa|sexual\\s+assault)\\b', '\\bsexual(?:ly)?\\s+assault(?:ed|s|ing)?\\b']"
1jgqjga,sexualassault,Was I sexually assaulted?,Select_Company4274,0,9,True,3,1742588537,/r/sexualassault/comments/1jgqjga/was_i_sexually_assaulted/,"I (F, early 20s) went to a club with some friends, already a bit drunk. I had a couple more drinks there, but my severe mistake was that I mixed light and dark drinks (rum and coke, gin and tonic), not knowing that you shouldn’t. Definitely not a mistake I’ll make again- I almost completely blacked out after that. I only have a very vague flash of memory after that of staring up at a guy taller than me (I don’t even remember what his face looks like). I woke up in my bed the next morning, the side of my ribs aching like someone had held onto me too tight (or like someone was holding me up), and my lips feeling disgusting and pasty. I asked my friend if someone kissed me and she said yes- she was extremely drunk so she barely remembers, but she said that apparently we were both kissing each other (although hard to tell bc his back was to her). The thing is, when I get drunk (even if not blackout) I tend to stumble, run into walls, and it’s usually obvious I’m drunk. From a short video of my walk home, I was struggling to walk. I’ve only ever kissed someone once before that and HATED the feeling, and I know I would never kiss someone so publicly like that. I’ve been clubbing before and no one has ever approached me like that. It feels like I was taken advantage of, but I’m not sure and I can’t stop thinking about it and feeling horrible — was I sexually assaulted?","1jgqjga sexualassault Was I sexually assaulted? Select_Company4274 /r/sexualassault/comments/1jgqjga/was_i_sexually_assaulted/ I (F, early 20s) went to a club with some friends, already a bit drunk. I had a couple more drinks there, but my severe mistake was that I mixed light and dark drinks (rum and coke, gin and tonic), not knowing that you shouldn’t. Definitely not a mistake I’ll make again- I almost completely blacked out after that. I only have a very vague flash of memory after that of staring up at a guy taller than me (I don’t even remember what his face looks like). I woke up in my bed the next morning, the side of my ribs aching like someone had held onto me too tight (or like someone was holding me up), and my lips feeling disgusting and pasty. I asked my friend if someone kissed me and she said yes- she was extremely drunk so she barely remembers, but she said that apparently we were both kissing each other (although hard to tell bc his back was to her). The thing is, when I get drunk (even if not blackout) I tend to stumble, run into walls, and it’s usually obvious I’m drunk. From a short video of my walk home, I was struggling to walk. I’ve only ever kissed someone once before that and HATED the feeling, and I know I would never kiss someone so publicly like that. I’ve been clubbing before and no one has ever approached me like that. It feels like I was taken advantage of, but I’m not sure and I can’t stop thinking about it and feeling horrible — was I sexually assaulted?",['\\bwas\\s+i\\s+sexually\\s+assaulted\\b'],"[""\\bi[’']?m\\s+not\\s+sure\\b"", '\\bwas\\s+i\\s+sexually\\s+assaulted\\b', '\\bfriend\\b', '\\bsexual(?:ly)?\\s+assault(?:ed|s|ing)?\\b']"
1j1cdt8,sexualassault,not SA so what is it,birdfunerals,1,1,True,2,1740870256,/r/sexualassault/comments/1j1cdt8/not_sa_so_what_is_it/,"what would it be classified as if someone forces you to take off your clothes and sleep next to them? clearly i was not sexually assaulted but i am so confused what that would classify as if anything.

edit: thank you to those letting me know it is considered SA, many people in person have told me it is not SA, so i was confused ","1j1cdt8 sexualassault not SA so what is it birdfunerals /r/sexualassault/comments/1j1cdt8/not_sa_so_what_is_it/ what would it be classified as if someone forces you to take off your clothes and sleep next to them? clearly i was not sexually assaulted but i am so confused what that would classify as if anything.

edit: thank you to those letting me know it is considered SA, many people in person have told me it is not SA, so i was confused ",['\\bconsider(?:ed)?\\s+(?:it\\s+)?(?:sa|sexual\\s+assault)\\b'],"['\\bsa\\b', '\\bsexual(?:ly)?\\s+assault(?:ed|s|ing)?\\b', '\\bconsider(?:ed)?\\s+(?:it\\s+)?(?:sa|sexual\\s+assault)\\b']"
1i9vlbq,sexualassault,is this sexual assault?,For3verisN3ver,1,1,True,4,1737835313,/r/sexualassault/comments/1i9vlbq/is_this_sexual_assault/,"I was filmed without my knowledge, and without my consent. is this considered sexual assault? or is sexual trauma more of an accurate way of describing it?","1i9vlbq sexualassault is this sexual assault? For3verisN3ver /r/sexualassault/comments/1i9vlbq/is_this_sexual_assault/ I was filmed without my knowledge, and without my consent. is this considered sexual assault? or is sexual trauma more of an accurate way of describing it?","['\\bconsider(?:ed)?\\s+(?:it\\s+)?(?:sa|sexual\\s+assault)\\b', '\\bis\\s+this\\s+(?:sa|sexual\\s+assault)\\b']","['\\bis\\s+this\\s+(?:sa|sexual\\s+assault)\\b', '\\bassault\\b', '\\bsexual(?:ly)?\\s+assault(?:ed|s|ing)?\\b', '\\bconsider(?:ed)?\\s+(?:it\\s+)?(?:sa|sexual\\s+assault)\\b']"
1g2bcfb,sexualassault,is this sa TW⚠️⚠️,NerdyKiwi75,1,1,False,0,1728771539,/r/sexualassault/comments/1g2bcfb/is_this_sa_tw/,"so theres a kid at school who makes me really uncomfortable and he stares at other girls asses, jerks through his pants, and makes me uncomfortable on purpose after telling him all the time to stop. most teachers have told me “boys will be boys!” so uh is this sa or no","1g2bcfb sexualassault is this sa TW⚠️⚠️ NerdyKiwi75 /r/sexualassault/comments/1g2bcfb/is_this_sa_tw/ so theres a kid at school who makes me really uncomfortable and he stares at other girls asses, jerks through his pants, and makes me uncomfortable on purpose after telling him all the time to stop. most teachers have told me “boys will be boys!” so uh is this sa or no",['\\bis\\s+this\\s+(?:sa|sexual\\s+assault)\\b'],"['\\bsa\\b', '\\bis\\s+this\\s+(?:sa|sexual\\s+assault)\\b']"
1fwdfn7,sexualassault,Is it normal the abuser plays everything down?,Quick-Photograph-323,1,1,True,4,1728086074,/r/sexualassault/comments/1fwdfn7/is_it_normal_the_abuser_plays_everything_down/,"After confronting my ex about the SA he played it down, used arguments like, you should have blocked me immediately after but you didn’t so it’s not as bad as I describe it. Also he said, you know I like to dominate, don’t you? , we kept having sex afterwards. I went no contact at one point but after ending no contact I slept with my abusive ex. Although he said I suck in bed and the girl after me is a true sex bomb and  I am just too passive and without energy, it proofs, it wasn’t that bad and I am just dramatic making excuses by talking shit about him. Last point I can somehow  understand. I disrespected myself so much and now can’t be taken seriously after breaking no contact. Who can take me serious now?

I am still puzzled about his reaction recently and I do t understand. I had this fantasy he will feel sorry and try his best to make things right. 

Had this ever happened actually? That the abuser tried his best to make things better? 


But I think he knew he did something wrong. In the beginning I didn’t think about the SA but one day he asked me to tell a couple about the first SA experienced 10 years ago. He said I hope you are not in contact with this guy, he may do it again. He looked me in the eyes for a very long time. I think he knew I will go no contact back then. After telling this story everything came back, three weeks later I blocked him but yeah didn’t stay strong for long 
","1fwdfn7 sexualassault Is it normal the abuser plays everything down? Quick-Photograph-323 /r/sexualassault/comments/1fwdfn7/is_it_normal_the_abuser_plays_everything_down/ After confronting my ex about the SA he played it down, used arguments like, you should have blocked me immediately after but you didn’t so it’s not as bad as I describe it. Also he said, you know I like to dominate, don’t you? , we kept having sex afterwards. I went no contact at one point but after ending no contact I slept with my abusive ex. Although he said I suck in bed and the girl after me is a true sex bomb and  I am just too passive and without energy, it proofs, it wasn’t that bad and I am just dramatic making excuses by talking shit about him. Last point I can somehow  understand. I disrespected myself so much and now can’t be taken seriously after breaking no contact. Who can take me serious now?

I am still puzzled about his reaction recently and I do t understand. I had this fantasy he will feel sorry and try his best to make things right. 

Had this ever happened actually? That the abuser tried his best to make things better? 


But I think he knew he did something wrong. In the beginning I didn’t think about the SA but one day he asked me to tell a couple about the first SA experienced 10 years ago. He said I hope you are not in contact with this guy, he may do it again. He looked me in the eyes for a very long time. I think he knew I will go no contact back then. After telling this story everything came back, three weeks later I blocked him but yeah didn’t stay strong for long 
","[""\\bit\\s+wasn[’']t\\s+that\\s+bad\\b""]","['\\bsa\\b', ""\\bit\\s+wasn[’']t\\s+that\\s+bad\\b""]"
1f5paul,sexualassault,was this SA?,Tommyinit_oof,1,1,True,1,1725116531,/r/sexualassault/comments/1f5paul/was_this_sa/,"I have a few friends.  one who is my age (14F). She is gay, (and I have no problem with it, as I'm a part of the community too). but she'll get touchy and close, and I've asked her to stop.  she'll go around slapping my ass, (along with my friends).  was this SA? Why do I feel bad, even if it was?  If I'm rude, she'll whine to her mom, and I'll get in trouble.  

  
Second incident.  my friend, (15F) has a boyfriend (14M).  we were upstairs, on the wrestling deck for P.E.  We were all pretty crowded, trying to get our shoes and go downstairs.  well, my friend's boyfriend, let's call him Jake.  so, as we're all trying to grab our stuff, Jake grabs my chest.  Like, it was not a little accident, but it was a full-on GRABS.  was this SA?  even if it wasn't on purpose?  how do I know if he meant to?  how do I tell my friend?

  
this is the last one.  I (14F) went over to a guy's house (16M).  well, we were hanging out in his room, and he kept asking to see my boobs.  even after I said, no, maybe not right now.  then he shows me a dick pick out of nowhere.  I got uncomfortable but just sat in silence for the rest of the time.  I have a few classes with him.  what do I do?","1f5paul sexualassault was this SA? Tommyinit_oof /r/sexualassault/comments/1f5paul/was_this_sa/ I have a few friends.  one who is my age (14F). She is gay, (and I have no problem with it, as I'm a part of the community too). but she'll get touchy and close, and I've asked her to stop.  she'll go around slapping my ass, (along with my friends).  was this SA? Why do I feel bad, even if it was?  If I'm rude, she'll whine to her mom, and I'll get in trouble.  

  
Second incident.  my friend, (15F) has a boyfriend (14M).  we were upstairs, on the wrestling deck for P.E.  We were all pretty crowded, trying to get our shoes and go downstairs.  well, my friend's boyfriend, let's call him Jake.  so, as we're all trying to grab our stuff, Jake grabs my chest.  Like, it was not a little accident, but it was a full-on GRABS.  was this SA?  even if it wasn't on purpose?  how do I know if he meant to?  how do I tell my friend?

  
this is the last one.  I (14F) went over to a guy's house (16M).  well, we were hanging out in his room, and he kept asking to see my boobs.  even after I said, no, maybe not right now.  then he shows me a dick pick out of nowhere.  I got uncomfortable but just sat in silence for the rest of the time.  I have a few classes with him.  what do I do?",['\\bwas\\s+this\\s+(?:sa|sexual\\s+assault)\\b'],"['\\bsa\\b', '\\bwas\\s+this\\s+(?:sa|sexual\\s+assault)\\b', '\\bfriend\\b', '\\bboyfriend\\b']"
1f0gfk6,sexualassault,I’m confused. Misunderstanding?,ankylosaurus13,1,1,True,2,1724535805,/r/sexualassault/comments/1f0gfk6/im_confused_misunderstanding/,"Hi, I’m (22f) just so confused and I feel like it was my fault. A guy (25) I had gone on a few dates with came over to my place last night. We were kissing and he asked if he could see my boobs. I said yes and took off my shirt. He then asked if he could eat me out and I said yes to that. After doing that for a minute he took off his boxers and started to push into me. I told him it hurt and he just kept pushing. I froze and didn’t know what to do. I finally said stop and he stopped but kept asking to do it in a different position or if he could just stick the tip back in. I started having a panic attack because it reminded me of when I was raped before and I zoned out. He eventually left and then told me today he didn’t want to continue seeing me. I don’t know what happened. I can’t really remember much more and I’ve just been repeatedly having panic attacks. I didn’t say no. I don’t know. He had a really big dick too and it hurt a lot. I don’t know if it is actually sexual assault or not. Maybe it was just a misunderstanding. I should have been more vocal but he just started pushing in and I didn’t know what to do. ","1f0gfk6 sexualassault I’m confused. Misunderstanding? ankylosaurus13 /r/sexualassault/comments/1f0gfk6/im_confused_misunderstanding/ Hi, I’m (22f) just so confused and I feel like it was my fault. A guy (25) I had gone on a few dates with came over to my place last night. We were kissing and he asked if he could see my boobs. I said yes and took off my shirt. He then asked if he could eat me out and I said yes to that. After doing that for a minute he took off his boxers and started to push into me. I told him it hurt and he just kept pushing. I froze and didn’t know what to do. I finally said stop and he stopped but kept asking to do it in a different position or if he could just stick the tip back in. I started having a panic attack because it reminded me of when I was raped before and I zoned out. He eventually left and then told me today he didn’t want to continue seeing me. I don’t know what happened. I can’t really remember much more and I’ve just been repeatedly having panic attacks. I didn’t say no. I don’t know. He had a really big dick too and it hurt a lot. I don’t know if it is actually sexual assault or not. Maybe it was just a misunderstanding. I should have been more vocal but he just started pushing in and I didn’t know what to do. ","[""\\bi\\s+didn[’']t\\s+say\\s+no\\b""]","[""\\bi\\s+didn[’']t\\s+say\\s+no\\b"", ""\\bi\\s+didn[’']t\\s+know\\b"", ""\\bi\\s+don[’']t\\s+know\\b"", '\\bassault\\b', '\\bsexual(?:ly)?\\s+assault(?:ed|s|ing)?\\b']"
1dlqmvf,sexualassault,Is this how things are or was this assault?,20II,1,1,True,7,1719043307,/r/sexualassault/comments/1dlqmvf/is_this_how_things_are_or_was_this_assault/,"Hi, I (22F) was with a guy friend (27M) and we were initially just making out, which was fine. However then he tried to slide his hand to my private area and put his hand over it and asked “is this okay”, I told him “no” and that I didn’t want him to touch there. So we continued making out some more and then later on down the line he put his hand there again and started rubbing and he was asking if he “hit the spot” and I told him “no you don’t have to worry about doing that” and removed his hand. However he kept putting his hand back and even when I told him not to he kept his hand there and was rubbing until I “finished”. I’m not a super assertive person so I was yelling and kicking “no”; I’m not sure if my no’s just weren’t assertive enough or if this is normal; this is the first time I’ve ever experienced something outside of just making out but it didn’t feel right I can’t tell if it’s wrong or if I’m exaggerating. Was I sexually assaulted? 

Edit: I forgot to mention after he did it he asked me something and I just said it was the first time someone did this to me and then he said no one had done it to him and mentioned since he just did it to me that maybe… so I followed his instructions and did it back. I’m not sure if this would discredit it being assault or not, and I’m ashamed I did it but wanted to make sure I gave the whole story to get honest assessment of the situation.","1dlqmvf sexualassault Is this how things are or was this assault? 20II /r/sexualassault/comments/1dlqmvf/is_this_how_things_are_or_was_this_assault/ Hi, I (22F) was with a guy friend (27M) and we were initially just making out, which was fine. However then he tried to slide his hand to my private area and put his hand over it and asked “is this okay”, I told him “no” and that I didn’t want him to touch there. So we continued making out some more and then later on down the line he put his hand there again and started rubbing and he was asking if he “hit the spot” and I told him “no you don’t have to worry about doing that” and removed his hand. However he kept putting his hand back and even when I told him not to he kept his hand there and was rubbing until I “finished”. I’m not a super assertive person so I was yelling and kicking “no”; I’m not sure if my no’s just weren’t assertive enough or if this is normal; this is the first time I’ve ever experienced something outside of just making out but it didn’t feel right I can’t tell if it’s wrong or if I’m exaggerating. Was I sexually assaulted? 

Edit: I forgot to mention after he did it he asked me something and I just said it was the first time someone did this to me and then he said no one had done it to him and mentioned since he just did it to me that maybe… so I followed his instructions and did it back. I’m not sure if this would discredit it being assault or not, and I’m ashamed I did it but wanted to make sure I gave the whole story to get honest assessment of the situation.",['\\bwas\\s+i\\s+sexually\\s+assaulted\\b'],"[""\\bi[’']?m\\s+not\\s+sure\\b"", '\\bassault\\b', '\\bwas\\s+i\\s+sexually\\s+assaulted\\b', '\\bfriend\\b', '\\bsexual(?:ly)?\\s+assault(?:ed|s|ing)?\\b']"
1daq2ss,sexualassault,Help,_Sunny613,1,1,False,0,1717806089,/r/sexualassault/comments/1daq2ss/help/,Ok so when I was 5 years old this other girl (I’m also a girl) was on my bus and we were starting to be friends. One day she asked me if she could see my down there (yk) and then one thing led to another (she started touching down there) and I was like uncomfortable with this bit for some reason I didn’t have the courage to say that I didn’t want this. I’m still friends with her but I don’t know if this would be considered SA,1daq2ss sexualassault Help _Sunny613 /r/sexualassault/comments/1daq2ss/help/ Ok so when I was 5 years old this other girl (I’m also a girl) was on my bus and we were starting to be friends. One day she asked me if she could see my down there (yk) and then one thing led to another (she started touching down there) and I was like uncomfortable with this bit for some reason I didn’t have the courage to say that I didn’t want this. I’m still friends with her but I don’t know if this would be considered SA,['\\bconsider(?:ed)?\\s+(?:it\\s+)?(?:sa|sexual\\s+assault)\\b'],"['\\bsa\\b', ""\\bi\\s+don[’']t\\s+know\\b"", '\\bconsider(?:ed)?\\s+(?:it\\s+)?(?:sa|sexual\\s+assault)\\b']"
1cp7wgi,sexualassault,Am I a victim of SA? (very long post),TheoryWestern1155,1,1,False,0,1715397575,/r/sexualassault/comments/1cp7wgi/am_i_a_victim_of_sa_very_long_post/,"
I have a lot of shame around these events and I still question if my experience is even valid or considered SA. Or if I’m even allowed to call myself a victim.
This is gonna be really long btw. 

For context. I was 16, towards the end of my 11th/Junior year of high school. 

I was good acquaintances/sorta friends with this guy since 8th grade. But we really only reconnected at the end of junior year, when school barely started to allow kids back on campus (post-covid). We would hangout, he’d give me rides homes, and I would let him vent to me about his home life. I think he took my kindness as something more than friendly cuz he would flirt, be sorta touchy and say some of the most uncomfortable things. Over the course of the summer, he’d say “jokes”, truly out of nowhere/unprovoked like:
- What’s your cup size?
- Are you gonna let me nut on your back or what?
- Lemme be with you/close to you
- He’d also send a ton of flirty tiktoks with captions like “double texting the girl you’re obsessed with,” “when you want to kiss her” “when is she gonna realize I’m the man for her” etc.
He would play these all off as jokes or admit there was truth in them. I would reject every single advance. I’d tell him no. I’d tell him we’re not close like THAT. That nothings gonna happen. Or I would try changing subjects or ignoring. Or laughing it off, especially if we were near friends. 
I definitely should’ve been more stern with my boundaries but it’s hard for me. I don’t like confrontation and I hate upsetting people. 
But I’m being 100% honest when I say I never saw this guy as more than a friend and I had no interest in him despite his flirtatious advances.
————————————————————————
Now that most of the context is out of the way, here is

My Story: Trigger Warning (not super graphic):

Let’s call the guy “Drew”. It was around midnight when Drew called me. I answered and all I could hear was him crying hysterically and his car engine. I had never heard or seen this guy cry so I was super worried. All he managed to really say was something along the lines of: “Can I please come and see you? Please. I’m near by please you’re the only one I can talk to.”

 I had to sneak out of my house to meet him at his car. He parked down the street and I walked to his car. The moment I sat down he held me tight, still crying and hyperventilating. But he was also angry. He punched his steering wheel and interior a few times and slammed his door open and shut. I tried comforting him with my words, hugging him, and breathing exercises. When he finally calmed down he basically explained that his stepdad got physically abusive with him and his little brother. I’ll spare the details but it was really bad. And he was mad at himself for essentially running away and leaving his little brother behind. But anyways

He asked if I could move to the driver seat and hug him from there. I KNOW. I should’ve just said no right there and maybe none of this would’ve happened. Idk why but I did it anyway cuz he was still in a sad state. So I sat on him.. hugging him. At first, it was fine?? It was just a hug. But it started to feel physically uncomfortable and I said I wanted to get off. He asked if we could cuddle in the back cuz it would “comfort/relax” him. And again, I KNOW. I should’ve said no. But I was naive and thought it would be innocent and would not go further than that. ESPECIALLY after having such a big mental breakdown and stressful event, I assumed he just really needed comfort and nothing more. Boy was I wrong

So he laid on me and held me. It was fine at first. No weird/inappropriate hand places. Just quiet. But then, as he started to get up, still facing me, he kissed me. And I didn’t kiss back at first. I kinda just froze. As his kiss got more aggressive I complied and kissed back cuz I didn’t know what to do. I couldn’t say anything. And I truly was not expecting it. He tried moving my hand towards his.. you know. But I pulled away. I was corned, leaning against where the door and seat meet. My body was frozen and felt kinda weak from the anxiety and confusion I started to feel. His body weight on top of me made me feel trapped.

(T.W.)
And before I knew it, his hand was in my pants. And I felt pain. I had never ever inserted anything in myself before. I was a virgin. I was even too scared to use tampons. 
It felt like my whole body went into shock. And his fingers hurt so bad. I barely was able to get out the words, “it hurts.” He stopped a little after that but not right away. And I just didn’t say anything after that, still processing what happened; confused. He laid on me again and I just stayed still. Eventually he wanted to leave and we said goodbye. I still wonder if that whole story and crying was a lie or act. Or a form of manipulation.
————————————————————————

I’m so mad I didn’t say no. But I didn’t ever say yes either. I’m so mad that I didn’t push him off me or go off on him. Idk if I was in the fawn or frozen mode. Or both? Or neither? Does this count as SA? Or am I at fault for letting this happen? Why would he want to do that after going through and witnessing such a terrible thing back at home?

For a several months, I didn’t process it. I kept it as a secret. Even if we had only kissed, I would’ve been too ashamed and regretful. For a long time I only saw it as a regretful decision I made; rather than Sexual assault. 
So, unfortunately, I stayed friends with him. We already had began to establish a friend group so I didn’t want to cause any drama or weird tension. Also, he would continue to make sexual jokes after that but we never talked about that night. 
————————————————————————

(T.W) Part 2
Fast forward a month or less. Drew, his cousin, another guy friend, and I were all hanging out. We went to a gas station and wanted to grab some snacks/candy. When I was in one of the aisles by myself, looking at candy or something, Drew needed to get by me ig but he didn’t say anything. So instead, while facing me, he got in between me and the candy, and side-stepped in front of me to squeeze past me. While doing this, he grabbed one of my breast. After he finished getting past me, I just stood there, frozen again.  He just smirked at me and  looked at me in the eyes before he stepped away. No one else saw. 
————————————————————————
I stopped hanging out with him and that whole friend group like 2 months after that. Several months later, after finally opening up to a friend, I decided to block him and avoid him at all costs. I forgot to block his Snapchat I guess and he texted me, questioning what was wrong and why I blocked him. I should’ve just blocked him right then and there. But instead I sorta calmly went off on him about how what he did affected me and I don’t deserve it and that I don’t want to associate with someone who hurt me like that. Etc.
And guess what? He claims he doesn’t remember. And that he’d never do something like that, especially to someone he “cared” about. And gave me the shittiest non-apology apology before I blocked him.
————————————————————————

To this day, over 3 years later, it still affects me. It affects my love/intimate life. I couldn’t even properly have PIV sex with my boyfriend of 2 years cuz I would always have a panic attack. Even if it isn’t considered sexual assault, it was still something that traumatized me physically and psychologically. The thought of it makes me sick to my stomach and makes my chest feel like there’s a huge weight on it. ","1cp7wgi sexualassault Am I a victim of SA? (very long post) TheoryWestern1155 /r/sexualassault/comments/1cp7wgi/am_i_a_victim_of_sa_very_long_post/ 
I have a lot of shame around these events and I still question if my experience is even valid or considered SA. Or if I’m even allowed to call myself a victim.
This is gonna be really long btw. 

For context. I was 16, towards the end of my 11th/Junior year of high school. 

I was good acquaintances/sorta friends with this guy since 8th grade. But we really only reconnected at the end of junior year, when school barely started to allow kids back on campus (post-covid). We would hangout, he’d give me rides homes, and I would let him vent to me about his home life. I think he took my kindness as something more than friendly cuz he would flirt, be sorta touchy and say some of the most uncomfortable things. Over the course of the summer, he’d say “jokes”, truly out of nowhere/unprovoked like:
- What’s your cup size?
- Are you gonna let me nut on your back or what?
- Lemme be with you/close to you
- He’d also send a ton of flirty tiktoks with captions like “double texting the girl you’re obsessed with,” “when you want to kiss her” “when is she gonna realize I’m the man for her” etc.
He would play these all off as jokes or admit there was truth in them. I would reject every single advance. I’d tell him no. I’d tell him we’re not close like THAT. That nothings gonna happen. Or I would try changing subjects or ignoring. Or laughing it off, especially if we were near friends. 
I definitely should’ve been more stern with my boundaries but it’s hard for me. I don’t like confrontation and I hate upsetting people. 
But I’m being 100% honest when I say I never saw this guy as more than a friend and I had no interest in him despite his flirtatious advances.
————————————————————————
Now that most of the context is out of the way, here is

My Story: Trigger Warning (not super graphic):

Let’s call the guy “Drew”. It was around midnight when Drew called me. I answered and all I could hear was him crying hysterically and his car engine. I had never heard or seen this guy cry so I was super worried. All he managed to really say was something along the lines of: “Can I please come and see you? Please. I’m near by please you’re the only one I can talk to.”

 I had to sneak out of my house to meet him at his car. He parked down the street and I walked to his car. The moment I sat down he held me tight, still crying and hyperventilating. But he was also angry. He punched his steering wheel and interior a few times and slammed his door open and shut. I tried comforting him with my words, hugging him, and breathing exercises. When he finally calmed down he basically explained that his stepdad got physically abusive with him and his little brother. I’ll spare the details but it was really bad. And he was mad at himself for essentially running away and leaving his little brother behind. But anyways

He asked if I could move to the driver seat and hug him from there. I KNOW. I should’ve just said no right there and maybe none of this would’ve happened. Idk why but I did it anyway cuz he was still in a sad state. So I sat on him.. hugging him. At first, it was fine?? It was just a hug. But it started to feel physically uncomfortable and I said I wanted to get off. He asked if we could cuddle in the back cuz it would “comfort/relax” him. And again, I KNOW. I should’ve said no. But I was naive and thought it would be innocent and would not go further than that. ESPECIALLY after having such a big mental breakdown and stressful event, I assumed he just really needed comfort and nothing more. Boy was I wrong

So he laid on me and held me. It was fine at first. No weird/inappropriate hand places. Just quiet. But then, as he started to get up, still facing me, he kissed me. And I didn’t kiss back at first. I kinda just froze. As his kiss got more aggressive I complied and kissed back cuz I didn’t know what to do. I couldn’t say anything. And I truly was not expecting it. He tried moving my hand towards his.. you know. But I pulled away. I was corned, leaning against where the door and seat meet. My body was frozen and felt kinda weak from the anxiety and confusion I started to feel. His body weight on top of me made me feel trapped.

(T.W.)
And before I knew it, his hand was in my pants. And I felt pain. I had never ever inserted anything in myself before. I was a virgin. I was even too scared to use tampons. 
It felt like my whole body went into shock. And his fingers hurt so bad. I barely was able to get out the words, “it hurts.” He stopped a little after that but not right away. And I just didn’t say anything after that, still processing what happened; confused. He laid on me again and I just stayed still. Eventually he wanted to leave and we said goodbye. I still wonder if that whole story and crying was a lie or act. Or a form of manipulation.
————————————————————————

I’m so mad I didn’t say no. But I didn’t ever say yes either. I’m so mad that I didn’t push him off me or go off on him. Idk if I was in the fawn or frozen mode. Or both? Or neither? Does this count as SA? Or am I at fault for letting this happen? Why would he want to do that after going through and witnessing such a terrible thing back at home?

For a several months, I didn’t process it. I kept it as a secret. Even if we had only kissed, I would’ve been too ashamed and regretful. For a long time I only saw it as a regretful decision I made; rather than Sexual assault. 
So, unfortunately, I stayed friends with him. We already had began to establish a friend group so I didn’t want to cause any drama or weird tension. Also, he would continue to make sexual jokes after that but we never talked about that night. 
————————————————————————

(T.W) Part 2
Fast forward a month or less. Drew, his cousin, another guy friend, and I were all hanging out. We went to a gas station and wanted to grab some snacks/candy. When I was in one of the aisles by myself, looking at candy or something, Drew needed to get by me ig but he didn’t say anything. So instead, while facing me, he got in between me and the candy, and side-stepped in front of me to squeeze past me. While doing this, he grabbed one of my breast. After he finished getting past me, I just stood there, frozen again.  He just smirked at me and  looked at me in the eyes before he stepped away. No one else saw. 
————————————————————————
I stopped hanging out with him and that whole friend group like 2 months after that. Several months later, after finally opening up to a friend, I decided to block him and avoid him at all costs. I forgot to block his Snapchat I guess and he texted me, questioning what was wrong and why I blocked him. I should’ve just blocked him right then and there. But instead I sorta calmly went off on him about how what he did affected me and I don’t deserve it and that I don’t want to associate with someone who hurt me like that. Etc.
And guess what? He claims he doesn’t remember. And that he’d never do something like that, especially to someone he “cared” about. And gave me the shittiest non-apology apology before I blocked him.
————————————————————————

To this day, over 3 years later, it still affects me. It affects my love/intimate life. I couldn’t even properly have PIV sex with my boyfriend of 2 years cuz I would always have a panic attack. Even if it isn’t considered sexual assault, it was still something that traumatized me physically and psychologically. The thought of it makes me sick to my stomach and makes my chest feel like there’s a huge weight on it. ","['\\bconsider(?:ed)?\\s+(?:it\\s+)?(?:sa|sexual\\s+assault)\\b', '\\bam\\s+i\\s+(?:a\\s+)?victim\\b', '\\bdoes\\s+this\\s+count\\s+as\\s+(?:sa|sexual\\s+assault)\\b', ""\\bi\\s+didn[’']t\\s+say\\s+no\\b""]","['\\bboyfriend\\b', '\\bam\\s+i\\s+(?:a\\s+)?victim\\b', ""\\bi\\s+didn[’']t\\s+say\\s+no\\b"", ""\\bi\\s+didn[’']t\\s+know\\b"", '\\bidk+k*\\b', '\\bsa\\b', '\\bassault\\b', '\\bconsider(?:ed)?\\s+(?:it\\s+)?(?:sa|sexual\\s+assault)\\b', '\\bdoes\\s+this\\s+count\\s+as\\s+(?:sa|sexual\\s+assault)\\b', '\\bfriend\\b', '\\bsexual(?:ly)?\\s+assault(?:ed|s|ing)?\\b']"
1ck1gl7,sexualassault,Struggling to understand if this was SA,Chemical_Nerve_7693,1,1,False,0,1714832553,/r/sexualassault/comments/1ck1gl7/struggling_to_understand_if_this_was_sa/,"So a couple years ago when I was still in college I went to a party with my friends. While there, I ran into a guy (let’s call him Jim) who I went on one date with before. I ended up not being interested in him, but i didn’t explicitly say that to him (I just started rejecting all his requests to hang out again/responded super slow which ik was bad of me to not be direct) so I think he was still under the impression that he had a chance. I was already super drunk from the pregame and so were my friends, so when Jim saw me he immediately struck up a conversation and led me around the party, causing me to be separated from my friends. I somehow ended up in this quieter room sitting on a couch with Jim and some random other guys. I started to realize I did not want to be there but again I was super drunk and couldn’t even sit up straight. 

We were all just chatting for a while but then Jim started to hold my waist and move closer. I was uncomfortable but so scared and confused all I did was sit there. He starts touching lower on my thighs and he kept kissing the side of my head. He ended up groping my genitals through my underwear as I was wearing a skirt. We walked around the room and he kept holding on to me and kissing/smelling my face/hair. I felt like it was my fault for being so uncomfortable and that I needed to relax and just let it happen. Not to mention there were two other guys in the room  who were acting like nothing was happening so it made me feel like I was the wrong one for feeling so scared. I couldn’t look at him once the whole night.

This all came back to me in bits and pieces the next few days. I told my friends some parts of it but I was too ashamed to say anything else. I’ve been thinking about it ever since and I am still having a hard time understanding whether or not this is SA. This sounds stupid but because I didn’t directly reject him initially and I didn’t say no/push him away when he was touching me (and the two people watching didn’t intervene) that I caused it myself. Or that it wasn’t even that bad and other people have experienced way worse. I sometimes have this weird fantasy where I want to recreate what happened with my current boyfriend - where I’m Jim and he’s me in that situation…so I can kind of feel like my bf can relate to me? Like I can be the one in control of the scenario? I’m not really sure but it also makes me feel like maybe I did like it and that’s why I have a fantasy about it now.

I’m sorry this was so rambly and long. I feel so weird and gross when I think about it and I’ve never fully vented about it out of shame. I think in my heart ik this was probably SA but I’m desperate for someone to validate me or give me a reality check.","1ck1gl7 sexualassault Struggling to understand if this was SA Chemical_Nerve_7693 /r/sexualassault/comments/1ck1gl7/struggling_to_understand_if_this_was_sa/ So a couple years ago when I was still in college I went to a party with my friends. While there, I ran into a guy (let’s call him Jim) who I went on one date with before. I ended up not being interested in him, but i didn’t explicitly say that to him (I just started rejecting all his requests to hang out again/responded super slow which ik was bad of me to not be direct) so I think he was still under the impression that he had a chance. I was already super drunk from the pregame and so were my friends, so when Jim saw me he immediately struck up a conversation and led me around the party, causing me to be separated from my friends. I somehow ended up in this quieter room sitting on a couch with Jim and some random other guys. I started to realize I did not want to be there but again I was super drunk and couldn’t even sit up straight. 

We were all just chatting for a while but then Jim started to hold my waist and move closer. I was uncomfortable but so scared and confused all I did was sit there. He starts touching lower on my thighs and he kept kissing the side of my head. He ended up groping my genitals through my underwear as I was wearing a skirt. We walked around the room and he kept holding on to me and kissing/smelling my face/hair. I felt like it was my fault for being so uncomfortable and that I needed to relax and just let it happen. Not to mention there were two other guys in the room  who were acting like nothing was happening so it made me feel like I was the wrong one for feeling so scared. I couldn’t look at him once the whole night.

This all came back to me in bits and pieces the next few days. I told my friends some parts of it but I was too ashamed to say anything else. I’ve been thinking about it ever since and I am still having a hard time understanding whether or not this is SA. This sounds stupid but because I didn’t directly reject him initially and I didn’t say no/push him away when he was touching me (and the two people watching didn’t intervene) that I caused it myself. Or that it wasn’t even that bad and other people have experienced way worse. I sometimes have this weird fantasy where I want to recreate what happened with my current boyfriend - where I’m Jim and he’s me in that situation…so I can kind of feel like my bf can relate to me? Like I can be the one in control of the scenario? I’m not really sure but it also makes me feel like maybe I did like it and that’s why I have a fantasy about it now.

I’m sorry this was so rambly and long. I feel so weird and gross when I think about it and I’ve never fully vented about it out of shame. I think in my heart ik this was probably SA but I’m desperate for someone to validate me or give me a reality check.","[""\\bi\\s+didn[’']t\\s+say\\s+no\\b""]","['\\bsa\\b', '\\bboyfriend\\b', ""\\bi\\s+didn[’']t\\s+say\\s+no\\b""]"
1c887hm,sexualassault,Is this Sexual Assault?,Extreme-Village1722,1,1,False,0,1713561420,/r/sexualassault/comments/1c887hm/is_this_sexual_assault/,"⚠️Trigger Warning ⚠️This is kinda graphic I think.

I was exposed to sexual things from a very young age. My brother is severely autistic and basically not there mentally. Ever since we were in maybe middle school or late elementary school, my brother would Jack off constantly. It didn’t matter where he was: in the living room, at school, in public, etc. As we got older he would actually go and Jack off regularly in my, my other older brothers, and my parents beds. This is something I hated about him the most. He would come into my room, break my stuff, and Jack off in my bed. I don’t know anyone else that has experienced something like this (besides my other family members). Only he could make me feel so violated, so repulsed, and so disgusted. The anger this brings me is intense. 

Fast forward to maybe 8th grade; I am standing in the living room of my household and am not paying attention to my surroundings. My brother comes up behind me and presses his boner against my butt and starts rubbing it and pushing. I yell at him and aggressively push him away from me. I am appalled, he had never done anything that far before. Yes he has squeezed my prepubescent boobs a couple of times, and would sometimes stare at me while he jacked off in front of me, but he had never done it like that before. I ran into the kitchen and told my family about it immediately. They all laughed at me and said “That’s just how he is.”, I already felt awful, but my family laughing at my face made me feel like I was overreacting. I didn’t cry about it. I forgot about that instance for several years, but a couple of years ago I randomly remembered it. Ever since I think about it quite often. I dwell on it a lot. Is it really assault if the perpetrator doesn’t even know what he’s doing? Am I overreacting? 

Another strange  instance (not assault, just weird): The first time I ever saw someone ejaculate was when I was in the bathroom with my special needs brother. Throughout my childhood me and my oldest brother would help my autistic brother with his bathroom needs, but there is one instance that I will never forget. One time I was helping my brother on the toilet (this was in middle school), and his penis looked red and painful, I had never seen it look that bad. After a couple of minutes I saw white stuff come out of it, I was so concerned that I went and got my father. He looked down at the toilet and then at me and started laughing, “He’s fine, you’ll understand when you’re older” I felt so confused, I felt really uncomfortable and grossed out. I learned that much later what it was. He doesn’t normally finish when he jacks off, so this is actually the time I had and have ever seen that happen with him.

This is the first time I’ve posted on Reddit, I’m not really a social media person, but I need to know if this is assault or if I am just overthinking it.","1c887hm sexualassault Is this Sexual Assault? Extreme-Village1722 /r/sexualassault/comments/1c887hm/is_this_sexual_assault/ ⚠️Trigger Warning ⚠️This is kinda graphic I think.

I was exposed to sexual things from a very young age. My brother is severely autistic and basically not there mentally. Ever since we were in maybe middle school or late elementary school, my brother would Jack off constantly. It didn’t matter where he was: in the living room, at school, in public, etc. As we got older he would actually go and Jack off regularly in my, my other older brothers, and my parents beds. This is something I hated about him the most. He would come into my room, break my stuff, and Jack off in my bed. I don’t know anyone else that has experienced something like this (besides my other family members). Only he could make me feel so violated, so repulsed, and so disgusted. The anger this brings me is intense. 

Fast forward to maybe 8th grade; I am standing in the living room of my household and am not paying attention to my surroundings. My brother comes up behind me and presses his boner against my butt and starts rubbing it and pushing. I yell at him and aggressively push him away from me. I am appalled, he had never done anything that far before. Yes he has squeezed my prepubescent boobs a couple of times, and would sometimes stare at me while he jacked off in front of me, but he had never done it like that before. I ran into the kitchen and told my family about it immediately. They all laughed at me and said “That’s just how he is.”, I already felt awful, but my family laughing at my face made me feel like I was overreacting. I didn’t cry about it. I forgot about that instance for several years, but a couple of years ago I randomly remembered it. Ever since I think about it quite often. I dwell on it a lot. Is it really assault if the perpetrator doesn’t even know what he’s doing? Am I overreacting? 

Another strange  instance (not assault, just weird): The first time I ever saw someone ejaculate was when I was in the bathroom with my special needs brother. Throughout my childhood me and my oldest brother would help my autistic brother with his bathroom needs, but there is one instance that I will never forget. One time I was helping my brother on the toilet (this was in middle school), and his penis looked red and painful, I had never seen it look that bad. After a couple of minutes I saw white stuff come out of it, I was so concerned that I went and got my father. He looked down at the toilet and then at me and started laughing, “He’s fine, you’ll understand when you’re older” I felt so confused, I felt really uncomfortable and grossed out. I learned that much later what it was. He doesn’t normally finish when he jacks off, so this is actually the time I had and have ever seen that happen with him.

This is the first time I’ve posted on Reddit, I’m not really a social media person, but I need to know if this is assault or if I am just overthinking it.",['\\bis\\s+this\\s+(?:sa|sexual\\s+assault)\\b'],"[""\\bi\\s+don[’']t\\s+know\\b"", '\\bassault\\b', '\\bsexual(?:ly)?\\s+assault(?:ed|s|ing)?\\b', '\\bis\\s+this\\s+(?:sa|sexual\\s+assault)\\b']"
1blfgbq,sexualassault,I was inappropriately touched at a bar by women.,Sovereigntyranny,1,1,True,6,1711155302,/r/sexualassault/comments/1blfgbq/i_was_inappropriately_touched_at_a_bar_by_women/,"This happened over a year ago.

I was standing, minding my own business, and two women physically grabbed my ass from behind pretty hard, at the point to where it kinda send me flying. It surprised the shit out of me. I didn’t know the two women at all. 

I was sadly teased by some of my family members over the situation, too.  

I’ve asked my friends and people if this is sexual assault or sexual harassment, and I keep getting answers for both.

Was this sexual assault?","1blfgbq sexualassault I was inappropriately touched at a bar by women. Sovereigntyranny /r/sexualassault/comments/1blfgbq/i_was_inappropriately_touched_at_a_bar_by_women/ This happened over a year ago.

I was standing, minding my own business, and two women physically grabbed my ass from behind pretty hard, at the point to where it kinda send me flying. It surprised the shit out of me. I didn’t know the two women at all. 

I was sadly teased by some of my family members over the situation, too.  

I’ve asked my friends and people if this is sexual assault or sexual harassment, and I keep getting answers for both.

Was this sexual assault?",['\\bwas\\s+this\\s+(?:sa|sexual\\s+assault)\\b'],"[""\\bi\\s+didn[’']t\\s+know\\b"", '\\bwas\\s+this\\s+(?:sa|sexual\\s+assault)\\b', '\\bassault\\b', '\\bsexual(?:ly)?\\s+assault(?:ed|s|ing)?\\b', '\\bsexual(?:ly)?\\s+harass(?:ment|ments|ed|es|ing)?\\b']"
1az9fif,sexualassault,is this SA or am I being super dramatic?? warning kind of detailed,GardenOld1227,1,1,False,0,1708818927,/r/sexualassault/comments/1az9fif/is_this_sa_or_am_i_being_super_dramatic_warning/,"was it SA if I was 14/15 and he was 18? And he never forced me exactly but he never took no for an answer and begged me until I caved in and let him have his way? He told me I could never tell anyone because it would be considered statutory (not even my mom who he knew I was close with) and told me we would both have records and get into trouble if I did so I could never say anything to anyone. I didn’t understand how these things worked so I took it at face value and believed it and stayed silent the entire time we dated. And it never progressed into penetrative sex but he constantly made me do things with my hands and mouth I wasn’t comfortable with; I have a horrible gag reflex and he made me throw up from how rough he was one time. But I said yes to these things?? They weren’t my idea, sure, but he begged and begged and eventually I DID say yes so… is it assault or am I just really dramatic? ","1az9fif sexualassault is this SA or am I being super dramatic?? warning kind of detailed GardenOld1227 /r/sexualassault/comments/1az9fif/is_this_sa_or_am_i_being_super_dramatic_warning/ was it SA if I was 14/15 and he was 18? And he never forced me exactly but he never took no for an answer and begged me until I caved in and let him have his way? He told me I could never tell anyone because it would be considered statutory (not even my mom who he knew I was close with) and told me we would both have records and get into trouble if I did so I could never say anything to anyone. I didn’t understand how these things worked so I took it at face value and believed it and stayed silent the entire time we dated. And it never progressed into penetrative sex but he constantly made me do things with my hands and mouth I wasn’t comfortable with; I have a horrible gag reflex and he made me throw up from how rough he was one time. But I said yes to these things?? They weren’t my idea, sure, but he begged and begged and eventually I DID say yes so… is it assault or am I just really dramatic? ",['\\bis\\s+this\\s+(?:sa|sexual\\s+assault)\\b'],"['\\bsa\\b', ""\\bi\\s+didn[’']t\\s+understand\\b"", '\\bassault\\b', '\\bis\\s+this\\s+(?:sa|sexual\\s+assault)\\b']"
19b4qxo,sexualassault,did my brother (9m) sa me (6f)?,ResponsibleCable1920,1,0,True,3,1705729854,/r/sexualassault/comments/19b4qxo/did_my_brother_9m_sa_me_6f/,"When I was younger (I think around 6 or younger) my brother used to touch me. It started one night when we were having a sleepover downstairs and I fell asleep. When I woke up my pants and underwear were off and he was touching me. I was super confused and I didn’t know what was going on. I ended up going upstairs into my own bed. throughout the next year we would play games like doctor and doll. Doctor is like the typical game that I’m sure you guys know about but doll was where I would pretend to be a doll (couldn’t move or talk) and he would be able to do whatever he wanted to me. My clothes were always off at the end of the game. I don’t know why I just sat there and let it happen. He also tried a few times to put it in. He would also put his mouth down there and make me do the same to him. 

My question: is this SA? I’m just not sure because since we were both super young maybe he just didn’t know what he was doing. now (about 8 years later) he acts like nothing happened. I act like I don’t remember but It’s always in the back of my mind.","19b4qxo sexualassault did my brother (9m) sa me (6f)? ResponsibleCable1920 /r/sexualassault/comments/19b4qxo/did_my_brother_9m_sa_me_6f/ When I was younger (I think around 6 or younger) my brother used to touch me. It started one night when we were having a sleepover downstairs and I fell asleep. When I woke up my pants and underwear were off and he was touching me. I was super confused and I didn’t know what was going on. I ended up going upstairs into my own bed. throughout the next year we would play games like doctor and doll. Doctor is like the typical game that I’m sure you guys know about but doll was where I would pretend to be a doll (couldn’t move or talk) and he would be able to do whatever he wanted to me. My clothes were always off at the end of the game. I don’t know why I just sat there and let it happen. He also tried a few times to put it in. He would also put his mouth down there and make me do the same to him. 

My question: is this SA? I’m just not sure because since we were both super young maybe he just didn’t know what he was doing. now (about 8 years later) he acts like nothing happened. I act like I don’t remember but It’s always in the back of my mind.",['\\bis\\s+this\\s+(?:sa|sexual\\s+assault)\\b'],"['\\bsa\\b', ""\\bi\\s+didn[’']t\\s+know\\b"", ""\\bi\\s+don[’']t\\s+know\\b"", '\\bis\\s+this\\s+(?:sa|sexual\\s+assault)\\b']"
194eth9,sexualassault,Was it really SA? Or am I overreacting?,Stock_Animator7487,1,6,True,1,1705012925,/r/sexualassault/comments/194eth9/was_it_really_sa_or_am_i_overreacting/,"I still do think about this till this day.My ex and I got together last july, he wanted to take things very fast, he wanted to do sexual stuff even tho we were together for only 2 weeks(just a small info, i never done sexual stuff with anyone he was my first).What I do consider SA is that he kept begging me for a blow job numerous times, I kept saying no until i gave in and said yes.No, i did not enjoy it.I only did it for his pleasure,I would do it for the sake of him not asking agian but he still did.When i asked him if he could do the same to me he refused, saying he has back pain.Another thing is that he fingered me and i bled  A LOT, yes i am a virgin, but my hymen was intact and still is.I wasn't even wet enough, i told him to stop because it was very uncomfortable.I couldnt even stop bleeding.After it did stop to bleed he asked again to so it but i refused because i felt terrible.He also wanted to fuck me, we didnt do this because i kept lying him even tho i felt that i shouldn't do it with him so i didnt.He got mad when i refused and wouldn't even talk to me.
I spoke with my friends about this, and they said it is not SA because i agreed to do those things...but i felt obligated and i did not do it for joy.So what do you guys think was it really SA?? Or am i overreacting because he hurt me?","194eth9 sexualassault Was it really SA? Or am I overreacting? Stock_Animator7487 /r/sexualassault/comments/194eth9/was_it_really_sa_or_am_i_overreacting/ I still do think about this till this day.My ex and I got together last july, he wanted to take things very fast, he wanted to do sexual stuff even tho we were together for only 2 weeks(just a small info, i never done sexual stuff with anyone he was my first).What I do consider SA is that he kept begging me for a blow job numerous times, I kept saying no until i gave in and said yes.No, i did not enjoy it.I only did it for his pleasure,I would do it for the sake of him not asking agian but he still did.When i asked him if he could do the same to me he refused, saying he has back pain.Another thing is that he fingered me and i bled  A LOT, yes i am a virgin, but my hymen was intact and still is.I wasn't even wet enough, i told him to stop because it was very uncomfortable.I couldnt even stop bleeding.After it did stop to bleed he asked again to so it but i refused because i felt terrible.He also wanted to fuck me, we didnt do this because i kept lying him even tho i felt that i shouldn't do it with him so i didnt.He got mad when i refused and wouldn't even talk to me.
I spoke with my friends about this, and they said it is not SA because i agreed to do those things...but i felt obligated and i did not do it for joy.So what do you guys think was it really SA?? Or am i overreacting because he hurt me?",['\\bconsider(?:ed)?\\s+(?:it\\s+)?(?:sa|sexual\\s+assault)\\b'],"['\\bsa\\b', '\\bconsider(?:ed)?\\s+(?:it\\s+)?(?:sa|sexual\\s+assault)\\b']"
18921w9,sexualassault,Is it assault if it's other children of the same age?,Ok_Requirement9697,1,0,False,0,1701517479,/r/sexualassault/comments/18921w9/is_it_assault_if_its_other_children_of_the_same/,"When I was five, I lived in a neighborhood with lots of other children. There was a boy who I called my boyfriend and he called me his girlfriend. He was also five. I can remember a few times that we were playing in a playhouse with his sister there. I think his sister was at least 8 years old but may have been older. 

So while in this playhouse, his sister told us that if we really love each other we have to have sex. Being five, I didn't know what that was. So she talked us through it. There was no penetration, but I do remember us being completely naked. I think basically all that happened was he put his penis up against me. 

This happened at least 3 times that I remember. At some point an adult caught us and asked what we were doing. I can vividly remember saying ""oh we were just having sex!"", like it was completely normal. I had no idea that it was something I shouldn't be doing.

The sister also had him do this with her as well. I don't remember her exact age. 

I was apparently a big mouth of a child and told a lot of people about this. Which caused me a lot of grief from other kids at school, especially older ones. I remember getting off the bus crying because an older girl yelled at me because I told one of my friends ""I had sex with ""boys name"". 

I can't remember at any point if anyone actually made sure I was okay. I just remember being treated like I did something wrong and it was my fault. Which looking back, kind of breaks my heart for my childhood self. 

I'm kind of conflicted if this is actually considered sexual assault, due to the ages of everyone involved.","18921w9 sexualassault Is it assault if it's other children of the same age? Ok_Requirement9697 /r/sexualassault/comments/18921w9/is_it_assault_if_its_other_children_of_the_same/ When I was five, I lived in a neighborhood with lots of other children. There was a boy who I called my boyfriend and he called me his girlfriend. He was also five. I can remember a few times that we were playing in a playhouse with his sister there. I think his sister was at least 8 years old but may have been older. 

So while in this playhouse, his sister told us that if we really love each other we have to have sex. Being five, I didn't know what that was. So she talked us through it. There was no penetration, but I do remember us being completely naked. I think basically all that happened was he put his penis up against me. 

This happened at least 3 times that I remember. At some point an adult caught us and asked what we were doing. I can vividly remember saying ""oh we were just having sex!"", like it was completely normal. I had no idea that it was something I shouldn't be doing.

The sister also had him do this with her as well. I don't remember her exact age. 

I was apparently a big mouth of a child and told a lot of people about this. Which caused me a lot of grief from other kids at school, especially older ones. I remember getting off the bus crying because an older girl yelled at me because I told one of my friends ""I had sex with ""boys name"". 

I can't remember at any point if anyone actually made sure I was okay. I just remember being treated like I did something wrong and it was my fault. Which looking back, kind of breaks my heart for my childhood self. 

I'm kind of conflicted if this is actually considered sexual assault, due to the ages of everyone involved.",['\\bconsider(?:ed)?\\s+(?:it\\s+)?(?:sa|sexual\\s+assault)\\b'],"['\\bboyfriend\\b', ""\\bi\\s+didn[’']t\\s+know\\b"", '\\bassault\\b', '\\bconsider(?:ed)?\\s+(?:it\\s+)?(?:sa|sexual\\s+assault)\\b', '\\bgirlfriend\\b', '\\bsexual(?:ly)?\\s+assault(?:ed|s|ing)?\\b']"
188mc1w,sexualassault,SA or overreacting?,Brilliant_Pause_1639,1,0,True,3,1701464496,/r/sexualassault/comments/188mc1w/sa_or_overreacting/,"This happened about a year ago with my ex boyfriend. We were having lunch together and about 10 or 20 minutes in, he started to unzip and unbutton my pants. Before it happened, I never give him consent to do so but at the same time it was happening, I was too scared to say no or stop and kind of froze up. Then he stuck his fingers in me and started thrusting them and it hurt really bad. He stopped after a few seconds after he saw I didn’t like it and fixed my pants. Was this SA or not because I was too scared to tell him to stop? If it isn’t, please don’t be rude and correct me on my thought.","188mc1w sexualassault SA or overreacting? Brilliant_Pause_1639 /r/sexualassault/comments/188mc1w/sa_or_overreacting/ This happened about a year ago with my ex boyfriend. We were having lunch together and about 10 or 20 minutes in, he started to unzip and unbutton my pants. Before it happened, I never give him consent to do so but at the same time it was happening, I was too scared to say no or stop and kind of froze up. Then he stuck his fingers in me and started thrusting them and it hurt really bad. He stopped after a few seconds after he saw I didn’t like it and fixed my pants. Was this SA or not because I was too scared to tell him to stop? If it isn’t, please don’t be rude and correct me on my thought.",['\\bwas\\s+this\\s+(?:sa|sexual\\s+assault)\\b'],"['\\bsa\\b', '\\bwas\\s+this\\s+(?:sa|sexual\\s+assault)\\b', '\\bboyfriend\\b']"
188edec,sexualassault,Am I just overreacting?,ThatOneBlondeChickk,1,0,False,0,1701443869,/r/sexualassault/comments/188edec/am_i_just_overreacting/,"  Back in March I started talking to this guy from school. Our schedules didn’t align so we never got to see each other. After a few weeks of talking he asked to hangout. I made it very aware before we met up AND while I was there that I will not participate in anything sexual. 

  I showed up to his house and we went to go get food. The conversation was pretty awkward because this was our first time meeting in person. After we finished lunch we headed back to his house so we could just hangout and talk. Immediately when we got into his room he started kissing and feeling up on me. I was okay with the kissing but he kept begging for me to have sex with him. After many, “I don’t know”’s, “I don’t think that’s a good idea”, “maybe”, he moved on to asking for a bj. Again, he was still begging and I was unsure. Eventually I gave in. 

  After the deed was done, he told me he had to go to work but the day before he said he had the day off… I grabbed my things and I left. I checked my Snapchat and saw that he blocked me. I soon found out I was blocked on everything. The car ride home was unbearable. As soon as I got home I immediately started screaming/crying. I cried. and cried. for hours. 

  Is this considered SA? I feel as though there was so much I could’ve done but I gave in because, 1. We were home alone, 2. I didn’t know what he was capable of. I understand that SA comes in all forms but I feel as though mine isn’t valid. 
Not many people around me know about what happened because I’m ashamed. I opened up to a guy friend about that incident and another situation that happened with a close family friend that absolutely destroyed me. He called me many names such as “whore”, “slut”, “you deserved it”, “all women think everything is rape”. That was a stab in the chest.","188edec sexualassault Am I just overreacting? ThatOneBlondeChickk /r/sexualassault/comments/188edec/am_i_just_overreacting/   Back in March I started talking to this guy from school. Our schedules didn’t align so we never got to see each other. After a few weeks of talking he asked to hangout. I made it very aware before we met up AND while I was there that I will not participate in anything sexual. 

  I showed up to his house and we went to go get food. The conversation was pretty awkward because this was our first time meeting in person. After we finished lunch we headed back to his house so we could just hangout and talk. Immediately when we got into his room he started kissing and feeling up on me. I was okay with the kissing but he kept begging for me to have sex with him. After many, “I don’t know”’s, “I don’t think that’s a good idea”, “maybe”, he moved on to asking for a bj. Again, he was still begging and I was unsure. Eventually I gave in. 

  After the deed was done, he told me he had to go to work but the day before he said he had the day off… I grabbed my things and I left. I checked my Snapchat and saw that he blocked me. I soon found out I was blocked on everything. The car ride home was unbearable. As soon as I got home I immediately started screaming/crying. I cried. and cried. for hours. 

  Is this considered SA? I feel as though there was so much I could’ve done but I gave in because, 1. We were home alone, 2. I didn’t know what he was capable of. I understand that SA comes in all forms but I feel as though mine isn’t valid. 
Not many people around me know about what happened because I’m ashamed. I opened up to a guy friend about that incident and another situation that happened with a close family friend that absolutely destroyed me. He called me many names such as “whore”, “slut”, “you deserved it”, “all women think everything is rape”. That was a stab in the chest.",['\\bconsider(?:ed)?\\s+(?:it\\s+)?(?:sa|sexual\\s+assault)\\b'],"[""\\bi\\s+didn[’']t\\s+know\\b"", ""\\bi\\s+don[’']t\\s+know\\b"", '\\bsa\\b', '\\brape\\b', '\\bconsider(?:ed)?\\s+(?:it\\s+)?(?:sa|sexual\\s+assault)\\b', '\\bfriend\\b']"
17nnoqo,sexualassault,Is there point in reporting,FakeAx,1,0,True,1,1699110655,/r/sexualassault/comments/17nnoqo/is_there_point_in_reporting/,"My friend (F17) was out for Halloween and while kissing a guy (M17) he grabbed her hand and put it down his pants while forcing his other hand between her legs.
She said no and tried to pull away buy he held it in place.
I am urging her to tell her parents at least but she doesn’t see a point in going to the police about it.
Is there much point in going past telling her parents.
This was in UK
She has his socials
Nobody witnessed it happening so she is convincing herself it wasn’t that bad because it didn’t go further and that she should have stopped it.","17nnoqo sexualassault Is there point in reporting FakeAx /r/sexualassault/comments/17nnoqo/is_there_point_in_reporting/ My friend (F17) was out for Halloween and while kissing a guy (M17) he grabbed her hand and put it down his pants while forcing his other hand between her legs.
She said no and tried to pull away buy he held it in place.
I am urging her to tell her parents at least but she doesn’t see a point in going to the police about it.
Is there much point in going past telling her parents.
This was in UK
She has his socials
Nobody witnessed it happening so she is convincing herself it wasn’t that bad because it didn’t go further and that she should have stopped it.","[""\\bit\\s+wasn[’']t\\s+that\\s+bad\\b""]","[""\\bit\\s+wasn[’']t\\s+that\\s+bad\\b"", '\\bfriend\\b']"
16jmy1z,sexualassault,is this sexual assault,Tasty_Page_6470,1,0,False,0,1694807368,/r/sexualassault/comments/16jmy1z/is_this_sexual_assault/,"i had a friend and him and i frequently hooked up but one day when he told me to meet up with him i told myself i didn’t want to do anything sexual that day because i just wasn‘t in the mood to
when we arrived at friends house (i met his friend for the first time that day) he told me to take half of a ecstasy pill (blue punisher) i told him i didn‘t want to but he didn‘t stop pressuring me until i took it. he also gave me some alcohol to drink. after that he took me to his friends bedroom and left me there alone for a couple of minutes and came back with some powder on his finger (i still don‘t know what it was till this day)  and told me to open my mouth which i didn‘t so he just stuck his finger in my mouth. after that he started kissing me and i told him i didn‘t want to but he didn‘t stop and told me that wants to have sex with me and didn‘t stop.
i continued to tell him that i didn’t want to while he started touching me and told me to undress myself which i didn’t do but it didn‘t stop him from doing what he was doing. so we ended up having sex. he did things i didn‘t want like using a toy while he was also inside me. he repeatedly asked me if i liked it and at that point i was scared to say no so i just kept my mouth shut. i cried he didn’t care. i bled he didn‘t care. he didn‘t use a condom so after he came he made promise that if i were to get pregnant i would abort. after all that he told me to get dressed and he just went back to his friend. 
i don‘t know if it was sexual assault or not i mean we did hook up in the past so technically i did give him permission.","16jmy1z sexualassault is this sexual assault Tasty_Page_6470 /r/sexualassault/comments/16jmy1z/is_this_sexual_assault/ i had a friend and him and i frequently hooked up but one day when he told me to meet up with him i told myself i didn’t want to do anything sexual that day because i just wasn‘t in the mood to
when we arrived at friends house (i met his friend for the first time that day) he told me to take half of a ecstasy pill (blue punisher) i told him i didn‘t want to but he didn‘t stop pressuring me until i took it. he also gave me some alcohol to drink. after that he took me to his friends bedroom and left me there alone for a couple of minutes and came back with some powder on his finger (i still don‘t know what it was till this day)  and told me to open my mouth which i didn‘t so he just stuck his finger in my mouth. after that he started kissing me and i told him i didn‘t want to but he didn‘t stop and told me that wants to have sex with me and didn‘t stop.
i continued to tell him that i didn’t want to while he started touching me and told me to undress myself which i didn’t do but it didn‘t stop him from doing what he was doing. so we ended up having sex. he did things i didn‘t want like using a toy while he was also inside me. he repeatedly asked me if i liked it and at that point i was scared to say no so i just kept my mouth shut. i cried he didn’t care. i bled he didn‘t care. he didn‘t use a condom so after he came he made promise that if i were to get pregnant i would abort. after all that he told me to get dressed and he just went back to his friend. 
i don‘t know if it was sexual assault or not i mean we did hook up in the past so technically i did give him permission.",['\\bis\\s+this\\s+(?:sa|sexual\\s+assault)\\b'],"['\\bis\\s+this\\s+(?:sa|sexual\\s+assault)\\b', '\\bfriend\\b', '\\bassault\\b', '\\bsexual(?:ly)?\\s+assault(?:ed|s|ing)?\\b']"
16ct0p7,sexualassault,Was this sexual assault?,Ancient-Ad-1612,1,0,False,0,1694126564,/r/sexualassault/comments/16ct0p7/was_this_sexual_assault/,"I (22F) got sexually assaulted twice last year but two guys I was seeing and both times it was almost identical. There was no aggression or violence and no physical rape so i’m really confused on whether this was SA or not. 

The first time I had come home from a second date with this guy from the bar and we started making out. Not even 2 minutes in he had stripped me of all my clothes and started going down on me. I was super shocked at the moment but I assumed that he was just trying to be dominant. At some point he put me on top of him and as we were kissing he tried to slip *it* in me, without a condom, and without asking for my permission. 
I instantly jumped off and freaked out but didn’t realize until the next day what had happened. 

3 months later I was going out with a second guy and because of the first incident I had made it very very clear that I didn’t want to have sex until I was exclusive with someone. He completely agreed and one night he came over to my house and we started making out. He kept on telling me how much he wished we could have sex and I kept responding that I know but I had my rule and we had talked about it. Every time he said he understood but kept bringing up how he wants to have sex. eventually i got fed up and said ‘i said no’. anyways we kept ‘hooking up’ and just like with the last guy I was naked on top of him and he tried to put it in without my permission (even after I said no around 4-5 times). 

The second time it hit me much faster and I instantly started crying and i kicked the guy out. 

This experience has really affected me but nothing *actually* happened (ie it wasn’t rape) and so I don’t know if it was SA and if i have the right to be upset by it after all this time.","16ct0p7 sexualassault Was this sexual assault? Ancient-Ad-1612 /r/sexualassault/comments/16ct0p7/was_this_sexual_assault/ I (22F) got sexually assaulted twice last year but two guys I was seeing and both times it was almost identical. There was no aggression or violence and no physical rape so i’m really confused on whether this was SA or not. 

The first time I had come home from a second date with this guy from the bar and we started making out. Not even 2 minutes in he had stripped me of all my clothes and started going down on me. I was super shocked at the moment but I assumed that he was just trying to be dominant. At some point he put me on top of him and as we were kissing he tried to slip *it* in me, without a condom, and without asking for my permission. 
I instantly jumped off and freaked out but didn’t realize until the next day what had happened. 

3 months later I was going out with a second guy and because of the first incident I had made it very very clear that I didn’t want to have sex until I was exclusive with someone. He completely agreed and one night he came over to my house and we started making out. He kept on telling me how much he wished we could have sex and I kept responding that I know but I had my rule and we had talked about it. Every time he said he understood but kept bringing up how he wants to have sex. eventually i got fed up and said ‘i said no’. anyways we kept ‘hooking up’ and just like with the last guy I was naked on top of him and he tried to put it in without my permission (even after I said no around 4-5 times). 

The second time it hit me much faster and I instantly started crying and i kicked the guy out. 

This experience has really affected me but nothing *actually* happened (ie it wasn’t rape) and so I don’t know if it was SA and if i have the right to be upset by it after all this time.",['\\bwas\\s+this\\s+(?:sa|sexual\\s+assault)\\b'],"[""\\bi\\s+don[’']t\\s+know\\b"", '\\bsa\\b', '\\bwas\\s+this\\s+(?:sa|sexual\\s+assault)\\b', '\\bassault\\b', '\\brape\\b', '\\bsexual(?:ly)?\\s+assault(?:ed|s|ing)?\\b']"
167r924,sexualassault,I was blackout drunk and can’t remember but but I may have “consented”,Huge_Ad_8265,1,0,False,0,1693623929,/r/sexualassault/comments/167r924/i_was_blackout_drunk_and_cant_remember_but_but_i/,"Basically I went out clubbing with friends. I’m not sure how but I got VERY drunk. One of my friends invited a guy to come out with us and somehow I ended up in bed with him at the end of the night. My original plan for the night was just to go home and I don’t even remember walking back to my friends apartment or getting into bed with this guy who I’d just met. I briefly remember having sex but I don’t remember it being initiated and I also wonder if I fell asleep during it because before i knew it, it was daylight and we were still having sex. The guy also gave me a line of coke which I have never done before. 

The whole situation is very very unlike me. I am usually pretty responsible and the next day I felt disgusting I just wanted to sit in the shower and wash it all away. I went to the hospital for std/pregnancy checks but I’m worried that I’ve blown everything out of proportion. 

I’m wondering if I did consent at the time or made it seem like I was enjoying it but I was so blackout drunk and high I’ve forgotten most of the night. It was also very painful and there was blood on the sheets. Was this SA?","167r924 sexualassault I was blackout drunk and can’t remember but but I may have “consented” Huge_Ad_8265 /r/sexualassault/comments/167r924/i_was_blackout_drunk_and_cant_remember_but_but_i/ Basically I went out clubbing with friends. I’m not sure how but I got VERY drunk. One of my friends invited a guy to come out with us and somehow I ended up in bed with him at the end of the night. My original plan for the night was just to go home and I don’t even remember walking back to my friends apartment or getting into bed with this guy who I’d just met. I briefly remember having sex but I don’t remember it being initiated and I also wonder if I fell asleep during it because before i knew it, it was daylight and we were still having sex. The guy also gave me a line of coke which I have never done before. 

The whole situation is very very unlike me. I am usually pretty responsible and the next day I felt disgusting I just wanted to sit in the shower and wash it all away. I went to the hospital for std/pregnancy checks but I’m worried that I’ve blown everything out of proportion. 

I’m wondering if I did consent at the time or made it seem like I was enjoying it but I was so blackout drunk and high I’ve forgotten most of the night. It was also very painful and there was blood on the sheets. Was this SA?",['\\bwas\\s+this\\s+(?:sa|sexual\\s+assault)\\b'],"[""\\bi[’']?m\\s+not\\s+sure\\b"", '\\bsa\\b', '\\bwas\\s+this\\s+(?:sa|sexual\\s+assault)\\b']"
161yjli,sexualassault,my roommate..,Motor_Reception_2852,1,0,False,0,1693064525,/r/sexualassault/comments/161yjli/my_roommate/,my (18f) roommate (18f) of two days brought a girl also our age to our dorm last night and they had sex for hours thinking i was asleep when i had really just gone into fight or flight mode because of previous assaults. they were in a bed in the same room about 5 feet from me with no barrier between me and them. was this sexual assault?,161yjli sexualassault my roommate.. Motor_Reception_2852 /r/sexualassault/comments/161yjli/my_roommate/ my (18f) roommate (18f) of two days brought a girl also our age to our dorm last night and they had sex for hours thinking i was asleep when i had really just gone into fight or flight mode because of previous assaults. they were in a bed in the same room about 5 feet from me with no barrier between me and them. was this sexual assault?,['\\bwas\\s+this\\s+(?:sa|sexual\\s+assault)\\b'],"['\\bwas\\s+this\\s+(?:sa|sexual\\s+assault)\\b', '\\bassault\\b', '\\bsexual(?:ly)?\\s+assault(?:ed|s|ing)?\\b']"
15cf4ed,sexualassault,Why am i doubting the entirety of it?,sadthingfr,7,2,False,0,1690593654,/r/sexualassault/comments/15cf4ed/why_am_i_doubting_the_entirety_of_it/,"TW!! 
I don't know where to start, but long story short version: i was 13, he was 18. we were dating online and started meeting up eventually. things started to get sexual on texts mostly, but then we'd start making out on dates, one thing would lead to another and there were certain sexual activities involved in real life too. i thought it was okay, people around me didn't warn me so i really thought it was okay. he was graduating for fuck's sake and i was getting promoted to 10th grade. it's been 5 years now and i still get flashbacks, it makes me panic and i have been sexually assaulted before, it all comes back every now and then in huge waves and makes me feel terrible. i just didn't know if this counted as SA. i still get doubts, i still try to bury this as deep within me as possible but it doesn't work? and he got married like an year ago? can u believe that? he's happy, living a guilt free life telling people that i broke his heart- uh when he literally groomed me. i know the doubts are just a way for my brain to play tricks on me, but does this count as sexual assault?","15cf4ed sexualassault Why am i doubting the entirety of it? sadthingfr /r/sexualassault/comments/15cf4ed/why_am_i_doubting_the_entirety_of_it/ TW!! 
I don't know where to start, but long story short version: i was 13, he was 18. we were dating online and started meeting up eventually. things started to get sexual on texts mostly, but then we'd start making out on dates, one thing would lead to another and there were certain sexual activities involved in real life too. i thought it was okay, people around me didn't warn me so i really thought it was okay. he was graduating for fuck's sake and i was getting promoted to 10th grade. it's been 5 years now and i still get flashbacks, it makes me panic and i have been sexually assaulted before, it all comes back every now and then in huge waves and makes me feel terrible. i just didn't know if this counted as SA. i still get doubts, i still try to bury this as deep within me as possible but it doesn't work? and he got married like an year ago? can u believe that? he's happy, living a guilt free life telling people that i broke his heart- uh when he literally groomed me. i know the doubts are just a way for my brain to play tricks on me, but does this count as sexual assault?",['\\bdoes\\s+this\\s+count\\s+as\\s+(?:sa|sexual\\s+assault)\\b'],"[""\\bi\\s+(?:genuinely|just|honestly|really|truly|still)\\s+didn[’']t\\s+know\\b"", ""\\bi\\s+don[’']t\\s+know\\b"", '\\bsa\\b', '\\bassault\\b', '\\bdoes\\s+this\\s+count\\s+as\\s+(?:sa|sexual\\s+assault)\\b', '\\bsexual(?:ly)?\\s+assault(?:ed|s|ing)?\\b']"
14g5coj,sexualassault,Do I tell my husband?,TryNotToBridezilla,2,4,True,1,1687444867,/r/sexualassault/comments/14g5coj/do_i_tell_my_husband/,"Sorry if this makes no sense. I have the tail end of a migraine and my thoughts are a bit all over the place

My main dilemma is whether to tell my husband. I’ve never told anyone (but I did have witnesses) and I never saw the need to tell him, but I’m so stressed right now (work, family, etc) and maybe getting this off my chest would help. But I don’t know if it’s bad enough? Or what if he thinks work of me?

I’ve had a few experiences that I’m not exactly comfortable with, but I honestly don’t know how to label them. I’ve been pressured into sexual acts multiple times since I was 13. They were all boys my age, so I didn’t think it was wrong? But it also didn’t feel okay. 

When I was 19, an old “friend” pressured/coerced my into sex a few times. I hated him, I hated it, but not as much as it made me hate myself. I was is a dark place at the time. And it was my fault because I met up with him more than once, and I knew what he was going to do and I said no a dozen times, but he always wore me down. But I should’ve know. He’d just come out of prison for rape. But he made me feel so bad. He was so lonely and he had no friends and he made a mistake and he was sorry. And it wasn’t like he physically forced me. And maybe I thought I deserved it. 

Then I met my husband and I dragged myself out of that place. I tried to forget about it all, pretend it was normal, that everyone has that grey area in their past. 

A few years later, I went for dinner with some friends. We met around 6, had dinner, then went home, one girl worked super early shift so we left about 7:30. We had about a 10 minute walk to the station through a well lit town centre. It wasn’t very busy because it was cold and a Tuesday, but there were three of us, restaurants were still open, the occasional car came past… We were stopped my two older guys (60’s?) and one was clearly drunk (the other didn’t say much). He rambled for a bit about how we had our whole lives against us and we were so lucky. It was weird, so I stood in front of my friends a bit and tried to make our excuses, but it seemed pretty harmless and I was always raised to be polite, particularly to the older generation. Then he reached out and grabbed my boobs. I froze. I did absolutely nothing. Then we left. We got on the train and went home. I cried in the shower. 

I was wearing a thick coat, leggings and a dress. It was well lit. I was walking with friends. 

But it wasn’t that bad right? He didn’t hurt me. It was over my clothes. It was six years ago so what difference would it even make to tell anyone? And is it even really assault? 

Then sometimes I worry that he got away with that so he might have done worse next time. And if he did, that’s my fault too. 

And now my boss strokes my hair and rubs my shoulders and I hate myself. 

Do I tell my husband? Will he be hurt that I didn’t tell him for 6 years? Will he even understand because it doesn’t even cross his mind that I don’t want to walk home at night or that I always tell someone where I am and which was home I walk?","14g5coj sexualassault Do I tell my husband? TryNotToBridezilla /r/sexualassault/comments/14g5coj/do_i_tell_my_husband/ Sorry if this makes no sense. I have the tail end of a migraine and my thoughts are a bit all over the place

My main dilemma is whether to tell my husband. I’ve never told anyone (but I did have witnesses) and I never saw the need to tell him, but I’m so stressed right now (work, family, etc) and maybe getting this off my chest would help. But I don’t know if it’s bad enough? Or what if he thinks work of me?

I’ve had a few experiences that I’m not exactly comfortable with, but I honestly don’t know how to label them. I’ve been pressured into sexual acts multiple times since I was 13. They were all boys my age, so I didn’t think it was wrong? But it also didn’t feel okay. 

When I was 19, an old “friend” pressured/coerced my into sex a few times. I hated him, I hated it, but not as much as it made me hate myself. I was is a dark place at the time. And it was my fault because I met up with him more than once, and I knew what he was going to do and I said no a dozen times, but he always wore me down. But I should’ve know. He’d just come out of prison for rape. But he made me feel so bad. He was so lonely and he had no friends and he made a mistake and he was sorry. And it wasn’t like he physically forced me. And maybe I thought I deserved it. 

Then I met my husband and I dragged myself out of that place. I tried to forget about it all, pretend it was normal, that everyone has that grey area in their past. 

A few years later, I went for dinner with some friends. We met around 6, had dinner, then went home, one girl worked super early shift so we left about 7:30. We had about a 10 minute walk to the station through a well lit town centre. It wasn’t very busy because it was cold and a Tuesday, but there were three of us, restaurants were still open, the occasional car came past… We were stopped my two older guys (60’s?) and one was clearly drunk (the other didn’t say much). He rambled for a bit about how we had our whole lives against us and we were so lucky. It was weird, so I stood in front of my friends a bit and tried to make our excuses, but it seemed pretty harmless and I was always raised to be polite, particularly to the older generation. Then he reached out and grabbed my boobs. I froze. I did absolutely nothing. Then we left. We got on the train and went home. I cried in the shower. 

I was wearing a thick coat, leggings and a dress. It was well lit. I was walking with friends. 

But it wasn’t that bad right? He didn’t hurt me. It was over my clothes. It was six years ago so what difference would it even make to tell anyone? And is it even really assault? 

Then sometimes I worry that he got away with that so he might have done worse next time. And if he did, that’s my fault too. 

And now my boss strokes my hair and rubs my shoulders and I hate myself. 

Do I tell my husband? Will he be hurt that I didn’t tell him for 6 years? Will he even understand because it doesn’t even cross his mind that I don’t want to walk home at night or that I always tell someone where I am and which was home I walk?","[""\\bit\\s+wasn[’']t\\s+that\\s+bad\\b""]","[""\\bi\\s+(?:genuinely|just|honestly|really|truly|still)\\s+don[’']t\\s+know\\b"", ""\\bit\\s+wasn[’']t\\s+that\\s+bad\\b"", ""\\bi\\s+don[’']t\\s+know\\b"", '\\bassault\\b', '\\brape\\b', '\\bhusband\\b', '\\bfriend\\b']"
13xt5kc,sexualassault,Was this SA?,[deleted],5,6,True,5,1685653083,/r/sexualassault/comments/13xt5kc/was_this_sa/,"Hey guys, just wanted input here. A few nights ago some friends and myself were watching a movie. My friends are really in the 17-19 age range. This might though one of the girls brought her little sister (14f). I noticed during the movie that one of the guys (19m) had his hand on her upper leg during the movie. Is that SA or just him being dumb? I know I need to talk to him about it and to stop being dumb either way, but could he get into legal trouble because her age? Assuming this is all that happened (I think it is).","13xt5kc sexualassault Was this SA? [deleted] /r/sexualassault/comments/13xt5kc/was_this_sa/ Hey guys, just wanted input here. A few nights ago some friends and myself were watching a movie. My friends are really in the 17-19 age range. This might though one of the girls brought her little sister (14f). I noticed during the movie that one of the guys (19m) had his hand on her upper leg during the movie. Is that SA or just him being dumb? I know I need to talk to him about it and to stop being dumb either way, but could he get into legal trouble because her age? Assuming this is all that happened (I think it is).",['\\bwas\\s+this\\s+(?:sa|sexual\\s+assault)\\b'],"['\\bsa\\b', '\\bwas\\s+this\\s+(?:sa|sexual\\s+assault)\\b']"
13ladsc,sexualassault,Is this sexual assault/abuse?,gabrielle__18,5,7,True,3,1684442812,/r/sexualassault/comments/13ladsc/is_this_sexual_assaultabuse/,"Is it sexual assault if a guy that I live with was laying in bed with me and starts to touch me inappropriately. I was on my laptop and he was doing it behind the screen. I said stop two times and he continued to do it and tried to put his **** in me.   
Afterwards he said he didn’t hear me when I said stop.","13ladsc sexualassault Is this sexual assault/abuse? gabrielle__18 /r/sexualassault/comments/13ladsc/is_this_sexual_assaultabuse/ Is it sexual assault if a guy that I live with was laying in bed with me and starts to touch me inappropriately. I was on my laptop and he was doing it behind the screen. I said stop two times and he continued to do it and tried to put his **** in me.   
Afterwards he said he didn’t hear me when I said stop.",['\\bis\\s+this\\s+(?:sa|sexual\\s+assault)\\b'],"['\\bis\\s+this\\s+(?:sa|sexual\\s+assault)\\b', '\\bassault\\b', '\\bsexual(?:ly)?\\s+assault(?:ed|s|ing)?\\b']"
13ga79l,sexualassault,can i call myself a victim? i feel like i don't deserve to call myself that,brel1654,7,9,True,4,1683961626,/r/sexualassault/comments/13ga79l/can_i_call_myself_a_victim_i_feel_like_i_dont/,am i a victim?? id consider anyone else in my situation an SA victim but i just can't understand how i can be considered one. basically i feel like since i wasn't raped in any way i can't call myself a victim. even though i wouldn't say that about anyone else it's just what my warped mentally ill brain makes me think about myself. can't wrap my head around me being a victim. i don't deserve to call myself one. this doesn't even make sense but im just hypocritical when it comes to me i guess. it's probably that great self blaming doing this to me and making me think like this along with my general self hatred. was what happened wrong...was he wrong...yes im pretty sure. am i a victim? i just don't know,13ga79l sexualassault can i call myself a victim? i feel like i don't deserve to call myself that brel1654 /r/sexualassault/comments/13ga79l/can_i_call_myself_a_victim_i_feel_like_i_dont/ am i a victim?? id consider anyone else in my situation an SA victim but i just can't understand how i can be considered one. basically i feel like since i wasn't raped in any way i can't call myself a victim. even though i wouldn't say that about anyone else it's just what my warped mentally ill brain makes me think about myself. can't wrap my head around me being a victim. i don't deserve to call myself one. this doesn't even make sense but im just hypocritical when it comes to me i guess. it's probably that great self blaming doing this to me and making me think like this along with my general self hatred. was what happened wrong...was he wrong...yes im pretty sure. am i a victim? i just don't know,['\\bam\\s+i\\s+(?:a\\s+)?victim\\b'],"['\\bsa\\b', ""\\bi\\s+(?:genuinely|just|honestly|really|truly|still)\\s+don[’']t\\s+know\\b"", '\\bam\\s+i\\s+(?:a\\s+)?victim\\b']"
128tncu,sexualassault,Was I sexually assaulted by my friend I feel uncomfortable around,Theemotionlessx,4,2,False,0,1680371866,/r/sexualassault/comments/128tncu/was_i_sexually_assaulted_by_my_friend_i_feel/,"This is hard to talk about
I’m using a throwaway account for this

I am being physically and sexually sexualized by my friend

Recently, I moved I started going to a new school, and I was highly bullied at my old one.

I started making friends and everything was normal

My only friend at my new school makes me feel uncomfortable 

My friend makes sexual jokes and asked if I was OK with it and I said yes I didn’t think much of it and everything was fine

Recently, my friend has been making a lot of sexual jokes to the point where every little thing is about dicks or sex they even make that face. Where are you know they’re wanting to make a sexual joke but they’re not saying it.

They even take the jokes and thoughts too far as during a test they pass me a piece of paper about how the classroom would be great for having sex in and if we got caught, we would’ve been in huge trouble and they could’ve thought we were going to have sex or something along the lines of something sexual happening

They also took my phone when I was getting my headphones out of my bag while texting my boyfriend and looked up. What would happen if a female took dick enlargement pills on my phone

The jokes were fine at first, but then every little thing became sexual. I would be drinking a juice box, and they would make that sexual along with things I ate I started feeling uncomfortable with what I was eating, and sometimes lost my appetite

Recently things have started getting physical first they wanted to feel my hand. I let them they said my hand was small and soft. I didn’t think much of it until later on when they always wanted to feel my hand, they would caress my hand with both of their hands. And I started feeling weird about it.

Things got worse when they slap the side of my ass in second. And I didn’t know how to feel later that day. They also slapped my thigh, really hard where it was in pain for a few hours. 

And when I’m walking the halls with them, they randomly pull my hair and I don’t mean in a normal way they pulled the back of my hair on my way to class where my head would be forced back in a sexual manner

I feel really uncomfortable with the jokes as they’ve gotten too far at this point but I might just be overreacting I don’t feel comfortable with them, putting a hand on me,

 but at the same time I don’t wanna lose my friends I have one other friend who I have no classes with, but I see them at lunch and they sit next to my friend who has been sexual to me. I don’t wanna lose my friends over that since I don’t have any other friends and I don’t wanna be alone, I also don’t want to get bullied again I’m not sure how to handle the situation as this is never happened to me before 

Also, my friend knows I’m in a relationship with my boyfriend, they know we are long, distance 

Am I the asshole for feeling uncomfortable around my friend or am I in the right to feel uncomfortable? I’m not sure how to feel.","128tncu sexualassault Was I sexually assaulted by my friend I feel uncomfortable around Theemotionlessx /r/sexualassault/comments/128tncu/was_i_sexually_assaulted_by_my_friend_i_feel/ This is hard to talk about
I’m using a throwaway account for this

I am being physically and sexually sexualized by my friend

Recently, I moved I started going to a new school, and I was highly bullied at my old one.

I started making friends and everything was normal

My only friend at my new school makes me feel uncomfortable 

My friend makes sexual jokes and asked if I was OK with it and I said yes I didn’t think much of it and everything was fine

Recently, my friend has been making a lot of sexual jokes to the point where every little thing is about dicks or sex they even make that face. Where are you know they’re wanting to make a sexual joke but they’re not saying it.

They even take the jokes and thoughts too far as during a test they pass me a piece of paper about how the classroom would be great for having sex in and if we got caught, we would’ve been in huge trouble and they could’ve thought we were going to have sex or something along the lines of something sexual happening

They also took my phone when I was getting my headphones out of my bag while texting my boyfriend and looked up. What would happen if a female took dick enlargement pills on my phone

The jokes were fine at first, but then every little thing became sexual. I would be drinking a juice box, and they would make that sexual along with things I ate I started feeling uncomfortable with what I was eating, and sometimes lost my appetite

Recently things have started getting physical first they wanted to feel my hand. I let them they said my hand was small and soft. I didn’t think much of it until later on when they always wanted to feel my hand, they would caress my hand with both of their hands. And I started feeling weird about it.

Things got worse when they slap the side of my ass in second. And I didn’t know how to feel later that day. They also slapped my thigh, really hard where it was in pain for a few hours. 

And when I’m walking the halls with them, they randomly pull my hair and I don’t mean in a normal way they pulled the back of my hair on my way to class where my head would be forced back in a sexual manner

I feel really uncomfortable with the jokes as they’ve gotten too far at this point but I might just be overreacting I don’t feel comfortable with them, putting a hand on me,

 but at the same time I don’t wanna lose my friends I have one other friend who I have no classes with, but I see them at lunch and they sit next to my friend who has been sexual to me. I don’t wanna lose my friends over that since I don’t have any other friends and I don’t wanna be alone, I also don’t want to get bullied again I’m not sure how to handle the situation as this is never happened to me before 

Also, my friend knows I’m in a relationship with my boyfriend, they know we are long, distance 

Am I the asshole for feeling uncomfortable around my friend or am I in the right to feel uncomfortable? I’m not sure how to feel.",['\\bwas\\s+i\\s+sexually\\s+assaulted\\b'],"['\\bboyfriend\\b', ""\\bi\\s+didn[’']t\\s+know\\b"", ""\\bi[’']?m\\s+not\\s+sure\\b"", '\\bwas\\s+i\\s+sexually\\s+assaulted\\b', '\\bfriend\\b', '\\bsexual(?:ly)?\\s+assault(?:ed|s|ing)?\\b']"
121uy0w,sexualassault,Is it possible for a male to be sexually assaulted by a stripper?,spacedropper88,1,5,True,1,1679769533,/r/sexualassault/comments/121uy0w/is_it_possible_for_a_male_to_be_sexually/,"This may get rambling so I apologize. Last weekend, I was with a friend and 3 guys I do not know well. I got blackout drunk, to the point of having withdrawals for 3 days. While blacked out went to a strip club and on auto pilot I followed them in. 

Upon realizing it was a strip club i left and circled the block looking for my friend who was driving to no avail. I went back in, and found one of the guys I was with and was able to call my friend with his phone but my friend would not pick me up.

This is the last real “memory of the night I remember”

At one point I have a flash memory of a stripper taking to me and trying to lead me through the club and asking me to pay $400 for a dance.

I remember saying no and nothing else after that.

I found I was charged well over $400 on my debit card but have no memory after that. 

If she in fact took me back and charged me for whatever she was talking about, was I sexually assaulted? If I was not in the autopilot state of mind I was in there is no way I would have consented to any private dance, let alone for that price.

I am trying to process what happened, and hoping to save my marriage of less than 6 months. 

Please help.","121uy0w sexualassault Is it possible for a male to be sexually assaulted by a stripper? spacedropper88 /r/sexualassault/comments/121uy0w/is_it_possible_for_a_male_to_be_sexually/ This may get rambling so I apologize. Last weekend, I was with a friend and 3 guys I do not know well. I got blackout drunk, to the point of having withdrawals for 3 days. While blacked out went to a strip club and on auto pilot I followed them in. 

Upon realizing it was a strip club i left and circled the block looking for my friend who was driving to no avail. I went back in, and found one of the guys I was with and was able to call my friend with his phone but my friend would not pick me up.

This is the last real “memory of the night I remember”

At one point I have a flash memory of a stripper taking to me and trying to lead me through the club and asking me to pay $400 for a dance.

I remember saying no and nothing else after that.

I found I was charged well over $400 on my debit card but have no memory after that. 

If she in fact took me back and charged me for whatever she was talking about, was I sexually assaulted? If I was not in the autopilot state of mind I was in there is no way I would have consented to any private dance, let alone for that price.

I am trying to process what happened, and hoping to save my marriage of less than 6 months. 

Please help.",['\\bwas\\s+i\\s+sexually\\s+assaulted\\b'],"['\\bwas\\s+i\\s+sexually\\s+assaulted\\b', '\\bfriend\\b', '\\bsexual(?:ly)?\\s+assault(?:ed|s|ing)?\\b']"
11ua6dl,sexualassault,was it sexual assault or am I over thinking it?,Variety_Vegetable,4,2,False,0,1679101657,/r/sexualassault/comments/11ua6dl/was_it_sexual_assault_or_am_i_over_thinking_it/,Was in the pub today when then man drinking with my friends slapped my thigh pretty hard an was joking about grabbing my tits it made me feel uncomfortable was this sexual assault or am I thinking about it too much? Is it my anxiety making something out of nothing?,11ua6dl sexualassault was it sexual assault or am I over thinking it? Variety_Vegetable /r/sexualassault/comments/11ua6dl/was_it_sexual_assault_or_am_i_over_thinking_it/ Was in the pub today when then man drinking with my friends slapped my thigh pretty hard an was joking about grabbing my tits it made me feel uncomfortable was this sexual assault or am I thinking about it too much? Is it my anxiety making something out of nothing?,['\\bwas\\s+this\\s+(?:sa|sexual\\s+assault)\\b'],"['\\bwas\\s+this\\s+(?:sa|sexual\\s+assault)\\b', '\\bassault\\b', '\\bsexual(?:ly)?\\s+assault(?:ed|s|ing)?\\b']"
11n849k,sexualassault,Was this sa?,Kusuopsyki,3,7,True,3,1678405708,/r/sexualassault/comments/11n849k/was_this_sa/,"Hi. When I was 16 and a junior in hs, there was a popular senior guy (I’m p sure he was 18, maybe he was 17 but he had to be older than me) that was in my math class. I was very shy and quiet so I’d usually just ignore him but he never seemed to leave me alone. He’d always follow me around and bother me but I didn’t mind it bc he was somewhat funny and it was cool that a popular guy was talking to me (I used to get bullied a lot and I was overweight + seen as ugly). One day though, when we were in class he did something that really upset me. The way our class was set up was that I was sitting at the very end of a classroom and everyone else was facing 180 degrees to the wall I was closest too. The teacher was either showing something or was not there at the time but the popular guy called for my name and when I turned, he had flashed me with his whole bare ass. I didn’t know how to feel or what to say so I just looked away. After the class was done listening to the teacher he came and squished himself in my seat and said “what, you don’t like ass?” Or something like that. I was extremely uncomfortable and got up and moved away. He still would bother me/follow me around school and I never told anyone bc I didn’t think people would believe me. When I finally told my friends they laughed so I assumed I was overreacting. Was I?","11n849k sexualassault Was this sa? Kusuopsyki /r/sexualassault/comments/11n849k/was_this_sa/ Hi. When I was 16 and a junior in hs, there was a popular senior guy (I’m p sure he was 18, maybe he was 17 but he had to be older than me) that was in my math class. I was very shy and quiet so I’d usually just ignore him but he never seemed to leave me alone. He’d always follow me around and bother me but I didn’t mind it bc he was somewhat funny and it was cool that a popular guy was talking to me (I used to get bullied a lot and I was overweight + seen as ugly). One day though, when we were in class he did something that really upset me. The way our class was set up was that I was sitting at the very end of a classroom and everyone else was facing 180 degrees to the wall I was closest too. The teacher was either showing something or was not there at the time but the popular guy called for my name and when I turned, he had flashed me with his whole bare ass. I didn’t know how to feel or what to say so I just looked away. After the class was done listening to the teacher he came and squished himself in my seat and said “what, you don’t like ass?” Or something like that. I was extremely uncomfortable and got up and moved away. He still would bother me/follow me around school and I never told anyone bc I didn’t think people would believe me. When I finally told my friends they laughed so I assumed I was overreacting. Was I?",['\\bwas\\s+this\\s+(?:sa|sexual\\s+assault)\\b'],"['\\bsa\\b', ""\\bi\\s+didn[’']t\\s+know\\b"", '\\bwas\\s+this\\s+(?:sa|sexual\\s+assault)\\b']"
11h7ofl,sexualassault,Was this sexual assault?,SoftStar65,4,3,False,0,1677864889,/r/sexualassault/comments/11h7ofl/was_this_sexual_assault/,"Hii so this happened to me about year ago on my 19 birthday. Me and friend went over this guy(who I liked) apartment to take shots for my birthday. I thought I was safe with him because we hung out with him a lot. I had around 3 shots so I was tipsy. I remember telling my friend that I was going to bathroom and I would be right back. (The bathroom was in his room btw) after I exited the bathroom he was standing in the room which scared me. He then sat on the bed and tried to have a “conversation with me”. But while he was doing so he continuously pulled me into his lap trying to touch me inappropriately, which made me extremely uncomfortable. I got up several times trying to leave the room. But by the 4th time he started rubbing me in between my legs and made me lay on the bed. During this whole ordeal I was so confused with what was going on since I was still under the influence. He then proceeded to choke me a little aggressively and forced me off the bed to get on my knees. While I was on the ground he unbuckled his pants and guided my mouth to his junk. This whole situation had me so messed up because after the incident he told people that I did that because of “liquor courage”. I don’t really know how to cope with it and I am trying to move on from it.","11h7ofl sexualassault Was this sexual assault? SoftStar65 /r/sexualassault/comments/11h7ofl/was_this_sexual_assault/ Hii so this happened to me about year ago on my 19 birthday. Me and friend went over this guy(who I liked) apartment to take shots for my birthday. I thought I was safe with him because we hung out with him a lot. I had around 3 shots so I was tipsy. I remember telling my friend that I was going to bathroom and I would be right back. (The bathroom was in his room btw) after I exited the bathroom he was standing in the room which scared me. He then sat on the bed and tried to have a “conversation with me”. But while he was doing so he continuously pulled me into his lap trying to touch me inappropriately, which made me extremely uncomfortable. I got up several times trying to leave the room. But by the 4th time he started rubbing me in between my legs and made me lay on the bed. During this whole ordeal I was so confused with what was going on since I was still under the influence. He then proceeded to choke me a little aggressively and forced me off the bed to get on my knees. While I was on the ground he unbuckled his pants and guided my mouth to his junk. This whole situation had me so messed up because after the incident he told people that I did that because of “liquor courage”. I don’t really know how to cope with it and I am trying to move on from it.",['\\bwas\\s+this\\s+(?:sa|sexual\\s+assault)\\b'],"[""\\bi\\s+don[’']t\\s+really\\s+know\\b"", '\\bwas\\s+this\\s+(?:sa|sexual\\s+assault)\\b', '\\bassault\\b', '\\bfriend\\b', '\\bsexual(?:ly)?\\s+assault(?:ed|s|ing)?\\b']"
11gk0o2,sexualassault,Was this sexual assault or just losing my virginity,dogmotiif,2,2,False,0,1677799279,/r/sexualassault/comments/11gk0o2/was_this_sexual_assault_or_just_losing_my/,"Tried to post a few months ago but I don’t think it went thru ;—;

For context I’m 19, non-binary, and my first time was with a guy in my dorm who I had a rocky friends-with-benefits thing with

So like we were touching each other and he gets kinda rough and dominant which I typically like, but like I didn’t know if I was really ready to Be Penetrated for the first time? But he was saying shit like ""you want me inside you? yeah i bet you do"" and shit like that so I felt like it would probably be fun or whatever.

But he never explicitly said he was going to put it in or anything, it just kind of happened. And like I feel like I gave enough consent by ""being into it"" or whatever? Like it wasn't something my brain was like ""no stop bad"" it was just sudden and unplanned and unasked for with detail or clear communication. AND he didn't use a condom which also made me panic even in the moment n like I absolutely HATED that n was uncomfy.

It hurt a lot (I bled for a few days after until the bleeding stopped n then my period started??? I don't know if that's normal), n there were times during the actual penetration when I like reached back to physically stop him from moving because it hurt so much, and then after a few seconds he would start back up again without warning like it was just a normal thing.

Logically there was probably some level of coercion because he kept saying things like ""you want me inside you"" and ""it's gonna feel so good when im inside you"" and all that and I don't remember if I gave an explicit yes???

He also misgendered me during it, like slightly before penetrating. I had told him I enjoy hearing ""good boy"" and he did that a lot but on this night he let a ""good girl"" slip n that made me feel icky n bad but it felt like so much was happening.

I don't even know if there's anything there like my brain still justifies it by saying that I never told him a verbal ""stop,” so I wanted to see what outside opinions think? Thank you","11gk0o2 sexualassault Was this sexual assault or just losing my virginity dogmotiif /r/sexualassault/comments/11gk0o2/was_this_sexual_assault_or_just_losing_my/ Tried to post a few months ago but I don’t think it went thru ;—;

For context I’m 19, non-binary, and my first time was with a guy in my dorm who I had a rocky friends-with-benefits thing with

So like we were touching each other and he gets kinda rough and dominant which I typically like, but like I didn’t know if I was really ready to Be Penetrated for the first time? But he was saying shit like ""you want me inside you? yeah i bet you do"" and shit like that so I felt like it would probably be fun or whatever.

But he never explicitly said he was going to put it in or anything, it just kind of happened. And like I feel like I gave enough consent by ""being into it"" or whatever? Like it wasn't something my brain was like ""no stop bad"" it was just sudden and unplanned and unasked for with detail or clear communication. AND he didn't use a condom which also made me panic even in the moment n like I absolutely HATED that n was uncomfy.

It hurt a lot (I bled for a few days after until the bleeding stopped n then my period started??? I don't know if that's normal), n there were times during the actual penetration when I like reached back to physically stop him from moving because it hurt so much, and then after a few seconds he would start back up again without warning like it was just a normal thing.

Logically there was probably some level of coercion because he kept saying things like ""you want me inside you"" and ""it's gonna feel so good when im inside you"" and all that and I don't remember if I gave an explicit yes???

He also misgendered me during it, like slightly before penetrating. I had told him I enjoy hearing ""good boy"" and he did that a lot but on this night he let a ""good girl"" slip n that made me feel icky n bad but it felt like so much was happening.

I don't even know if there's anything there like my brain still justifies it by saying that I never told him a verbal ""stop,” so I wanted to see what outside opinions think? Thank you",['\\bwas\\s+this\\s+(?:sa|sexual\\s+assault)\\b'],"[""\\bi\\s+don[’']t\\s+even\\s+know\\b"", ""\\bi\\s+didn[’']t\\s+know\\b"", ""\\bi\\s+don[’']t\\s+know\\b"", '\\bwas\\s+this\\s+(?:sa|sexual\\s+assault)\\b', '\\bassault\\b', '\\bsexual(?:ly)?\\s+assault(?:ed|s|ing)?\\b']"
zhbifd,sexualassault,Was I sexually assaulted or what does this mean for me,ZookeepergamePlus110,4,3,False,0,1670626603,/r/sexualassault/comments/zhbifd/was_i_sexually_assaulted_or_what_does_this_mean/,"So 2 years ago me and this guy (we were friends with benefits) did anal for the first time when he first asked me I told him “i don’t know”because I had never done something like that and he said “cmon just do it” I said fine and not long after I told him to stop and he asked why and I said it hurts and he said “just hold it in” I said no stop and started crying because it hurt me and then he stopped. weeks later he asked me if we could have intercourse I said I don’t wanna do anal tho he said ok we won’t do that I told him to promise me and he did when he got here everything was going good then he asked to do anal again I said “no I already told you I don’t like it”he said “fine let’s do doggy style then” so I got into that position and then he asked me again can we do anal and I was getting mad because I kept telling him no so I told him “ I told you I didn’t wanna do that” and then he puts it in anyway and I tell him to stop and I started crying and told him to stop he said hold on just for a little bit and kept going, I was yelling for him to stop and I finally got him off of me then I yelled for him to get out he then left and I haven’t heard from him or seen him since that day","zhbifd sexualassault Was I sexually assaulted or what does this mean for me ZookeepergamePlus110 /r/sexualassault/comments/zhbifd/was_i_sexually_assaulted_or_what_does_this_mean/ So 2 years ago me and this guy (we were friends with benefits) did anal for the first time when he first asked me I told him “i don’t know”because I had never done something like that and he said “cmon just do it” I said fine and not long after I told him to stop and he asked why and I said it hurts and he said “just hold it in” I said no stop and started crying because it hurt me and then he stopped. weeks later he asked me if we could have intercourse I said I don’t wanna do anal tho he said ok we won’t do that I told him to promise me and he did when he got here everything was going good then he asked to do anal again I said “no I already told you I don’t like it”he said “fine let’s do doggy style then” so I got into that position and then he asked me again can we do anal and I was getting mad because I kept telling him no so I told him “ I told you I didn’t wanna do that” and then he puts it in anyway and I tell him to stop and I started crying and told him to stop he said hold on just for a little bit and kept going, I was yelling for him to stop and I finally got him off of me then I yelled for him to get out he then left and I haven’t heard from him or seen him since that day",['\\bwas\\s+i\\s+sexually\\s+assaulted\\b'],"['\\bwas\\s+i\\s+sexually\\s+assaulted\\b', ""\\bi\\s+don[’']t\\s+know\\b"", '\\bsexual(?:ly)?\\s+assault(?:ed|s|ing)?\\b']"
z46uz8,sexualassault,i feel so dirty and worthless,Alternative-Cat9174,6,10,True,4,1669360239,/r/sexualassault/comments/z46uz8/i_feel_so_dirty_and_worthless/,"so i was SAed by my cousin a year and a half ago, and although it wasn’t that bad, he still did something without my consent. he hugged me tightly and showed my ass to some old guy on Omegle just to see that guy jerk off, and i obviously never consented to this. 

i just feel so awful because throughout the years, he has called me names and other awful things and we have gotten into pretty bad arguments which resulted in us not wanting to do with one another and never speaking again, then we become cool again and hang out. he even posted a tik tok where he hates hanging out with his cousins from his dad’s side (which would be me and my sisters) and likes hanging out with his cousins from his mom’s side of the family. 

my dumbass still wants to hang out with him even tho he’s shown that him and his family clearly want nothing to do with me. i want to hang out with him because he’s fun to hang around and makes things entertaining. 

my mom’s side of the family have made it clear that they do not give a fuck about me, my siblings, and my parents. they value my cousin and his family more and they treat them with respect meanwhile they kinda don’t really do that with us. his parents are also pos’s and the both of them don’t really like us. both of his parents talk shit about me and other people with no remorse. 

i have brought this up to my parents, in which both of them had different reactions. my mom was more calm whereas my dad was angry about it. even though he is my mom’s nephew, she believed me and told me to not hang out with him anymore. as for my dad, he also believed me, but was more angry about it. he called me names and even talked shit about him (as per usual) but he believed me and told me to not hang out with him anymore. he already hates them anyway lol. 

forgot to note, but he admitted to it 3 months after the situation, and he said it was because he was “desperate”. then a month afterwards when i brought it up Infront of our uncle, he denied it and called me a liar.","z46uz8 sexualassault i feel so dirty and worthless Alternative-Cat9174 /r/sexualassault/comments/z46uz8/i_feel_so_dirty_and_worthless/ so i was SAed by my cousin a year and a half ago, and although it wasn’t that bad, he still did something without my consent. he hugged me tightly and showed my ass to some old guy on Omegle just to see that guy jerk off, and i obviously never consented to this. 

i just feel so awful because throughout the years, he has called me names and other awful things and we have gotten into pretty bad arguments which resulted in us not wanting to do with one another and never speaking again, then we become cool again and hang out. he even posted a tik tok where he hates hanging out with his cousins from his dad’s side (which would be me and my sisters) and likes hanging out with his cousins from his mom’s side of the family. 

my dumbass still wants to hang out with him even tho he’s shown that him and his family clearly want nothing to do with me. i want to hang out with him because he’s fun to hang around and makes things entertaining. 

my mom’s side of the family have made it clear that they do not give a fuck about me, my siblings, and my parents. they value my cousin and his family more and they treat them with respect meanwhile they kinda don’t really do that with us. his parents are also pos’s and the both of them don’t really like us. both of his parents talk shit about me and other people with no remorse. 

i have brought this up to my parents, in which both of them had different reactions. my mom was more calm whereas my dad was angry about it. even though he is my mom’s nephew, she believed me and told me to not hang out with him anymore. as for my dad, he also believed me, but was more angry about it. he called me names and even talked shit about him (as per usual) but he believed me and told me to not hang out with him anymore. he already hates them anyway lol. 

forgot to note, but he admitted to it 3 months after the situation, and he said it was because he was “desperate”. then a month afterwards when i brought it up Infront of our uncle, he denied it and called me a liar.","[""\\bit\\s+wasn[’']t\\s+that\\s+bad\\b""]","[""\\bit\\s+wasn[’']t\\s+that\\s+bad\\b""]"
ysv4h1,sexualassault,was I assaulted? Feeling alone :(,bettasandrobos,3,8,True,4,1668223024,/r/sexualassault/comments/ysv4h1/was_i_assaulted_feeling_alone/,"I am scared to tell my parents what happened to me, I feel dirty and humiliated.

I was at a book store a few nights ago and a guy about my age probably a little older (19-22) went up to me and said ""Hi! Can I have a handshake?"" so I gave him a handshake and then he wanted a hug. I am a pretty friendly person so I gave him a hug. I could tell by his behavior and the way he was talking that he most likely neurodivergent or had a mental disorder of some kind.  I myself have a different kind of autism called aspbergers but I suppose that is irrelevant to what happened

Then he wanted another hug and said he wanted a longer hug and after he wanted me to follow him to the children's section. I thought this guy probably just had some form of autism and was very friendly. His voice made it seem that way too

""Come on ! Let's sit down!"" he said excitedly, sitting by the toys

So I sat by him and then that was when he grabbed my butt and pulled my closer, putting his hands under my shirt and clothes and rubbing me. I tried to pull away and he wouldn't let go. There was a woman nearby who looked over and did nothing even though I was begging him to let me go. He was very strong and I couldn't get away. Once I told him ""I'll be right back"" then he let me go

I ran to the other side of the bookstore and he found me and grabbed me again. This time, a nearby guy looked at us and said nothing despite me struggling and eventually I pulled away and hid in the bathroom.

I called the bookstore manager the next day and he was awful. He just said, ""You should have told us when it happened. Nothing we can do now"" Even though I know they have security cameras cause they are a popular chain bookstore.

I know a worker at the store and she said she has seen this guy grope many woman before in the store and the manager has done nothing.

I also called the cops who said they would work with the store so it didn't happen again and I told them I didn't want to press charges. 

I feel conflicted because what if this guy really has some kind of autism or a mental illness? Does that invalidate my experience? As someone who has been diagnosed with autism, I feel like autism is no excuse for SA and that my experience is valid but I still feel guilty, insecure and alone

Was this SA? Cause it sure feels like it, I feel traumatized and I still feel him on me","ysv4h1 sexualassault was I assaulted? Feeling alone :( bettasandrobos /r/sexualassault/comments/ysv4h1/was_i_assaulted_feeling_alone/ I am scared to tell my parents what happened to me, I feel dirty and humiliated.

I was at a book store a few nights ago and a guy about my age probably a little older (19-22) went up to me and said ""Hi! Can I have a handshake?"" so I gave him a handshake and then he wanted a hug. I am a pretty friendly person so I gave him a hug. I could tell by his behavior and the way he was talking that he most likely neurodivergent or had a mental disorder of some kind.  I myself have a different kind of autism called aspbergers but I suppose that is irrelevant to what happened

Then he wanted another hug and said he wanted a longer hug and after he wanted me to follow him to the children's section. I thought this guy probably just had some form of autism and was very friendly. His voice made it seem that way too

""Come on ! Let's sit down!"" he said excitedly, sitting by the toys

So I sat by him and then that was when he grabbed my butt and pulled my closer, putting his hands under my shirt and clothes and rubbing me. I tried to pull away and he wouldn't let go. There was a woman nearby who looked over and did nothing even though I was begging him to let me go. He was very strong and I couldn't get away. Once I told him ""I'll be right back"" then he let me go

I ran to the other side of the bookstore and he found me and grabbed me again. This time, a nearby guy looked at us and said nothing despite me struggling and eventually I pulled away and hid in the bathroom.

I called the bookstore manager the next day and he was awful. He just said, ""You should have told us when it happened. Nothing we can do now"" Even though I know they have security cameras cause they are a popular chain bookstore.

I know a worker at the store and she said she has seen this guy grope many woman before in the store and the manager has done nothing.

I also called the cops who said they would work with the store so it didn't happen again and I told them I didn't want to press charges. 

I feel conflicted because what if this guy really has some kind of autism or a mental illness? Does that invalidate my experience? As someone who has been diagnosed with autism, I feel like autism is no excuse for SA and that my experience is valid but I still feel guilty, insecure and alone

Was this SA? Cause it sure feels like it, I feel traumatized and I still feel him on me",['\\bwas\\s+this\\s+(?:sa|sexual\\s+assault)\\b'],"['\\bsa\\b', '\\bwas\\s+this\\s+(?:sa|sexual\\s+assault)\\b']"
yfd6to,sexualassault,was i sexually assaulted?,wishforpepper,8,2,False,0,1666929422,/r/sexualassault/comments/yfd6to/was_i_sexually_assaulted/,"hi, to anyone reading this, just know I’m so grateful that you even came across my post. tysm. have an amazing day/night. &lt;3

I hate the fact that whenever I ask this question, I either feel like I look like someone who wants to be like “omg I was raped too” or “no I wasn’t raped” pick me vibe. I don’t want to offend people who have suffered way more than I’ll ever know, or survivors that are so strong in my eyes and deserve that the whole world stfu for them. but I genuinely hurt, and wonder if what he did to me actually is sa. 
long story short, I was drunk and we kissed, we were in a quiet place far from everything and he kept pushing me further, like tried to force me to take off my shirt, etc. I said no multiple times, tried to find excuses to leave even while I was drunk. this guy tried to pull down my underwear and I pulled it back up, saying I had to leave. he kept forcing me to get on him, kiss him, touch him, he kept touching me and I kept pushing his hands away or wiggling out of his grasp. I kept saying I had to go, and while I lied to get myself out of it like ohh we can do this another time you know, he was trying to force me to have sex with him. I didn’t realize it until I finally pulled away, but he had taken all his clothes off and was, you know, getting off. I was terrified and disgusted. I still am and I cry about it all the time. 
I hate this man because he was my first guy kiss, he was nasty and disrespectful, i hated everything about it. absolutely every second, even when we kissed and it was semi-consensual. I hate him so much it makes me sick, like actual vomiting. I feel like he stole something from me. He haunts me and he broke me somehow, and I just need to know if I can finally come to terms with it by someone telling me if, yes or no, this guy sexually assaulted me. if I can finally say me too, and not just consider this like an unfortunate event and accept it. but if it isn’t, I’ll just try and move on, even tho I know I literally can’t.","yfd6to sexualassault was i sexually assaulted? wishforpepper /r/sexualassault/comments/yfd6to/was_i_sexually_assaulted/ hi, to anyone reading this, just know I’m so grateful that you even came across my post. tysm. have an amazing day/night. &lt;3

I hate the fact that whenever I ask this question, I either feel like I look like someone who wants to be like “omg I was raped too” or “no I wasn’t raped” pick me vibe. I don’t want to offend people who have suffered way more than I’ll ever know, or survivors that are so strong in my eyes and deserve that the whole world stfu for them. but I genuinely hurt, and wonder if what he did to me actually is sa. 
long story short, I was drunk and we kissed, we were in a quiet place far from everything and he kept pushing me further, like tried to force me to take off my shirt, etc. I said no multiple times, tried to find excuses to leave even while I was drunk. this guy tried to pull down my underwear and I pulled it back up, saying I had to leave. he kept forcing me to get on him, kiss him, touch him, he kept touching me and I kept pushing his hands away or wiggling out of his grasp. I kept saying I had to go, and while I lied to get myself out of it like ohh we can do this another time you know, he was trying to force me to have sex with him. I didn’t realize it until I finally pulled away, but he had taken all his clothes off and was, you know, getting off. I was terrified and disgusted. I still am and I cry about it all the time. 
I hate this man because he was my first guy kiss, he was nasty and disrespectful, i hated everything about it. absolutely every second, even when we kissed and it was semi-consensual. I hate him so much it makes me sick, like actual vomiting. I feel like he stole something from me. He haunts me and he broke me somehow, and I just need to know if I can finally come to terms with it by someone telling me if, yes or no, this guy sexually assaulted me. if I can finally say me too, and not just consider this like an unfortunate event and accept it. but if it isn’t, I’ll just try and move on, even tho I know I literally can’t.",['\\bwas\\s+i\\s+sexually\\s+assaulted\\b'],"['\\bsa\\b', '\\bwas\\s+i\\s+sexually\\s+assaulted\\b', ""\\bi\\s+didn[’']t\\s+realize\\b"", '\\bsexual(?:ly)?\\s+assault(?:ed|s|ing)?\\b']"
yav6h9,sexualassault,I am a survivor.,SpicyPataka,15,4,True,2,1666463895,/r/sexualassault/comments/yav6h9/i_am_a_survivor/,"2.5 years ago, I was sexually assaulted by a guy. We had been talking for 1 month and someday we spontaneously decided to get a room to spend some time together. I knew sex could happen, but I would never have imagined that this would turn out being one of the worst experiences of my life. I initially consented to having sex and later on, as he was asking me to do things I didn’t want to, I say no. He disrespected my NO and did what he wanted with my body. I just went along with it. I was scared and I wanted it to be over. I was stuck with him for the night - it was awful. The next day, as I left him, I blocked him. 

I felt so ashamed of myself for years for not fighting that night. I felt ashamed for allowing my body to be disrespected, though it wasn’t my mistake. No one deserves this. 

No means no and everything’s that’s not an enthusiastic YES is a no. It’s gonna be okay - healing takes time, but we’ll get there.","yav6h9 sexualassault I am a survivor. SpicyPataka /r/sexualassault/comments/yav6h9/i_am_a_survivor/ 2.5 years ago, I was sexually assaulted by a guy. We had been talking for 1 month and someday we spontaneously decided to get a room to spend some time together. I knew sex could happen, but I would never have imagined that this would turn out being one of the worst experiences of my life. I initially consented to having sex and later on, as he was asking me to do things I didn’t want to, I say no. He disrespected my NO and did what he wanted with my body. I just went along with it. I was scared and I wanted it to be over. I was stuck with him for the night - it was awful. The next day, as I left him, I blocked him. 

I felt so ashamed of myself for years for not fighting that night. I felt ashamed for allowing my body to be disrespected, though it wasn’t my mistake. No one deserves this. 

No means no and everything’s that’s not an enthusiastic YES is a no. It’s gonna be okay - healing takes time, but we’ll get there.",['\\bi\\s+just\\s+went\\s+along\\s+with\\s+it\\b'],"['\\bi\\s+just\\s+went\\s+along\\s+with\\s+it\\b', '\\bsexual(?:ly)?\\s+assault(?:ed|s|ing)?\\b']"
y437yn,sexualassault,Was I sexually assaulted or is it just regret?,SnooPeanuts4737,5,6,False,0,1665776490,/r/sexualassault/comments/y437yn/was_i_sexually_assaulted_or_is_it_just_regret/,"When I was 16, I snuck out and went to hang out with a guy, who I was talking to at the time, at his friends house. I was got high to the point that I was barely processing anything, and him and his friend where drunk, but not blacked-out. He kept asking me over and over again to have sex with him, and I just kept saying no or making excuses. After him begging me, I eventually gave in and he pressured me into having sex with his friend as well. All I remember of the experience was feeling uncomfortable and just wanting it to end. 

I woke up the next day, barely able to remember what happened and feeling extremely uncomfortable with what did happen. I told him that I felt uncomfortable with what happened and he briefly apologized, brushed it off, and then stopped talking to me. I did not want to have sex with either of them and I absolutely would not have done it if I was sober.

I found out weeks later that he took a video of his friend and I. I confronted him about it and he told me he never sent it anywhere and deleted it. Come to find out that he lied to me and sent it to people, so the video ended up circulating around a several schools in the area. This happened a while ago, but I am still in high school and the video is still going around.

The whole experience caused a lot of emotional stress and took a huge toll on my self worth. I don’t know whether or not to consider this sexual assault since he was also drunk. I’ve heard stories from another girl saying this same guy was frequently pushing boundaries. 

Was I sexually assaulted or am I just overreacting?","y437yn sexualassault Was I sexually assaulted or is it just regret? SnooPeanuts4737 /r/sexualassault/comments/y437yn/was_i_sexually_assaulted_or_is_it_just_regret/ When I was 16, I snuck out and went to hang out with a guy, who I was talking to at the time, at his friends house. I was got high to the point that I was barely processing anything, and him and his friend where drunk, but not blacked-out. He kept asking me over and over again to have sex with him, and I just kept saying no or making excuses. After him begging me, I eventually gave in and he pressured me into having sex with his friend as well. All I remember of the experience was feeling uncomfortable and just wanting it to end. 

I woke up the next day, barely able to remember what happened and feeling extremely uncomfortable with what did happen. I told him that I felt uncomfortable with what happened and he briefly apologized, brushed it off, and then stopped talking to me. I did not want to have sex with either of them and I absolutely would not have done it if I was sober.

I found out weeks later that he took a video of his friend and I. I confronted him about it and he told me he never sent it anywhere and deleted it. Come to find out that he lied to me and sent it to people, so the video ended up circulating around a several schools in the area. This happened a while ago, but I am still in high school and the video is still going around.

The whole experience caused a lot of emotional stress and took a huge toll on my self worth. I don’t know whether or not to consider this sexual assault since he was also drunk. I’ve heard stories from another girl saying this same guy was frequently pushing boundaries. 

Was I sexually assaulted or am I just overreacting?",['\\bwas\\s+i\\s+sexually\\s+assaulted\\b'],"[""\\bi\\s+don[’']t\\s+know\\b"", '\\bassault\\b', '\\bwas\\s+i\\s+sexually\\s+assaulted\\b', '\\bfriend\\b', '\\bsexual(?:ly)?\\s+assault(?:ed|s|ing)?\\b']"
xxr74e,sexualassault,Is this sa?,[deleted],1,4,True,2,1665122281,/r/sexualassault/comments/xxr74e/is_this_sa/,"I don’t know if this is considered sa or not (I’m very sorry if it isn’t), but one day me and my friend went swimming and I was getting changed in the bathroom. They then stole my clothes and forced me to come out of the bathroom to grab the clothes and they started looking and talking about my tits once I had come out of the bathroom, is this sa?","xxr74e sexualassault Is this sa? [deleted] /r/sexualassault/comments/xxr74e/is_this_sa/ I don’t know if this is considered sa or not (I’m very sorry if it isn’t), but one day me and my friend went swimming and I was getting changed in the bathroom. They then stole my clothes and forced me to come out of the bathroom to grab the clothes and they started looking and talking about my tits once I had come out of the bathroom, is this sa?","['\\bconsider(?:ed)?\\s+(?:it\\s+)?(?:sa|sexual\\s+assault)\\b', '\\bis\\s+this\\s+(?:sa|sexual\\s+assault)\\b']","['\\bis\\s+this\\s+(?:sa|sexual\\s+assault)\\b', ""\\bi\\s+don[’']t\\s+know\\b"", '\\bsa\\b', '\\bconsider(?:ed)?\\s+(?:it\\s+)?(?:sa|sexual\\s+assault)\\b', '\\bfriend\\b']"
xqo5d7,sexualassault,Was this sexual assault?,Prudent_Guava795,3,2,False,0,1664398554,/r/sexualassault/comments/xqo5d7/was_this_sexual_assault/,Last month I was laying in bed with my boyfriend of almost 2 years (isn’t the first time this has happened) and he kept trying to touch me and I disassociated and wasn’t really able to talk and he kept asking me if I wanted this to happen as he was already touching me and after like 10 minutes of him doing that I put my pants back on and turned over and he kept trying to do it to me again.,xqo5d7 sexualassault Was this sexual assault? Prudent_Guava795 /r/sexualassault/comments/xqo5d7/was_this_sexual_assault/ Last month I was laying in bed with my boyfriend of almost 2 years (isn’t the first time this has happened) and he kept trying to touch me and I disassociated and wasn’t really able to talk and he kept asking me if I wanted this to happen as he was already touching me and after like 10 minutes of him doing that I put my pants back on and turned over and he kept trying to do it to me again.,['\\bwas\\s+this\\s+(?:sa|sexual\\s+assault)\\b'],"['\\bwas\\s+this\\s+(?:sa|sexual\\s+assault)\\b', '\\bboyfriend\\b', '\\bassault\\b', '\\bsexual(?:ly)?\\s+assault(?:ed|s|ing)?\\b']"
xek6eh,sexualassault,Ex coworker of mine keeps sexually harassing me and exposing himself to me without my consent while I am mourning the loss of my grandfather. Is this considered SA or harassment?,Own-Challenge-5445,6,12,False,0,1663207646,/r/sexualassault/comments/xek6eh/ex_coworker_of_mine_keeps_sexually_harassing_me/,"BACKSTORY: I (21F) am a school bus driver. I have an ex coworker who was recently terminated by the company I work for. Let’s call him Chris (20M). 

I started out at the bus company as a special needs aide last January. Chris started last February as a driver as he was a transfer from another local school bus company. 

Chris has a massive crush on me and I have zero interest in him. He knows this. I’m lesbian.

He lies all the time, he’s always filthy dirty, he smells terrible, he’s never on time for his routes, he totalled out a bus from my current company and tried to blame it on me when I wasn’t even there and before I even had my CDL, his financial situation is a hot mess at best and he’s a Bible thumping fruitcake who has extreme attachment issues. He also doesn’t know how to dress himself. 

This kid NEVER shuts up either; he is the definition of “diarrhoea of the mouth” and “fragile masculinity”. He thinks he knows everything but he doesn’t know a thing. He has an ego made of glass and that’s the nicest way I can say it. 

He spread rumours about me and him having sex in public when I have proof that I was out of town (5 hours drive away) for 13 hours that day with one of my best friends. He kept pressuring me to sign a lease on an apartment with him when I can’t stand to be around him in the first place. 

While we worked alongside each other, Chris would CONSTANTLY be trying to be on top of me when I don’t like to be touched at all. He would text me nonstop (literally every 30 seconds to a minute apart) and if I stopped responding, he would call me. If I didn’t answer his calls, he would call the police to do welfare checks on me when I would just be taking a shower or trying to eat dinner. He would say that he loves me so much and that he just gets worried about me. I told him multiple times to stop it and blocked his number. He then found my Instagram and started messaging me there; I blocked him again. His friends from this other bus company he came from started harassing me nonstop on his behalf and I don’t even know these people. 

Then one day, I was really missing my beloved grandfather of whom I lost in 2020 due to a battle with cancer. His gravesite is over an hour away and I couldn’t afford to drive there every time I miss him. I still can’t afford to. My grandpa worked on the railroad tracks for BNSF for 30+ years and I typically end up going to watch the trains go by at the local spots in my city. These spots are sentimental to me as I’ve grown up watching my grandpa drive trains and maintenance trucks with my grandma as a child. I watch for his old train to go by but because of the type of train it is, it’s rare that it’s in my city nowadays. I still go and watch for it every chance I get because my grandpa was my best friend; he still is. 

Everything was going fine until Chris showed up in his own personal vehicle. Mind you, I go at random times on random days. Chris decided that he was gonna try to pin me between my car door and entry to my car. He started getting physical with me and I started yelling and swatting at him. He was trying to force himself on top of me. Chris exposed himself to me whilst I was trying to push him away. He tried pulling on my clothes when I suddenly had this feeling come over me and I punched him solid in the mouth, knocking him down. This has happened several times. Chris continues to do this. 

I don’t remember what happened next but I ended up getting away without any of my clothing removed. I just remember crying my eyes out and running into 3 of my other coworkers at a railroad themed dive bar that is also sentimental to me because grandpa would always take me and grandma there when I was growing up. It’s also a popular spot to watch trains. 

These other 3 coworkers of mine consoled me and told me to sit next to them. They offered to buy me whatever I wanted after I told them what happened and said they’d protect me at all costs. My other set of grandparents showed up who also are my coworkers and they were LIVID when they heard. Eventually, he ended up getting fired and is now working for public transportation. 

Obviously, what Chris is continually doing to me is not okay. But now I’m afraid to go watching the trains because of him potentially being there and I feel like I’m not allowed to mourn my grandfather’s passing in peace anymore. What do I do and if I report it, what do I classify it as?

Update: I reported the situation to law enforcement. I’m still waiting for something to be done about Chris and his antics as it’s getting worse. He is now tailing school buses in my city and harassing school bus drivers and aides from every company to try to get to me. He followed my bus the other day in his personal vehicle when I was picking up my morning high school students until I got to the railroad crossing that leads to the highway. I got over the tracks but 5 seconds after that, the crossing gates went down and a train came thundering down the line at 80 mph. I got lucky that I could get through the stoplight and onto the highway because of that train. I have a feeling it was my grandpa protecting me in a way. 

The other day, I was at the railroad themed dive bar I mentioned previously. I was inside having a drink and grabbing dinner while I watched the trains. I saw Chris drive past in his personal vehicle round the block 4-5 different times and I know it’s his vehicle because of the sticker decals he has on it. I also know the numbers on his license plates and what make and model his SUV is. Luckily he didn’t see me or my car as I parked between two jacked up pickup trucks. But I shouldn’t have to hide my car when I’m not doing anything wrong. I shouldn’t have to hide my car because a an idiot who looks like a crusty toe with a ‘fro can’t handle being rejected, ESPECIALLY when I am mourning the loss of my grandpa.

Another day, one of the local high schools where I drop multiple routes of students off at was on lockdown. This was because of a public transportation bus from the company Chris now works for was parked in the bus chute, which is a school bus only zone. Only school buses have the authority to be in the bus chute; public transport does have a stop right in front of the school but it’s outside the bus chute along the street. The school didn’t know who or what was on the public transport bus so they went on lockdown and considered it an active threat. Local police department and school district were involved and the public transportation company got an earful because of it by both police and the school district superintendent. This all happened MINUTES after I just dropped off a wheelchair bound student who has seizures and is severely disabled. The official statement by the school district via email didn’t name the driver nor did the police report but I have a feeling it was likely Chris who was driving that bus. 

I looked on the local city bus company’s Google review page and there are multiple negative reviews from the general public stating that there’s a bus that is always “Not in Service” and is following school buses around from one end of my city to the other end. One came from a concerned parent of students stating that her children were on the school bus and told her that the bus was being followed by a city bus. I’m hoping he either gets fired or jailed soon or both.","xek6eh sexualassault Ex coworker of mine keeps sexually harassing me and exposing himself to me without my consent while I am mourning the loss of my grandfather. Is this considered SA or harassment? Own-Challenge-5445 /r/sexualassault/comments/xek6eh/ex_coworker_of_mine_keeps_sexually_harassing_me/ BACKSTORY: I (21F) am a school bus driver. I have an ex coworker who was recently terminated by the company I work for. Let’s call him Chris (20M). 

I started out at the bus company as a special needs aide last January. Chris started last February as a driver as he was a transfer from another local school bus company. 

Chris has a massive crush on me and I have zero interest in him. He knows this. I’m lesbian.

He lies all the time, he’s always filthy dirty, he smells terrible, he’s never on time for his routes, he totalled out a bus from my current company and tried to blame it on me when I wasn’t even there and before I even had my CDL, his financial situation is a hot mess at best and he’s a Bible thumping fruitcake who has extreme attachment issues. He also doesn’t know how to dress himself. 

This kid NEVER shuts up either; he is the definition of “diarrhoea of the mouth” and “fragile masculinity”. He thinks he knows everything but he doesn’t know a thing. He has an ego made of glass and that’s the nicest way I can say it. 

He spread rumours about me and him having sex in public when I have proof that I was out of town (5 hours drive away) for 13 hours that day with one of my best friends. He kept pressuring me to sign a lease on an apartment with him when I can’t stand to be around him in the first place. 

While we worked alongside each other, Chris would CONSTANTLY be trying to be on top of me when I don’t like to be touched at all. He would text me nonstop (literally every 30 seconds to a minute apart) and if I stopped responding, he would call me. If I didn’t answer his calls, he would call the police to do welfare checks on me when I would just be taking a shower or trying to eat dinner. He would say that he loves me so much and that he just gets worried about me. I told him multiple times to stop it and blocked his number. He then found my Instagram and started messaging me there; I blocked him again. His friends from this other bus company he came from started harassing me nonstop on his behalf and I don’t even know these people. 

Then one day, I was really missing my beloved grandfather of whom I lost in 2020 due to a battle with cancer. His gravesite is over an hour away and I couldn’t afford to drive there every time I miss him. I still can’t afford to. My grandpa worked on the railroad tracks for BNSF for 30+ years and I typically end up going to watch the trains go by at the local spots in my city. These spots are sentimental to me as I’ve grown up watching my grandpa drive trains and maintenance trucks with my grandma as a child. I watch for his old train to go by but because of the type of train it is, it’s rare that it’s in my city nowadays. I still go and watch for it every chance I get because my grandpa was my best friend; he still is. 

Everything was going fine until Chris showed up in his own personal vehicle. Mind you, I go at random times on random days. Chris decided that he was gonna try to pin me between my car door and entry to my car. He started getting physical with me and I started yelling and swatting at him. He was trying to force himself on top of me. Chris exposed himself to me whilst I was trying to push him away. He tried pulling on my clothes when I suddenly had this feeling come over me and I punched him solid in the mouth, knocking him down. This has happened several times. Chris continues to do this. 

I don’t remember what happened next but I ended up getting away without any of my clothing removed. I just remember crying my eyes out and running into 3 of my other coworkers at a railroad themed dive bar that is also sentimental to me because grandpa would always take me and grandma there when I was growing up. It’s also a popular spot to watch trains. 

These other 3 coworkers of mine consoled me and told me to sit next to them. They offered to buy me whatever I wanted after I told them what happened and said they’d protect me at all costs. My other set of grandparents showed up who also are my coworkers and they were LIVID when they heard. Eventually, he ended up getting fired and is now working for public transportation. 

Obviously, what Chris is continually doing to me is not okay. But now I’m afraid to go watching the trains because of him potentially being there and I feel like I’m not allowed to mourn my grandfather’s passing in peace anymore. What do I do and if I report it, what do I classify it as?

Update: I reported the situation to law enforcement. I’m still waiting for something to be done about Chris and his antics as it’s getting worse. He is now tailing school buses in my city and harassing school bus drivers and aides from every company to try to get to me. He followed my bus the other day in his personal vehicle when I was picking up my morning high school students until I got to the railroad crossing that leads to the highway. I got over the tracks but 5 seconds after that, the crossing gates went down and a train came thundering down the line at 80 mph. I got lucky that I could get through the stoplight and onto the highway because of that train. I have a feeling it was my grandpa protecting me in a way. 

The other day, I was at the railroad themed dive bar I mentioned previously. I was inside having a drink and grabbing dinner while I watched the trains. I saw Chris drive past in his personal vehicle round the block 4-5 different times and I know it’s his vehicle because of the sticker decals he has on it. I also know the numbers on his license plates and what make and model his SUV is. Luckily he didn’t see me or my car as I parked between two jacked up pickup trucks. But I shouldn’t have to hide my car when I’m not doing anything wrong. I shouldn’t have to hide my car because a an idiot who looks like a crusty toe with a ‘fro can’t handle being rejected, ESPECIALLY when I am mourning the loss of my grandpa.

Another day, one of the local high schools where I drop multiple routes of students off at was on lockdown. This was because of a public transportation bus from the company Chris now works for was parked in the bus chute, which is a school bus only zone. Only school buses have the authority to be in the bus chute; public transport does have a stop right in front of the school but it’s outside the bus chute along the street. The school didn’t know who or what was on the public transport bus so they went on lockdown and considered it an active threat. Local police department and school district were involved and the public transportation company got an earful because of it by both police and the school district superintendent. This all happened MINUTES after I just dropped off a wheelchair bound student who has seizures and is severely disabled. The official statement by the school district via email didn’t name the driver nor did the police report but I have a feeling it was likely Chris who was driving that bus. 

I looked on the local city bus company’s Google review page and there are multiple negative reviews from the general public stating that there’s a bus that is always “Not in Service” and is following school buses around from one end of my city to the other end. One came from a concerned parent of students stating that her children were on the school bus and told her that the bus was being followed by a city bus. I’m hoping he either gets fired or jailed soon or both.",['\\bconsider(?:ed)?\\s+(?:it\\s+)?(?:sa|sexual\\s+assault)\\b'],"[""\\bi\\s+don[’']t\\s+even\\s+know\\b"", '\\bsa\\b', '\\bconsider(?:ed)?\\s+(?:it\\s+)?(?:sa|sexual\\s+assault)\\b', '\\bfriend\\b', '\\bsexual(?:ly)?\\s+harass(?:ment|ments|ed|es|ing)?\\b']"
x9i13m,sexualassault,I don't feel valid.,sadbaby23,8,16,True,6,1662687133,/r/sexualassault/comments/x9i13m/i_dont_feel_valid/,"Soo. I feel stupid making this post but here goes.

When I was 13 years old (I'm 24 now), I used to hangout with my older sisters male best friend who at the time was about 22/23 years old. He lived down the street from us so he was always around and I was really close to him and saw him almost as a brother figure.

One day I got off the bus early at my best friend's stop to walk her home because she had a bad day. After I left her house and started walking back I ran into my sisters friend.

He offered to walk me home so I said sure. Out of nowhere he grabbed my hand and took me behind some trees and started kissing me. I didn't say anything or try to stop him, I was just kind of in shock. Then he grabbed my hand and put it down the front of his pants and made me touch him.. I yanked my arm away and tried to leave but he grabbed my wrist hard and put it back down his pants and while still holding onto my hand, made me rub his penis.

He was grabbing my wrist so hard I started crying from pain and later ended up with bruises around it. I guess I was taking too long to get home so my mom started calling my phone and when he realized this he finally let me go and I ran home.

I kind of pushed it out of my mind for years and tried so hard to forget it, but after 10 years I saw him again working at the gas station next to my house and my heart sank. It's brought up a lot of really dark feelings and emotions. I had never told anyone this before and it's been really weighing on me since I saw him. 

I guess I'm asking if this is considered sexual assault because I want to bring it up in therapy, but idk. I'm scared that I'll sound ridiculous or something? I feel like this really just isn't valid. 

What do you think?","x9i13m sexualassault I don't feel valid. sadbaby23 /r/sexualassault/comments/x9i13m/i_dont_feel_valid/ Soo. I feel stupid making this post but here goes.

When I was 13 years old (I'm 24 now), I used to hangout with my older sisters male best friend who at the time was about 22/23 years old. He lived down the street from us so he was always around and I was really close to him and saw him almost as a brother figure.

One day I got off the bus early at my best friend's stop to walk her home because she had a bad day. After I left her house and started walking back I ran into my sisters friend.

He offered to walk me home so I said sure. Out of nowhere he grabbed my hand and took me behind some trees and started kissing me. I didn't say anything or try to stop him, I was just kind of in shock. Then he grabbed my hand and put it down the front of his pants and made me touch him.. I yanked my arm away and tried to leave but he grabbed my wrist hard and put it back down his pants and while still holding onto my hand, made me rub his penis.

He was grabbing my wrist so hard I started crying from pain and later ended up with bruises around it. I guess I was taking too long to get home so my mom started calling my phone and when he realized this he finally let me go and I ran home.

I kind of pushed it out of my mind for years and tried so hard to forget it, but after 10 years I saw him again working at the gas station next to my house and my heart sank. It's brought up a lot of really dark feelings and emotions. I had never told anyone this before and it's been really weighing on me since I saw him. 

I guess I'm asking if this is considered sexual assault because I want to bring it up in therapy, but idk. I'm scared that I'll sound ridiculous or something? I feel like this really just isn't valid. 

What do you think?",['\\bconsider(?:ed)?\\s+(?:it\\s+)?(?:sa|sexual\\s+assault)\\b'],"['\\bidk+k*\\b', '\\bassault\\b', '\\bconsider(?:ed)?\\s+(?:it\\s+)?(?:sa|sexual\\s+assault)\\b', '\\bfriend\\b', '\\bsexual(?:ly)?\\s+assault(?:ed|s|ing)?\\b']"
x48xsi,sexualassault,have i been r*ped?,literally-a-chicken,6,4,False,0,1662143643,/r/sexualassault/comments/x48xsi/have_i_been_rped/,"tw: rape/sa/sh

okay so i (17F) have been dating this guy (17M) for about two months and he’s really sweet. We had sex (consensually) about two weeks in to our relationship and it was all fine.

He is much more sexual than i am and i have had to have a conversation with him where i told him i wasn’t as sexual as he was and that i was worried because i felt like every time we hung out there was an expectation to have sex - he was really good about this and he’s lovely whenever we have sex, he always makes sure that he has consent and that i’m comfortable, etc.

last night he threw a party and i stayed over, it was the second time we had ever slept over at each other’s houses and we were both a bit drunk. before we went to sleep, he wanted to have sex - i didn’t really want to but i just went along with it for his sake. However, after that i decided that because i really wanted to just go to sleep that i would just pretend to be asleep so that he’d just go to sleep as well.

So he finishes and i pretend to be asleep, and he gets back into sex, obviously still horny. he starts getting quite touchy but i keep up pretending to be asleep, he’s asking me if i’m awake but i just keep up the act. i then heard him whisper, ‘something about this is kinda hot’ and so things get quite a bit more intense - he put his d1ck in between my thighs and starting moving it and eventually he just rolled me over and fucked me. i truly don’t know what happened, he only went for a minute before he said ‘i shouldn’t be doing this’ and went to go sleep somewhere else.

at first i was just really confused, i couldn’t believe that he’d actually go that far without my explicit consent and it scares me, but at the same time he is so sweet and i don’t think that he’d actually do it to me again - in fairness to him he was drunk, i literally wasn’t wearing my pants and i know for a fact if i hadn’t pretended to be asleep and just said stop he would have.

I haven’t really spoken to him today and at first i felt quite normal about it until i walked home and told two of my nearest friends what happened - i haven’t been able to stop crying since 

since then i have relapsed on sh, not been able to stand the smell of him, i can’t stop thinking about it and i keep getting flashbacks and going completely tense, but i can’t stop thinking

am i overreacting about this? have i been assaulted/raped it literally lasted less than a minute and it was partly my fault! i literally couldn’t prevented it

ughhh help please","x48xsi sexualassault have i been r*ped? literally-a-chicken /r/sexualassault/comments/x48xsi/have_i_been_rped/ tw: rape/sa/sh

okay so i (17F) have been dating this guy (17M) for about two months and he’s really sweet. We had sex (consensually) about two weeks in to our relationship and it was all fine.

He is much more sexual than i am and i have had to have a conversation with him where i told him i wasn’t as sexual as he was and that i was worried because i felt like every time we hung out there was an expectation to have sex - he was really good about this and he’s lovely whenever we have sex, he always makes sure that he has consent and that i’m comfortable, etc.

last night he threw a party and i stayed over, it was the second time we had ever slept over at each other’s houses and we were both a bit drunk. before we went to sleep, he wanted to have sex - i didn’t really want to but i just went along with it for his sake. However, after that i decided that because i really wanted to just go to sleep that i would just pretend to be asleep so that he’d just go to sleep as well.

So he finishes and i pretend to be asleep, and he gets back into sex, obviously still horny. he starts getting quite touchy but i keep up pretending to be asleep, he’s asking me if i’m awake but i just keep up the act. i then heard him whisper, ‘something about this is kinda hot’ and so things get quite a bit more intense - he put his d1ck in between my thighs and starting moving it and eventually he just rolled me over and fucked me. i truly don’t know what happened, he only went for a minute before he said ‘i shouldn’t be doing this’ and went to go sleep somewhere else.

at first i was just really confused, i couldn’t believe that he’d actually go that far without my explicit consent and it scares me, but at the same time he is so sweet and i don’t think that he’d actually do it to me again - in fairness to him he was drunk, i literally wasn’t wearing my pants and i know for a fact if i hadn’t pretended to be asleep and just said stop he would have.

I haven’t really spoken to him today and at first i felt quite normal about it until i walked home and told two of my nearest friends what happened - i haven’t been able to stop crying since 

since then i have relapsed on sh, not been able to stand the smell of him, i can’t stop thinking about it and i keep getting flashbacks and going completely tense, but i can’t stop thinking

am i overreacting about this? have i been assaulted/raped it literally lasted less than a minute and it was partly my fault! i literally couldn’t prevented it

ughhh help please",['\\bi\\s+just\\s+went\\s+along\\s+with\\s+it\\b'],"['\\bsa\\b', '\\bi\\s+just\\s+went\\s+along\\s+with\\s+it\\b', ""\\bi\\s+(?:genuinely|just|honestly|really|truly|still)\\s+don[’']t\\s+know\\b"", '\\brape\\b']"
x2lsga,sexualassault,Is this sexual assault?,Nomintspls,5,7,True,1,1661972770,/r/sexualassault/comments/x2lsga/is_this_sexual_assault/,"This happened a little while ago but I still think about it sometimes so I want to know if it’s sexual assault or if I’m just overreacting a bit.

I was talking with a group of guys. One of them was known for being a bit creepy and had touched my boobs in the past without my consent, but everyone else got over it and thought he was a cool guy so I didn’t want to be the only one stuck on that. He had been trying to convince me to have sex with him for awhile, sometimes using blackmail. Anyway we were just having a normal conversation about school, nothing sexual at all, until he grabbed the back of my head and pushed my face down onto his (hard) penis and held it there for a bit. He first tried to make my eyes close to it so I could see it, then put my mouth area on it and moved my head back and forth to rub it and sort of masturbate using my head. Keep in mind he did have pants on. I did try to take my head off but he was way stronger than me, I didn’t say much except asking him to let go because I was in a lot of shock since it just happened out of nowhere. He started saying I could feel his dick and then showed off to his friends about it. They all seemed a bit weirded out and told him he probably shouldn’t do things like that.

So yeah, is that sexual assault or is it not a big deal?","x2lsga sexualassault Is this sexual assault? Nomintspls /r/sexualassault/comments/x2lsga/is_this_sexual_assault/ This happened a little while ago but I still think about it sometimes so I want to know if it’s sexual assault or if I’m just overreacting a bit.

I was talking with a group of guys. One of them was known for being a bit creepy and had touched my boobs in the past without my consent, but everyone else got over it and thought he was a cool guy so I didn’t want to be the only one stuck on that. He had been trying to convince me to have sex with him for awhile, sometimes using blackmail. Anyway we were just having a normal conversation about school, nothing sexual at all, until he grabbed the back of my head and pushed my face down onto his (hard) penis and held it there for a bit. He first tried to make my eyes close to it so I could see it, then put my mouth area on it and moved my head back and forth to rub it and sort of masturbate using my head. Keep in mind he did have pants on. I did try to take my head off but he was way stronger than me, I didn’t say much except asking him to let go because I was in a lot of shock since it just happened out of nowhere. He started saying I could feel his dick and then showed off to his friends about it. They all seemed a bit weirded out and told him he probably shouldn’t do things like that.

So yeah, is that sexual assault or is it not a big deal?",['\\bis\\s+this\\s+(?:sa|sexual\\s+assault)\\b'],"['\\bis\\s+this\\s+(?:sa|sexual\\s+assault)\\b', '\\bassault\\b', '\\bsexual(?:ly)?\\s+assault(?:ed|s|ing)?\\b']"
ws2ftx,sexualassault,Is this SA? I can’t believe I’m posting again so soon… (MAJOR TRIGGER WARNING),NoLongerStalking,5,5,True,1,1660877201,/r/sexualassault/comments/ws2ftx/is_this_sa_i_cant_believe_im_posting_again_so/,"TW: Physical Abuse

So I had a bit of a mental spiral today and I ended up being just overall uncooperative and well… immature. I was acting like a child (I’m a 16f). Anyway, I was sitting on the floor refusing to move and she starts trying to force me up. She starts hitting me and my shirt gets lifted up a lot, fully exposing my bare chest. She didn’t intend that part but it also happened. I guess I’m just wondering if it counts as SA","ws2ftx sexualassault Is this SA? I can’t believe I’m posting again so soon… (MAJOR TRIGGER WARNING) NoLongerStalking /r/sexualassault/comments/ws2ftx/is_this_sa_i_cant_believe_im_posting_again_so/ TW: Physical Abuse

So I had a bit of a mental spiral today and I ended up being just overall uncooperative and well… immature. I was acting like a child (I’m a 16f). Anyway, I was sitting on the floor refusing to move and she starts trying to force me up. She starts hitting me and my shirt gets lifted up a lot, fully exposing my bare chest. She didn’t intend that part but it also happened. I guess I’m just wondering if it counts as SA","['\\bit\\s+count(?:s)?\\s+as\\s+(?:sa|sexual\\s+assault)\\b', '\\bis\\s+this\\s+(?:sa|sexual\\s+assault)\\b']","['\\bsa\\b', '\\bit\\s+count(?:s)?\\s+as\\s+(?:sa|sexual\\s+assault)\\b', '\\bis\\s+this\\s+(?:sa|sexual\\s+assault)\\b']"
wrbkr5,sexualassault,I married someone who SA'd me,BeenRightfullyStolen,11,3,False,0,1660802304,/r/sexualassault/comments/wrbkr5/i_married_someone_who_sad_me/,"I'm still coming to terms with this, so I feel like I'm all over the place. 

I've been with my husband for 6.5 years, married for 2. This happened about 3.5 years ago, and I had pretty much blocked it out or explained it away until about a month ago. I have a history of SA and recurring abuse, and had really bad PTSD symptoms for a very long time that got much better through intensive trauma-focused therapy. Over the last month, I've come to realize that since this event, my symptoms have been much worse again, just different, and easy to explain as being related to other conditions I deal with. With my history of PTSD and trauma treatment, I can recognize a lot of my thought patterns surrounding this for what they are (a lot of self-blame, all-or-nothing thinking, guilt, and denial) and that they probably aren't accurate or helpful. That doesn't stop them completely, but it helps some.

As for what happened, we had been having a bit of a rough patch, and agreed we were going to take some time to focus on ourselves for a bit. Not a break, just a ""put on your own oxygen mask"" kind of thing, as we were both dealing with major life stressors. We did explicitly agree not to have sex until we sorted ourselves out. 

Fairly shortly after that conversation, we went on a vacation with our best friend, who was our roommate at the time, and rented a full house Airbnb with two bedrooms, a master and a smaller room with bunked beds. Because of our situation, we decided to let our friend have the master and sleep in the separate bunk beds. We didn't do much that week besides enjoy nature, play video games, and drink, and everything was totally fine until the end of the trip. I overdid it a bit with the tequila (it was not the first nor the last time). He said then (and would continue to say for a long time) that he was really drunk too, but when our friend and I thought about how much he'd actually had to drink the next day, it wasn't even half as much as me, and he is definitely not a lightweight. I'd been sleeping on the top bunk, but didn't feel great about my ability to climb up and down the ladder, so I asked to trade. But somehow trading turned into sharing, and it devolved from there. Even aside from the agreement being in place before that, I feel like I said no in the moment and he continued to push for it, but I really can't say for sure.

There was a short period of time (maybe a couple of days) where I did think about it and had the vague idea it was SA, but I very quickly extinguished that thought, because it was too difficult to face, especially in the context of everything else going on at the time. I've been unpacking a lot of trauma lately, from various parts of my life, including some beliefs I hold about myself and the world that this has contributed to. It finally clicked when I drank a little too much while we were out with friends, and the second we were alone I had overwhelming anxiety and what I can best describe as a tactile flashback.

So we talked about it pretty indirectly, and my symptoms got worse and worse the more he basically pretended nothing happened, or it wasn't that bad. We're also moving into a new house right now, so I've been sleeping at the new place while he stayed at the old place; it's a weird situation where that would make sense even if this hadn't happened. I confronted him over text on Sunday night, basically asking him to admit what happened, and he did. He even called it what it was. Initially I was mostly in shock. He asked for some time to think because he was about to drive back to the old place from work, but once he got there, it was the same, just like nothing had happened. I reread his text later, and realized it made me really uncomfortable. He justified himself with my (completely unrelated) actions, and made a point about how he felt about the situation, without ever checking in on me. Do I feel a little better that he feels guilty? Maybe I would if I believed he meant it, but the fact that he just changed topics 30 minutes later like nothing happened doesn't really help.

I don't know what I want to do. I don't know what I would want him to do or say to try to move forward. I don't know if I want to move forward. I just feel so isolated. I finally broke down and told a friend from work this week who was very supportive in a ""I'll be here to help you through whatever you decide"" way. I have so many mixed feelings: anger, grief, fear, confusion, disgust. I want to yell at him for what he did and for doing the bare minimum to acknowledge it. I want to cry because all of our female friends in college used to say he was ""the one safe man"" and if I can't trust him who can I trust? I want to scream into the void because I hate that I let myself sweep it under the rug for so long, but I also know that if I hadn't, I'd be in a very different place in life. I've seen it said that just because it could've been different doesn't mean it would've been better. I definitely have people and things in my life now that I wouldn't have, and I think I'm better for them. But I also know that doesn't absolve him of guilt, as much as I wish it did.

I guess I'm hoping that by sharing the story I'll feel less alone. Thanks for reading. Any thoughts are appreciated.","wrbkr5 sexualassault I married someone who SA'd me BeenRightfullyStolen /r/sexualassault/comments/wrbkr5/i_married_someone_who_sad_me/ I'm still coming to terms with this, so I feel like I'm all over the place. 

I've been with my husband for 6.5 years, married for 2. This happened about 3.5 years ago, and I had pretty much blocked it out or explained it away until about a month ago. I have a history of SA and recurring abuse, and had really bad PTSD symptoms for a very long time that got much better through intensive trauma-focused therapy. Over the last month, I've come to realize that since this event, my symptoms have been much worse again, just different, and easy to explain as being related to other conditions I deal with. With my history of PTSD and trauma treatment, I can recognize a lot of my thought patterns surrounding this for what they are (a lot of self-blame, all-or-nothing thinking, guilt, and denial) and that they probably aren't accurate or helpful. That doesn't stop them completely, but it helps some.

As for what happened, we had been having a bit of a rough patch, and agreed we were going to take some time to focus on ourselves for a bit. Not a break, just a ""put on your own oxygen mask"" kind of thing, as we were both dealing with major life stressors. We did explicitly agree not to have sex until we sorted ourselves out. 

Fairly shortly after that conversation, we went on a vacation with our best friend, who was our roommate at the time, and rented a full house Airbnb with two bedrooms, a master and a smaller room with bunked beds. Because of our situation, we decided to let our friend have the master and sleep in the separate bunk beds. We didn't do much that week besides enjoy nature, play video games, and drink, and everything was totally fine until the end of the trip. I overdid it a bit with the tequila (it was not the first nor the last time). He said then (and would continue to say for a long time) that he was really drunk too, but when our friend and I thought about how much he'd actually had to drink the next day, it wasn't even half as much as me, and he is definitely not a lightweight. I'd been sleeping on the top bunk, but didn't feel great about my ability to climb up and down the ladder, so I asked to trade. But somehow trading turned into sharing, and it devolved from there. Even aside from the agreement being in place before that, I feel like I said no in the moment and he continued to push for it, but I really can't say for sure.

There was a short period of time (maybe a couple of days) where I did think about it and had the vague idea it was SA, but I very quickly extinguished that thought, because it was too difficult to face, especially in the context of everything else going on at the time. I've been unpacking a lot of trauma lately, from various parts of my life, including some beliefs I hold about myself and the world that this has contributed to. It finally clicked when I drank a little too much while we were out with friends, and the second we were alone I had overwhelming anxiety and what I can best describe as a tactile flashback.

So we talked about it pretty indirectly, and my symptoms got worse and worse the more he basically pretended nothing happened, or it wasn't that bad. We're also moving into a new house right now, so I've been sleeping at the new place while he stayed at the old place; it's a weird situation where that would make sense even if this hadn't happened. I confronted him over text on Sunday night, basically asking him to admit what happened, and he did. He even called it what it was. Initially I was mostly in shock. He asked for some time to think because he was about to drive back to the old place from work, but once he got there, it was the same, just like nothing had happened. I reread his text later, and realized it made me really uncomfortable. He justified himself with my (completely unrelated) actions, and made a point about how he felt about the situation, without ever checking in on me. Do I feel a little better that he feels guilty? Maybe I would if I believed he meant it, but the fact that he just changed topics 30 minutes later like nothing happened doesn't really help.

I don't know what I want to do. I don't know what I would want him to do or say to try to move forward. I don't know if I want to move forward. I just feel so isolated. I finally broke down and told a friend from work this week who was very supportive in a ""I'll be here to help you through whatever you decide"" way. I have so many mixed feelings: anger, grief, fear, confusion, disgust. I want to yell at him for what he did and for doing the bare minimum to acknowledge it. I want to cry because all of our female friends in college used to say he was ""the one safe man"" and if I can't trust him who can I trust? I want to scream into the void because I hate that I let myself sweep it under the rug for so long, but I also know that if I hadn't, I'd be in a very different place in life. I've seen it said that just because it could've been different doesn't mean it would've been better. I definitely have people and things in my life now that I wouldn't have, and I think I'm better for them. But I also know that doesn't absolve him of guilt, as much as I wish it did.

I guess I'm hoping that by sharing the story I'll feel less alone. Thanks for reading. Any thoughts are appreciated.","[""\\bit\\s+wasn[’']t\\s+that\\s+bad\\b""]","[""\\bit\\s+wasn[’']t\\s+that\\s+bad\\b"", ""\\bi\\s+don[’']t\\s+know\\b"", '\\bsa\\b', '\\bhusband\\b', '\\bfriend\\b']"
w51ylq,sexualassault,Was this sexual assault?,sociallyanxuspancake,3,22,True,2,1658466390,/r/sexualassault/comments/w51ylq/was_this_sexual_assault/,"The other weekend, I (22M) went with my best friend K (22F) to our friends’ M (22F) and R (Apx. 26M) house to hang out and drink. I myself don’t have much experience drinking and ended up getting a lot more drunk than intended. Later into the night K and M left me and R alone in the kitchen. The conversation somehow got to me talking about still being a virgin at 22 and hating it and R comforting me and telling me not to worry about it. I remember mentioning something about never even seeing another man nude in person and him asking what I’d do if I did see one. I just remembered shrugging and I think he asked again or asked a similar question. At this point he’s drunk but I’m really having a hard time focusing on anything or understanding what’s even going on. He suddenly got up from his chair and wakes over to where I was sitting and took “it” out. I just stared at it not really able to focus on it, like I could see it but I also couldn’t if that makes any sense. I guess I thought he was just being funny or something but then he put his hand on the back of my head and pulled me into his crotch. I don’t know what happened then but I remember him then walking off a bit but then turning and telling me to follow him. I can hardly walk and almost fall over. We go into a room which we’d been earlier and I don’t remember anything between standing at the door and then actively on the floor in front of him while I was blowing him. I know I couldn’t do much on my own and he had a hold on my hair and was “guiding me”. He kept saying not to tell anyone and would say “did I say you could stop” whenever I’d stop. I know he wasn’t fully erect probably due to being a bit drunk himself and that he never finished. When he said he couldn’t he then pulled his pants up and looked at me and said “next time”. 

I could barely remember anything the next day but I knew it happened. I could feel where my scalp was sensitive from where he’d pulled at my hair. I feel so disgusted from what happened, I know I never would’ve done that sober. He’s engaged to M and I never felt that way about him. I ended up telling M a week later after telling K about it. Apparently he’d told her that I was touching on his leg and making him uncomfortable so he “removed himself from the situation”. When I told her what actually happened she was shocked. Now he’s admitted to it but is saying he feels taken advantage of too and that he doesn’t remember everything. I know he was drunk too but I feel like due to how he was acting that night, he was a lot more aware of what was going on than I was; but I’m so conflicted. M is too and is still with him. 

I’m still upset about this whole thing. I don’t want to make it something it wasn’t though. A couple friends I’ve confided in have told me he sexually assaulted me but I don’t know. That’s why I wanted to ask an unbiased source. So please tell me, is what happened considered sexual assault?

Sorry for the long post but I felt these details were needed. Thanks to everyone who took the time to read.","w51ylq sexualassault Was this sexual assault? sociallyanxuspancake /r/sexualassault/comments/w51ylq/was_this_sexual_assault/ The other weekend, I (22M) went with my best friend K (22F) to our friends’ M (22F) and R (Apx. 26M) house to hang out and drink. I myself don’t have much experience drinking and ended up getting a lot more drunk than intended. Later into the night K and M left me and R alone in the kitchen. The conversation somehow got to me talking about still being a virgin at 22 and hating it and R comforting me and telling me not to worry about it. I remember mentioning something about never even seeing another man nude in person and him asking what I’d do if I did see one. I just remembered shrugging and I think he asked again or asked a similar question. At this point he’s drunk but I’m really having a hard time focusing on anything or understanding what’s even going on. He suddenly got up from his chair and wakes over to where I was sitting and took “it” out. I just stared at it not really able to focus on it, like I could see it but I also couldn’t if that makes any sense. I guess I thought he was just being funny or something but then he put his hand on the back of my head and pulled me into his crotch. I don’t know what happened then but I remember him then walking off a bit but then turning and telling me to follow him. I can hardly walk and almost fall over. We go into a room which we’d been earlier and I don’t remember anything between standing at the door and then actively on the floor in front of him while I was blowing him. I know I couldn’t do much on my own and he had a hold on my hair and was “guiding me”. He kept saying not to tell anyone and would say “did I say you could stop” whenever I’d stop. I know he wasn’t fully erect probably due to being a bit drunk himself and that he never finished. When he said he couldn’t he then pulled his pants up and looked at me and said “next time”. 

I could barely remember anything the next day but I knew it happened. I could feel where my scalp was sensitive from where he’d pulled at my hair. I feel so disgusted from what happened, I know I never would’ve done that sober. He’s engaged to M and I never felt that way about him. I ended up telling M a week later after telling K about it. Apparently he’d told her that I was touching on his leg and making him uncomfortable so he “removed himself from the situation”. When I told her what actually happened she was shocked. Now he’s admitted to it but is saying he feels taken advantage of too and that he doesn’t remember everything. I know he was drunk too but I feel like due to how he was acting that night, he was a lot more aware of what was going on than I was; but I’m so conflicted. M is too and is still with him. 

I’m still upset about this whole thing. I don’t want to make it something it wasn’t though. A couple friends I’ve confided in have told me he sexually assaulted me but I don’t know. That’s why I wanted to ask an unbiased source. So please tell me, is what happened considered sexual assault?

Sorry for the long post but I felt these details were needed. Thanks to everyone who took the time to read.","['\\bconsider(?:ed)?\\s+(?:it\\s+)?(?:sa|sexual\\s+assault)\\b', '\\bwas\\s+this\\s+(?:sa|sexual\\s+assault)\\b']","[""\\bi\\s+don[’']t\\s+know\\b"", '\\bwas\\s+this\\s+(?:sa|sexual\\s+assault)\\b', '\\bassault\\b', '\\bconsider(?:ed)?\\s+(?:it\\s+)?(?:sa|sexual\\s+assault)\\b', '\\bfriend\\b', '\\bsexual(?:ly)?\\s+assault(?:ed|s|ing)?\\b']"
vt7lih,sexualassault,I‘m unsure but i feel something was wrong,Relative-Composer-51,3,8,True,4,1657161041,/r/sexualassault/comments/vt7lih/im_unsure_but_i_feel_something_was_wrong/,"Hello

this happened last year. i was having a situationship thing that he didnt want to declare as fwb until it was in his favor in front of others but not privately (all online. he was a moderately big streamer, i used to be one of his mods)
we basically sexted quite a bit until we decided to meet up. it was a few days after i came home from a family vacation so i had my clothes packed already. (he later told our friends i seduced him with my clothes) he didnt live in my country, so i solo traveled the first time. didnt speak the language, knew nobody, broke. Also i was mentally abused by him but didnt recognize it until i was out of that situation

he wanted to do it not even five minutes after he brought me to his home. (also he told me mere days before i traveled that he wants to keep it platonic) i said okay or yes can’t remember exactly. i forced myself as i didn’t feel like i was able to have an actual opinion. what if i was suddenly on the street having no money or not being able to talk to anyone? 
i got weirded out a few times during my stay by things he said. he told me i must do stuff where i was clearly nervous (i was a virgin). I bleed every single time. it hurt so much, i‘ve never felt a pain like this and i hurt myself a lot (clumsy). i got a uti, which i only realized when i got home. i had blood in my urine. i didnt notice because i was bleeding anyway. he threw me out the last day, it was scary. (he was using his brothers apartment while his brother was on vacation and he came back ten minutes after he threw me out) i was hurting, scared, anxious. and my train got canceled on top. he didn’t reply anymore, he ghosted me for like two weeks before acknowledging my existence again. only because i mentioned my uti.

tldr
so yes im confused. i said okay but i know i didnt feel like i could say no. also because of the previous sexting. i did notice that my body was absolutely not okay with it. i didnt know it wasnt supposed to hurt that much (i was tearing up). we both blamed it on it being my „first time“. is this sexual assault or am i just exaggerating like he always said i was?","vt7lih sexualassault I‘m unsure but i feel something was wrong Relative-Composer-51 /r/sexualassault/comments/vt7lih/im_unsure_but_i_feel_something_was_wrong/ Hello

this happened last year. i was having a situationship thing that he didnt want to declare as fwb until it was in his favor in front of others but not privately (all online. he was a moderately big streamer, i used to be one of his mods)
we basically sexted quite a bit until we decided to meet up. it was a few days after i came home from a family vacation so i had my clothes packed already. (he later told our friends i seduced him with my clothes) he didnt live in my country, so i solo traveled the first time. didnt speak the language, knew nobody, broke. Also i was mentally abused by him but didnt recognize it until i was out of that situation

he wanted to do it not even five minutes after he brought me to his home. (also he told me mere days before i traveled that he wants to keep it platonic) i said okay or yes can’t remember exactly. i forced myself as i didn’t feel like i was able to have an actual opinion. what if i was suddenly on the street having no money or not being able to talk to anyone? 
i got weirded out a few times during my stay by things he said. he told me i must do stuff where i was clearly nervous (i was a virgin). I bleed every single time. it hurt so much, i‘ve never felt a pain like this and i hurt myself a lot (clumsy). i got a uti, which i only realized when i got home. i had blood in my urine. i didnt notice because i was bleeding anyway. he threw me out the last day, it was scary. (he was using his brothers apartment while his brother was on vacation and he came back ten minutes after he threw me out) i was hurting, scared, anxious. and my train got canceled on top. he didn’t reply anymore, he ghosted me for like two weeks before acknowledging my existence again. only because i mentioned my uti.

tldr
so yes im confused. i said okay but i know i didnt feel like i could say no. also because of the previous sexting. i did notice that my body was absolutely not okay with it. i didnt know it wasnt supposed to hurt that much (i was tearing up). we both blamed it on it being my „first time“. is this sexual assault or am i just exaggerating like he always said i was?",['\\bis\\s+this\\s+(?:sa|sexual\\s+assault)\\b'],"['\\bis\\s+this\\s+(?:sa|sexual\\s+assault)\\b', '\\bassault\\b', '\\bsexual(?:ly)?\\s+assault(?:ed|s|ing)?\\b']"
voz00b,sexualassault,Boyfriend’s best friend sexually coerced me,helpmesospls,5,8,True,3,1656676373,/r/sexualassault/comments/voz00b/boyfriends_best_friend_sexually_coerced_me/,"TW: S*icide, will be fairly graphic

TLDR: My boyfriend’s suicidal best friend forced himself on me but doesn’t seem to think he did, then attempted suicide and is planning on it again. I don’t want to hurt anyone else and want to carry the burden myself. 

My boyfriend was hosting drinks at his place and one of his best friends who I’ve never talked to before (spends most of the year in another city for uni) stayed till the end. This guy also has a girlfriend. We were having fun conversation about irony and continued after everyone was long gone and my boyfriend had headed to bed, telling us to go to his flatmates room to chat. We did, and watched some YouTube videos. 

Halfway through a video I went to puke, then came back and resumed the video. However this time the friend got closer, I thought it was because it was cold, but slowly started groping me. I’m super socially anxious and the world’s worst people pleaser, but I still found the strength to tell him to stop. I was so proud of this until I didn’t. He’d then say something like “Sorry, you’re right, you’re right, let’s turn it down a couple notches”. This cycle went on and on, at least 10 times and potentially up to 20 or more. Each time I tried to come up with something to stop him. I know I should’ve probably run away at some point, but I was scared of upsetting him because I knew about his mental health issues and his previous suicide attempts. I hate myself so much for not running.

I tried so hard, I told him I could step out for him to jerk off, I could invite my boyfriend because he’d had a crush on my boyfriend and my boyfriend mentioned that he’s the only friend he’d be comfortable having a threesome with, I tried blowing my stinky puke breath in his face, telling him I’m gross, telling him I couldn’t, we couldn’t do this to my boyfriend or his girlfriend, pushing him off, so many things. Then he was on me and in me and I just hoped it’d end ASAP. 

As soon as he finished, while still on me and in me, he told me he was planning on killing himself in a couple days, or even that very night. I tried comforting him and convincing him not to as well as I could, but apparently it wasn’t enough. He crashed his dad’s car and was hospitalised. In between this he also asked me why I did it, as if he thought I wanted what happened. I didn’t want him to hate himself more so didn’t really say anything. I also was still confused as to whether giving up and not fighting back harder was my fault or not, which I’m still very mixed up about. I keep thinking it’s me avoiding responsibility, but I simultaneously know I was very clear that I didn’t want it. He was also very drunk, so that probably explained the... dubious consent? Another thing that makes me think this might have been assault is he mentioned doing something horrible that was worse than the worst thing I could think of to an ex, who I know has been previously assaulted by a partner. He told me to keep what we did a secret, which I agreed to because it would ruin a lot of lives if this came out.


I went to the hospital to visit him the next morning with my boyfriend, but only he could see him due to covid restrictions. He didn’t tell my boyfriend a thing. My boyfriend has previously said that he’d never talk to me again if I slept with one of his friends, which is fair, and I really don’t want that to happen. I don’t want his relationship with the friend ruined either, because they’ve both been the only source of support for each other through suicidal times and as I said, the friend is still actively suicidal. The friend’s girlfriend is another obvious person who would be hurt. 

I opened up to some people about what happened, some say it’s best to keep quiet about it while others are telling me I have to tell my boyfriend and maybe even the police. 

I’m very scared, I don’t know what to do. I don’t know if it was assault. I’m pretty sure it is, but that’s heavy and I don’t want to hurt people involved or have someone who’s life is at stake to get in trouble and add another reason to his wanting to die. Some friends are telling me I shouldn’t care about him after what he’s done, but it’s so blurry and I can’t be certain it was assault because I keep doubting myself. However, I know that if I had a friend who was in this situation I’d tell them it was.

Was this sexual assault? Do I tell my boyfriend? If I do, how? Do I tell the police? Please help me.","voz00b sexualassault Boyfriend’s best friend sexually coerced me helpmesospls /r/sexualassault/comments/voz00b/boyfriends_best_friend_sexually_coerced_me/ TW: S*icide, will be fairly graphic

TLDR: My boyfriend’s suicidal best friend forced himself on me but doesn’t seem to think he did, then attempted suicide and is planning on it again. I don’t want to hurt anyone else and want to carry the burden myself. 

My boyfriend was hosting drinks at his place and one of his best friends who I’ve never talked to before (spends most of the year in another city for uni) stayed till the end. This guy also has a girlfriend. We were having fun conversation about irony and continued after everyone was long gone and my boyfriend had headed to bed, telling us to go to his flatmates room to chat. We did, and watched some YouTube videos. 

Halfway through a video I went to puke, then came back and resumed the video. However this time the friend got closer, I thought it was because it was cold, but slowly started groping me. I’m super socially anxious and the world’s worst people pleaser, but I still found the strength to tell him to stop. I was so proud of this until I didn’t. He’d then say something like “Sorry, you’re right, you’re right, let’s turn it down a couple notches”. This cycle went on and on, at least 10 times and potentially up to 20 or more. Each time I tried to come up with something to stop him. I know I should’ve probably run away at some point, but I was scared of upsetting him because I knew about his mental health issues and his previous suicide attempts. I hate myself so much for not running.

I tried so hard, I told him I could step out for him to jerk off, I could invite my boyfriend because he’d had a crush on my boyfriend and my boyfriend mentioned that he’s the only friend he’d be comfortable having a threesome with, I tried blowing my stinky puke breath in his face, telling him I’m gross, telling him I couldn’t, we couldn’t do this to my boyfriend or his girlfriend, pushing him off, so many things. Then he was on me and in me and I just hoped it’d end ASAP. 

As soon as he finished, while still on me and in me, he told me he was planning on killing himself in a couple days, or even that very night. I tried comforting him and convincing him not to as well as I could, but apparently it wasn’t enough. He crashed his dad’s car and was hospitalised. In between this he also asked me why I did it, as if he thought I wanted what happened. I didn’t want him to hate himself more so didn’t really say anything. I also was still confused as to whether giving up and not fighting back harder was my fault or not, which I’m still very mixed up about. I keep thinking it’s me avoiding responsibility, but I simultaneously know I was very clear that I didn’t want it. He was also very drunk, so that probably explained the... dubious consent? Another thing that makes me think this might have been assault is he mentioned doing something horrible that was worse than the worst thing I could think of to an ex, who I know has been previously assaulted by a partner. He told me to keep what we did a secret, which I agreed to because it would ruin a lot of lives if this came out.


I went to the hospital to visit him the next morning with my boyfriend, but only he could see him due to covid restrictions. He didn’t tell my boyfriend a thing. My boyfriend has previously said that he’d never talk to me again if I slept with one of his friends, which is fair, and I really don’t want that to happen. I don’t want his relationship with the friend ruined either, because they’ve both been the only source of support for each other through suicidal times and as I said, the friend is still actively suicidal. The friend’s girlfriend is another obvious person who would be hurt. 

I opened up to some people about what happened, some say it’s best to keep quiet about it while others are telling me I have to tell my boyfriend and maybe even the police. 

I’m very scared, I don’t know what to do. I don’t know if it was assault. I’m pretty sure it is, but that’s heavy and I don’t want to hurt people involved or have someone who’s life is at stake to get in trouble and add another reason to his wanting to die. Some friends are telling me I shouldn’t care about him after what he’s done, but it’s so blurry and I can’t be certain it was assault because I keep doubting myself. However, I know that if I had a friend who was in this situation I’d tell them it was.

Was this sexual assault? Do I tell my boyfriend? If I do, how? Do I tell the police? Please help me.","['\\bwas\\s+this\\s+(?:sa|sexual\\s+assault)\\b', '\\bif\\s+it\\s+was\\s+assault\\b']","['\\bif\\s+it\\s+was\\s+assault\\b', '\\bpartner\\b', '\\bboyfriend\\b', '\\bsexual(?:ly)?\\s+coerc(?:e|ed|es|ing|ion)\\b', ""\\bi\\s+don[’']t\\s+know\\b"", '\\bgirlfriend\\b', '\\bwas\\s+this\\s+(?:sa|sexual\\s+assault)\\b', '\\bassault\\b', '\\bfriend\\b', '\\bsexual(?:ly)?\\s+assault(?:ed|s|ing)?\\b']"
vou4vk,sexualassault,was i sexually assaulted at school?,puzzzzlehead,3,2,False,0,1656657385,/r/sexualassault/comments/vou4vk/was_i_sexually_assaulted_at_school/,"I want to start by saying im so sorry if this isn't sexual assault I know this isn't as big as others. I'm 17 now but I think about this quite often and I have no one to talk to about it.

When I was 15 in highschool I had a math class with this boy, going to call him Michael. We began talking regularly within the first few weeks of school in August. I'm a quiet person naturally and he was very outgoing and funny, class clown, basketball player all of that. I also found out he had a girlfriend that went to a highschool near us. I have to admit within the first couple months of us talking, I began to have a little crush on him. We start flirting in class and texting sometimes, I know it was wrong because I knew he had a girlfriend but it felt harmless at the time and I was stupid.

I feel like this is relevant to why I think I'm overreacting but our math teacher was really chill, she noticed how close Michael and i were getting and sometimes she would make lightly funny comments to me about it. When she was re-arranging the seating chart monthly she would always place us next to eachother.

Sometime right before winter break in class the teacher had us split up into pairs to practice math problems on the big white boards that are hanged all around the room. Michael asked me to be his partner, as usual. We were at the front of the class toward the right side; so we were visible to everyone. Everything was normal and it was my turn to do a math problem on the whiteboard, Michael was standing right behind me because there were people to our left and right. In the middle of my problem I felt his groin area pressed up against my butt from behind me and he was lightly moving. During this he kept talking about the math problem. I didn't say anything, I kept working on the problem. After about 30 seconds I finished the problem and moved away from him. We continued doing our work as normal.

One time also before winter break(2019), we were all finishing our final projects, the classroom was pretty loud because everyone was excited for break in a few days. Michael, another boy and I were talking and they started talking about porn. I was quiet doing my work and then Michael started trying to guess if I was into porn and what kind I would watch. I felt really awkward, and laughed it off but they kept going for like 10 minutes talking about how I probably watch really kinky stuff. I shrugged this off because they're jokes, I know we're teenagers, we make stupid jokes.

I've been thinking about all of this ever since. Nothing else like this happened before. We stopped talking in March 2020 because COVID happened and I did online school. It was the first time a guy had ever been physical with me. I just feel like I'm overreacting about the whole thing because he didn't grab my boobs or like shove his hands down my pants. But I also feel like if I have to question whether I liked it or not then it probably was wrong.

Edit: spelling error","vou4vk sexualassault was i sexually assaulted at school? puzzzzlehead /r/sexualassault/comments/vou4vk/was_i_sexually_assaulted_at_school/ I want to start by saying im so sorry if this isn't sexual assault I know this isn't as big as others. I'm 17 now but I think about this quite often and I have no one to talk to about it.

When I was 15 in highschool I had a math class with this boy, going to call him Michael. We began talking regularly within the first few weeks of school in August. I'm a quiet person naturally and he was very outgoing and funny, class clown, basketball player all of that. I also found out he had a girlfriend that went to a highschool near us. I have to admit within the first couple months of us talking, I began to have a little crush on him. We start flirting in class and texting sometimes, I know it was wrong because I knew he had a girlfriend but it felt harmless at the time and I was stupid.

I feel like this is relevant to why I think I'm overreacting but our math teacher was really chill, she noticed how close Michael and i were getting and sometimes she would make lightly funny comments to me about it. When she was re-arranging the seating chart monthly she would always place us next to eachother.

Sometime right before winter break in class the teacher had us split up into pairs to practice math problems on the big white boards that are hanged all around the room. Michael asked me to be his partner, as usual. We were at the front of the class toward the right side; so we were visible to everyone. Everything was normal and it was my turn to do a math problem on the whiteboard, Michael was standing right behind me because there were people to our left and right. In the middle of my problem I felt his groin area pressed up against my butt from behind me and he was lightly moving. During this he kept talking about the math problem. I didn't say anything, I kept working on the problem. After about 30 seconds I finished the problem and moved away from him. We continued doing our work as normal.

One time also before winter break(2019), we were all finishing our final projects, the classroom was pretty loud because everyone was excited for break in a few days. Michael, another boy and I were talking and they started talking about porn. I was quiet doing my work and then Michael started trying to guess if I was into porn and what kind I would watch. I felt really awkward, and laughed it off but they kept going for like 10 minutes talking about how I probably watch really kinky stuff. I shrugged this off because they're jokes, I know we're teenagers, we make stupid jokes.

I've been thinking about all of this ever since. Nothing else like this happened before. We stopped talking in March 2020 because COVID happened and I did online school. It was the first time a guy had ever been physical with me. I just feel like I'm overreacting about the whole thing because he didn't grab my boobs or like shove his hands down my pants. But I also feel like if I have to question whether I liked it or not then it probably was wrong.

Edit: spelling error",['\\bwas\\s+i\\s+sexually\\s+assaulted\\b'],"['\\bpartner\\b', '\\bassault\\b', '\\bwas\\s+i\\s+sexually\\s+assaulted\\b', '\\bgirlfriend\\b', '\\bsexual(?:ly)?\\s+assault(?:ed|s|ing)?\\b']"
vesclo,sexualassault,Is it SA?,bitchaza,2,2,False,0,1655506428,/r/sexualassault/comments/vesclo/is_it_sa/,"I was on a date today and all of a sudden he started to kiss me and touch my breasts and ass, he also kinda fingered me inside my jeans in public… I didn’t say no but i didn’t say yes either… i just looked away just standing still, i couldn’t talk, couldn’t move… i just feel like its my fault for not saying no…

Does it even count as SA? I feel terrible…

[View Poll](https://www.reddit.com/poll/vesclo)","vesclo sexualassault Is it SA? bitchaza /r/sexualassault/comments/vesclo/is_it_sa/ I was on a date today and all of a sudden he started to kiss me and touch my breasts and ass, he also kinda fingered me inside my jeans in public… I didn’t say no but i didn’t say yes either… i just looked away just standing still, i couldn’t talk, couldn’t move… i just feel like its my fault for not saying no…

Does it even count as SA? I feel terrible…

[View Poll](https://www.reddit.com/poll/vesclo)","[""\\bi\\s+didn[’']t\\s+say\\s+no\\b""]","['\\bsa\\b', ""\\bi\\s+didn[’']t\\s+say\\s+no\\b""]"
uy6dv4,sexualassault,Was I SA'D even though I wasn't physically touched?,Strong_froggie,5,4,True,1,1653567723,/r/sexualassault/comments/uy6dv4/was_i_sad_even_though_i_wasnt_physically_touched/,"# Was I SA'D even though I wasn't physically touched?

Hi there! Im a 14y Female. So Funny story i thought i accepted and made peace with this event but..it seems I didn’t since this happened so many years ago! This whole story has been sorted out and its just a matter of healing. Id also like to mention to please not mention my mothers relationship with my “stepdad” ew i hate calling him that term. This story is strictly about my trauma. Thanks

So ill give some backstory, my parents are great friends although they divorced when i was too young to remember. They’ve both been in my life and are phenomenal parents! I lived with my mother at this time and my father would visit every single weekend no matter the consequence. Unless he had drill of course (military) safe to say both very involved parents! (Love them both) this story happens when i was in either 3th or 4th grade.

My mother had started dating this man, ill call him..monster..sounds cute. At first there were no issues a wonderful man. He was funny and nice and always brought me little gifts. Then fast forawrd some time, everything changed. I don’t actually remember when it started but all i remember was how scared I was thought this part of my childhood. My mother and him would have very big fights although he never ever physically hurt her. Cops called once or twice and many many things broken out of rage. My mother has had countless phones broken by monster and broken many of her things. I even remember a chair being thrown. Lots of yelling, gaslighting, manipulating, and narcissism from monster.  At the time my mother and I were living in a nice little one bedroom until he moved in. I state this because I had nowhere to go or hide throughout this experience. He had to leave a lot because of his job but I don't quite remember the day, week, or even month he moved in. Eventually something changed. He had taken a liking to me, although I never even had the thought of this until now.

Jumping straight into the situation..be warned! One day I started realizing things. He would touch and massage himself from under desks and places as such. I assume my mother never realized  this was happening because I don't remember her bringing it up until I told her. Anyways, he would touch himself but never stop when I came near him or walked up to him. He continued and I would sometimes glance down if I was near or talking to him and I was very confused. I never asked I just thought it was weird and didn't choose to think about it. One day, Probably when my mom was out running an errand he went up to me. ""I need to tell you something,"" ""I like you"" I was confused. ""no, I mean I really like you""  and ""your such a pretty girl"" He had meant it in a romantic way. My error \*in a creepy, sadistic, pedophilic way\* But regardless I remember just nodding and I walked away. I was very very confused as to why a grown man would say this to a child but I ignored it. Never mentioned it to anyone at the time. Fast forward many many occurrences like the first one I mentioned. This is where my trauma comes from.

My mom had to leave for a night shift and asked if I was alright staying home alone with him. I said of course as I hadn't really had any issues with him before. My phone was broken so at the time he asked if I wanted his jailbroken phone to use and play with when my mom wasn't home. I was a little kid so I was super excited of course. So the night time comes and he woke me up at who knows what time after my mom left. he asked if I wanted the jailbroken phone and was I hesitant because I was just woken up from my sleep. He went into his bed (the room was split in half, My Half and my mom and his half) and had a giant iPad watching some cooking videos or something like that. Then he called me over to look at something cool he was watching. He had his whole...(Im not super familiar with reddit so Im not sure what's allowed in what thread :)\* So ill just call it his stick. He was touching and massaging his stick and I froze I didn't say anything or do anything I just uncomfortably watched his screen. Then he put the iPad down and shifted closer to me and said ""its big right?"" ""Do you wanna touch it?"" I Yelled No as loud as I could and ran into bed crying. I was so scared and shocked. He told me not to tell my mom and we should just forget about it. I did just that. I acted as If nothing ever happened. Im not sure if he continued the desk thing after that but My mental state was damaged. Along with their abusive relationship and everything else I had to carry though headstrong.

The reason I didn't tell my mom at first was because of how traumatic it was to mention it but I also didn't want to start any issues. My mom went thought a lot as a child/teen and she just isn't a very open soapy person. \*she cares very much but she expresses it a little differently an at the time it was a little harder me\* One day her and I were in the car and I Told her..kinda.  I swear I told her everything but apparently according to recent days I didn't explain the whole story and if I had it would've changed a lot of things. Anyways I guess he told her I had accidentally walked in on him touching himself and he tried to play it off as if he was doing something else and it was a big misunderstanding. Ever since that day I was uncomfortable around men who wouldn't dare lay a finger on me. The men who I once saw as protectors were no longer. \*Ive healed now and am comfortable! But for a little while I was very uncomfortable around various men, even ones who like I said wouldn't dare hurt me\*

The reason I bring this up here is because of some recent events. Today They have a nice big home and I have the cutest little sister and brother. I protect them my with life and I practically think of them as my own lmao. I love them very much and I would do anything for them! The abuse still continues today and it bings me much stress to think about how sad my mom is and how I can't be there for my siblings sometimes. \*I live with my dad now!\* My relationship with my mom got so much stronger and although I don't get to see them in person often, we call almost everyday\* One day when I was over for the holidays my mother asked me why I was so uncomfortable around Monster. I kinda mumbled and told her she already knew but she kept pushing and eventually I told her. It was super hard but she was very very distraught that she didn't know this sooner because she wouldn't be In the situation she's in now. A lot happened and we went to a hotel and she flew me home that night. Today I still visit but when monsters on work trips and its just my mama, siblings, and Myself! Monster and I aren't on any bad blood. Of course I still resent him for how he treats my mom and what he did to me but were on even terms. There is a level of respect but nothing more. Although I'd do anything to see my mom more often she doesn't want me around him so Im comfortable. Also when I was younger my dad was trying to help me though it and I consider him very wise and knowledgable haha. He taught me how to be at peace and accept what happened and also how as much as I want it to me, I cannot control my mothers relationships with monster or anyone else. I do get very sad to think my siblings will have to endure the same pain as I did but I make it my duty to protect them and be there for them at all costs. My dad and I were in the car yesterday and brought up this topic, only to realize it was extremely hard to talk about and I told my dad I wasn't ready yet. I thank him for that because of how I take on the situation today! Thats a brief story of my trauma! But also to anyone out there..is this SA? I understand it is trauma but I never thought I could classify it as since I was never touched. Anyways Thankyou for reading my long story! Please start a discussion and You may comment whatever you'd like and ask as many questions as you'd like! If you would like to talk about it online please ask me first!

&amp;#x200B;

&amp;#x200B;

Also for context \*My Mom and Dad have an amazing relationship with me\* To outsiders this may seem like a crazy situation but its all under control now and its just learning to come to peace with it! My mother hasn't forgiven monster and never will. Once again please do not criticize Monster and Mothers relationship as its sorted out and that's a whole other story :) Thanks

Edit\* i wanted to say that although I haven’t forgiven him i know for a fact he wouldn’t do it again to me or my siblings, he loves his kids and i hope they never experience what i did! So the kids are not in any danger ","uy6dv4 sexualassault Was I SA'D even though I wasn't physically touched? Strong_froggie /r/sexualassault/comments/uy6dv4/was_i_sad_even_though_i_wasnt_physically_touched/ # Was I SA'D even though I wasn't physically touched?

Hi there! Im a 14y Female. So Funny story i thought i accepted and made peace with this event but..it seems I didn’t since this happened so many years ago! This whole story has been sorted out and its just a matter of healing. Id also like to mention to please not mention my mothers relationship with my “stepdad” ew i hate calling him that term. This story is strictly about my trauma. Thanks

So ill give some backstory, my parents are great friends although they divorced when i was too young to remember. They’ve both been in my life and are phenomenal parents! I lived with my mother at this time and my father would visit every single weekend no matter the consequence. Unless he had drill of course (military) safe to say both very involved parents! (Love them both) this story happens when i was in either 3th or 4th grade.

My mother had started dating this man, ill call him..monster..sounds cute. At first there were no issues a wonderful man. He was funny and nice and always brought me little gifts. Then fast forawrd some time, everything changed. I don’t actually remember when it started but all i remember was how scared I was thought this part of my childhood. My mother and him would have very big fights although he never ever physically hurt her. Cops called once or twice and many many things broken out of rage. My mother has had countless phones broken by monster and broken many of her things. I even remember a chair being thrown. Lots of yelling, gaslighting, manipulating, and narcissism from monster.  At the time my mother and I were living in a nice little one bedroom until he moved in. I state this because I had nowhere to go or hide throughout this experience. He had to leave a lot because of his job but I don't quite remember the day, week, or even month he moved in. Eventually something changed. He had taken a liking to me, although I never even had the thought of this until now.

Jumping straight into the situation..be warned! One day I started realizing things. He would touch and massage himself from under desks and places as such. I assume my mother never realized  this was happening because I don't remember her bringing it up until I told her. Anyways, he would touch himself but never stop when I came near him or walked up to him. He continued and I would sometimes glance down if I was near or talking to him and I was very confused. I never asked I just thought it was weird and didn't choose to think about it. One day, Probably when my mom was out running an errand he went up to me. ""I need to tell you something,"" ""I like you"" I was confused. ""no, I mean I really like you""  and ""your such a pretty girl"" He had meant it in a romantic way. My error \*in a creepy, sadistic, pedophilic way\* But regardless I remember just nodding and I walked away. I was very very confused as to why a grown man would say this to a child but I ignored it. Never mentioned it to anyone at the time. Fast forward many many occurrences like the first one I mentioned. This is where my trauma comes from.

My mom had to leave for a night shift and asked if I was alright staying home alone with him. I said of course as I hadn't really had any issues with him before. My phone was broken so at the time he asked if I wanted his jailbroken phone to use and play with when my mom wasn't home. I was a little kid so I was super excited of course. So the night time comes and he woke me up at who knows what time after my mom left. he asked if I wanted the jailbroken phone and was I hesitant because I was just woken up from my sleep. He went into his bed (the room was split in half, My Half and my mom and his half) and had a giant iPad watching some cooking videos or something like that. Then he called me over to look at something cool he was watching. He had his whole...(Im not super familiar with reddit so Im not sure what's allowed in what thread :)\* So ill just call it his stick. He was touching and massaging his stick and I froze I didn't say anything or do anything I just uncomfortably watched his screen. Then he put the iPad down and shifted closer to me and said ""its big right?"" ""Do you wanna touch it?"" I Yelled No as loud as I could and ran into bed crying. I was so scared and shocked. He told me not to tell my mom and we should just forget about it. I did just that. I acted as If nothing ever happened. Im not sure if he continued the desk thing after that but My mental state was damaged. Along with their abusive relationship and everything else I had to carry though headstrong.

The reason I didn't tell my mom at first was because of how traumatic it was to mention it but I also didn't want to start any issues. My mom went thought a lot as a child/teen and she just isn't a very open soapy person. \*she cares very much but she expresses it a little differently an at the time it was a little harder me\* One day her and I were in the car and I Told her..kinda.  I swear I told her everything but apparently according to recent days I didn't explain the whole story and if I had it would've changed a lot of things. Anyways I guess he told her I had accidentally walked in on him touching himself and he tried to play it off as if he was doing something else and it was a big misunderstanding. Ever since that day I was uncomfortable around men who wouldn't dare lay a finger on me. The men who I once saw as protectors were no longer. \*Ive healed now and am comfortable! But for a little while I was very uncomfortable around various men, even ones who like I said wouldn't dare hurt me\*

The reason I bring this up here is because of some recent events. Today They have a nice big home and I have the cutest little sister and brother. I protect them my with life and I practically think of them as my own lmao. I love them very much and I would do anything for them! The abuse still continues today and it bings me much stress to think about how sad my mom is and how I can't be there for my siblings sometimes. \*I live with my dad now!\* My relationship with my mom got so much stronger and although I don't get to see them in person often, we call almost everyday\* One day when I was over for the holidays my mother asked me why I was so uncomfortable around Monster. I kinda mumbled and told her she already knew but she kept pushing and eventually I told her. It was super hard but she was very very distraught that she didn't know this sooner because she wouldn't be In the situation she's in now. A lot happened and we went to a hotel and she flew me home that night. Today I still visit but when monsters on work trips and its just my mama, siblings, and Myself! Monster and I aren't on any bad blood. Of course I still resent him for how he treats my mom and what he did to me but were on even terms. There is a level of respect but nothing more. Although I'd do anything to see my mom more often she doesn't want me around him so Im comfortable. Also when I was younger my dad was trying to help me though it and I consider him very wise and knowledgable haha. He taught me how to be at peace and accept what happened and also how as much as I want it to me, I cannot control my mothers relationships with monster or anyone else. I do get very sad to think my siblings will have to endure the same pain as I did but I make it my duty to protect them and be there for them at all costs. My dad and I were in the car yesterday and brought up this topic, only to realize it was extremely hard to talk about and I told my dad I wasn't ready yet. I thank him for that because of how I take on the situation today! Thats a brief story of my trauma! But also to anyone out there..is this SA? I understand it is trauma but I never thought I could classify it as since I was never touched. Anyways Thankyou for reading my long story! Please start a discussion and You may comment whatever you'd like and ask as many questions as you'd like! If you would like to talk about it online please ask me first!

&amp;#x200B;

&amp;#x200B;

Also for context \*My Mom and Dad have an amazing relationship with me\* To outsiders this may seem like a crazy situation but its all under control now and its just learning to come to peace with it! My mother hasn't forgiven monster and never will. Once again please do not criticize Monster and Mothers relationship as its sorted out and that's a whole other story :) Thanks

Edit\* i wanted to say that although I haven’t forgiven him i know for a fact he wouldn’t do it again to me or my siblings, he loves his kids and i hope they never experience what i did! So the kids are not in any danger ",['\\bis\\s+this\\s+(?:sa|sexual\\s+assault)\\b'],"[""\\bi[’']?m\\s+not\\s+sure\\b"", '\\bsa\\b', '\\bis\\s+this\\s+(?:sa|sexual\\s+assault)\\b']"
utpugy,sexualassault,was this sexual assault or am i being dramatic?,Fun_Emergency_134,5,6,True,3,1653038802,/r/sexualassault/comments/utpugy/was_this_sexual_assault_or_am_i_being_dramatic/,"i was at a party last saturday and my friends friend that’s a guy followed me n my girl friend home, she went to sleep and we stayed up and i snorted more drgs, he was kind to me but also kept being so pushy towards me n touching me, he went down on me as i was saying ‘no’ and ‘maybe we shouldn’t’ and he kept being like yes yes and i remember making the most disgusted, panicked face and then he wanted to have sex w me and i said no so many times until i finally gave in and said yes, i was drunk and high so i barely remember anything but after that, i remember riding him and i just wanted it to be over n done with. after, i felt so disgusted with myself bc i didn’t want to but felt like i had to!
i told my friends about this the day after and they said that it was rape, i was so confused n sad. and i can’t figure out if i was raped or not, please tell me if i was sexually assaulted? i’ve been crying bc i feel so gross idk what to do, was it my fault bc i DID ride him or?? :/","utpugy sexualassault was this sexual assault or am i being dramatic? Fun_Emergency_134 /r/sexualassault/comments/utpugy/was_this_sexual_assault_or_am_i_being_dramatic/ i was at a party last saturday and my friends friend that’s a guy followed me n my girl friend home, she went to sleep and we stayed up and i snorted more drgs, he was kind to me but also kept being so pushy towards me n touching me, he went down on me as i was saying ‘no’ and ‘maybe we shouldn’t’ and he kept being like yes yes and i remember making the most disgusted, panicked face and then he wanted to have sex w me and i said no so many times until i finally gave in and said yes, i was drunk and high so i barely remember anything but after that, i remember riding him and i just wanted it to be over n done with. after, i felt so disgusted with myself bc i didn’t want to but felt like i had to!
i told my friends about this the day after and they said that it was rape, i was so confused n sad. and i can’t figure out if i was raped or not, please tell me if i was sexually assaulted? i’ve been crying bc i feel so gross idk what to do, was it my fault bc i DID ride him or?? :/",['\\bwas\\s+this\\s+(?:sa|sexual\\s+assault)\\b'],"['\\bidk+k*\\b', '\\bwas\\s+this\\s+(?:sa|sexual\\s+assault)\\b', '\\bassault\\b', '\\brape\\b', '\\bfriend\\b', '\\bsexual(?:ly)?\\s+assault(?:ed|s|ing)?\\b']"
utgmzk,sexualassault,Was I sexually assaulted? Was I in the wrong?,strawberrylaffytaffy,1,2,False,0,1653004928,/r/sexualassault/comments/utgmzk/was_i_sexually_assaulted_was_i_in_the_wrong/,"For context, I am close friends with “Chase” and have hooked up in the past, and I barely know “Travis”. “Chase” and “Travis” are best friends. I’ve replaced their real names.

Chase, Travis and I were out drinking until about 2am. We had a blast the whole night and were having so much fun. After the bars closed, we drove to Travis’s house to hangout. We started watching youtube music videos and just talking and hanging out. I was originally in jeans and a one-piece bodysuit. I wanted to be comfortable so I asked for a tshirt and chonies. Chase gave me his tshirt but even after asking multiple times, no one would give me chonies, so I kept my body suit on and wore his XL tshirt on top. Although I didn’t have pants on, the tshirt was long enough to cover my butt. We’re all hanging out in the living room and Travis and Chase start cuddling, almost as a joke. They were sitting next to each other with Chase’s arm over Travis’s shoulder. I’m sitting away from them and they tell me in a joking way to “come cuddle with us, we’re like a family!” We all laughed and I came over and laid on Chase’s chest with his arm over me. Travis and i are not touching each other, but are both cuddled up to Chase. For a while Chase stroked my back and grabbed my butt. The boys are talking and I’m starting to doze off. I’m coming in and out of hearing their conversation, but they come to the topic of nudes and dick pics. They start showing me and each other nudes that other people have sent them, and then their own dick pics. It’s all in a joking manner but I began to feel really uncomfortable. Travis shows us dick pics of someone he hooked up with, which is the first time I ever heard or realized he is bisexual and sleeps with mostly men. Then he shows us his own dick pics. I didn’t show that I was uncomfortable because I didn’t want them to feel shamed or judged since this felt like a safe space. I just said “wow” to each of them showing me their dick pics. I try to doze off again, with my head laying somewhere between Chase’s stomach and chest. I hear Travis say “can I do something really gay right now?” and he pulls out Chase’s dick. I don’t remember if Chase said Travis could do this or not. Travis starts stroking Chase’s dick and then starts sucking it. This is happening within inches of my face. I didn’t know what to do- I couldn’t move and was shocked and uncomfortable and scared. I moved away eventually and just watched for a minute in disbelief while Travis sucked Chase’s dick. Chase then told me to suck his dick and pulled me in to do so. I didn’t want to in this situation but I did it anyway. For about three minutes they are having me and Travis switch off sucking Chase’s dick. Chase then told me to undress and started to pull off my tshirt. I took off my tshirt but not my bodysuit, Chase got completely naked, and Travis took off his pants but nothing else. Travis pulled Chase to the edge of the couch and started eating his ass. Chase has told me in the past that he doesn’t like having that done. I was sitting watching in disbelief and felt like I could see how uncomfortable Chase was, but i didn’t know for sure. Chase looked uncomfortable but is the type to laugh things off, which he did while Travis ate his ass. Chase told me to get full naked so I did. Then, he pulled me over and told me to ride his dick. He was barely hard and barely could get inside of me, then got really hard after I rode him for a minute. My back was to Travis so I don’t know what he was doing, but it sounded like he was enjoying watching me ride Chase, stroking himself, and touching Chase’s ass. Travis started touching me and I was terrified. Chase could see I was uncomfortable so he pulled me in to make out with him while I rode him, and he redirected Travis to touch him instead of me. After a couple minutes, Travis starts touching me again. I’m whispering “no” to Chase and start crying. I think he was trying to make me feel comfortable and not scared, but also not wanting to make Travis feel bad so he redirects Travis again. He whispers “it’s okay” each time I say no or shift my body away from Travis’s touch. At this point, I am completely dry and the sex is hurting. I stop riding Chase, but am still kissing him, crying, and saying no to Travis trying to do more with me. Travis starts licking my privates, then they put Chase’s dick back inside me. I’m fully silently crying at this point looking at Chase. I think Travis signalled to Chase that he wanted to fuck me at the same time as Chase. Chase says “I want you to take both our cocks”. I whisper “no please”, he responds “yes you’re going to take us both it’s gonna be okay”. I say, crying, “no please no I don't want this”. Chase seemed to realize at this point I was not okay and he says “do you want to stop?” I say yes, get up and immediately go to the bathroom. I sit down and start shaking and crying hysterically. Was I sexually assaulted or was I just unclear that I didn’t consent to this? Did they both assault me or only Travis? Was I raped? I feel distraught, traumatized, and numb over this and need help.

edit: Chase and I are the same age, and Travis is over 10 years older than us. not sure if this is a relevant detail or not","utgmzk sexualassault Was I sexually assaulted? Was I in the wrong? strawberrylaffytaffy /r/sexualassault/comments/utgmzk/was_i_sexually_assaulted_was_i_in_the_wrong/ For context, I am close friends with “Chase” and have hooked up in the past, and I barely know “Travis”. “Chase” and “Travis” are best friends. I’ve replaced their real names.

Chase, Travis and I were out drinking until about 2am. We had a blast the whole night and were having so much fun. After the bars closed, we drove to Travis’s house to hangout. We started watching youtube music videos and just talking and hanging out. I was originally in jeans and a one-piece bodysuit. I wanted to be comfortable so I asked for a tshirt and chonies. Chase gave me his tshirt but even after asking multiple times, no one would give me chonies, so I kept my body suit on and wore his XL tshirt on top. Although I didn’t have pants on, the tshirt was long enough to cover my butt. We’re all hanging out in the living room and Travis and Chase start cuddling, almost as a joke. They were sitting next to each other with Chase’s arm over Travis’s shoulder. I’m sitting away from them and they tell me in a joking way to “come cuddle with us, we’re like a family!” We all laughed and I came over and laid on Chase’s chest with his arm over me. Travis and i are not touching each other, but are both cuddled up to Chase. For a while Chase stroked my back and grabbed my butt. The boys are talking and I’m starting to doze off. I’m coming in and out of hearing their conversation, but they come to the topic of nudes and dick pics. They start showing me and each other nudes that other people have sent them, and then their own dick pics. It’s all in a joking manner but I began to feel really uncomfortable. Travis shows us dick pics of someone he hooked up with, which is the first time I ever heard or realized he is bisexual and sleeps with mostly men. Then he shows us his own dick pics. I didn’t show that I was uncomfortable because I didn’t want them to feel shamed or judged since this felt like a safe space. I just said “wow” to each of them showing me their dick pics. I try to doze off again, with my head laying somewhere between Chase’s stomach and chest. I hear Travis say “can I do something really gay right now?” and he pulls out Chase’s dick. I don’t remember if Chase said Travis could do this or not. Travis starts stroking Chase’s dick and then starts sucking it. This is happening within inches of my face. I didn’t know what to do- I couldn’t move and was shocked and uncomfortable and scared. I moved away eventually and just watched for a minute in disbelief while Travis sucked Chase’s dick. Chase then told me to suck his dick and pulled me in to do so. I didn’t want to in this situation but I did it anyway. For about three minutes they are having me and Travis switch off sucking Chase’s dick. Chase then told me to undress and started to pull off my tshirt. I took off my tshirt but not my bodysuit, Chase got completely naked, and Travis took off his pants but nothing else. Travis pulled Chase to the edge of the couch and started eating his ass. Chase has told me in the past that he doesn’t like having that done. I was sitting watching in disbelief and felt like I could see how uncomfortable Chase was, but i didn’t know for sure. Chase looked uncomfortable but is the type to laugh things off, which he did while Travis ate his ass. Chase told me to get full naked so I did. Then, he pulled me over and told me to ride his dick. He was barely hard and barely could get inside of me, then got really hard after I rode him for a minute. My back was to Travis so I don’t know what he was doing, but it sounded like he was enjoying watching me ride Chase, stroking himself, and touching Chase’s ass. Travis started touching me and I was terrified. Chase could see I was uncomfortable so he pulled me in to make out with him while I rode him, and he redirected Travis to touch him instead of me. After a couple minutes, Travis starts touching me again. I’m whispering “no” to Chase and start crying. I think he was trying to make me feel comfortable and not scared, but also not wanting to make Travis feel bad so he redirects Travis again. He whispers “it’s okay” each time I say no or shift my body away from Travis’s touch. At this point, I am completely dry and the sex is hurting. I stop riding Chase, but am still kissing him, crying, and saying no to Travis trying to do more with me. Travis starts licking my privates, then they put Chase’s dick back inside me. I’m fully silently crying at this point looking at Chase. I think Travis signalled to Chase that he wanted to fuck me at the same time as Chase. Chase says “I want you to take both our cocks”. I whisper “no please”, he responds “yes you’re going to take us both it’s gonna be okay”. I say, crying, “no please no I don't want this”. Chase seemed to realize at this point I was not okay and he says “do you want to stop?” I say yes, get up and immediately go to the bathroom. I sit down and start shaking and crying hysterically. Was I sexually assaulted or was I just unclear that I didn’t consent to this? Did they both assault me or only Travis? Was I raped? I feel distraught, traumatized, and numb over this and need help.

edit: Chase and I are the same age, and Travis is over 10 years older than us. not sure if this is a relevant detail or not","[""\\bi\\s+didn[’']t\\s+consent\\b"", '\\bwas\\s+i\\s+sexually\\s+assaulted\\b']","[""\\bi\\s+didn[’']t\\s+consent\\b"", ""\\bi\\s+didn[’']t\\s+know\\b"", ""\\bi\\s+don[’']t\\s+know\\b"", '\\bassault\\b', '\\bwas\\s+i\\s+sexually\\s+assaulted\\b', '\\bsexual(?:ly)?\\s+assault(?:ed|s|ing)?\\b']"
unpw6u,sexualassault,Was I sexually assaulted or am I being dramatic?,wSpaceFacew,4,2,False,0,1652320679,/r/sexualassault/comments/unpw6u/was_i_sexually_assaulted_or_am_i_being_dramatic/,"Hey guys, I'm not sure if I went through sexual assault or I'm just overthinking things?? Everytime the memory pops up in my head, I try to brush it off and forget about it. Hoping that it'll just pass by my head someday and I wouldn't have to worry about the thought anymore.

When I was 11-12, I got snapchat and started adding a bunch of people, in hopes of making new friends. The recommended list were kids from my middle school, so I just thought I was talking to a bunch of kids from there. Eventually, I stumbled upon someone who didn't attend my school, and his name was Alex. First it was casual daily talks; I would talk to him about my day, my problems at home, my friends, the bullying that happened, and frequently asked him for advice. At the times, we both knew that he was way older than me, and I was way younger. He was 22, and i was 11. Alex was the only person that gave me an ear to talk into. My parents were abusive and middle school was just not a good place for me. Snapchat and him, just seemed like a place where i could escape. I learned that he liked to do karate and he also had family problems. Overtime, i started talking to him less and less because i got busy with school. I guess it was a given that nothing was going to happen, as we both knew that I was just a little kid who needed someone to listen to me, and he was just a guy who wanted to help me out. I saw him as a hero, role model and a protector. 

4 years later, i became a really numb person. I was (still is) depersonalized, had brain fog and unmotivated. I eventually got back on snap. I was bored and wondered if my snap memories were still there, and just wanted to feel some nostalgia by looking at my middle school memories. I decided to post a picture of myself on the story, just to see if anyone was on. I was pretty surprised to see Alex slide up, 4 years later. He said ""Hey 👋🏻 Remember me?"". I responded and we started talking again. We brang up the talks we had, and started catching up. I told him i was in high school and that it was one of the top in america. He said he had a job in a studio, and was a instructor for kids who wanted to learn karate. One day, he started asking me if I was a virgin, if I had a boyfriend or if I ever gave head to someone. I told him I wasn't comfortable answering those questions, as I was completely confused on how someone who used to be my protector, was asking such out of the blue questions?? I was confused because in my head, I thought he was a good person and would never ask anything sexual. He kept pressuring me, and telling me that I was boring and saying whatever when I said I was uncomfortable. He would completely neglect what I felt, and acted as if I was burdening him with my emotions. Eventually I gave in, I still believed that he was a good person, and thought he had a good reason. I thought that by answering him and giving in, the questions would stop. 

I was wrong, he became more flirty when he learned that i was a virgin and was single. He sent me videos of him and his nudes, without me asking. I would open my phone and there would be just a picture of his dick and him saying how big it is and bragging to me how it would make me feel good. I told him to stop, that its not okay to send me those things, that I wasn't comfortable and reminded him I was underage. He would apologize and comfort me, when I said i was upset at what he did. He said he wouldn't do it again. But he did, several times, and I forgave him each time, like a idiot

One day, he said he wanted to see me in person (we both live in the same city) and I reluctantly agreed. We went to a crowded Park and sat in a gazebo (alone). We spoke about our lives, his job, how he had trouble with other woman, how I was ""different, mature, smart, beautiful and hot"". I dont know why, I didn't feel like something was wrong. It was as if, my numbness took over my ability to feel happy, sad, upset, anxious, worried, curious or stressed. It just felt like everything that was said to me, went over my head. I felt ""fine"". After the park, he walked me to the train and I went home. I felt like everything was fine, if I didn't feel anything, he was surely a good person, right?? I agreed to visit him for the second time. I remembered wearing black shorts, a white floral wrap top paired with my moms earrings. I told my cousin that I would be meeting a man who was 28 years old, and she told me I was crazy and to bring someone with me. I didn't listen to her and told her that I lived in the city and he can't do anything to me. I was stupid and went on the date with him. He just got off of work, the weather was 90 something degrees and we were both pounding with sweat in the humidity. He walked me around the park, and we spoke about how his day went and how mine went. Eventually he led me off course and into the woods. I was dumb enough to follow him, because I still didn't feel like anything was wrong. He started rubbing against me, and told me to touch him. I told him no and im not comfortable, but he had this stupid smirk on him as if in he enjoyed it. He grabbed my hand and made me rub is fucking dick against his khakis. He was saying it felt good and told me to keep going. He kept leading my hand and I kept pulling away. I told him to stop, but he didn't. I remember looking at the sky and the trees because I couldn't believe what was going on. I didn't want to see what he was making my hand do. Eventually he took his dick out and asked if it was big, if I wanted inside of me, to feel it and said it was really hard from how hot I was and shit. I still couldn't fucking feel a thing, I felt numb. I knew that something was wrong , but I couldn't feel anxious or upset. I just sat there like a complete idiot. It was like I was disattached from my feelings. 

I remember him taking my hand and placing it on his dick and told me to touch him and give him a hand job. I dont know why I didn't say anything, I just let him grab my hand and started moving it. He kept telling me to go faster, even tho I wasn't even fucking moving it, he was basically doing it himself with my hand. He then started to touch my boobs and I told him to stop and pushed him away, but he kept saying why and please. That he was almost there. He kept grabbing my boobs and started pleasing himself with my hand. Despite me telling him stop and no several times. I eventually accepted what happened and went on silent. I couldn't feel a single worry, i just looked at the sky and wondered why didn't i feel anxious? I knew what was happening to me was wrong, but why am i not running? Why am I not screaming? He moved to unbuttoning my shorts, and started touching me through my underwear. I felt his hot breath against my neck and he asked if I liked that, if he should go faster and started chuckling. I still didn't say anything...with one hand on my boob and the other one in my shorts, I still couldn't feel a fucking piece of worry inside of me. He started putting his fingers inside of me, first it was one and then it was 2. It hurt so bad and it burned like crazy. I started to squel because the deeper he went, the more it burned, the more it felt like fire was being lit inside of my shorts. I didn't fight back, I didn't say anything, I didn't moan, I didn't tell him to stop, I didn't make a single noise. I just stared at the undisturbed sky and accepted what was going on. That even if I tried to run, I couldn't, he was bigger, faster, and more stronger than me. He returned to him making me give him a hand job. I just remembered him going faster and faster and I just stared at his dick with no emotion. When he came, he moaned so much and the white started coming out. He told me I made him cum so much, thank you and I was hot. I just smiled, but I knew what just happened was wrong, I just couldn't feel anything. He told me to button up my shorts and took me to my train. I remember the walk back was silent, I didn't wanna say anything. I was processing what just happened to me and was trying to walk with the pain between my legs. Each gait it burned even more. Even when I sat down on the train, it hurt so bad. 

I got home and deleted snapchat and sat on my bed, still trying to process what happened. I started crying. It was the first time in awhile that I felt real emotion. I felt confused, I felt anxious, and I felt disgusted with myself. I felt so fucking dirty and I hated myself for what I did. I hated myself for not saying no and stop when he started fingering me, for not saying no when he made me put my hand on his dick. I felt so ashamed of myself. I remembered that night, I went into the shower and turned the water hot until it started burning my skin. I started cleaning myself and rubbing my skin even when it hurt and turned red. I just couldn't stop until there were red dots all over my breasts, arms and inbetween my legs. I tried searching up on Google if I was sexually assaulted, but nothing came up. I wanted to find someone who went through exactly the scenario I went through. I couldn't believe what happened to me. I couldn't stop crying and I called my friend and told him I was sexually coerced. I didn't go into the specifics because I just started breaking down on the phone with him. He asked me what happened and that I should report it, but I kept telling him to forget about it. Eventually I went to bed, feeling disgusted with myself...I told him how I felt and he got mad at me and said that I didn't say anything to him, so he thought it was fine

Til this day, I blamed myself for what happened. I didn't say no, I didn't say stop, I just sat there and let it happen. I deserved it. I deserved it because I should've known with all the evidence infront of me. I deserved it because I should've spoken up :/ everytime this thought comes in my head, im try to convince myself that I was in the wrong for staying silent and I was being over dramatic. Was what happened to me actual sexual assault? Or am I just overthinking it???","unpw6u sexualassault Was I sexually assaulted or am I being dramatic? wSpaceFacew /r/sexualassault/comments/unpw6u/was_i_sexually_assaulted_or_am_i_being_dramatic/ Hey guys, I'm not sure if I went through sexual assault or I'm just overthinking things?? Everytime the memory pops up in my head, I try to brush it off and forget about it. Hoping that it'll just pass by my head someday and I wouldn't have to worry about the thought anymore.

When I was 11-12, I got snapchat and started adding a bunch of people, in hopes of making new friends. The recommended list were kids from my middle school, so I just thought I was talking to a bunch of kids from there. Eventually, I stumbled upon someone who didn't attend my school, and his name was Alex. First it was casual daily talks; I would talk to him about my day, my problems at home, my friends, the bullying that happened, and frequently asked him for advice. At the times, we both knew that he was way older than me, and I was way younger. He was 22, and i was 11. Alex was the only person that gave me an ear to talk into. My parents were abusive and middle school was just not a good place for me. Snapchat and him, just seemed like a place where i could escape. I learned that he liked to do karate and he also had family problems. Overtime, i started talking to him less and less because i got busy with school. I guess it was a given that nothing was going to happen, as we both knew that I was just a little kid who needed someone to listen to me, and he was just a guy who wanted to help me out. I saw him as a hero, role model and a protector. 

4 years later, i became a really numb person. I was (still is) depersonalized, had brain fog and unmotivated. I eventually got back on snap. I was bored and wondered if my snap memories were still there, and just wanted to feel some nostalgia by looking at my middle school memories. I decided to post a picture of myself on the story, just to see if anyone was on. I was pretty surprised to see Alex slide up, 4 years later. He said ""Hey 👋🏻 Remember me?"". I responded and we started talking again. We brang up the talks we had, and started catching up. I told him i was in high school and that it was one of the top in america. He said he had a job in a studio, and was a instructor for kids who wanted to learn karate. One day, he started asking me if I was a virgin, if I had a boyfriend or if I ever gave head to someone. I told him I wasn't comfortable answering those questions, as I was completely confused on how someone who used to be my protector, was asking such out of the blue questions?? I was confused because in my head, I thought he was a good person and would never ask anything sexual. He kept pressuring me, and telling me that I was boring and saying whatever when I said I was uncomfortable. He would completely neglect what I felt, and acted as if I was burdening him with my emotions. Eventually I gave in, I still believed that he was a good person, and thought he had a good reason. I thought that by answering him and giving in, the questions would stop. 

I was wrong, he became more flirty when he learned that i was a virgin and was single. He sent me videos of him and his nudes, without me asking. I would open my phone and there would be just a picture of his dick and him saying how big it is and bragging to me how it would make me feel good. I told him to stop, that its not okay to send me those things, that I wasn't comfortable and reminded him I was underage. He would apologize and comfort me, when I said i was upset at what he did. He said he wouldn't do it again. But he did, several times, and I forgave him each time, like a idiot

One day, he said he wanted to see me in person (we both live in the same city) and I reluctantly agreed. We went to a crowded Park and sat in a gazebo (alone). We spoke about our lives, his job, how he had trouble with other woman, how I was ""different, mature, smart, beautiful and hot"". I dont know why, I didn't feel like something was wrong. It was as if, my numbness took over my ability to feel happy, sad, upset, anxious, worried, curious or stressed. It just felt like everything that was said to me, went over my head. I felt ""fine"". After the park, he walked me to the train and I went home. I felt like everything was fine, if I didn't feel anything, he was surely a good person, right?? I agreed to visit him for the second time. I remembered wearing black shorts, a white floral wrap top paired with my moms earrings. I told my cousin that I would be meeting a man who was 28 years old, and she told me I was crazy and to bring someone with me. I didn't listen to her and told her that I lived in the city and he can't do anything to me. I was stupid and went on the date with him. He just got off of work, the weather was 90 something degrees and we were both pounding with sweat in the humidity. He walked me around the park, and we spoke about how his day went and how mine went. Eventually he led me off course and into the woods. I was dumb enough to follow him, because I still didn't feel like anything was wrong. He started rubbing against me, and told me to touch him. I told him no and im not comfortable, but he had this stupid smirk on him as if in he enjoyed it. He grabbed my hand and made me rub is fucking dick against his khakis. He was saying it felt good and told me to keep going. He kept leading my hand and I kept pulling away. I told him to stop, but he didn't. I remember looking at the sky and the trees because I couldn't believe what was going on. I didn't want to see what he was making my hand do. Eventually he took his dick out and asked if it was big, if I wanted inside of me, to feel it and said it was really hard from how hot I was and shit. I still couldn't fucking feel a thing, I felt numb. I knew that something was wrong , but I couldn't feel anxious or upset. I just sat there like a complete idiot. It was like I was disattached from my feelings. 

I remember him taking my hand and placing it on his dick and told me to touch him and give him a hand job. I dont know why I didn't say anything, I just let him grab my hand and started moving it. He kept telling me to go faster, even tho I wasn't even fucking moving it, he was basically doing it himself with my hand. He then started to touch my boobs and I told him to stop and pushed him away, but he kept saying why and please. That he was almost there. He kept grabbing my boobs and started pleasing himself with my hand. Despite me telling him stop and no several times. I eventually accepted what happened and went on silent. I couldn't feel a single worry, i just looked at the sky and wondered why didn't i feel anxious? I knew what was happening to me was wrong, but why am i not running? Why am I not screaming? He moved to unbuttoning my shorts, and started touching me through my underwear. I felt his hot breath against my neck and he asked if I liked that, if he should go faster and started chuckling. I still didn't say anything...with one hand on my boob and the other one in my shorts, I still couldn't feel a fucking piece of worry inside of me. He started putting his fingers inside of me, first it was one and then it was 2. It hurt so bad and it burned like crazy. I started to squel because the deeper he went, the more it burned, the more it felt like fire was being lit inside of my shorts. I didn't fight back, I didn't say anything, I didn't moan, I didn't tell him to stop, I didn't make a single noise. I just stared at the undisturbed sky and accepted what was going on. That even if I tried to run, I couldn't, he was bigger, faster, and more stronger than me. He returned to him making me give him a hand job. I just remembered him going faster and faster and I just stared at his dick with no emotion. When he came, he moaned so much and the white started coming out. He told me I made him cum so much, thank you and I was hot. I just smiled, but I knew what just happened was wrong, I just couldn't feel anything. He told me to button up my shorts and took me to my train. I remember the walk back was silent, I didn't wanna say anything. I was processing what just happened to me and was trying to walk with the pain between my legs. Each gait it burned even more. Even when I sat down on the train, it hurt so bad. 

I got home and deleted snapchat and sat on my bed, still trying to process what happened. I started crying. It was the first time in awhile that I felt real emotion. I felt confused, I felt anxious, and I felt disgusted with myself. I felt so fucking dirty and I hated myself for what I did. I hated myself for not saying no and stop when he started fingering me, for not saying no when he made me put my hand on his dick. I felt so ashamed of myself. I remembered that night, I went into the shower and turned the water hot until it started burning my skin. I started cleaning myself and rubbing my skin even when it hurt and turned red. I just couldn't stop until there were red dots all over my breasts, arms and inbetween my legs. I tried searching up on Google if I was sexually assaulted, but nothing came up. I wanted to find someone who went through exactly the scenario I went through. I couldn't believe what happened to me. I couldn't stop crying and I called my friend and told him I was sexually coerced. I didn't go into the specifics because I just started breaking down on the phone with him. He asked me what happened and that I should report it, but I kept telling him to forget about it. Eventually I went to bed, feeling disgusted with myself...I told him how I felt and he got mad at me and said that I didn't say anything to him, so he thought it was fine

Til this day, I blamed myself for what happened. I didn't say no, I didn't say stop, I just sat there and let it happen. I deserved it. I deserved it because I should've known with all the evidence infront of me. I deserved it because I should've spoken up :/ everytime this thought comes in my head, im try to convince myself that I was in the wrong for staying silent and I was being over dramatic. Was what happened to me actual sexual assault? Or am I just overthinking it???","['\\bwas\\s+i\\s+sexually\\s+assaulted\\b', ""\\bi\\s+didn[’']t\\s+say\\s+no\\b""]","['\\bboyfriend\\b', ""\\bi\\s+didn[’']t\\s+say\\s+no\\b"", '\\bsexual(?:ly)?\\s+coerc(?:e|ed|es|ing|ion)\\b', ""\\bi[’']?m\\s+not\\s+sure\\b"", '\\bassault\\b', '\\bwas\\s+i\\s+sexually\\s+assaulted\\b', '\\bfriend\\b', '\\bsexual(?:ly)?\\s+assault(?:ed|s|ing)?\\b']"
ue62pt,sexualassault,was it my fault?,Safe-Commission-6488,3,2,False,0,1651182138,/r/sexualassault/comments/ue62pt/was_it_my_fault/,"i’m 14. i think i may have been sexually assaulted but i’m not sure if that’s what it is. if not sexual assault then it’s some sort of harassment i think but idk. 

first off, i wasn’t raped or anything but i was groped and made to do things by an adult family member of mine. this went off n on for a few years before recently cut him off out of fear he was gonna try and rape me ( he was talking ab it with me ). im not gonna get into detail but the not knowing if my experiences wer SA or not has been messing with me for a long while. ive cried a lot over it and idk it just makes me really upset to talk ab. during the worst of it i had terrible paranoia and anxiety and couldn’t sleep a full night. 

i ended up going to a trusted adult and asked him whether or not it was considered SA so i could see if my pain was justified. although he never really answered my question, he was upset and maddened by what the dude did to me. but after time he ended up pushing it away as like nothing-ish / acting like i was overreacting. and telling me that i should’ve told the guy no or stop. i feel now that the stuff was my fault and that maybe he thought i enjoyed it. i can’t remember much from while it was happening but i remember not really ever talking - just crying or pretending i was ok. 

idk if i had said stop do u think he would’ve he have stopped? am i making a big deal out of nothing??? plz answer n ty for reading","ue62pt sexualassault was it my fault? Safe-Commission-6488 /r/sexualassault/comments/ue62pt/was_it_my_fault/ i’m 14. i think i may have been sexually assaulted but i’m not sure if that’s what it is. if not sexual assault then it’s some sort of harassment i think but idk. 

first off, i wasn’t raped or anything but i was groped and made to do things by an adult family member of mine. this went off n on for a few years before recently cut him off out of fear he was gonna try and rape me ( he was talking ab it with me ). im not gonna get into detail but the not knowing if my experiences wer SA or not has been messing with me for a long while. ive cried a lot over it and idk it just makes me really upset to talk ab. during the worst of it i had terrible paranoia and anxiety and couldn’t sleep a full night. 

i ended up going to a trusted adult and asked him whether or not it was considered SA so i could see if my pain was justified. although he never really answered my question, he was upset and maddened by what the dude did to me. but after time he ended up pushing it away as like nothing-ish / acting like i was overreacting. and telling me that i should’ve told the guy no or stop. i feel now that the stuff was my fault and that maybe he thought i enjoyed it. i can’t remember much from while it was happening but i remember not really ever talking - just crying or pretending i was ok. 

idk if i had said stop do u think he would’ve he have stopped? am i making a big deal out of nothing??? plz answer n ty for reading",['\\bconsider(?:ed)?\\s+(?:it\\s+)?(?:sa|sexual\\s+assault)\\b'],"['\\bidk+k*\\b', ""\\bi[’']?m\\s+not\\s+sure\\b"", '\\bsa\\b', '\\bassault\\b', '\\brape\\b', '\\bconsider(?:ed)?\\s+(?:it\\s+)?(?:sa|sexual\\s+assault)\\b', '\\bsexual(?:ly)?\\s+assault(?:ed|s|ing)?\\b']"
tsig7n,sexualassault,I was victim blamed. was it sexual assault or am I crazy?,NameLive9938,7,3,False,0,1648672233,/r/sexualassault/comments/tsig7n/i_was_victim_blamed_was_it_sexual_assault_or_am_i/,"So, back in 2020, I was 17 years old. I had a 19 year old boyfriend, John, that lived right by me. He had a friend whose nickname was ""Legend,"" who was between 19-23. I don't remember how old he was.

John and I went to a party in the neighborhood, and note our relationship wasn't doing good at the time. Well, John decided to chug an entire bottle of vodka and I had to walk him home. Then I sat with him outside his house for an hour while he puked his guts out. I took care of him, told him to drink water, and at some point I just thought, ""why do I have to do this? I could be back at the party enjoying myself. It's not my fault he decided to drink that bottle.""

So I went back to the party, because he doesn't need me to feed him the water and his mom was keeping an eye on him anyway.

Shortly after I went back to the party, Legend shows up. I, being the pissed-off-at-my-boyfriend teenager that I was, decided to drink *a lot.* And we ended up playing truth or dare and me and Legend kissed (consensually).

Well, Legend asks me if I want to go with him to Circle K, which was a five minute walk from the house. And I said sure. So we start walking out the neighborhood, and he takes a different turn, and says he wanted to check out this car at the dealership he wanted to get first. It would add about five minutes to our walk. Or so I thought.

He goes up to this car and sits down in the backseat. Me, being LITERALLY too drunk to sit down on a couch (at the party I kept falling off the couch for no reason), I decide to sit down too. Because fuck standing.

He ended up starting to kiss me, and one thing led to another.

Then he made me promise not to say anything to anyone. And I did.

The next day, John's brother tells John to come over to his house. John comes back, opens the door, yells ""we're done,"" and slams it. I'm sitting in the living room with his mom, and she asks me what I did. She's a very persistent woman, and so I ended up telling her what happened, clearly stating to her that I was too drunk to even sit down properly. She starts yelling at me, calling me a cheating whore, and she said being drunk wasn't an excuse. She fed the same info to John and I ended up not talking to them anymore.

So, there's definitely statutory rape. He knew I was 17. And by law, when drugs and alcohol are involved, clear consent cannot be obtained. An intoxicated person cannot give consent.

On the other hand, people have drunk sex all the time. And I don't remember if I even consented or not. I didn't fight back, which was another attack that John's mom threw at me. And sex you regret isn't rape.

The fact being that I don't know if I consented or not, was it rape? Or am I crazy?","tsig7n sexualassault I was victim blamed. was it sexual assault or am I crazy? NameLive9938 /r/sexualassault/comments/tsig7n/i_was_victim_blamed_was_it_sexual_assault_or_am_i/ So, back in 2020, I was 17 years old. I had a 19 year old boyfriend, John, that lived right by me. He had a friend whose nickname was ""Legend,"" who was between 19-23. I don't remember how old he was.

John and I went to a party in the neighborhood, and note our relationship wasn't doing good at the time. Well, John decided to chug an entire bottle of vodka and I had to walk him home. Then I sat with him outside his house for an hour while he puked his guts out. I took care of him, told him to drink water, and at some point I just thought, ""why do I have to do this? I could be back at the party enjoying myself. It's not my fault he decided to drink that bottle.""

So I went back to the party, because he doesn't need me to feed him the water and his mom was keeping an eye on him anyway.

Shortly after I went back to the party, Legend shows up. I, being the pissed-off-at-my-boyfriend teenager that I was, decided to drink *a lot.* And we ended up playing truth or dare and me and Legend kissed (consensually).

Well, Legend asks me if I want to go with him to Circle K, which was a five minute walk from the house. And I said sure. So we start walking out the neighborhood, and he takes a different turn, and says he wanted to check out this car at the dealership he wanted to get first. It would add about five minutes to our walk. Or so I thought.

He goes up to this car and sits down in the backseat. Me, being LITERALLY too drunk to sit down on a couch (at the party I kept falling off the couch for no reason), I decide to sit down too. Because fuck standing.

He ended up starting to kiss me, and one thing led to another.

Then he made me promise not to say anything to anyone. And I did.

The next day, John's brother tells John to come over to his house. John comes back, opens the door, yells ""we're done,"" and slams it. I'm sitting in the living room with his mom, and she asks me what I did. She's a very persistent woman, and so I ended up telling her what happened, clearly stating to her that I was too drunk to even sit down properly. She starts yelling at me, calling me a cheating whore, and she said being drunk wasn't an excuse. She fed the same info to John and I ended up not talking to them anymore.

So, there's definitely statutory rape. He knew I was 17. And by law, when drugs and alcohol are involved, clear consent cannot be obtained. An intoxicated person cannot give consent.

On the other hand, people have drunk sex all the time. And I don't remember if I even consented or not. I didn't fight back, which was another attack that John's mom threw at me. And sex you regret isn't rape.

The fact being that I don't know if I consented or not, was it rape? Or am I crazy?","[""\\bdon[’']t\\s+know\\s+if\\s+i\\s+consent(?:ed)?\\b""]","[""\\bdon[’']t\\s+know\\s+if\\s+i\\s+consent(?:ed)?\\b"", '\\bboyfriend\\b', ""\\bi\\s+don[’']t\\s+know\\b"", '\\bassault\\b', '\\brape\\b', '\\bfriend\\b', '\\bsexual(?:ly)?\\s+assault(?:ed|s|ing)?\\b']"
tm72mr,sexualassault,Was I sexually assaulted?,MoneyMysterious1665,9,11,True,2,1648126046,/r/sexualassault/comments/tm72mr/was_i_sexually_assaulted/,"This happened when I was 18, I spent every weekend at my ex boyfriend’s house, and he always wanted a bj when we were alone, if I didn’t give him one he would be upset. One night, when we were having sex, I was on top and said “my legs are tired” he pushed me to the other side of the bed and was on top of me saying that I was a piece of shit, I didn’t tell him to stop because I knew he would be angrier, but I was feeling terrible and wanted it to end, so i said “if you want i can end it with a bj”, he just yelled me to shut up. I just want to know if it is considered sexual assault, because that is how I feel, but I don’t want to label it something that maybe wasn’t. Thank you for your time.","tm72mr sexualassault Was I sexually assaulted? MoneyMysterious1665 /r/sexualassault/comments/tm72mr/was_i_sexually_assaulted/ This happened when I was 18, I spent every weekend at my ex boyfriend’s house, and he always wanted a bj when we were alone, if I didn’t give him one he would be upset. One night, when we were having sex, I was on top and said “my legs are tired” he pushed me to the other side of the bed and was on top of me saying that I was a piece of shit, I didn’t tell him to stop because I knew he would be angrier, but I was feeling terrible and wanted it to end, so i said “if you want i can end it with a bj”, he just yelled me to shut up. I just want to know if it is considered sexual assault, because that is how I feel, but I don’t want to label it something that maybe wasn’t. Thank you for your time.","['\\bconsider(?:ed)?\\s+(?:it\\s+)?(?:sa|sexual\\s+assault)\\b', '\\bwas\\s+i\\s+sexually\\s+assaulted\\b']","['\\bboyfriend\\b', '\\bassault\\b', '\\bconsider(?:ed)?\\s+(?:it\\s+)?(?:sa|sexual\\s+assault)\\b', '\\bwas\\s+i\\s+sexually\\s+assaulted\\b', '\\bsexual(?:ly)?\\s+assault(?:ed|s|ing)?\\b']"
tby2s0,sexualassault,Was I sexually assaulted?,sxverus-pxulson,1,6,True,1,1647027049,/r/sexualassault/comments/tby2s0/was_i_sexually_assaulted/,So today during gym (about 8:30ish) I was playing this game called pickle ball with my friends. They are friends with this guy that I’m not friends with anymore because he sexually assaulted one of my other friends. He always tries talking to me and talks shit about my friend that he assaulted and thinks I’m his friend bc I act like I’m his friend since he doesn’t leave me alone regardless. (He was told many times by my friend that I don’t want to speak with him.) But today he slapped my ass with the pickle ball racket and it really fucked with my day. I’m severely suicidal (not diagnosed but Ik I am) and this did not help my thoughts at all especially that my gym class is 2nd period out of 9 periods. He also started telling me he has been suicidal and it made my suicidal thoughts even worse just by him mentioning suicide. So was I assaulted and what do I do now?,tby2s0 sexualassault Was I sexually assaulted? sxverus-pxulson /r/sexualassault/comments/tby2s0/was_i_sexually_assaulted/ So today during gym (about 8:30ish) I was playing this game called pickle ball with my friends. They are friends with this guy that I’m not friends with anymore because he sexually assaulted one of my other friends. He always tries talking to me and talks shit about my friend that he assaulted and thinks I’m his friend bc I act like I’m his friend since he doesn’t leave me alone regardless. (He was told many times by my friend that I don’t want to speak with him.) But today he slapped my ass with the pickle ball racket and it really fucked with my day. I’m severely suicidal (not diagnosed but Ik I am) and this did not help my thoughts at all especially that my gym class is 2nd period out of 9 periods. He also started telling me he has been suicidal and it made my suicidal thoughts even worse just by him mentioning suicide. So was I assaulted and what do I do now?,['\\bwas\\s+i\\s+sexually\\s+assaulted\\b'],"['\\bwas\\s+i\\s+sexually\\s+assaulted\\b', '\\bfriend\\b', '\\bsexual(?:ly)?\\s+assault(?:ed|s|ing)?\\b']"
t1fc1d,sexualassault,Is this Sexual Assault? Or am I overreacting?,Minimum-Area-2522,2,7,True,3,1645825283,/r/sexualassault/comments/t1fc1d/is_this_sexual_assault_or_am_i_overreacting/,"I'm going to try and be very very unbiased about my experience. I(23F) and my boyfriend(23M) have been dating for 2 weeks. We were at the same college and had been talking for 9 months until we finally decided to go on dates and consider each other as romantic partners. 

We went on our 3rd official date today and since we had to keep it a secret (I have very strict parents) we decided to go to his place after lunch. I had told him previously that I wanted to take things very slow as it was the first time I had dated or even touched anyone in over 2 years. He agreed to it and asked me if we could at least kiss, which I of course agreed to. 

So we went to his place and we kissed. I'm pretty short so after being pressed up against the wall for a while, I asked if we could switch over to his bed (the only piece of furniture in his room) to which he agreed. We started making out pretty intensely and I was honestly getting into it. After a few more minutes and wandering hands, I told him we could have s*x if he wanted. He said he didn't as he wasn't prepared and I said okay, if that's what you want. However, he changed his mind and we commenced.

I informed him that it would be quite painful (mostly for me, may have been for him) and a tight fit (as I had known that to be a common issue in the past) he laughed about it until we both realized that it was going to be difficult as it was very tight regardless of what we tried. He eased into it and started moving and I tried to adjust to the pain until it gave way. It didn't. The discomfort turned into a sharp stinging that started to feel like period cramps. I was in a lot of discomfort and told him to stop mid thrust and told him that I no longer wanted to do it and that i was in pain. 

He said he had been really close and asked me to give him a few more minutes, I told him again that it really hurt and he said he'd finish really quick and pleaded until I gave in. I said I could tolerate it for a few more minutes. But once he started again, I told him to stop and this time he said we should just wait for the pain to subside. He kissed me and I said I was tired now and wanted to go home. I also told him that his teeth was too rough on my skin and he laughed and grabbed me hard and began biting and sucking very painfully along my neck and chest. I kept telling him to stop, that it hurt and was going to leave marks and he just proceeded down my body instead, suddenly holding me down. 

As though he hadn't heard a word I'd said, he asked he could p*netr*te and I said no, it really hurt and that I was getting late now. I was pretty pissed at this point that he wouldn't just get off me. I tried getting up but he pushed me down and called me a tease. We were at his place and i had come with him but he said he was getting mad and wouldn't drop me now. I asked him if he was serious and he said i was a bitch in a tone that sounded like he'd been joking. He said ""it's your fault, you're the one who wanted to do it, I didn't even have any plans of doing it and now you're just stopping? Don't you even think of me? I didn't even get to finish, it'll hurt for me too."" 
I felt pretty bad that I was leaving him with blue balls but I also didn't want to touch him. Luckily my sister called me as it was actually late for me and he finally let me up. I hurried to get dressed, even though he kept pulling on my shirt and biting my neck really hard (he said he was being gentle but no) and after we got dressed he told me I should have helped him relieve his pain of not finishing in some way and I told him he had made me uncomfortable.

I told him that him not stopping when I told him to in the middle and refusing to get off me felt like like assault. He seemed very stunned and i tried explaining that if the roles were reversed, he would feel bad too. He then said he did stop and he had the pain to prove it. It had been over 30 minutes at that point since I asked him if he could stop and we could go home. It took 30 minutes for him to get off me. I pointed out all the marks he'd left when I'd pleaded with him not to and he laughed and said that he was aggressive because that's how he enjoyed s*x. I told him that the whole experience felt like assault again and he freaked out and said i was manipulating him into feeling bad. 

He dropped me off and when I got home, I got a call from his sister who was enraged at me and said i was wrong and making a mountain out of a molehill. She said he felt very bad about everything even though it was my idea to have s*x.

So idk? He's been trying to reach out to me but still doesn't seem to think he did anything wrong. His friends and sister have also been telling me it is and idk what to think as it is my first time in this position. Am I in right to assume this was wrong? Should I forget it and give him another shot?","t1fc1d sexualassault Is this Sexual Assault? Or am I overreacting? Minimum-Area-2522 /r/sexualassault/comments/t1fc1d/is_this_sexual_assault_or_am_i_overreacting/ I'm going to try and be very very unbiased about my experience. I(23F) and my boyfriend(23M) have been dating for 2 weeks. We were at the same college and had been talking for 9 months until we finally decided to go on dates and consider each other as romantic partners. 

We went on our 3rd official date today and since we had to keep it a secret (I have very strict parents) we decided to go to his place after lunch. I had told him previously that I wanted to take things very slow as it was the first time I had dated or even touched anyone in over 2 years. He agreed to it and asked me if we could at least kiss, which I of course agreed to. 

So we went to his place and we kissed. I'm pretty short so after being pressed up against the wall for a while, I asked if we could switch over to his bed (the only piece of furniture in his room) to which he agreed. We started making out pretty intensely and I was honestly getting into it. After a few more minutes and wandering hands, I told him we could have s*x if he wanted. He said he didn't as he wasn't prepared and I said okay, if that's what you want. However, he changed his mind and we commenced.

I informed him that it would be quite painful (mostly for me, may have been for him) and a tight fit (as I had known that to be a common issue in the past) he laughed about it until we both realized that it was going to be difficult as it was very tight regardless of what we tried. He eased into it and started moving and I tried to adjust to the pain until it gave way. It didn't. The discomfort turned into a sharp stinging that started to feel like period cramps. I was in a lot of discomfort and told him to stop mid thrust and told him that I no longer wanted to do it and that i was in pain. 

He said he had been really close and asked me to give him a few more minutes, I told him again that it really hurt and he said he'd finish really quick and pleaded until I gave in. I said I could tolerate it for a few more minutes. But once he started again, I told him to stop and this time he said we should just wait for the pain to subside. He kissed me and I said I was tired now and wanted to go home. I also told him that his teeth was too rough on my skin and he laughed and grabbed me hard and began biting and sucking very painfully along my neck and chest. I kept telling him to stop, that it hurt and was going to leave marks and he just proceeded down my body instead, suddenly holding me down. 

As though he hadn't heard a word I'd said, he asked he could p*netr*te and I said no, it really hurt and that I was getting late now. I was pretty pissed at this point that he wouldn't just get off me. I tried getting up but he pushed me down and called me a tease. We were at his place and i had come with him but he said he was getting mad and wouldn't drop me now. I asked him if he was serious and he said i was a bitch in a tone that sounded like he'd been joking. He said ""it's your fault, you're the one who wanted to do it, I didn't even have any plans of doing it and now you're just stopping? Don't you even think of me? I didn't even get to finish, it'll hurt for me too."" 
I felt pretty bad that I was leaving him with blue balls but I also didn't want to touch him. Luckily my sister called me as it was actually late for me and he finally let me up. I hurried to get dressed, even though he kept pulling on my shirt and biting my neck really hard (he said he was being gentle but no) and after we got dressed he told me I should have helped him relieve his pain of not finishing in some way and I told him he had made me uncomfortable.

I told him that him not stopping when I told him to in the middle and refusing to get off me felt like like assault. He seemed very stunned and i tried explaining that if the roles were reversed, he would feel bad too. He then said he did stop and he had the pain to prove it. It had been over 30 minutes at that point since I asked him if he could stop and we could go home. It took 30 minutes for him to get off me. I pointed out all the marks he'd left when I'd pleaded with him not to and he laughed and said that he was aggressive because that's how he enjoyed s*x. I told him that the whole experience felt like assault again and he freaked out and said i was manipulating him into feeling bad. 

He dropped me off and when I got home, I got a call from his sister who was enraged at me and said i was wrong and making a mountain out of a molehill. She said he felt very bad about everything even though it was my idea to have s*x.

So idk? He's been trying to reach out to me but still doesn't seem to think he did anything wrong. His friends and sister have also been telling me it is and idk what to think as it is my first time in this position. Am I in right to assume this was wrong? Should I forget it and give him another shot?",['\\bis\\s+this\\s+(?:sa|sexual\\s+assault)\\b'],"['\\bboyfriend\\b', '\\bis\\s+this\\s+(?:sa|sexual\\s+assault)\\b', '\\bidk+k*\\b', '\\bassault\\b', '\\bsexual(?:ly)?\\s+assault(?:ed|s|ing)?\\b']"
suf2tw,sexualassault,Was I assaulted?,GG_0096,7,2,False,0,1645069518,/r/sexualassault/comments/suf2tw/was_i_assaulted/,"In 2016 I was hanging out w a friend. We went for a walk in the park and everything was fine on the way there. When we got there, he started to touch my waist continuously even after I would remove his hand away. At the end of our walk, we were heading to his car and he grabbed my wrist and pulled me towards him from behind holding my waist. I could feel his crotch area against my butt and was struggling and telling him to let go. He wouldn’t so I had to put up a little bit of a fight. After, he convinced me it wasn’t a big deal and that I was exaggerating. A part of me still feels like I am, but it also feels like it was wrong and I have nothing to be ashamed of. I’m just confused. Was this sexual assault, harassment, or nothing?","suf2tw sexualassault Was I assaulted? GG_0096 /r/sexualassault/comments/suf2tw/was_i_assaulted/ In 2016 I was hanging out w a friend. We went for a walk in the park and everything was fine on the way there. When we got there, he started to touch my waist continuously even after I would remove his hand away. At the end of our walk, we were heading to his car and he grabbed my wrist and pulled me towards him from behind holding my waist. I could feel his crotch area against my butt and was struggling and telling him to let go. He wouldn’t so I had to put up a little bit of a fight. After, he convinced me it wasn’t a big deal and that I was exaggerating. A part of me still feels like I am, but it also feels like it was wrong and I have nothing to be ashamed of. I’m just confused. Was this sexual assault, harassment, or nothing?",['\\bwas\\s+this\\s+(?:sa|sexual\\s+assault)\\b'],"['\\bwas\\s+this\\s+(?:sa|sexual\\s+assault)\\b', '\\bfriend\\b', '\\bassault\\b', '\\bsexual(?:ly)?\\s+assault(?:ed|s|ing)?\\b']"
rrf0cy,sexualassault,Should I tell my mom about it?,R_I-T_I-K_A,12,6,False,0,1640802680,/r/sexualassault/comments/rrf0cy/should_i_tell_my_mom_about_it/,"Edit : I'm 20

So I'm not sure if it counts as sexual assault. But here's what happened.

I was at this family gathering but my mum/my family wasn't there with me. At the end of the gathering all of my cousins gathered together for drinks.

I didn't drink too much since it was my first time drinking (i took the lowest dose possible). I just didn't wanna get too drunk and make a scene/vomit.

Anyways. All of my cousins had a sleepover at the end of it (I was in pyjamas. Long full length pants and a tee shirt). And that's when it happened.

My elder cousin brother started feeling me up - my butt, the sides of my right rib cage and my torso in general.

When I noticed the touch I thought that it must have been an accidents. So I shifted away. But the hand came back. I told him to move away. But he kept doing it. I guess he must have thought that I was too drunk.

I finally yelled at him to stop when i realised that he wasn't backing off. He then proceeded to tell me this : I thought that that's why you came to sleep here.

I WAS SUPPOSED TO SLEEP THERE. HE WASN'T. HE WAS SUPPOSED TO SLEEP IN HIS OWN HOUSE. I SLEPT AT MY ELDER COUSIN SISTER'S HOUSE CAUSE IT WAS TOO LATE TO GO BACK HOME. MY MOM TOLD ME TO SLEEP THERE. ME SLEEPING THERE HAD BEEN DECIDED 1 WEEK BEFORE THAT DAY.

Anyways. I just yelled another no i didn't and back off. He finally stopped. I would have moved to another room but the alcohol and exhaustion didn't let me leave.

Next morning i woke up at 4:00am and left the room. I went to sleep in another room. And by 10:00am i was gone from that place.

I haven't seen him since and i don't intend to either.

I haven't told anybody about it. But i feel uneasy everytime my mom talks to his mom.

If i tell my mom about it then I'll have to repeat the whole thing to her. And i don't really wanna do that.


I used to love touching myself. Nothing remotely sexual of sort. I just liked the warmth and softness of my body. But since then i can't touch myself anymore. Any unnecessary touch even from me feels uneasy. I've gotten largely repulsed towards men in general. I can't tolerate male contacts even in crowded places where the person probably doesn't mean me any harm.

I wish that i could see a therapist, but my parents don't believe in therapy. And I'll have to give them a reason anyways (which I'm not comfortable with doing right now atleast.)","rrf0cy sexualassault Should I tell my mom about it? R_I-T_I-K_A /r/sexualassault/comments/rrf0cy/should_i_tell_my_mom_about_it/ Edit : I'm 20

So I'm not sure if it counts as sexual assault. But here's what happened.

I was at this family gathering but my mum/my family wasn't there with me. At the end of the gathering all of my cousins gathered together for drinks.

I didn't drink too much since it was my first time drinking (i took the lowest dose possible). I just didn't wanna get too drunk and make a scene/vomit.

Anyways. All of my cousins had a sleepover at the end of it (I was in pyjamas. Long full length pants and a tee shirt). And that's when it happened.

My elder cousin brother started feeling me up - my butt, the sides of my right rib cage and my torso in general.

When I noticed the touch I thought that it must have been an accidents. So I shifted away. But the hand came back. I told him to move away. But he kept doing it. I guess he must have thought that I was too drunk.

I finally yelled at him to stop when i realised that he wasn't backing off. He then proceeded to tell me this : I thought that that's why you came to sleep here.

I WAS SUPPOSED TO SLEEP THERE. HE WASN'T. HE WAS SUPPOSED TO SLEEP IN HIS OWN HOUSE. I SLEPT AT MY ELDER COUSIN SISTER'S HOUSE CAUSE IT WAS TOO LATE TO GO BACK HOME. MY MOM TOLD ME TO SLEEP THERE. ME SLEEPING THERE HAD BEEN DECIDED 1 WEEK BEFORE THAT DAY.

Anyways. I just yelled another no i didn't and back off. He finally stopped. I would have moved to another room but the alcohol and exhaustion didn't let me leave.

Next morning i woke up at 4:00am and left the room. I went to sleep in another room. And by 10:00am i was gone from that place.

I haven't seen him since and i don't intend to either.

I haven't told anybody about it. But i feel uneasy everytime my mom talks to his mom.

If i tell my mom about it then I'll have to repeat the whole thing to her. And i don't really wanna do that.


I used to love touching myself. Nothing remotely sexual of sort. I just liked the warmth and softness of my body. But since then i can't touch myself anymore. Any unnecessary touch even from me feels uneasy. I've gotten largely repulsed towards men in general. I can't tolerate male contacts even in crowded places where the person probably doesn't mean me any harm.

I wish that i could see a therapist, but my parents don't believe in therapy. And I'll have to give them a reason anyways (which I'm not comfortable with doing right now atleast.)",['\\bit\\s+count(?:s)?\\s+as\\s+(?:sa|sexual\\s+assault)\\b'],"[""\\bi[’']?m\\s+not\\s+sure\\b"", '\\bit\\s+count(?:s)?\\s+as\\s+(?:sa|sexual\\s+assault)\\b', '\\bassault\\b', '\\bsexual(?:ly)?\\s+assault(?:ed|s|ing)?\\b']"
r1m6tu,sexualassault,I know my boundaries were violated but was this SA? LONG BUT PLS READ,ThroatCharacter5112,5,4,False,0,1637809029,/r/sexualassault/comments/r1m6tu/i_know_my_boundaries_were_violated_but_was_this/,"I (f 19) met a someone (m22) off of tinder. We go to the same school, he's a senior I'm a freshman and I DIDNT MIND because i was like ""we're both adults, it's just 3 years it's fine"" (later on I realize that his advantages in the situation, and my disadvantages we're because of my lack of experience and his abundance of it). Anyways, we planned to meet at 11pm one night but the event he was at push to 12 am, then 1, them 1:30 am I was just so excited to meet someone in this was and so I met up with him at 1:30 am. We walked to his apartment and he complimented my afro (which made me feel attractive after I cut it short right before I was broken up with in a previous relationship so I was fragile I suppose). I took it genuinely. In hindsight he was just saying anything to get what he wanted. He invited me over to watch a MOVIE mind you. I didn't know that was code for sex. I expected to fool around, but I was clueless about his intentions of sex. We scroll through Netflix and he's really enthusiastic about describing the movies so it seemed like he really wanted to watch one with me. NOT EVEN 5 MINUTES INTO IT HE STARTS KISSING ME. I was taken aback but I kissed his back. I then said let's get back to the movie. HE STARTED KISSING ME AGAIN AFTER 2 MINS. so we start hooking up, he's undressing, I take that as my queue to undress to. Then I was afraid to spread my legs and I expressed that. I was fully naked and the lights were on and I told him I was afraid to show ALL of myself. ""Well I think you're beautiful"" he said and it eased me but again, in hindsight he just said that to reach his goal. We start kissing and he tried to put himself in me and I said ""not without a condom"", he said sorry, and goes back to kissing me. Then he TRIED AGAIN without one and I reminded him, he gets one, but can't stay hard, and so he trashed it, we go back to the movie and then the cycle repeated (I kid you not) atleast 3 more times that night of him ""forgetting"" the condom before trying to get inside me. Sidenote: be was a little buzzed but ASSURED ME (because I kept asking if it was okay, if he's in a clear headspace to consent) that he's consenting. So i wanna blame his forgetfulness on being slightly drunk. But he was just so persistent. I wanted to leave that night but I was 4 am, dark, I didn't know my way back to campus from his place so I was too scared to. I also didn't wanna be a ""funny sex story"" he told to his frat Bros so I didn't wanna disappoint him or give him something to laugh at so I stuck it though. We slept from about 5 am to 9am. I wake up to him humping me. But when I woke up I engaged with him again to get it over with. In hindsight though, I DID NOT CONSENT TO WHAT HE WAD DOING TO ME IN MY SLEEP. we try again at sex, and the ""forgetting about the condoms cycle"" continues about 3 more times. We go to sleep again and at 1pm I wake up to him touching and humping me again. I did not consent I was asleep but I wanted to get it over with. So after hes ""too tired"" to get up an get a condom I compromised and just gave him a handjob so it could be over. I just wanted him to finish so that I didn't waste his time. I left embarrassed but processed it as a bad one night stand. It took me a week to realize he repeatedly violated my boundaries, but I still don't know whether or not this was sexual assault. What would you call it? I feel like in the end, he knew he was leveraging his age, experience, status (frat), location (off campus) over me to get what he wanted, he knew I was new to campus, sexually inexperienced and that I tried steering boundaries.","r1m6tu sexualassault I know my boundaries were violated but was this SA? LONG BUT PLS READ ThroatCharacter5112 /r/sexualassault/comments/r1m6tu/i_know_my_boundaries_were_violated_but_was_this/ I (f 19) met a someone (m22) off of tinder. We go to the same school, he's a senior I'm a freshman and I DIDNT MIND because i was like ""we're both adults, it's just 3 years it's fine"" (later on I realize that his advantages in the situation, and my disadvantages we're because of my lack of experience and his abundance of it). Anyways, we planned to meet at 11pm one night but the event he was at push to 12 am, then 1, them 1:30 am I was just so excited to meet someone in this was and so I met up with him at 1:30 am. We walked to his apartment and he complimented my afro (which made me feel attractive after I cut it short right before I was broken up with in a previous relationship so I was fragile I suppose). I took it genuinely. In hindsight he was just saying anything to get what he wanted. He invited me over to watch a MOVIE mind you. I didn't know that was code for sex. I expected to fool around, but I was clueless about his intentions of sex. We scroll through Netflix and he's really enthusiastic about describing the movies so it seemed like he really wanted to watch one with me. NOT EVEN 5 MINUTES INTO IT HE STARTS KISSING ME. I was taken aback but I kissed his back. I then said let's get back to the movie. HE STARTED KISSING ME AGAIN AFTER 2 MINS. so we start hooking up, he's undressing, I take that as my queue to undress to. Then I was afraid to spread my legs and I expressed that. I was fully naked and the lights were on and I told him I was afraid to show ALL of myself. ""Well I think you're beautiful"" he said and it eased me but again, in hindsight he just said that to reach his goal. We start kissing and he tried to put himself in me and I said ""not without a condom"", he said sorry, and goes back to kissing me. Then he TRIED AGAIN without one and I reminded him, he gets one, but can't stay hard, and so he trashed it, we go back to the movie and then the cycle repeated (I kid you not) atleast 3 more times that night of him ""forgetting"" the condom before trying to get inside me. Sidenote: be was a little buzzed but ASSURED ME (because I kept asking if it was okay, if he's in a clear headspace to consent) that he's consenting. So i wanna blame his forgetfulness on being slightly drunk. But he was just so persistent. I wanted to leave that night but I was 4 am, dark, I didn't know my way back to campus from his place so I was too scared to. I also didn't wanna be a ""funny sex story"" he told to his frat Bros so I didn't wanna disappoint him or give him something to laugh at so I stuck it though. We slept from about 5 am to 9am. I wake up to him humping me. But when I woke up I engaged with him again to get it over with. In hindsight though, I DID NOT CONSENT TO WHAT HE WAD DOING TO ME IN MY SLEEP. we try again at sex, and the ""forgetting about the condoms cycle"" continues about 3 more times. We go to sleep again and at 1pm I wake up to him touching and humping me again. I did not consent I was asleep but I wanted to get it over with. So after hes ""too tired"" to get up an get a condom I compromised and just gave him a handjob so it could be over. I just wanted him to finish so that I didn't waste his time. I left embarrassed but processed it as a bad one night stand. It took me a week to realize he repeatedly violated my boundaries, but I still don't know whether or not this was sexual assault. What would you call it? I feel like in the end, he knew he was leveraging his age, experience, status (frat), location (off campus) over me to get what he wanted, he knew I was new to campus, sexually inexperienced and that I tried steering boundaries.",['\\bwas\\s+this\\s+(?:sa|sexual\\s+assault)\\b'],"[""\\bi\\s+(?:genuinely|just|honestly|really|truly|still)\\s+don[’']t\\s+know\\b"", ""\\bi\\s+didn[’']t\\s+know\\b"", '\\bsa\\b', '\\bwas\\s+this\\s+(?:sa|sexual\\s+assault)\\b', '\\bassault\\b', '\\bsexual(?:ly)?\\s+assault(?:ed|s|ing)?\\b']"
qse6d5,sexualassault,"Was this SA, or did I overreact? [Trigger warning: graphic content]",Impossible-Order-191,1,8,False,0,1636732493,/r/sexualassault/comments/qse6d5/was_this_sa_or_did_i_overreact_trigger_warning/,"
Hello everyone, I’m very new to this community, but I was really wondering if I could get some input on a situation that occurred 2 days ago. The more time that passes, the more I struggle to remember everything that happened. I will relay what I remember as detailed as possible:

I (22F) was “talking to” a man (23M) for the past few months. We had dated six years ago and it was long distance over his deployment. We broke up, I went to college, and we only recently rekindled after I experienced a particularly nasty breakup. I had always remembered my relationship with him (let’s call him Sam), as pleasant and he always seemed so kind and caring. He decided to come visit (since he was stationed far from my college) for this week, arriving on Wednesday and leaving this upcoming Sunday. 

We had always knew that sex was likely on the table, though we’d never been intimate before. 

An hour after picking him up, things headed to the bedroom 

(I want to put a trigger warning here, as details of a SA are going to be provided. If you don’t want to read it, please leave this post)

I made it clear, even before the trip, that if we had sex I wanted to use condoms. We were engaging in foreplay and all was well, and when I asked if he had any condoms he said no. I offered to go get some, and he only proceeded in his actions saying that we didn’t need them. I said I wasn’t on birth control and I was concerned, and he said that he wouldn’t get me pregnant and he would pull out. I can’t remember everything before the actual things that bothered me. It’s like all the “filler” is gone. Essentially what I remember is saying that I didn’t want to have sex without condoms and he tried to do it anyway. To the point that my knees were pushing up against him to keep his penis away from entering me. This occurred after he threatened to cut off my leggings, and ended up getting them off. During all of this, I was saying no repeatedly and literally just begging him to go get condoms. He ended up aggressively fingering me (which was fine, I drew the line at sex) but the whole time I was scared he was going to sneak his penis inside of me. He then stopped, said we wouldn’t have sex at all then, and called me a “meanie”. I’m not kidding. I told him that he couldn’t be inside of me without a condom and he claimed he already was, and that his penis has slipped in. When he saw me get upset he said he was kidding, and that he’d never do anything without my consent.

I went to lab, told my friends and loved ones what happened and they insisted he leave. I didn’t listen and I went home. When I did, a similar thing happened where he threatened to cut off my leggings and I was like “don’t do that, I’m serious” and all he said was “so am I”.  We didn’t have sex, and it ended up stopping as well, and he mentioned that I had said we didn’t need a condom for a particular time (like the first time? I can’t remember, frankly I don’t remember saying that but I did want to appease him so I wouldn’t be surprised if I did) and I told him I was redacting that and he said that I “couldn’t redact it”. We ended up going to dinner, and by then I felt afraid of him.   Especially since he had also mentioned he www going to do anal with me at one point, to which I said “no you wont” and he replied “I will”. That exchange happened numerous times. After dinner I mentioned that I didn’t know if I was ready for sex, and he seemed okay with that. Though, later he made the remark of “that’s not what it seemed like earlier, with you moaning,” and “you do, I just have to get you in the mood.”

We went to the store and got drinks and snacks, by then I felt much better. Like I could somehow still salvage the trip. I didn’t have to have sex.  We could just have fun, like we planned. We ended up not buying condoms at the store. 

Here is where it gets confusing… as in I’m confusing myself, here, and I want some clarification on what you guys think. My initial thought is that I wanted to do this because it would make me feel more in control of the situation—and like I could continue with the visit and everything would be fine. Especially since he seemed okay with me not having sex, in fact it made me want to a little. I got into my pajamas, which was a long sleeve and a thong, and I wore his hat. I was definitely being flirty, and we ended up fooling around, and I was being a tease, saying things like “too bad you didn’t get condoms” and he ended up asking me to sit in front of him while I did my homework, which was fine. He ended up moving my thong aside and saying he wanted to “soak” I said no multiple times, and he replied that we could “soak” and then use condoms.  I didn’t want him to soak, and protested so he agreed to just rub it against me. I let him and even rolled over because I kind of liked it. I protested saying he was penetrating me, and he said “no I wasn’t, if I was, I’d do this” and proceeded to attempt to penetrate. At this point I figured, yes, I wanted sex, but with condoms. So I essentially just decided to have sex with him, without a condom. I was a willing participant in this. I cried afterwards. 

I told my friends the next morning and they refused to let me go home the next day. They ended up making me stay at their apartment and wouldn’t let me leave until I had someone remove him. They thought it wasn’t safe for me. As this was Thursday, and all this had already happened. What about the next 3 days? I ended up calling the police, explaining what happened, saying I didn’t want to press charges, but I did want him removed from my home. They made him leave. 

I feel guilty. Why? I feel like I overreacted? I don’t do much have an issue with the sex that occurred, but the events of the morning. I consider myself consenting to the sex, and that’s fine, it was how he acted this morning and how little he regarded my say in what he could do with my body that posed an issue for me. What do you guys think?

I told my guy friends what had happened and they thought I had no one to blame but myself. So, if I’m wrong here, I want to know.","qse6d5 sexualassault Was this SA, or did I overreact? [Trigger warning: graphic content] Impossible-Order-191 /r/sexualassault/comments/qse6d5/was_this_sa_or_did_i_overreact_trigger_warning/ 
Hello everyone, I’m very new to this community, but I was really wondering if I could get some input on a situation that occurred 2 days ago. The more time that passes, the more I struggle to remember everything that happened. I will relay what I remember as detailed as possible:

I (22F) was “talking to” a man (23M) for the past few months. We had dated six years ago and it was long distance over his deployment. We broke up, I went to college, and we only recently rekindled after I experienced a particularly nasty breakup. I had always remembered my relationship with him (let’s call him Sam), as pleasant and he always seemed so kind and caring. He decided to come visit (since he was stationed far from my college) for this week, arriving on Wednesday and leaving this upcoming Sunday. 

We had always knew that sex was likely on the table, though we’d never been intimate before. 

An hour after picking him up, things headed to the bedroom 

(I want to put a trigger warning here, as details of a SA are going to be provided. If you don’t want to read it, please leave this post)

I made it clear, even before the trip, that if we had sex I wanted to use condoms. We were engaging in foreplay and all was well, and when I asked if he had any condoms he said no. I offered to go get some, and he only proceeded in his actions saying that we didn’t need them. I said I wasn’t on birth control and I was concerned, and he said that he wouldn’t get me pregnant and he would pull out. I can’t remember everything before the actual things that bothered me. It’s like all the “filler” is gone. Essentially what I remember is saying that I didn’t want to have sex without condoms and he tried to do it anyway. To the point that my knees were pushing up against him to keep his penis away from entering me. This occurred after he threatened to cut off my leggings, and ended up getting them off. During all of this, I was saying no repeatedly and literally just begging him to go get condoms. He ended up aggressively fingering me (which was fine, I drew the line at sex) but the whole time I was scared he was going to sneak his penis inside of me. He then stopped, said we wouldn’t have sex at all then, and called me a “meanie”. I’m not kidding. I told him that he couldn’t be inside of me without a condom and he claimed he already was, and that his penis has slipped in. When he saw me get upset he said he was kidding, and that he’d never do anything without my consent.

I went to lab, told my friends and loved ones what happened and they insisted he leave. I didn’t listen and I went home. When I did, a similar thing happened where he threatened to cut off my leggings and I was like “don’t do that, I’m serious” and all he said was “so am I”.  We didn’t have sex, and it ended up stopping as well, and he mentioned that I had said we didn’t need a condom for a particular time (like the first time? I can’t remember, frankly I don’t remember saying that but I did want to appease him so I wouldn’t be surprised if I did) and I told him I was redacting that and he said that I “couldn’t redact it”. We ended up going to dinner, and by then I felt afraid of him.   Especially since he had also mentioned he www going to do anal with me at one point, to which I said “no you wont” and he replied “I will”. That exchange happened numerous times. After dinner I mentioned that I didn’t know if I was ready for sex, and he seemed okay with that. Though, later he made the remark of “that’s not what it seemed like earlier, with you moaning,” and “you do, I just have to get you in the mood.”

We went to the store and got drinks and snacks, by then I felt much better. Like I could somehow still salvage the trip. I didn’t have to have sex.  We could just have fun, like we planned. We ended up not buying condoms at the store. 

Here is where it gets confusing… as in I’m confusing myself, here, and I want some clarification on what you guys think. My initial thought is that I wanted to do this because it would make me feel more in control of the situation—and like I could continue with the visit and everything would be fine. Especially since he seemed okay with me not having sex, in fact it made me want to a little. I got into my pajamas, which was a long sleeve and a thong, and I wore his hat. I was definitely being flirty, and we ended up fooling around, and I was being a tease, saying things like “too bad you didn’t get condoms” and he ended up asking me to sit in front of him while I did my homework, which was fine. He ended up moving my thong aside and saying he wanted to “soak” I said no multiple times, and he replied that we could “soak” and then use condoms.  I didn’t want him to soak, and protested so he agreed to just rub it against me. I let him and even rolled over because I kind of liked it. I protested saying he was penetrating me, and he said “no I wasn’t, if I was, I’d do this” and proceeded to attempt to penetrate. At this point I figured, yes, I wanted sex, but with condoms. So I essentially just decided to have sex with him, without a condom. I was a willing participant in this. I cried afterwards. 

I told my friends the next morning and they refused to let me go home the next day. They ended up making me stay at their apartment and wouldn’t let me leave until I had someone remove him. They thought it wasn’t safe for me. As this was Thursday, and all this had already happened. What about the next 3 days? I ended up calling the police, explaining what happened, saying I didn’t want to press charges, but I did want him removed from my home. They made him leave. 

I feel guilty. Why? I feel like I overreacted? I don’t do much have an issue with the sex that occurred, but the events of the morning. I consider myself consenting to the sex, and that’s fine, it was how he acted this morning and how little he regarded my say in what he could do with my body that posed an issue for me. What do you guys think?

I told my guy friends what had happened and they thought I had no one to blame but myself. So, if I’m wrong here, I want to know.",['\\bwas\\s+this\\s+(?:sa|sexual\\s+assault)\\b'],"['\\bsa\\b', ""\\bi\\s+didn[’']t\\s+know\\b"", '\\bwas\\s+this\\s+(?:sa|sexual\\s+assault)\\b']"
qmnedu,sexualassault,is this sexual assault or am i overthinking?,longday-,7,4,False,0,1636040561,/r/sexualassault/comments/qmnedu/is_this_sexual_assault_or_am_i_overthinking/,"tw: peer pressure, possible sexual assault

i need reassurance and support. i don’t have any actual friends and i’m not close with my parents and can’t go to therapy.no one believes me ,not even my friends. it was my fault. i dont want to be alive. please help me.

me and my 2 friends went out to another town not too far from our own (10 miles difference) and spent the day there and had fun. in the bus station there were 2 males that brought their attention and they airdropped their socials to them and i also did (thinking that they would just ignore it).

so on the bus ride back with my 2 friends,he adds me back and me and my friends are snapping him and talking to him and his friend and it’s going well yk just some small talk and getting to know each other for the fun of it. 

it’s now the evening and me and him are snapping (nothing sexual) and he has this idea that he wants to meet me the day after?(bearing in mind he said to me that he was 17 and i was 15 at the time and he knew this and i didn’t know he was lying and said he was younger than he actually was) and i was against this and i said multiple times that i don’t want to meet him because i’ve known him for no longer than three hours and he forcefully manipulated me to come see him because he bought us cinema tickets and i felt like i had to go now. little did i know i’d be permanently traumatised after what he pulled the day of …

so the day comes and hes so set on meeting me in my home town and i’m saying no it’s fine i’ll just come there and even after saying no he still decided to come here and we go back to his hometown together and he starts touching me in an intimate but non sexual way (for now).

we go to the cinema and he just starts groping me and trying to kiss me and i swerved him so many times and just didn’t want to kiss him because i’ve not even had my first kiss before and i don’t want him to be the first.

he then starts to sulk and pull sad faces and try to manipulate me to get me to act sexually with him . the whole time he just kept asking me constantly if we want to ditch the movie and go to the bathroom and i was like no i want to watch the movie.

anyway he somehow drags me into the bathroom even after i tries so hard to say no and he walked into the bathroom expecting me to come with him and i felt so pressured and because this was a town i’m not familiar with there was nowhere i could go or anything i could do so i was reliant on him to take me back to the bus station. anyway now were in the bathroom and he keeps trying to come onto me and forces me to kiss and i’m hating every minute of it and hes asking me if i know how to give a handjob or a blowjob and i say no i don’t want to go there and i keep asking when we can leave and every five minutes he keeps saying in five minutes. eventually we leave because im not reciprocating any energy and i was so scared hes gonna rape me and we walk out and hes acting like everything is fine as if he hasn’t traumatised me. the evening comes and i’m being dry and blunt  and he threatens to kill himself but only because i didn’t want to meet him again.

how can i recover from this trauma?
was i being sexually assaulted ?","qmnedu sexualassault is this sexual assault or am i overthinking? longday- /r/sexualassault/comments/qmnedu/is_this_sexual_assault_or_am_i_overthinking/ tw: peer pressure, possible sexual assault

i need reassurance and support. i don’t have any actual friends and i’m not close with my parents and can’t go to therapy.no one believes me ,not even my friends. it was my fault. i dont want to be alive. please help me.

me and my 2 friends went out to another town not too far from our own (10 miles difference) and spent the day there and had fun. in the bus station there were 2 males that brought their attention and they airdropped their socials to them and i also did (thinking that they would just ignore it).

so on the bus ride back with my 2 friends,he adds me back and me and my friends are snapping him and talking to him and his friend and it’s going well yk just some small talk and getting to know each other for the fun of it. 

it’s now the evening and me and him are snapping (nothing sexual) and he has this idea that he wants to meet me the day after?(bearing in mind he said to me that he was 17 and i was 15 at the time and he knew this and i didn’t know he was lying and said he was younger than he actually was) and i was against this and i said multiple times that i don’t want to meet him because i’ve known him for no longer than three hours and he forcefully manipulated me to come see him because he bought us cinema tickets and i felt like i had to go now. little did i know i’d be permanently traumatised after what he pulled the day of …

so the day comes and hes so set on meeting me in my home town and i’m saying no it’s fine i’ll just come there and even after saying no he still decided to come here and we go back to his hometown together and he starts touching me in an intimate but non sexual way (for now).

we go to the cinema and he just starts groping me and trying to kiss me and i swerved him so many times and just didn’t want to kiss him because i’ve not even had my first kiss before and i don’t want him to be the first.

he then starts to sulk and pull sad faces and try to manipulate me to get me to act sexually with him . the whole time he just kept asking me constantly if we want to ditch the movie and go to the bathroom and i was like no i want to watch the movie.

anyway he somehow drags me into the bathroom even after i tries so hard to say no and he walked into the bathroom expecting me to come with him and i felt so pressured and because this was a town i’m not familiar with there was nowhere i could go or anything i could do so i was reliant on him to take me back to the bus station. anyway now were in the bathroom and he keeps trying to come onto me and forces me to kiss and i’m hating every minute of it and hes asking me if i know how to give a handjob or a blowjob and i say no i don’t want to go there and i keep asking when we can leave and every five minutes he keeps saying in five minutes. eventually we leave because im not reciprocating any energy and i was so scared hes gonna rape me and we walk out and hes acting like everything is fine as if he hasn’t traumatised me. the evening comes and i’m being dry and blunt  and he threatens to kill himself but only because i didn’t want to meet him again.

how can i recover from this trauma?
was i being sexually assaulted ?",['\\bis\\s+this\\s+(?:sa|sexual\\s+assault)\\b'],"['\\bis\\s+this\\s+(?:sa|sexual\\s+assault)\\b', ""\\bi\\s+didn[’']t\\s+know\\b"", '\\bassault\\b', '\\brape\\b', '\\bfriend\\b', '\\bsexual(?:ly)?\\s+assault(?:ed|s|ing)?\\b']"
qchg9e,sexualassault,Was this sexual assault?,devanclara,2,2,False,0,1634783624,/r/sexualassault/comments/qchg9e/was_this_sexual_assault/,"I'm not sure if this was considered sexual assault,  but I'm having some recurrent memories about it. When I was 15 or 16 my mom made me see a male OBGYN to get on birth control to ""deal"" with my mood. I was forced to go. The doctor asked for consent, I told him no. He said he could not prescribe bc without it. I told him I didn't care but I didn't want touched.  He then asked my mom for permission, which she gave.  He did the full pelvic exam. Do you think that this was a sexual assault? What else would it be classified as if it's not? The doctor has since passed, so legally I know there is nothing I can do about it now.","qchg9e sexualassault Was this sexual assault? devanclara /r/sexualassault/comments/qchg9e/was_this_sexual_assault/ I'm not sure if this was considered sexual assault,  but I'm having some recurrent memories about it. When I was 15 or 16 my mom made me see a male OBGYN to get on birth control to ""deal"" with my mood. I was forced to go. The doctor asked for consent, I told him no. He said he could not prescribe bc without it. I told him I didn't care but I didn't want touched.  He then asked my mom for permission, which she gave.  He did the full pelvic exam. Do you think that this was a sexual assault? What else would it be classified as if it's not? The doctor has since passed, so legally I know there is nothing I can do about it now.","['\\bconsider(?:ed)?\\s+(?:it\\s+)?(?:sa|sexual\\s+assault)\\b', '\\bwas\\s+this\\s+(?:sa|sexual\\s+assault)\\b']","[""\\bi[’']?m\\s+not\\s+sure\\b"", '\\bwas\\s+this\\s+(?:sa|sexual\\s+assault)\\b', '\\bassault\\b', '\\bconsider(?:ed)?\\s+(?:it\\s+)?(?:sa|sexual\\s+assault)\\b', '\\bsexual(?:ly)?\\s+assault(?:ed|s|ing)?\\b']"
pumgvz,sexualassault,Long term relationship,Relationshiprepair,3,4,True,1,1632498308,/r/sexualassault/comments/pumgvz/long_term_relationship/,"Hi. I feel pretty weird posting here, and I am on mobile and can't seem to find the rules so I'm very sorry if I'm not doing this right. I was pointed here after telling my story on another sub.

I am super bad about boundaries, about expressing wants and needs, and honestly for most of our relationship I've just gone along with what my partner wanted sexually. I fake pleasure because I know he wants me to want him. I know that's not ideal, but I have a pretty traumatic past and I am working on my severe people pleasing.

The problem is, as I practice more with setting boundaries, our interactions have gotten worse and worse feeling. Particularly last night, I knew he would want sex, and I asked in advance if we could cuddle for awhile. He did for about 30 seconds and then got pushy about it, grabbing me, etc. So I figured I just wasn't going to get in the right headspace and went down to give a BJ. He did ask to 69 and I did say no and he did take that gracefully.

Then he started asking me to ride him. I didn't say no, but I just kept doing what I was doing. He asked me 3-4 times, and on the 5th time I guess I figured he wasn't going to move past it and I got on him. But I wasn't feeling like pretending pleasure after being (what felt like) ignored.

So he senses I'm not into it and let's me go, so I go back to the BJ. Then he pulls me back up on him and tries again. I am doing my part, moving etc, but without the moans he knows I'm not enjoying myself and eventually says we can stop.

I know I wasn't very clear and I'm in no way blaming or saying it's his fault, but I feel like shit this morning. I've been sitting here tearing up on the couch and cancelled some important things because I just can't bring myself to stop thinking about how awful I feel.

I know the answer is just to have better boundaries, be more assertive, push harder. But I just literally can't. I know I have serious issues and I'm trying to get into counseling, but there's a wait-list. I just don't know what to do.","pumgvz sexualassault Long term relationship Relationshiprepair /r/sexualassault/comments/pumgvz/long_term_relationship/ Hi. I feel pretty weird posting here, and I am on mobile and can't seem to find the rules so I'm very sorry if I'm not doing this right. I was pointed here after telling my story on another sub.

I am super bad about boundaries, about expressing wants and needs, and honestly for most of our relationship I've just gone along with what my partner wanted sexually. I fake pleasure because I know he wants me to want him. I know that's not ideal, but I have a pretty traumatic past and I am working on my severe people pleasing.

The problem is, as I practice more with setting boundaries, our interactions have gotten worse and worse feeling. Particularly last night, I knew he would want sex, and I asked in advance if we could cuddle for awhile. He did for about 30 seconds and then got pushy about it, grabbing me, etc. So I figured I just wasn't going to get in the right headspace and went down to give a BJ. He did ask to 69 and I did say no and he did take that gracefully.

Then he started asking me to ride him. I didn't say no, but I just kept doing what I was doing. He asked me 3-4 times, and on the 5th time I guess I figured he wasn't going to move past it and I got on him. But I wasn't feeling like pretending pleasure after being (what felt like) ignored.

So he senses I'm not into it and let's me go, so I go back to the BJ. Then he pulls me back up on him and tries again. I am doing my part, moving etc, but without the moans he knows I'm not enjoying myself and eventually says we can stop.

I know I wasn't very clear and I'm in no way blaming or saying it's his fault, but I feel like shit this morning. I've been sitting here tearing up on the couch and cancelled some important things because I just can't bring myself to stop thinking about how awful I feel.

I know the answer is just to have better boundaries, be more assertive, push harder. But I just literally can't. I know I have serious issues and I'm trying to get into counseling, but there's a wait-list. I just don't know what to do.","[""\\bi\\s+didn[’']t\\s+say\\s+no\\b""]","[""\\bi\\s+(?:genuinely|just|honestly|really|truly|still)\\s+don[’']t\\s+know\\b"", '\\bpartner\\b', ""\\bi\\s+didn[’']t\\s+say\\s+no\\b""]"
powbfa,sexualassault,I was a child witness of sexual assult. How do I move on as an adult?,t4rowa111ay,3,3,True,1,1631731698,/r/sexualassault/comments/powbfa/i_was_a_child_witness_of_sexual_assult_how_do_i/,"When I turned 7, my elder brother became a legal adult, at 18. When he was in his early twenties, we had a teenage cousin (and her family) move into our home. Over time, my brother and my teenage cousin started having a secret, sexual relationship.

I saw them a few times in the act: her sitting his lap, dirty dancing,  touching (in private or in public). They would do this in front of me with no boundaries. I was forced to keep it a secret. Even when the adults figured it out, they told me the same. (I found out their relationship was sexual when I overheard the adults talking to them about what to do if my cousin got pregnant.)

I intuitively felt it was wrong at that age but had no authority to do/say anything. I was burdened with this knowledge and I started getting in trouble at school at that age and I never knew why I was acting up or zoning out. (Started sleep-walking and had major, unaddressed stress/anxiety.) I felt helpless that I couldn’t do or say anything and I assumed both my cousin and brother were old enough to know what they were doing. And at that age, everyone was an adult.

Now that I am an adult, I realize my cousin was only 15 at the time. She was a child. And I’ve long since gone no-contact with my brother which he is angry about but I don’t think he knows I did this because of this “family secret.” No one ever talks about it. TBH, I don’t talk to my cousin either. We drifted apart right after her family moved out of our home. I assume they moved out because of this fiasco.

I’m angry, and confused and I want to know if this is considered sexual assault on my end, having been a child and a witness. Or would it have another name? It’s plagued me and my thoughts for a long time and sometimes affects how intimate I feel in my current relationships. i.e., it crosses my mind and I completely shut down intimately and don’t want to go any further. 

I don't know how to find closure from this past trauma. I've been advised to take journaling more seriously but I feel guilt over not doing something or speaking up. I wonder if volunteer work for SA and DV survivors would be a more proactive solution.","powbfa sexualassault I was a child witness of sexual assult. How do I move on as an adult? t4rowa111ay /r/sexualassault/comments/powbfa/i_was_a_child_witness_of_sexual_assult_how_do_i/ When I turned 7, my elder brother became a legal adult, at 18. When he was in his early twenties, we had a teenage cousin (and her family) move into our home. Over time, my brother and my teenage cousin started having a secret, sexual relationship.

I saw them a few times in the act: her sitting his lap, dirty dancing,  touching (in private or in public). They would do this in front of me with no boundaries. I was forced to keep it a secret. Even when the adults figured it out, they told me the same. (I found out their relationship was sexual when I overheard the adults talking to them about what to do if my cousin got pregnant.)

I intuitively felt it was wrong at that age but had no authority to do/say anything. I was burdened with this knowledge and I started getting in trouble at school at that age and I never knew why I was acting up or zoning out. (Started sleep-walking and had major, unaddressed stress/anxiety.) I felt helpless that I couldn’t do or say anything and I assumed both my cousin and brother were old enough to know what they were doing. And at that age, everyone was an adult.

Now that I am an adult, I realize my cousin was only 15 at the time. She was a child. And I’ve long since gone no-contact with my brother which he is angry about but I don’t think he knows I did this because of this “family secret.” No one ever talks about it. TBH, I don’t talk to my cousin either. We drifted apart right after her family moved out of our home. I assume they moved out because of this fiasco.

I’m angry, and confused and I want to know if this is considered sexual assault on my end, having been a child and a witness. Or would it have another name? It’s plagued me and my thoughts for a long time and sometimes affects how intimate I feel in my current relationships. i.e., it crosses my mind and I completely shut down intimately and don’t want to go any further. 

I don't know how to find closure from this past trauma. I've been advised to take journaling more seriously but I feel guilt over not doing something or speaking up. I wonder if volunteer work for SA and DV survivors would be a more proactive solution.",['\\bconsider(?:ed)?\\s+(?:it\\s+)?(?:sa|sexual\\s+assault)\\b'],"[""\\bi\\s+don[’']t\\s+know\\b"", '\\bsa\\b', '\\bassault\\b', '\\bconsider(?:ed)?\\s+(?:it\\s+)?(?:sa|sexual\\s+assault)\\b', '\\bsexual(?:ly)?\\s+assault(?:ed|s|ing)?\\b']"
potugm,sexualassault,Was this sexual assault?,Outside_Win6721,5,14,False,0,1631724208,/r/sexualassault/comments/potugm/was_this_sexual_assault/,"(Please do not click on this just to send hate or invalidate my feelings. This is hard for me to talk about. I've tried talking about this to other people and they told me I was lying. Which hurt me a lot, it wasn't the reaction I expected from people I trusted.)

 When I was younger, my mom took me to the doctor. I went to get vaccinated and a physical before school started. My mom was out in the hallway talking with the nurse filling out some papers. While the doctor did a physical check up on me. Like the knee reflex and stuff. Then I remember clear as day the doctor stuck his hand under my hospital gown and rubbed my clitoris for about 2 seconds. 

He did this while still talking, casually like nothing even happened. As a kid I thought it was strange but because he is a doctor I thought he knew what he was doing. I'm 18 now thinking back on this situation makes me sick to my stomach. I have NEVER been to another doctor and this happen. Which leads me to believe this man was a pedophile abusing his place of power. 

Can anyone give feedback do you believe this was sexual assault? Because I sure as hell believe what he did had nothing to do with a physical exam. And he was just a disgusting POS.

[View Poll](https://www.reddit.com/poll/potugm)","potugm sexualassault Was this sexual assault? Outside_Win6721 /r/sexualassault/comments/potugm/was_this_sexual_assault/ (Please do not click on this just to send hate or invalidate my feelings. This is hard for me to talk about. I've tried talking about this to other people and they told me I was lying. Which hurt me a lot, it wasn't the reaction I expected from people I trusted.)

 When I was younger, my mom took me to the doctor. I went to get vaccinated and a physical before school started. My mom was out in the hallway talking with the nurse filling out some papers. While the doctor did a physical check up on me. Like the knee reflex and stuff. Then I remember clear as day the doctor stuck his hand under my hospital gown and rubbed my clitoris for about 2 seconds. 

He did this while still talking, casually like nothing even happened. As a kid I thought it was strange but because he is a doctor I thought he knew what he was doing. I'm 18 now thinking back on this situation makes me sick to my stomach. I have NEVER been to another doctor and this happen. Which leads me to believe this man was a pedophile abusing his place of power. 

Can anyone give feedback do you believe this was sexual assault? Because I sure as hell believe what he did had nothing to do with a physical exam. And he was just a disgusting POS.

[View Poll](https://www.reddit.com/poll/potugm)",['\\bwas\\s+this\\s+(?:sa|sexual\\s+assault)\\b'],"['\\bwas\\s+this\\s+(?:sa|sexual\\s+assault)\\b', '\\bassault\\b', '\\bsexual(?:ly)?\\s+assault(?:ed|s|ing)?\\b']"
pfo97a,sexualassault,Was this SA or am I just making a big deal out of bad sex?,throwaway4sxa,4,4,False,0,1630478296,/r/sexualassault/comments/pfo97a/was_this_sa_or_am_i_just_making_a_big_deal_out_of/,"(sorry for any awkward wording i don't really know how to phrase any of this)

i was staying the night at a friend's house earlier in may, when we were heading to bed, i wasn't feeling that well, and i just cried while she comforted me. after awhile she kissed me without warning, i thought it was gross but felt like it would be awkward if i didn't kiss back, so i did. after that first kiss i asked for a second one for some reason. 

if that's where it ended i wouldn't be asking this, though, haha. 

she asked me to show her my breasts. i thought it would be more awkward if i didn't for whatever reason so i hesitantly agreed. she just kinda messed around with them, and then suddenly started to suck on them. i was really uncomfortable and grossed out but was too scared to say anything for some reason. i just kinda froze.

eventually she stopped and i thought it was over and we could just go to sleep, but instead she asked me something, i couldn't hear what she said, i just nodded my head yes anyway. she tried to take off my jeans. she was having trouble and told me to just do it. i didn't want them off, but listened anyway, i have no idea why. when they were off she started messing around, i didn't like it and i was just completely frozen. without warning she started to finger me and at that point i just felt like i was watching myself from a 3rd person point of view. 

after what felt like hours but was probably like 1 minute she stopped and got something from her bedside drawer. i still have no idea what it was but i think it was a pen? whatever it was, she put it inside me without asking. i zoned out for who knows how long, until she suddenly stopped and went to bed. after i was sure she was asleep i got up and put all my clothes back on, texted my mom some random excuse for why i wanted to be picked up and go home, and left.

She woke back up later that night texting me saying she's sorry and that she should've stopped.

i'm kinda conflicted, on one hand i guess i agreed to some things, and never said no, but on the other hand if this was just bad sex, why do i feel so hurt nearly 4 months later? shouldn't i be over this by now?  i've just felt so dirty and used, it's all i can think about.","pfo97a sexualassault Was this SA or am I just making a big deal out of bad sex? throwaway4sxa /r/sexualassault/comments/pfo97a/was_this_sa_or_am_i_just_making_a_big_deal_out_of/ (sorry for any awkward wording i don't really know how to phrase any of this)

i was staying the night at a friend's house earlier in may, when we were heading to bed, i wasn't feeling that well, and i just cried while she comforted me. after awhile she kissed me without warning, i thought it was gross but felt like it would be awkward if i didn't kiss back, so i did. after that first kiss i asked for a second one for some reason. 

if that's where it ended i wouldn't be asking this, though, haha. 

she asked me to show her my breasts. i thought it would be more awkward if i didn't for whatever reason so i hesitantly agreed. she just kinda messed around with them, and then suddenly started to suck on them. i was really uncomfortable and grossed out but was too scared to say anything for some reason. i just kinda froze.

eventually she stopped and i thought it was over and we could just go to sleep, but instead she asked me something, i couldn't hear what she said, i just nodded my head yes anyway. she tried to take off my jeans. she was having trouble and told me to just do it. i didn't want them off, but listened anyway, i have no idea why. when they were off she started messing around, i didn't like it and i was just completely frozen. without warning she started to finger me and at that point i just felt like i was watching myself from a 3rd person point of view. 

after what felt like hours but was probably like 1 minute she stopped and got something from her bedside drawer. i still have no idea what it was but i think it was a pen? whatever it was, she put it inside me without asking. i zoned out for who knows how long, until she suddenly stopped and went to bed. after i was sure she was asleep i got up and put all my clothes back on, texted my mom some random excuse for why i wanted to be picked up and go home, and left.

She woke back up later that night texting me saying she's sorry and that she should've stopped.

i'm kinda conflicted, on one hand i guess i agreed to some things, and never said no, but on the other hand if this was just bad sex, why do i feel so hurt nearly 4 months later? shouldn't i be over this by now?  i've just felt so dirty and used, it's all i can think about.",['\\bwas\\s+this\\s+(?:sa|sexual\\s+assault)\\b'],"['\\bsa\\b', ""\\bi\\s+don[’']t\\s+really\\s+know\\b"", '\\bfriend\\b', '\\bwas\\s+this\\s+(?:sa|sexual\\s+assault)\\b']"
ou07hb,sexualassault,"My ex boyfriend held me down as he kissed me, is that SA?",catsinbananahats,3,12,True,2,1627574130,/r/sexualassault/comments/ou07hb/my_ex_boyfriend_held_me_down_as_he_kissed_me_is/,"So after our second date my ex walked me to my door.

He gave me my first kiss in the parking lot, which I hated because I hated him and I was scared of him and I just wanted to leave. I didn't even want to go on the second date in the first place, because my gut told me there was something sinister about him. I sat in the backseat with him facing the window wanting to leave and then before I could even react he turned my head and made out with me. 

That wasn't the kiss of the title though. I agreed to go into the backseat with him and I didn't tell him no, so how could he know I didn't want it. I didn't tell him no when he held my hand, when he touched my thigh. 

The kiss of the title happened at the door. He hugged me and then he leaned in to kiss me. I could see it coming this time so I tried to move away, but he held me down by my shoulders and so I couldn't move away. He was 6 feet tall and 18 and I was only 5'7 and 16 so he overpowered me. 

I felt gross and I wanted to cry after but I didn't say no so how could he know I didn't want it.

Was that SA?","ou07hb sexualassault My ex boyfriend held me down as he kissed me, is that SA? catsinbananahats /r/sexualassault/comments/ou07hb/my_ex_boyfriend_held_me_down_as_he_kissed_me_is/ So after our second date my ex walked me to my door.

He gave me my first kiss in the parking lot, which I hated because I hated him and I was scared of him and I just wanted to leave. I didn't even want to go on the second date in the first place, because my gut told me there was something sinister about him. I sat in the backseat with him facing the window wanting to leave and then before I could even react he turned my head and made out with me. 

That wasn't the kiss of the title though. I agreed to go into the backseat with him and I didn't tell him no, so how could he know I didn't want it. I didn't tell him no when he held my hand, when he touched my thigh. 

The kiss of the title happened at the door. He hugged me and then he leaned in to kiss me. I could see it coming this time so I tried to move away, but he held me down by my shoulders and so I couldn't move away. He was 6 feet tall and 18 and I was only 5'7 and 16 so he overpowered me. 

I felt gross and I wanted to cry after but I didn't say no so how could he know I didn't want it.

Was that SA?","[""\\bi\\s+didn[’']t\\s+say\\s+no\\b""]","['\\bsa\\b', '\\bboyfriend\\b', ""\\bi\\s+didn[’']t\\s+say\\s+no\\b""]"
otetzw,sexualassault,Is being spooned without consent assault,catsinbananahats,5,8,True,2,1627493832,/r/sexualassault/comments/otetzw/is_being_spooned_without_consent_assault/,"When I woke up after a party this man , this stranger was holding me at my waist at both sides with both hands. We were both fully clothed (except my pants were unzipped) and his...nether area was right against my butt. 

Was this sexual assault, or am I overreacting?","otetzw sexualassault Is being spooned without consent assault catsinbananahats /r/sexualassault/comments/otetzw/is_being_spooned_without_consent_assault/ When I woke up after a party this man , this stranger was holding me at my waist at both sides with both hands. We were both fully clothed (except my pants were unzipped) and his...nether area was right against my butt. 

Was this sexual assault, or am I overreacting?",['\\bwas\\s+this\\s+(?:sa|sexual\\s+assault)\\b'],"['\\bwas\\s+this\\s+(?:sa|sexual\\s+assault)\\b', '\\bassault\\b', '\\bsexual(?:ly)?\\s+assault(?:ed|s|ing)?\\b']"
ok9dx5,sexualassault,Is this even considered SA? if not what is it and what do i even do,[deleted],4,4,True,4,1626284243,/r/sexualassault/comments/ok9dx5/is_this_even_considered_sa_if_not_what_is_it_and/,"So today i got acess to my sisters phone, she's 23, of course i did a little bit of snooping around and i stumbled across the chat with her best friend, they were talking about sex, being 'hoes' etc. And suddenly, no context her friend goes ""your sister (me) needs some dick"" and all sorts of things like that revolving myself in very sexual ways, they're both adults and im a minor (14) it was all fun and games until that, sure those were jokes but it made me so uncomfortable.","ok9dx5 sexualassault Is this even considered SA? if not what is it and what do i even do [deleted] /r/sexualassault/comments/ok9dx5/is_this_even_considered_sa_if_not_what_is_it_and/ So today i got acess to my sisters phone, she's 23, of course i did a little bit of snooping around and i stumbled across the chat with her best friend, they were talking about sex, being 'hoes' etc. And suddenly, no context her friend goes ""your sister (me) needs some dick"" and all sorts of things like that revolving myself in very sexual ways, they're both adults and im a minor (14) it was all fun and games until that, sure those were jokes but it made me so uncomfortable.",['\\bconsider(?:ed)?\\s+(?:it\\s+)?(?:sa|sexual\\s+assault)\\b'],"['\\bsa\\b', '\\bfriend\\b', '\\bconsider(?:ed)?\\s+(?:it\\s+)?(?:sa|sexual\\s+assault)\\b']"
ok9dx5,sexualassault,Is this even considered SA? if not what is it and what do i even do,[deleted],4,4,True,4,1626284243,/r/sexualassault/comments/ok9dx5/is_this_even_considered_sa_if_not_what_is_it_and/,"So today i got acess to my sisters phone, she's 23, of course i did a little bit of snooping around and i stumbled across the chat with her best friend, they were talking about sex, being 'hoes' etc. And suddenly, no context her friend goes ""your sister (me) needs some dick"" and all sorts of things like that revolving myself in very sexual ways, they're both adults and im a minor (14) it was all fun and games until that, sure those were jokes but it made me so uncomfortable.","ok9dx5 sexualassault Is this even considered SA? if not what is it and what do i even do [deleted] /r/sexualassault/comments/ok9dx5/is_this_even_considered_sa_if_not_what_is_it_and/ So today i got acess to my sisters phone, she's 23, of course i did a little bit of snooping around and i stumbled across the chat with her best friend, they were talking about sex, being 'hoes' etc. And suddenly, no context her friend goes ""your sister (me) needs some dick"" and all sorts of things like that revolving myself in very sexual ways, they're both adults and im a minor (14) it was all fun and games until that, sure those were jokes but it made me so uncomfortable.",['\\bconsider(?:ed)?\\s+(?:it\\s+)?(?:sa|sexual\\s+assault)\\b'],"['\\bsa\\b', '\\bfriend\\b', '\\bconsider(?:ed)?\\s+(?:it\\s+)?(?:sa|sexual\\s+assault)\\b']"
oglu9l,sexualassault,Coming to Terms,hmsmith6,11,4,True,2,1625796502,/r/sexualassault/comments/oglu9l/coming_to_terms/,"A couple of years ago, I was dating this guy. We had such a great texting relationship. Talked everyday, all day. I liked the person he was over the phone. But, I had this feeling that something was off. In person, it was different. He was more quiet and it felt awkward but I just thought maybe he is shy? After we would hang out for a little bit, he would want to start hooking up. I was okay with it but thought it was kind of odd? I have not had a lot of sexual experiences and if I did, it was someone I was dating or in a serious relationship with. When we would hang out, I kept wondering why couldn’t we just talk and if it mutually leads to that then okay? But it felt like it wasn’t 30 minutes into us hanging out, he was tryin
g to make out. He was always the initiator. Keep in mind, we only ever went to one public outing. The rest was always at my place or his. He definitely strung me along and I was low on his priority list. But, at the time, I had little to no self worth. I thought I deserved it or I could make excuses for it. I didn’t feel confident in the relationship. He started becoming more distant and I kept holding on. Thinking maybe it could work. But I still had that feeling that something was off. That this isn’t what a relationship should be. I was too insecure at the time to trust myself. 

We were suppose to hang out the day after thanksgiving. An hour before, he tried to bail. He wanted to go hang with his cousins. I was crushed. Then, he said I could come over to hang out before he left. Deep down, I knew better but I still went over. He was leaving crumbs and I was taking them. When I got over, none of his roommates where there so I thought we would hang out in the living room. Nope. He took me straight upstairs to his room. We were laying on his bed and I was trying to make small talk. I thought we could watch a movie. He wasn’t saying much. But just enough to keep me there. I felt uncomfortable but thought I was overreacting. He started making out with me. Not romantic at all like he was getting what was “his”. It felt kind of forced. I went along with it. I loved to makeout and it wasn’t unusual but I felt that this time it was different. Clothes started to come off. But, I didn’t want to do more than that. I wanted to actually hang out with him and get to know him more. He tried to go down on me and take my underwear off. I quickly put my hand there to stop him. Both hands. He said “sorry” and then continued to perform oral on me with my underwear still on. He just pushed it to the side. I was confused and numb. I didn’t know what to do. I just let it happen thinking well maybe I want this? I had to keep rationing with myself because I thought if I stopped, he would get mad at me and make me leave. He performed oral a couple of times. Never once asking me if he could. He didn’t speak to me the entire time. Never asking if it was okay. Just doing what he wanted. I didn’t do much to him. I was just uncomfortable and confused by everything. At one point, he inserted his fingers in me. Actually, he forced them. It hurt so bad. The whole situation felt forced. No talking. No stopping. He wanted to get what he wanted out of it. After he was “done”, he got up and got ready. Barley talking to me. Basically rushed me out of his house to go hang with his cousins. It was like well, I got what I wanted so I’m done with you. I felt gross. The drive home, I cried the entire way. I felt used, disrespected and humiliated. But, at the same time I didn’t know why I was crying? I wanted this? Right? I went over there. I didn’t say no? But I didn’t say yes either. I also put my hands to stop and he ignored it. 

I didn’t talk to him that entire weekend. I kept ignoring him.  I didn’t understand why I didn’t want to talk to him? But something made me want nothing to do with him. I was in such denial. He asked me if I was mad at him after a couple of days  and I said that I didn’t think this was going to work. Sent this long text and said I felt used. He said that I was cool coming over there first. I told him I didn’t feel right about the situation. He said, “okay sorry.” And that was it. 

The few months after, I drank a lot. I would drink to numb it all out. It was getting to the point, I would drink to blackout. I would then have suicidal thoughts. The sad thing is, I would still try to talk  and reach out to him. I guess trying to make sense of it all? Or make it all seem okay. Thinking that it could help. I finally stopped after a while. I had this uneasy feeling and just wanted nothing to do with him. I was confused about my feelings towards him.

A couple of months later, I had a full blown mental breakdown. It was a lot of other things building up but that was the breaking point. I haven’t touched, kissed or dated anyone since him. I thought for so long something was wrong with me. I felt numb and closed off to all feelings towards sex and relationships. It took me two years and countless of other women’s stories to realize that what happened that night was not consensual. He never once asked me if it was okay, if I was okay, if this is what I wanted. He only cared about himself. He forced all of that on me. Taking my vulnerability and my care for him and using it for his own advantage. I’m still processing the hurt it caused me. Doubting myself and thinking I asked for it. Or it wasn’t a big deal. I will say, that situation, taught me the value of my self worth. I am going to therapy and working on the trauma it caused. I am working on realizing that it was not consensual. That how I acted was a way to survive and protect myself. That the numbness, confusion, guilt and denial are normal. I am working on realizing it wasn’t my fault. And how I deserved so much better. How there is a guy out there who will love and respect me. And not be a selfish asshole. And how consent in a relationship, is the most important things for BOTH people involved.","oglu9l sexualassault Coming to Terms hmsmith6 /r/sexualassault/comments/oglu9l/coming_to_terms/ A couple of years ago, I was dating this guy. We had such a great texting relationship. Talked everyday, all day. I liked the person he was over the phone. But, I had this feeling that something was off. In person, it was different. He was more quiet and it felt awkward but I just thought maybe he is shy? After we would hang out for a little bit, he would want to start hooking up. I was okay with it but thought it was kind of odd? I have not had a lot of sexual experiences and if I did, it was someone I was dating or in a serious relationship with. When we would hang out, I kept wondering why couldn’t we just talk and if it mutually leads to that then okay? But it felt like it wasn’t 30 minutes into us hanging out, he was tryin
g to make out. He was always the initiator. Keep in mind, we only ever went to one public outing. The rest was always at my place or his. He definitely strung me along and I was low on his priority list. But, at the time, I had little to no self worth. I thought I deserved it or I could make excuses for it. I didn’t feel confident in the relationship. He started becoming more distant and I kept holding on. Thinking maybe it could work. But I still had that feeling that something was off. That this isn’t what a relationship should be. I was too insecure at the time to trust myself. 

We were suppose to hang out the day after thanksgiving. An hour before, he tried to bail. He wanted to go hang with his cousins. I was crushed. Then, he said I could come over to hang out before he left. Deep down, I knew better but I still went over. He was leaving crumbs and I was taking them. When I got over, none of his roommates where there so I thought we would hang out in the living room. Nope. He took me straight upstairs to his room. We were laying on his bed and I was trying to make small talk. I thought we could watch a movie. He wasn’t saying much. But just enough to keep me there. I felt uncomfortable but thought I was overreacting. He started making out with me. Not romantic at all like he was getting what was “his”. It felt kind of forced. I went along with it. I loved to makeout and it wasn’t unusual but I felt that this time it was different. Clothes started to come off. But, I didn’t want to do more than that. I wanted to actually hang out with him and get to know him more. He tried to go down on me and take my underwear off. I quickly put my hand there to stop him. Both hands. He said “sorry” and then continued to perform oral on me with my underwear still on. He just pushed it to the side. I was confused and numb. I didn’t know what to do. I just let it happen thinking well maybe I want this? I had to keep rationing with myself because I thought if I stopped, he would get mad at me and make me leave. He performed oral a couple of times. Never once asking me if he could. He didn’t speak to me the entire time. Never asking if it was okay. Just doing what he wanted. I didn’t do much to him. I was just uncomfortable and confused by everything. At one point, he inserted his fingers in me. Actually, he forced them. It hurt so bad. The whole situation felt forced. No talking. No stopping. He wanted to get what he wanted out of it. After he was “done”, he got up and got ready. Barley talking to me. Basically rushed me out of his house to go hang with his cousins. It was like well, I got what I wanted so I’m done with you. I felt gross. The drive home, I cried the entire way. I felt used, disrespected and humiliated. But, at the same time I didn’t know why I was crying? I wanted this? Right? I went over there. I didn’t say no? But I didn’t say yes either. I also put my hands to stop and he ignored it. 

I didn’t talk to him that entire weekend. I kept ignoring him.  I didn’t understand why I didn’t want to talk to him? But something made me want nothing to do with him. I was in such denial. He asked me if I was mad at him after a couple of days  and I said that I didn’t think this was going to work. Sent this long text and said I felt used. He said that I was cool coming over there first. I told him I didn’t feel right about the situation. He said, “okay sorry.” And that was it. 

The few months after, I drank a lot. I would drink to numb it all out. It was getting to the point, I would drink to blackout. I would then have suicidal thoughts. The sad thing is, I would still try to talk  and reach out to him. I guess trying to make sense of it all? Or make it all seem okay. Thinking that it could help. I finally stopped after a while. I had this uneasy feeling and just wanted nothing to do with him. I was confused about my feelings towards him.

A couple of months later, I had a full blown mental breakdown. It was a lot of other things building up but that was the breaking point. I haven’t touched, kissed or dated anyone since him. I thought for so long something was wrong with me. I felt numb and closed off to all feelings towards sex and relationships. It took me two years and countless of other women’s stories to realize that what happened that night was not consensual. He never once asked me if it was okay, if I was okay, if this is what I wanted. He only cared about himself. He forced all of that on me. Taking my vulnerability and my care for him and using it for his own advantage. I’m still processing the hurt it caused me. Doubting myself and thinking I asked for it. Or it wasn’t a big deal. I will say, that situation, taught me the value of my self worth. I am going to therapy and working on the trauma it caused. I am working on realizing that it was not consensual. That how I acted was a way to survive and protect myself. That the numbness, confusion, guilt and denial are normal. I am working on realizing it wasn’t my fault. And how I deserved so much better. How there is a guy out there who will love and respect me. And not be a selfish asshole. And how consent in a relationship, is the most important things for BOTH people involved.","[""\\bi\\s+didn[’']t\\s+say\\s+no\\b""]","[""\\bi\\s+didn[’']t\\s+know\\b"", ""\\bi\\s+didn[’']t\\s+understand\\b"", ""\\bi\\s+didn[’']t\\s+say\\s+no\\b""]"
ofe9yp,sexualassault,is this sexual assault?,raspberrytea7,15,4,False,0,1625643847,/r/sexualassault/comments/ofe9yp/is_this_sexual_assault/,"This has been bothering me for a long time now and I’m not quite sure what to call what I’ve been experiencing but sexual assault is my best guess. I’m sorry if it isn’t and this post doesn’t fit in to this subreddit, but I’m not sure where else to post this.

Growing up I’ve always shared a room with my sibling. For as long as I can remember they were touching themselves while I was in the room. I don’t think it was ever because they were attracted to me, because they would never look or acknowledge me when it happened but I don’t think I can say for sure they weren’t doing it because I was in the room. Most of the times they’d just do it while reading or watching something on their own, but there was one incident when I was around 9 (they would have been 14) where they made me read some sexual fanfiction with them. I always told myself since it was just some fanfiction it wasn’t actually anything bad, but it’s never sat right with me. Regardless this was the only time they had ever interacted with me while touching themselves. They’ve also gone on omegle and stripped and touched themselves while I was in the room. 

I hadn’t ever talked about this to anyone because I also touched myself while they were in the room. I realize now I did because seeing them do it when I was 3 years old made me hypersexual and in trying to convince myself that it was normal I did it too. 

About a month ago though, I decided to tell my boyfriend after noticing they were doing it again while I was on the phone with him. I had moved to the living room and I told him and he assured me it wasn’t normal and he thought it might be sexual assault or something similar. 

Normally when this would happen when I wasn’t on the phone, I would just stay in the room and pretend it wasn’t happening but since realizing not every kid who shares a room experiences this I’ve been getting out and sleeping in the living room. 

I need help. is this sexual assault or something else? should I tell my parents? (they knew my sibling would go on omegle in front of me and stopped it but never spoke to me about it or tried to separate us) should I tell my therapist? (I am still a minor, my sibling isn’t, and I don’t know if she’d be able to help me since I am underage and I only go to her for my depression and anxiety)","ofe9yp sexualassault is this sexual assault? raspberrytea7 /r/sexualassault/comments/ofe9yp/is_this_sexual_assault/ This has been bothering me for a long time now and I’m not quite sure what to call what I’ve been experiencing but sexual assault is my best guess. I’m sorry if it isn’t and this post doesn’t fit in to this subreddit, but I’m not sure where else to post this.

Growing up I’ve always shared a room with my sibling. For as long as I can remember they were touching themselves while I was in the room. I don’t think it was ever because they were attracted to me, because they would never look or acknowledge me when it happened but I don’t think I can say for sure they weren’t doing it because I was in the room. Most of the times they’d just do it while reading or watching something on their own, but there was one incident when I was around 9 (they would have been 14) where they made me read some sexual fanfiction with them. I always told myself since it was just some fanfiction it wasn’t actually anything bad, but it’s never sat right with me. Regardless this was the only time they had ever interacted with me while touching themselves. They’ve also gone on omegle and stripped and touched themselves while I was in the room. 

I hadn’t ever talked about this to anyone because I also touched myself while they were in the room. I realize now I did because seeing them do it when I was 3 years old made me hypersexual and in trying to convince myself that it was normal I did it too. 

About a month ago though, I decided to tell my boyfriend after noticing they were doing it again while I was on the phone with him. I had moved to the living room and I told him and he assured me it wasn’t normal and he thought it might be sexual assault or something similar. 

Normally when this would happen when I wasn’t on the phone, I would just stay in the room and pretend it wasn’t happening but since realizing not every kid who shares a room experiences this I’ve been getting out and sleeping in the living room. 

I need help. is this sexual assault or something else? should I tell my parents? (they knew my sibling would go on omegle in front of me and stopped it but never spoke to me about it or tried to separate us) should I tell my therapist? (I am still a minor, my sibling isn’t, and I don’t know if she’d be able to help me since I am underage and I only go to her for my depression and anxiety)",['\\bis\\s+this\\s+(?:sa|sexual\\s+assault)\\b'],"['\\bboyfriend\\b', '\\bis\\s+this\\s+(?:sa|sexual\\s+assault)\\b', ""\\bi\\s+don[’']t\\s+know\\b"", ""\\bi[’']?m\\s+not\\s+sure\\b"", '\\bassault\\b', '\\bsexual(?:ly)?\\s+assault(?:ed|s|ing)?\\b']"
ofe9yp,sexualassault,is this sexual assault?,raspberrytea7,15,4,False,0,1625643847,/r/sexualassault/comments/ofe9yp/is_this_sexual_assault/,"This has been bothering me for a long time now and I’m not quite sure what to call what I’ve been experiencing but sexual assault is my best guess. I’m sorry if it isn’t and this post doesn’t fit in to this subreddit, but I’m not sure where else to post this.

Growing up I’ve always shared a room with my sibling. For as long as I can remember they were touching themselves while I was in the room. I don’t think it was ever because they were attracted to me, because they would never look or acknowledge me when it happened but I don’t think I can say for sure they weren’t doing it because I was in the room. Most of the times they’d just do it while reading or watching something on their own, but there was one incident when I was around 9 (they would have been 14) where they made me read some sexual fanfiction with them. I always told myself since it was just some fanfiction it wasn’t actually anything bad, but it’s never sat right with me. Regardless this was the only time they had ever interacted with me while touching themselves. They’ve also gone on omegle and stripped and touched themselves while I was in the room. 

I hadn’t ever talked about this to anyone because I also touched myself while they were in the room. I realize now I did because seeing them do it when I was 3 years old made me hypersexual and in trying to convince myself that it was normal I did it too. 

About a month ago though, I decided to tell my boyfriend after noticing they were doing it again while I was on the phone with him. I had moved to the living room and I told him and he assured me it wasn’t normal and he thought it might be sexual assault or something similar. 

Normally when this would happen when I wasn’t on the phone, I would just stay in the room and pretend it wasn’t happening but since realizing not every kid who shares a room experiences this I’ve been getting out and sleeping in the living room. 

I need help. is this sexual assault or something else? should I tell my parents? (they knew my sibling would go on omegle in front of me and stopped it but never spoke to me about it or tried to separate us) should I tell my therapist? (I am still a minor, my sibling isn’t, and I don’t know if she’d be able to help me since I am underage and I only go to her for my depression and anxiety)","ofe9yp sexualassault is this sexual assault? raspberrytea7 /r/sexualassault/comments/ofe9yp/is_this_sexual_assault/ This has been bothering me for a long time now and I’m not quite sure what to call what I’ve been experiencing but sexual assault is my best guess. I’m sorry if it isn’t and this post doesn’t fit in to this subreddit, but I’m not sure where else to post this.

Growing up I’ve always shared a room with my sibling. For as long as I can remember they were touching themselves while I was in the room. I don’t think it was ever because they were attracted to me, because they would never look or acknowledge me when it happened but I don’t think I can say for sure they weren’t doing it because I was in the room. Most of the times they’d just do it while reading or watching something on their own, but there was one incident when I was around 9 (they would have been 14) where they made me read some sexual fanfiction with them. I always told myself since it was just some fanfiction it wasn’t actually anything bad, but it’s never sat right with me. Regardless this was the only time they had ever interacted with me while touching themselves. They’ve also gone on omegle and stripped and touched themselves while I was in the room. 

I hadn’t ever talked about this to anyone because I also touched myself while they were in the room. I realize now I did because seeing them do it when I was 3 years old made me hypersexual and in trying to convince myself that it was normal I did it too. 

About a month ago though, I decided to tell my boyfriend after noticing they were doing it again while I was on the phone with him. I had moved to the living room and I told him and he assured me it wasn’t normal and he thought it might be sexual assault or something similar. 

Normally when this would happen when I wasn’t on the phone, I would just stay in the room and pretend it wasn’t happening but since realizing not every kid who shares a room experiences this I’ve been getting out and sleeping in the living room. 

I need help. is this sexual assault or something else? should I tell my parents? (they knew my sibling would go on omegle in front of me and stopped it but never spoke to me about it or tried to separate us) should I tell my therapist? (I am still a minor, my sibling isn’t, and I don’t know if she’d be able to help me since I am underage and I only go to her for my depression and anxiety)",['\\bis\\s+this\\s+(?:sa|sexual\\s+assault)\\b'],"['\\bboyfriend\\b', '\\bis\\s+this\\s+(?:sa|sexual\\s+assault)\\b', ""\\bi\\s+don[’']t\\s+know\\b"", ""\\bi[’']?m\\s+not\\s+sure\\b"", '\\bassault\\b', '\\bsexual(?:ly)?\\s+assault(?:ed|s|ing)?\\b']"
o7wnte,sexualassault,I (16F) had a sexual relationship with a guy (18-19M) that I regret. Was it my fault?,clarvanity,5,2,False,0,1624655457,/r/sexualassault/comments/o7wnte/i_16f_had_a_sexual_relationship_with_a_guy_1819m/,"When we met I had just turned 16, and he was almost 19. It was a huge house party my mom had brought me to. I was extremely drunk, it wasn’t my first time being drunk, but it was the most drunk I have ever been. I don’t remember most of the night. 

It was about 3am when we got in the van and did “stuff”. He left shortly after that but we exchanged contacts and kept in touch. I gave consent when I was drunk, but I felt so awful the morning after and when I had enough time to think about it, I had a panic attack. 

We argued over snapchat because I confronted him about the situation. It was obviously statutory rape, I know that. He told me he didn’t want me to think of it like that, that we were into each other so there shouldn’t be a problem. We started seeing each other. 

It was very sparingly that we met up. He worked a lot so I only saw him every couple of weeks at best. It got sexual very fast. I was out of my depth but I didn’t know that at the time. I thought it was all normal. I thought I wanted it, because I wanted to know what it was like, I wanted to experiment. I had been so curious for so long. 

With curiosity comes answers. I guess I just by chance happened to have the worst possible scenario? I quickly fell into the identity of “asexual”, when I realised I wasn’t enjoying sex the way I thought I would, that I wasn’t actually attracted to him at all, and all the sexual acts made me disgusted and uncomfortable. 

But I liked being with him for some reason. I guess I was lonely. I told him that I was asexual, it took a while to explain and I don’t think he ever got it. We still had sex (consensually), but I’d told him countless times physical touch isn’t the way I express or receive affection. He still rarely saw me, or talked to me. 

I sent nude pictures, I did whatever he wanted (sexually) whenever I saw him in the hopes it would turn into the relationship I wanted. We had sex almost every single time we met. After I came out as asexual he stopped trying to pleasure me (which wasn’t a lot in the first place) even though I told him it wasn’t any different. I was worried if I said no or complained too much, he would leave me, which was stupid and childish, I know. 

One time, while we were having sex, he did something to me that I didn’t consent to. I asked him what he was doing, but he just shrugged it off. I didn’t know what to say. I usually just zoned out whenever we were having sex anyway because the lack of pleasure just let the bad thoughts creep in. I remember the first time thinking to myself again and again “it’s going to be over soon, it’s going to be over soon” trying to calm myself down. 

When I confronted him about that incident, he seemed truly apologetic. I had planned on establishing a boundary around sex after that, maybe stopping for a while until I was comfortable again, but that was it. He didn’t see me again after that, it was the last time we had sex. He totally pulled back with texting me, he was always tired from work and never had time for me, not even to text. He couldn’t even spare 10 minutes to call me on my birthday, when I turned 17 (finally, the age of legal consent). 

I broke it off with him one night recently. Over text, since I wasn’t going to wait around until he had the time for it. It was clear he wasn’t taking me seriously. He’d told me before this relationship wasn’t just a sex thing, that I was “his”, we were exclusive and he cared about me. But he didn’t want to call me his girlfriend. When I confronted him about not meaning what he said, he pushed that he was clear about not wanting a “relationship”, even though initially all he said he wasn’t uncomfortable with were labels. 

It feels like I was used. But I don’t want to think of it that way. I consented to everything, even if it was a little hesitant.  I enabled this to happen to me. And I feel awful now. It creeps up on me at the worst of times and I don’t know if I’ll ever be able to get over it. I just wished I could have had a normal, loving relationship where I felt safe and respected, but instead I let myself get taken advantage of by a random college boy who probably lied to me the whole time about actually liking me. 

Do you think I was in the wrong here? I don’t know how to feel anymore. I definitely have unresolved sexual issues from this, but I don’t know if that’s my fault or not. 

Thanks for reading this far, if you did. I feel so alone.","o7wnte sexualassault I (16F) had a sexual relationship with a guy (18-19M) that I regret. Was it my fault? clarvanity /r/sexualassault/comments/o7wnte/i_16f_had_a_sexual_relationship_with_a_guy_1819m/ When we met I had just turned 16, and he was almost 19. It was a huge house party my mom had brought me to. I was extremely drunk, it wasn’t my first time being drunk, but it was the most drunk I have ever been. I don’t remember most of the night. 

It was about 3am when we got in the van and did “stuff”. He left shortly after that but we exchanged contacts and kept in touch. I gave consent when I was drunk, but I felt so awful the morning after and when I had enough time to think about it, I had a panic attack. 

We argued over snapchat because I confronted him about the situation. It was obviously statutory rape, I know that. He told me he didn’t want me to think of it like that, that we were into each other so there shouldn’t be a problem. We started seeing each other. 

It was very sparingly that we met up. He worked a lot so I only saw him every couple of weeks at best. It got sexual very fast. I was out of my depth but I didn’t know that at the time. I thought it was all normal. I thought I wanted it, because I wanted to know what it was like, I wanted to experiment. I had been so curious for so long. 

With curiosity comes answers. I guess I just by chance happened to have the worst possible scenario? I quickly fell into the identity of “asexual”, when I realised I wasn’t enjoying sex the way I thought I would, that I wasn’t actually attracted to him at all, and all the sexual acts made me disgusted and uncomfortable. 

But I liked being with him for some reason. I guess I was lonely. I told him that I was asexual, it took a while to explain and I don’t think he ever got it. We still had sex (consensually), but I’d told him countless times physical touch isn’t the way I express or receive affection. He still rarely saw me, or talked to me. 

I sent nude pictures, I did whatever he wanted (sexually) whenever I saw him in the hopes it would turn into the relationship I wanted. We had sex almost every single time we met. After I came out as asexual he stopped trying to pleasure me (which wasn’t a lot in the first place) even though I told him it wasn’t any different. I was worried if I said no or complained too much, he would leave me, which was stupid and childish, I know. 

One time, while we were having sex, he did something to me that I didn’t consent to. I asked him what he was doing, but he just shrugged it off. I didn’t know what to say. I usually just zoned out whenever we were having sex anyway because the lack of pleasure just let the bad thoughts creep in. I remember the first time thinking to myself again and again “it’s going to be over soon, it’s going to be over soon” trying to calm myself down. 

When I confronted him about that incident, he seemed truly apologetic. I had planned on establishing a boundary around sex after that, maybe stopping for a while until I was comfortable again, but that was it. He didn’t see me again after that, it was the last time we had sex. He totally pulled back with texting me, he was always tired from work and never had time for me, not even to text. He couldn’t even spare 10 minutes to call me on my birthday, when I turned 17 (finally, the age of legal consent). 

I broke it off with him one night recently. Over text, since I wasn’t going to wait around until he had the time for it. It was clear he wasn’t taking me seriously. He’d told me before this relationship wasn’t just a sex thing, that I was “his”, we were exclusive and he cared about me. But he didn’t want to call me his girlfriend. When I confronted him about not meaning what he said, he pushed that he was clear about not wanting a “relationship”, even though initially all he said he wasn’t uncomfortable with were labels. 

It feels like I was used. But I don’t want to think of it that way. I consented to everything, even if it was a little hesitant.  I enabled this to happen to me. And I feel awful now. It creeps up on me at the worst of times and I don’t know if I’ll ever be able to get over it. I just wished I could have had a normal, loving relationship where I felt safe and respected, but instead I let myself get taken advantage of by a random college boy who probably lied to me the whole time about actually liking me. 

Do you think I was in the wrong here? I don’t know how to feel anymore. I definitely have unresolved sexual issues from this, but I don’t know if that’s my fault or not. 

Thanks for reading this far, if you did. I feel so alone.","[""\\bi\\s+didn[’']t\\s+consent\\b""]","[""\\bi\\s+didn[’']t\\s+consent\\b"", ""\\bi\\s+didn[’']t\\s+know\\b"", ""\\bi\\s+don[’']t\\s+know\\b"", '\\brape\\b', '\\bgirlfriend\\b']"
o7wnte,sexualassault,I (16F) had a sexual relationship with a guy (18-19M) that I regret. Was it my fault?,clarvanity,5,2,False,0,1624655457,/r/sexualassault/comments/o7wnte/i_16f_had_a_sexual_relationship_with_a_guy_1819m/,"When we met I had just turned 16, and he was almost 19. It was a huge house party my mom had brought me to. I was extremely drunk, it wasn’t my first time being drunk, but it was the most drunk I have ever been. I don’t remember most of the night. 

It was about 3am when we got in the van and did “stuff”. He left shortly after that but we exchanged contacts and kept in touch. I gave consent when I was drunk, but I felt so awful the morning after and when I had enough time to think about it, I had a panic attack. 

We argued over snapchat because I confronted him about the situation. It was obviously statutory rape, I know that. He told me he didn’t want me to think of it like that, that we were into each other so there shouldn’t be a problem. We started seeing each other. 

It was very sparingly that we met up. He worked a lot so I only saw him every couple of weeks at best. It got sexual very fast. I was out of my depth but I didn’t know that at the time. I thought it was all normal. I thought I wanted it, because I wanted to know what it was like, I wanted to experiment. I had been so curious for so long. 

With curiosity comes answers. I guess I just by chance happened to have the worst possible scenario? I quickly fell into the identity of “asexual”, when I realised I wasn’t enjoying sex the way I thought I would, that I wasn’t actually attracted to him at all, and all the sexual acts made me disgusted and uncomfortable. 

But I liked being with him for some reason. I guess I was lonely. I told him that I was asexual, it took a while to explain and I don’t think he ever got it. We still had sex (consensually), but I’d told him countless times physical touch isn’t the way I express or receive affection. He still rarely saw me, or talked to me. 

I sent nude pictures, I did whatever he wanted (sexually) whenever I saw him in the hopes it would turn into the relationship I wanted. We had sex almost every single time we met. After I came out as asexual he stopped trying to pleasure me (which wasn’t a lot in the first place) even though I told him it wasn’t any different. I was worried if I said no or complained too much, he would leave me, which was stupid and childish, I know. 

One time, while we were having sex, he did something to me that I didn’t consent to. I asked him what he was doing, but he just shrugged it off. I didn’t know what to say. I usually just zoned out whenever we were having sex anyway because the lack of pleasure just let the bad thoughts creep in. I remember the first time thinking to myself again and again “it’s going to be over soon, it’s going to be over soon” trying to calm myself down. 

When I confronted him about that incident, he seemed truly apologetic. I had planned on establishing a boundary around sex after that, maybe stopping for a while until I was comfortable again, but that was it. He didn’t see me again after that, it was the last time we had sex. He totally pulled back with texting me, he was always tired from work and never had time for me, not even to text. He couldn’t even spare 10 minutes to call me on my birthday, when I turned 17 (finally, the age of legal consent). 

I broke it off with him one night recently. Over text, since I wasn’t going to wait around until he had the time for it. It was clear he wasn’t taking me seriously. He’d told me before this relationship wasn’t just a sex thing, that I was “his”, we were exclusive and he cared about me. But he didn’t want to call me his girlfriend. When I confronted him about not meaning what he said, he pushed that he was clear about not wanting a “relationship”, even though initially all he said he wasn’t uncomfortable with were labels. 

It feels like I was used. But I don’t want to think of it that way. I consented to everything, even if it was a little hesitant.  I enabled this to happen to me. And I feel awful now. It creeps up on me at the worst of times and I don’t know if I’ll ever be able to get over it. I just wished I could have had a normal, loving relationship where I felt safe and respected, but instead I let myself get taken advantage of by a random college boy who probably lied to me the whole time about actually liking me. 

Do you think I was in the wrong here? I don’t know how to feel anymore. I definitely have unresolved sexual issues from this, but I don’t know if that’s my fault or not. 

Thanks for reading this far, if you did. I feel so alone.","o7wnte sexualassault I (16F) had a sexual relationship with a guy (18-19M) that I regret. Was it my fault? clarvanity /r/sexualassault/comments/o7wnte/i_16f_had_a_sexual_relationship_with_a_guy_1819m/ When we met I had just turned 16, and he was almost 19. It was a huge house party my mom had brought me to. I was extremely drunk, it wasn’t my first time being drunk, but it was the most drunk I have ever been. I don’t remember most of the night. 

It was about 3am when we got in the van and did “stuff”. He left shortly after that but we exchanged contacts and kept in touch. I gave consent when I was drunk, but I felt so awful the morning after and when I had enough time to think about it, I had a panic attack. 

We argued over snapchat because I confronted him about the situation. It was obviously statutory rape, I know that. He told me he didn’t want me to think of it like that, that we were into each other so there shouldn’t be a problem. We started seeing each other. 

It was very sparingly that we met up. He worked a lot so I only saw him every couple of weeks at best. It got sexual very fast. I was out of my depth but I didn’t know that at the time. I thought it was all normal. I thought I wanted it, because I wanted to know what it was like, I wanted to experiment. I had been so curious for so long. 

With curiosity comes answers. I guess I just by chance happened to have the worst possible scenario? I quickly fell into the identity of “asexual”, when I realised I wasn’t enjoying sex the way I thought I would, that I wasn’t actually attracted to him at all, and all the sexual acts made me disgusted and uncomfortable. 

But I liked being with him for some reason. I guess I was lonely. I told him that I was asexual, it took a while to explain and I don’t think he ever got it. We still had sex (consensually), but I’d told him countless times physical touch isn’t the way I express or receive affection. He still rarely saw me, or talked to me. 

I sent nude pictures, I did whatever he wanted (sexually) whenever I saw him in the hopes it would turn into the relationship I wanted. We had sex almost every single time we met. After I came out as asexual he stopped trying to pleasure me (which wasn’t a lot in the first place) even though I told him it wasn’t any different. I was worried if I said no or complained too much, he would leave me, which was stupid and childish, I know. 

One time, while we were having sex, he did something to me that I didn’t consent to. I asked him what he was doing, but he just shrugged it off. I didn’t know what to say. I usually just zoned out whenever we were having sex anyway because the lack of pleasure just let the bad thoughts creep in. I remember the first time thinking to myself again and again “it’s going to be over soon, it’s going to be over soon” trying to calm myself down. 

When I confronted him about that incident, he seemed truly apologetic. I had planned on establishing a boundary around sex after that, maybe stopping for a while until I was comfortable again, but that was it. He didn’t see me again after that, it was the last time we had sex. He totally pulled back with texting me, he was always tired from work and never had time for me, not even to text. He couldn’t even spare 10 minutes to call me on my birthday, when I turned 17 (finally, the age of legal consent). 

I broke it off with him one night recently. Over text, since I wasn’t going to wait around until he had the time for it. It was clear he wasn’t taking me seriously. He’d told me before this relationship wasn’t just a sex thing, that I was “his”, we were exclusive and he cared about me. But he didn’t want to call me his girlfriend. When I confronted him about not meaning what he said, he pushed that he was clear about not wanting a “relationship”, even though initially all he said he wasn’t uncomfortable with were labels. 

It feels like I was used. But I don’t want to think of it that way. I consented to everything, even if it was a little hesitant.  I enabled this to happen to me. And I feel awful now. It creeps up on me at the worst of times and I don’t know if I’ll ever be able to get over it. I just wished I could have had a normal, loving relationship where I felt safe and respected, but instead I let myself get taken advantage of by a random college boy who probably lied to me the whole time about actually liking me. 

Do you think I was in the wrong here? I don’t know how to feel anymore. I definitely have unresolved sexual issues from this, but I don’t know if that’s my fault or not. 

Thanks for reading this far, if you did. I feel so alone.","[""\\bi\\s+didn[’']t\\s+consent\\b""]","[""\\bi\\s+didn[’']t\\s+consent\\b"", ""\\bi\\s+didn[’']t\\s+know\\b"", ""\\bi\\s+don[’']t\\s+know\\b"", '\\brape\\b', '\\bgirlfriend\\b']"
o1htf9,sexualassault,Does this count as sexual assault? Is it worth reporting?,Patty2229,2,2,False,0,1623883673,/r/sexualassault/comments/o1htf9/does_this_count_as_sexual_assault_is_it_worth/,"This happened in 2013. I was 14 and my neighbour who was 25/26 at the time crashed a party at our house. He knew what age I was, he kept saying it. I went to bed at some point and woke up with him in my room, he kept asking for a kiss and I kept refusing and telling him to leave me alone. He climbed up on top of my bed, and on top of me and kept feeling me up (through my clothes), I think the worst he managed to do was he kept rubbing my thigh - with my clothes on. I was terrified though at what he could do to me and I tried to fight him off, kept telling him no, kept telling him to go away, to leave me alone but he wouldn't, he pinned me down by my wrists. At some point I realised it was impossible to fight him off, he was a huge guy, and I was small. I turned over, cried and waited for it to be over. He carried on but because I'd stopped fighting he loosened his grip and I was able to get away.

I've heard other things he's done since then which makes me want to report it, but the person who told me doesn't want to give a statement. I'm worried about what else he's done and feel like maybe I should report, andI feel thst I can. 

What's holding me back is: it was so long ago + even if it is sexual assault I have it in my head that it's the most minor case that I've overreacted to. I feel like people will think I'm pathetic for reporting. I'd be almost embarrassed to tell the police.","o1htf9 sexualassault Does this count as sexual assault? Is it worth reporting? Patty2229 /r/sexualassault/comments/o1htf9/does_this_count_as_sexual_assault_is_it_worth/ This happened in 2013. I was 14 and my neighbour who was 25/26 at the time crashed a party at our house. He knew what age I was, he kept saying it. I went to bed at some point and woke up with him in my room, he kept asking for a kiss and I kept refusing and telling him to leave me alone. He climbed up on top of my bed, and on top of me and kept feeling me up (through my clothes), I think the worst he managed to do was he kept rubbing my thigh - with my clothes on. I was terrified though at what he could do to me and I tried to fight him off, kept telling him no, kept telling him to go away, to leave me alone but he wouldn't, he pinned me down by my wrists. At some point I realised it was impossible to fight him off, he was a huge guy, and I was small. I turned over, cried and waited for it to be over. He carried on but because I'd stopped fighting he loosened his grip and I was able to get away.

I've heard other things he's done since then which makes me want to report it, but the person who told me doesn't want to give a statement. I'm worried about what else he's done and feel like maybe I should report, andI feel thst I can. 

What's holding me back is: it was so long ago + even if it is sexual assault I have it in my head that it's the most minor case that I've overreacted to. I feel like people will think I'm pathetic for reporting. I'd be almost embarrassed to tell the police.",['\\bdoes\\s+this\\s+count\\s+as\\s+(?:sa|sexual\\s+assault)\\b'],"['\\bdoes\\s+this\\s+count\\s+as\\s+(?:sa|sexual\\s+assault)\\b', '\\bassault\\b', '\\bsexual(?:ly)?\\s+assault(?:ed|s|ing)?\\b']"
o1htf9,sexualassault,Does this count as sexual assault? Is it worth reporting?,Patty2229,2,2,False,0,1623883673,/r/sexualassault/comments/o1htf9/does_this_count_as_sexual_assault_is_it_worth/,"This happened in 2013. I was 14 and my neighbour who was 25/26 at the time crashed a party at our house. He knew what age I was, he kept saying it. I went to bed at some point and woke up with him in my room, he kept asking for a kiss and I kept refusing and telling him to leave me alone. He climbed up on top of my bed, and on top of me and kept feeling me up (through my clothes), I think the worst he managed to do was he kept rubbing my thigh - with my clothes on. I was terrified though at what he could do to me and I tried to fight him off, kept telling him no, kept telling him to go away, to leave me alone but he wouldn't, he pinned me down by my wrists. At some point I realised it was impossible to fight him off, he was a huge guy, and I was small. I turned over, cried and waited for it to be over. He carried on but because I'd stopped fighting he loosened his grip and I was able to get away.

I've heard other things he's done since then which makes me want to report it, but the person who told me doesn't want to give a statement. I'm worried about what else he's done and feel like maybe I should report, andI feel thst I can. 

What's holding me back is: it was so long ago + even if it is sexual assault I have it in my head that it's the most minor case that I've overreacted to. I feel like people will think I'm pathetic for reporting. I'd be almost embarrassed to tell the police.","o1htf9 sexualassault Does this count as sexual assault? Is it worth reporting? Patty2229 /r/sexualassault/comments/o1htf9/does_this_count_as_sexual_assault_is_it_worth/ This happened in 2013. I was 14 and my neighbour who was 25/26 at the time crashed a party at our house. He knew what age I was, he kept saying it. I went to bed at some point and woke up with him in my room, he kept asking for a kiss and I kept refusing and telling him to leave me alone. He climbed up on top of my bed, and on top of me and kept feeling me up (through my clothes), I think the worst he managed to do was he kept rubbing my thigh - with my clothes on. I was terrified though at what he could do to me and I tried to fight him off, kept telling him no, kept telling him to go away, to leave me alone but he wouldn't, he pinned me down by my wrists. At some point I realised it was impossible to fight him off, he was a huge guy, and I was small. I turned over, cried and waited for it to be over. He carried on but because I'd stopped fighting he loosened his grip and I was able to get away.

I've heard other things he's done since then which makes me want to report it, but the person who told me doesn't want to give a statement. I'm worried about what else he's done and feel like maybe I should report, andI feel thst I can. 

What's holding me back is: it was so long ago + even if it is sexual assault I have it in my head that it's the most minor case that I've overreacted to. I feel like people will think I'm pathetic for reporting. I'd be almost embarrassed to tell the police.",['\\bdoes\\s+this\\s+count\\s+as\\s+(?:sa|sexual\\s+assault)\\b'],"['\\bdoes\\s+this\\s+count\\s+as\\s+(?:sa|sexual\\s+assault)\\b', '\\bassault\\b', '\\bsexual(?:ly)?\\s+assault(?:ed|s|ing)?\\b']"
nrlqcp,sexualassault,Was this Sexual Assault.,CustomerCreative1108,1,2,False,0,1622748495,/r/sexualassault/comments/nrlqcp/was_this_sexual_assault/,"I don't know how to feel about this, but when I was with my ex-girlfriend, I use to wake up a few times to her either jerking me off or having sex with me.  I told my friends about it before and they said I was lucky to have a wake up call like that... But I'd still be dazed as she was finishing, she'd even tell me I loved it... I feel uneasy about it.","nrlqcp sexualassault Was this Sexual Assault. CustomerCreative1108 /r/sexualassault/comments/nrlqcp/was_this_sexual_assault/ I don't know how to feel about this, but when I was with my ex-girlfriend, I use to wake up a few times to her either jerking me off or having sex with me.  I told my friends about it before and they said I was lucky to have a wake up call like that... But I'd still be dazed as she was finishing, she'd even tell me I loved it... I feel uneasy about it.",['\\bwas\\s+this\\s+(?:sa|sexual\\s+assault)\\b'],"[""\\bi\\s+don[’']t\\s+know\\b"", '\\bwas\\s+this\\s+(?:sa|sexual\\s+assault)\\b', '\\bassault\\b', '\\bgirlfriend\\b', '\\bsexual(?:ly)?\\s+assault(?:ed|s|ing)?\\b']"
n06vna,sexualassault,Is this sexual assault?,joemama5600,6,5,True,1,1619584106,/r/sexualassault/comments/n06vna/is_this_sexual_assault/,I am not exactly sure where to ask this but hopefully I don’t come across as dramatic. I know this wouldn’t categorize as much of a serious assault but my exboyfriend would always do something to me that would make me uncomfortable. I didn’t mind kissing him or doing other acts of intimacy but he always put his hand down my pants even after I told him many times it made me uncomfortable. He’d try fingering me and that is not something I’m not into. I had to always tell him to not do that and he wouldn’t listen until I had to actually remove his hand from my pants. He knows this made me uncomfortable but he said it shouldn’t matter since we’re in a relationship. I’m wondering if this would be categorized as sexual assault or anything towards that degree?,n06vna sexualassault Is this sexual assault? joemama5600 /r/sexualassault/comments/n06vna/is_this_sexual_assault/ I am not exactly sure where to ask this but hopefully I don’t come across as dramatic. I know this wouldn’t categorize as much of a serious assault but my exboyfriend would always do something to me that would make me uncomfortable. I didn’t mind kissing him or doing other acts of intimacy but he always put his hand down my pants even after I told him many times it made me uncomfortable. He’d try fingering me and that is not something I’m not into. I had to always tell him to not do that and he wouldn’t listen until I had to actually remove his hand from my pants. He knows this made me uncomfortable but he said it shouldn’t matter since we’re in a relationship. I’m wondering if this would be categorized as sexual assault or anything towards that degree?,['\\bis\\s+this\\s+(?:sa|sexual\\s+assault)\\b'],"['\\bis\\s+this\\s+(?:sa|sexual\\s+assault)\\b', '\\bassault\\b', '\\bsexual(?:ly)?\\s+assault(?:ed|s|ing)?\\b']"
n06vna,sexualassault,Is this sexual assault?,joemama5600,6,5,True,1,1619584106,/r/sexualassault/comments/n06vna/is_this_sexual_assault/,I am not exactly sure where to ask this but hopefully I don’t come across as dramatic. I know this wouldn’t categorize as much of a serious assault but my exboyfriend would always do something to me that would make me uncomfortable. I didn’t mind kissing him or doing other acts of intimacy but he always put his hand down my pants even after I told him many times it made me uncomfortable. He’d try fingering me and that is not something I’m not into. I had to always tell him to not do that and he wouldn’t listen until I had to actually remove his hand from my pants. He knows this made me uncomfortable but he said it shouldn’t matter since we’re in a relationship. I’m wondering if this would be categorized as sexual assault or anything towards that degree?,n06vna sexualassault Is this sexual assault? joemama5600 /r/sexualassault/comments/n06vna/is_this_sexual_assault/ I am not exactly sure where to ask this but hopefully I don’t come across as dramatic. I know this wouldn’t categorize as much of a serious assault but my exboyfriend would always do something to me that would make me uncomfortable. I didn’t mind kissing him or doing other acts of intimacy but he always put his hand down my pants even after I told him many times it made me uncomfortable. He’d try fingering me and that is not something I’m not into. I had to always tell him to not do that and he wouldn’t listen until I had to actually remove his hand from my pants. He knows this made me uncomfortable but he said it shouldn’t matter since we’re in a relationship. I’m wondering if this would be categorized as sexual assault or anything towards that degree?,['\\bis\\s+this\\s+(?:sa|sexual\\s+assault)\\b'],"['\\bis\\s+this\\s+(?:sa|sexual\\s+assault)\\b', '\\bassault\\b', '\\bsexual(?:ly)?\\s+assault(?:ed|s|ing)?\\b']"
mplrni,sexualassault,"Was this sexual assault, pls help",EfficiencyCandid,3,5,True,1,1618256951,/r/sexualassault/comments/mplrni/was_this_sexual_assault_pls_help/,"So, I don't drink often. And I'm shy when it comes to anything physical if not with friends. Like I had a boyfriend and I was too shy to kiss him....

So I was at this party (friend's house, it is allowed here I wasn't breaking any covid measures dw) and I got wasted. 

And I mean. Wasted. Blackout drunk.

I usually take a taxi home but I didn't this time because I got a text from this dude from Tinder and I decided to meet up w him and walk home. (I don't know why, I was drunk...) 

So I tell my friends I'm taking a cab and I go to meet him.

I was so drunk I couldn't even walk straight. 

I remember we walked around the city and I think he took my hand which I thought was weird, cause I clearly told him I just wanted him to help me get home.

And then he started kissing me. And I was horny and drunk, and didn't object, not because I didn't want to, but because I didn't even know where the fuck I was. I think I kept telling him it was fine to make out and stuff. But *i don't remember* *which obviously fucking means I could not consent*

So I don't remember what happened exactly when we were together, just some snapshots. I think his hands went places...  

This went on for a while. Like he kissed me like 30 seconds into when I met up w him and then about 2-3 mini makeout sessions in between, from what I remember...I know at a point he stopped and said I should get home and we can take this up 'tomorrow when you feel better'.

He left me near my house on a bench (on my request, I didn't want him to know where i live). I remember being confused about how old he was and I later realized he had finished university a year prior (I'm 19 for reference...)

I realized then while on the bench, when he left, that we had probably made out, that's how out of it I was. I didn't even know I was consciously with someone, let alone asking them to kiss me...

I started my way down the street to get home and I ran into a brother of two of my best friends. I didn't remember his face cause I've not seen him in a few years, so I tried bypassing him (I think??) And he grabbed me and shook me, telling me his name and that I'm okay. 

I was already panicky because I think that's when my brain processed what had happened to me and I was scared.

Then his friend and him took me home. Once I realized I was with this guy (friend), I fully gave in and stopped remembering anything. How I got home, what happened, how I got into bed, was all told to me by my sister in the morning.

I woke up believing all of this was a dream, until my mom asked me how I ended up with this friend. I texted him apologising for anything embarrassing I has said. He said it was fine but asked me who I had been with, cause he saw the dude from Tinder on the bench next to me, I think, before he left.

I denied anything and said it was fine. But I'm pretty sure I had told the friend smth abt the Tinder dude. I also texted the Tinder dude to a if anything happened and he said

'We got close here and there, made out for a bit'

I told him it was a mistake and unmatched him and deleted the app. 

Does this count as sexual assault? I am so confused and I don't know how to classify this. I feel it's my fault, but then I don't know? Please, please, someone tell me wtf you make of this.","mplrni sexualassault Was this sexual assault, pls help EfficiencyCandid /r/sexualassault/comments/mplrni/was_this_sexual_assault_pls_help/ So, I don't drink often. And I'm shy when it comes to anything physical if not with friends. Like I had a boyfriend and I was too shy to kiss him....

So I was at this party (friend's house, it is allowed here I wasn't breaking any covid measures dw) and I got wasted. 

And I mean. Wasted. Blackout drunk.

I usually take a taxi home but I didn't this time because I got a text from this dude from Tinder and I decided to meet up w him and walk home. (I don't know why, I was drunk...) 

So I tell my friends I'm taking a cab and I go to meet him.

I was so drunk I couldn't even walk straight. 

I remember we walked around the city and I think he took my hand which I thought was weird, cause I clearly told him I just wanted him to help me get home.

And then he started kissing me. And I was horny and drunk, and didn't object, not because I didn't want to, but because I didn't even know where the fuck I was. I think I kept telling him it was fine to make out and stuff. But *i don't remember* *which obviously fucking means I could not consent*

So I don't remember what happened exactly when we were together, just some snapshots. I think his hands went places...  

This went on for a while. Like he kissed me like 30 seconds into when I met up w him and then about 2-3 mini makeout sessions in between, from what I remember...I know at a point he stopped and said I should get home and we can take this up 'tomorrow when you feel better'.

He left me near my house on a bench (on my request, I didn't want him to know where i live). I remember being confused about how old he was and I later realized he had finished university a year prior (I'm 19 for reference...)

I realized then while on the bench, when he left, that we had probably made out, that's how out of it I was. I didn't even know I was consciously with someone, let alone asking them to kiss me...

I started my way down the street to get home and I ran into a brother of two of my best friends. I didn't remember his face cause I've not seen him in a few years, so I tried bypassing him (I think??) And he grabbed me and shook me, telling me his name and that I'm okay. 

I was already panicky because I think that's when my brain processed what had happened to me and I was scared.

Then his friend and him took me home. Once I realized I was with this guy (friend), I fully gave in and stopped remembering anything. How I got home, what happened, how I got into bed, was all told to me by my sister in the morning.

I woke up believing all of this was a dream, until my mom asked me how I ended up with this friend. I texted him apologising for anything embarrassing I has said. He said it was fine but asked me who I had been with, cause he saw the dude from Tinder on the bench next to me, I think, before he left.

I denied anything and said it was fine. But I'm pretty sure I had told the friend smth abt the Tinder dude. I also texted the Tinder dude to a if anything happened and he said

'We got close here and there, made out for a bit'

I told him it was a mistake and unmatched him and deleted the app. 

Does this count as sexual assault? I am so confused and I don't know how to classify this. I feel it's my fault, but then I don't know? Please, please, someone tell me wtf you make of this.","['\\bwas\\s+this\\s+(?:sa|sexual\\s+assault)\\b', '\\bdoes\\s+this\\s+count\\s+as\\s+(?:sa|sexual\\s+assault)\\b']","['\\bboyfriend\\b', ""\\bi\\s+don[’']t\\s+know\\b"", '\\bwas\\s+this\\s+(?:sa|sexual\\s+assault)\\b', '\\bassault\\b', '\\bdoes\\s+this\\s+count\\s+as\\s+(?:sa|sexual\\s+assault)\\b', '\\bfriend\\b', '\\bsexual(?:ly)?\\s+assault(?:ed|s|ing)?\\b']"
m3aewt,sexualassault,Is this consider sexual assault/ attempted rape?,Elephante3000,3,6,False,0,1615525835,/r/sexualassault/comments/m3aewt/is_this_consider_sexual_assault_attempted_rape/,"Hey guys, I recently had an incident occur with a guy last semester on my college campus. I had been chatting with this guy for a bit over Snapchat and he seemed friendly so I wasn’t worried. Eventually, he started getting flirtatious and I brushed it off and never made any advancements towards him hoping he would give up. He kept wanting to meeting up and hang out, and I was hopeful that if I said yes and kept it friendly then he would understand I wasn’t interested in anything serious. We soon plan to meet up one evening at my dorm room and we sit around for quite a few hours just chatting and having a good time. Everything seems normal and I wasn’t worried. I soon decide I want to clear the air and let him know I am not quite ready for anything serious, but I also tell him that he seems really nice but right now just isn’t the right time for me. It didn’t mean in the future I couldn’t be ready, but for now I wasn’t. He accepts this and I was grateful, but he did ask if he could at least kiss me. Against my better judgement I let him, this led to more touching. It eventually lead to him performing oral sex on me etc. In the moment it felt good but I eventually felt that I wasn’t in the mood and I knew I needed to tell him I didn’t want to have sex. So, I sat up and straight up told him I didn’t want to have sex, I wasn’t ready and he said he understood. Unfortunately, because it was now approaching close to 2am or later I was getting really tired. I tried to get him to stop by curling up away from him and tried to get under my blanket hoping he would get the message to leave and that I was over it. He didn’t though, and even tried to open my legs back up even after I tried to show him I wasn’t interested anymore. After this, I know I fell asleep at some point because I woke up to this pain down there of him trying to push himself into me but being unsuccessful probably because I was a virgin. Idk how he didn’t know I had fallen asleep since I wasn’t responding. The moment I realized what was happening my body froze and I couldn’t breathe. I’m not sure if that’s a normal reaction, but I was silently crying at this point, but he don’t know because I was on my stomach and my face was facing away from his. I just remember this fear coursing through my body the whole time. He eventually finishes on my back area and packs up and leaves. I remember being to scared to stand up, but when I eventually did I went into a straight panic attack and had to text my friend out of sheer distress. I feel so guilty b/c I feel I gave him mixed signals. I still haven’t talked to anyone at my college regarding this incident from last semester and I’m still not sure if it will be taken serious if reported. Could I please get some advice?","m3aewt sexualassault Is this consider sexual assault/ attempted rape? Elephante3000 /r/sexualassault/comments/m3aewt/is_this_consider_sexual_assault_attempted_rape/ Hey guys, I recently had an incident occur with a guy last semester on my college campus. I had been chatting with this guy for a bit over Snapchat and he seemed friendly so I wasn’t worried. Eventually, he started getting flirtatious and I brushed it off and never made any advancements towards him hoping he would give up. He kept wanting to meeting up and hang out, and I was hopeful that if I said yes and kept it friendly then he would understand I wasn’t interested in anything serious. We soon plan to meet up one evening at my dorm room and we sit around for quite a few hours just chatting and having a good time. Everything seems normal and I wasn’t worried. I soon decide I want to clear the air and let him know I am not quite ready for anything serious, but I also tell him that he seems really nice but right now just isn’t the right time for me. It didn’t mean in the future I couldn’t be ready, but for now I wasn’t. He accepts this and I was grateful, but he did ask if he could at least kiss me. Against my better judgement I let him, this led to more touching. It eventually lead to him performing oral sex on me etc. In the moment it felt good but I eventually felt that I wasn’t in the mood and I knew I needed to tell him I didn’t want to have sex. So, I sat up and straight up told him I didn’t want to have sex, I wasn’t ready and he said he understood. Unfortunately, because it was now approaching close to 2am or later I was getting really tired. I tried to get him to stop by curling up away from him and tried to get under my blanket hoping he would get the message to leave and that I was over it. He didn’t though, and even tried to open my legs back up even after I tried to show him I wasn’t interested anymore. After this, I know I fell asleep at some point because I woke up to this pain down there of him trying to push himself into me but being unsuccessful probably because I was a virgin. Idk how he didn’t know I had fallen asleep since I wasn’t responding. The moment I realized what was happening my body froze and I couldn’t breathe. I’m not sure if that’s a normal reaction, but I was silently crying at this point, but he don’t know because I was on my stomach and my face was facing away from his. I just remember this fear coursing through my body the whole time. He eventually finishes on my back area and packs up and leaves. I remember being to scared to stand up, but when I eventually did I went into a straight panic attack and had to text my friend out of sheer distress. I feel so guilty b/c I feel I gave him mixed signals. I still haven’t talked to anyone at my college regarding this incident from last semester and I’m still not sure if it will be taken serious if reported. Could I please get some advice?",['\\bconsider(?:ed)?\\s+(?:it\\s+)?(?:sa|sexual\\s+assault)\\b'],"['\\bidk+k*\\b', ""\\bi[’']?m\\s+not\\s+sure\\b"", ""\\bi[’']?m\\s+still\\s+not\\s+sure\\b"", '\\bassault\\b', '\\brape\\b', '\\bconsider(?:ed)?\\s+(?:it\\s+)?(?:sa|sexual\\s+assault)\\b', '\\bfriend\\b', '\\bsexual(?:ly)?\\s+assault(?:ed|s|ing)?\\b']"
lx6x3r,sexualassault,Has anyone stayed in a relationship with someone who sexually assaulted them?,Gullible_Tale_1626,16,21,True,9,1614813010,/r/sexualassault/comments/lx6x3r/has_anyone_stayed_in_a_relationship_with_someone/,"Basically, I've stayed in a relationship with someone who sexually assaulted me because I look at it as a mistake. I believe they did something wrong and knew I didn't consent but they're not a predator, it was a one off thing. They've been through stuff and I believe they didn't understand the gravity of what they were doing and just kept pushing because they didn't realise it was a violation and not the same as pushing me til I agree to buying him a burger or something. I'm pretty sure I experienced temporary PTSD (if that's a thing, I think it is) after it happened and it caused me great distress for some time. I broke up with him but then started seeing him again and because of that I basically pushed the feelings away and now I can't really access them. I think it's affecting me still cause every now and then it comes into my mind during intimate moments with him but it's been 2 years.

We were both 19 when it happened and now 21, and we were both nearly completely inexperienced sexually and I think that's relevant.

Has anyone else been in this situation? I've been feeling really angry about it recently and I don't know anyone else who has been in the same position I don't think.","lx6x3r sexualassault Has anyone stayed in a relationship with someone who sexually assaulted them? Gullible_Tale_1626 /r/sexualassault/comments/lx6x3r/has_anyone_stayed_in_a_relationship_with_someone/ Basically, I've stayed in a relationship with someone who sexually assaulted me because I look at it as a mistake. I believe they did something wrong and knew I didn't consent but they're not a predator, it was a one off thing. They've been through stuff and I believe they didn't understand the gravity of what they were doing and just kept pushing because they didn't realise it was a violation and not the same as pushing me til I agree to buying him a burger or something. I'm pretty sure I experienced temporary PTSD (if that's a thing, I think it is) after it happened and it caused me great distress for some time. I broke up with him but then started seeing him again and because of that I basically pushed the feelings away and now I can't really access them. I think it's affecting me still cause every now and then it comes into my mind during intimate moments with him but it's been 2 years.

We were both 19 when it happened and now 21, and we were both nearly completely inexperienced sexually and I think that's relevant.

Has anyone else been in this situation? I've been feeling really angry about it recently and I don't know anyone else who has been in the same position I don't think.","[""\\bi\\s+didn[’']t\\s+consent\\b""]","[""\\bi\\s+didn[’']t\\s+consent\\b"", ""\\bi\\s+don[’']t\\s+know\\b"", '\\bsexual(?:ly)?\\s+assault(?:ed|s|ing)?\\b']"
lrq9cc,sexualassault,Was this sexual assault?,[deleted],8,9,True,2,1614209276,/r/sexualassault/comments/lrq9cc/was_this_sexual_assault/,I consented to  going back home with him even though I was super drunk and out of it. We get there and he forces me to do things and i consent under pressure. At one point he pulls out his phone and starts recording which i in no way consented to. Eventually (after two min) it doesnt go anywhere because im too closed off and stiff (he tried to penetrate me but i was just stiff as a rock) so i dress and he kicks me out and im on the street waiting for an uber in the freezing winter. Did i just make poor decisions or was this wrong?,lrq9cc sexualassault Was this sexual assault? [deleted] /r/sexualassault/comments/lrq9cc/was_this_sexual_assault/ I consented to  going back home with him even though I was super drunk and out of it. We get there and he forces me to do things and i consent under pressure. At one point he pulls out his phone and starts recording which i in no way consented to. Eventually (after two min) it doesnt go anywhere because im too closed off and stiff (he tried to penetrate me but i was just stiff as a rock) so i dress and he kicks me out and im on the street waiting for an uber in the freezing winter. Did i just make poor decisions or was this wrong?,['\\bwas\\s+this\\s+(?:sa|sexual\\s+assault)\\b'],"['\\bwas\\s+this\\s+(?:sa|sexual\\s+assault)\\b', '\\bassault\\b', '\\bsexual(?:ly)?\\s+assault(?:ed|s|ing)?\\b']"
l5mrp7,sexualassault,"Assaulted by a child as a child, how to tell my therapist",ThrowRAfamilyprob,26,6,False,0,1611692741,/r/sexualassault/comments/l5mrp7/assaulted_by_a_child_as_a_child_how_to_tell_my/,"I didn’t know what tag to put this under because I’m also wondering if it counts as sexual assault and how to talk to my therapist. 

I’m a 23f and started remembering/having flashbacks of the assaults when I was in high school. 

Long story short: in 1st grade, my “desk buddy” would put his hands in my pants and touch around my butt and vagina and say he would be really mad at me if I told anyone. I would always ask the teacher to go to the bathroom and just hide in there for 5-10 minutes before returning to class. I didn’t start remembering this until I was in high school and even then it’s pretty hazy. 

I have always felt bad for him because obviously that means he was fucked up as a kid right? Like maybe he saw some bad stuff and wanted to replicate that? I have no idea. I haven’t really told many people about it either. 

I feel like this is something I should disclose to my therapist but I don’t really know how to even bring it up without it being completely random but how do you even lead into something like that? And I feel like it doesn’t really affect my life, like I don’t really have nightmares or anything it just is kinda in the back of my head. But any advice would be helpful, thanks in advance

Edit: thank you all so much. I’m gonna try to muster the courage to tell my therapist a I think I would benefit from telling someone who could help me work through any feeling I have about this","l5mrp7 sexualassault Assaulted by a child as a child, how to tell my therapist ThrowRAfamilyprob /r/sexualassault/comments/l5mrp7/assaulted_by_a_child_as_a_child_how_to_tell_my/ I didn’t know what tag to put this under because I’m also wondering if it counts as sexual assault and how to talk to my therapist. 

I’m a 23f and started remembering/having flashbacks of the assaults when I was in high school. 

Long story short: in 1st grade, my “desk buddy” would put his hands in my pants and touch around my butt and vagina and say he would be really mad at me if I told anyone. I would always ask the teacher to go to the bathroom and just hide in there for 5-10 minutes before returning to class. I didn’t start remembering this until I was in high school and even then it’s pretty hazy. 

I have always felt bad for him because obviously that means he was fucked up as a kid right? Like maybe he saw some bad stuff and wanted to replicate that? I have no idea. I haven’t really told many people about it either. 

I feel like this is something I should disclose to my therapist but I don’t really know how to even bring it up without it being completely random but how do you even lead into something like that? And I feel like it doesn’t really affect my life, like I don’t really have nightmares or anything it just is kinda in the back of my head. But any advice would be helpful, thanks in advance

Edit: thank you all so much. I’m gonna try to muster the courage to tell my therapist a I think I would benefit from telling someone who could help me work through any feeling I have about this",['\\bit\\s+count(?:s)?\\s+as\\s+(?:sa|sexual\\s+assault)\\b'],"[""\\bi\\s+don[’']t\\s+really\\s+know\\b"", ""\\bi\\s+didn[’']t\\s+know\\b"", '\\bit\\s+count(?:s)?\\s+as\\s+(?:sa|sexual\\s+assault)\\b', '\\bassault\\b', '\\bsexual(?:ly)?\\s+assault(?:ed|s|ing)?\\b']"
krh875,sexualassault,new year’s day.,xoxsorelle,14,8,False,0,1609910808,/r/sexualassault/comments/krh875/new_years_day/,"i don’t know what to call it. i don’t know if it was considered sexual assault. new year’s day i invited a guy over, a guy i’ve been talking to for a while. the night before i clarified to him i don’t want to do anything sexual... just wanna cuddle, watch a movie, make him dinner, get to know him deeper. he agreed to that, even making no moves to get on me. 
i wore leggings, a bra and a grey zip up sweatshirt. i didn’t think anything of it. 
30-45 minutes into him being over, all we’ve done (or all i’ve done) was rest my head on his shoulder while we watched some youtube videos. he told me he had a boner, in which i replied that i couldn’t help him with that, since i wasn’t comfortable doing anything like that. he told me i could help, i asked how and he said a blowjob or even sex. i told him again i was uncomfortable with it, and that i didn’t want to. he begged me. he kept begging me until i went silent for a while. an hour or so in, we were cuddling and he kept unzipping my sweatshirt. i kept telling him no but he kept going. he shoved his hand into my bra and i yelled at him saying no, he kept going. he kept repeating “it’s fine you’re fine i just want to feel/see” i kept telling him no. he wouldn’t get his hands off of me. 15-20 minutes later it was utter silence, we were watching the movie. he put his hand over by ..it.. and i didn’t do anything because i thought he was just resting his hand there. he stared touching me and i kept telling him no but he kept trying to force his hand down my leggings. he wouldn’t stop doing everything i told him not to do. he kept trying to grope me everywhere when i told him no. i started to cry and he felt bad and left. 

why does this type of stuff happen to me?
i just believe it’s sad that you have to clarify to a man that you don’t have that type of intention before they come over. 
is it considered sexual assault?","krh875 sexualassault new year’s day. xoxsorelle /r/sexualassault/comments/krh875/new_years_day/ i don’t know what to call it. i don’t know if it was considered sexual assault. new year’s day i invited a guy over, a guy i’ve been talking to for a while. the night before i clarified to him i don’t want to do anything sexual... just wanna cuddle, watch a movie, make him dinner, get to know him deeper. he agreed to that, even making no moves to get on me. 
i wore leggings, a bra and a grey zip up sweatshirt. i didn’t think anything of it. 
30-45 minutes into him being over, all we’ve done (or all i’ve done) was rest my head on his shoulder while we watched some youtube videos. he told me he had a boner, in which i replied that i couldn’t help him with that, since i wasn’t comfortable doing anything like that. he told me i could help, i asked how and he said a blowjob or even sex. i told him again i was uncomfortable with it, and that i didn’t want to. he begged me. he kept begging me until i went silent for a while. an hour or so in, we were cuddling and he kept unzipping my sweatshirt. i kept telling him no but he kept going. he shoved his hand into my bra and i yelled at him saying no, he kept going. he kept repeating “it’s fine you’re fine i just want to feel/see” i kept telling him no. he wouldn’t get his hands off of me. 15-20 minutes later it was utter silence, we were watching the movie. he put his hand over by ..it.. and i didn’t do anything because i thought he was just resting his hand there. he stared touching me and i kept telling him no but he kept trying to force his hand down my leggings. he wouldn’t stop doing everything i told him not to do. he kept trying to grope me everywhere when i told him no. i started to cry and he felt bad and left. 

why does this type of stuff happen to me?
i just believe it’s sad that you have to clarify to a man that you don’t have that type of intention before they come over. 
is it considered sexual assault?",['\\bconsider(?:ed)?\\s+(?:it\\s+)?(?:sa|sexual\\s+assault)\\b'],"[""\\bi\\s+don[’']t\\s+know\\b"", '\\bassault\\b', '\\bsexual(?:ly)?\\s+assault(?:ed|s|ing)?\\b', '\\bconsider(?:ed)?\\s+(?:it\\s+)?(?:sa|sexual\\s+assault)\\b']"
kfdve3,sexualassault,Was this Sexual Assault?,urflowerchildbitch,3,4,True,1,1608264917,/r/sexualassault/comments/kfdve3/was_this_sexual_assault/,"I posted earlier but someone commented that it was just sexual misconduct and I don’t wanna make a big deal out of something if it wasn’t. I had a friend come over to my dorm about a year ago and I told him nothing was gonna happen except maybe cuddling and kissing. He comes over, and my roommate was at her boyfriend’s so we were alone. He keeps asking me to let me finger him and I keep saying no while he was kinda putting his hands down my pants. I don’t remember why but we ended up cuddling in just our underwear and he kept asking to just finger me and eat me out and I finally said yes but no more after he kept asking and asking. After that he asked for a blowjob and I said yes but no more. After that he was like well I wanna lose my virginity and I told him no but he kept asking and asking and I finally said yes after awhile. I rlly didn’t want to and he knew that but he wouldn’t stop asking but it’s not like he pinned me down or anything and I was kinda turned on even tho I didn’t want to. He did keep trying to touch me when I said no but that’s just how guys are. I didn’t think it was a big deal but my friend said that what he did was fucked up. I guess I do kinda panic every time I tell a guy no now but that’s normal. I know he did actually sexually assault someone else after that and I think I should’ve told him what he did wasn’t right and it made him act worse and I just don’t know if I’m allowed to feel like this situation was fucked up y’know I need some guidance. I’m also rlly scared to bring it up to my therapist because I don’t want her to judge me about being dramatic even though she’s rlly nice. Thanks for reading this ran t.","kfdve3 sexualassault Was this Sexual Assault? urflowerchildbitch /r/sexualassault/comments/kfdve3/was_this_sexual_assault/ I posted earlier but someone commented that it was just sexual misconduct and I don’t wanna make a big deal out of something if it wasn’t. I had a friend come over to my dorm about a year ago and I told him nothing was gonna happen except maybe cuddling and kissing. He comes over, and my roommate was at her boyfriend’s so we were alone. He keeps asking me to let me finger him and I keep saying no while he was kinda putting his hands down my pants. I don’t remember why but we ended up cuddling in just our underwear and he kept asking to just finger me and eat me out and I finally said yes but no more after he kept asking and asking. After that he asked for a blowjob and I said yes but no more. After that he was like well I wanna lose my virginity and I told him no but he kept asking and asking and I finally said yes after awhile. I rlly didn’t want to and he knew that but he wouldn’t stop asking but it’s not like he pinned me down or anything and I was kinda turned on even tho I didn’t want to. He did keep trying to touch me when I said no but that’s just how guys are. I didn’t think it was a big deal but my friend said that what he did was fucked up. I guess I do kinda panic every time I tell a guy no now but that’s normal. I know he did actually sexually assault someone else after that and I think I should’ve told him what he did wasn’t right and it made him act worse and I just don’t know if I’m allowed to feel like this situation was fucked up y’know I need some guidance. I’m also rlly scared to bring it up to my therapist because I don’t want her to judge me about being dramatic even though she’s rlly nice. Thanks for reading this ran t.",['\\bwas\\s+this\\s+(?:sa|sexual\\s+assault)\\b'],"[""\\bi\\s+(?:genuinely|just|honestly|really|truly|still)\\s+don[’']t\\s+know\\b"", '\\bboyfriend\\b', '\\bwas\\s+this\\s+(?:sa|sexual\\s+assault)\\b', '\\bassault\\b', '\\bfriend\\b', '\\bsexual(?:ly)?\\s+assault(?:ed|s|ing)?\\b']"
kf9g2x,sexualassault,Is this SA?,throwmeahway96,5,3,False,0,1608249197,/r/sexualassault/comments/kf9g2x/is_this_sa/,"Edit: I originally wrote \~imagination\~ because I didn't want to write it out but he screamed that he ""ate her out"" and idk why it makes me uncomfortable to write but it does.

This is something I've been sitting on top of for years because I have been given different opinions. Here goes:

When I turned 18 (back in 2014), I let my bff's brother touch me and go down on me. I never did anything for him as I was awkward, unexperienced, and completely nervous but he never complained. It was never actual intercourse, just oral because...awkward. lmao I always gave him consent.This happened for about two years until I was about twenty-one (I think? I can't actually remember the exact year).

The night that ended things I had given him consent earlier in the day for us to do something, but we never finished because we got interrupted. Now for reference, I shared a bed with my best friend because I was sleeping over her place as she still lived with her parents and so did he. Here's where it gets tricky: I woke up in the middle of the night because I felt something and realized it was him performing oral sex on me. I completely froze because I didn't know what I should do and he told me that he knew I was awake. I laid there for about five minutes completely uncomfortable before I sat up and he went hiding. I felt really gross so I took a shower and started crying because it was a shock to me. He came into the bathroom to ask if he should continue and I was like, ""No."" He left after that.

I went to my friend's room and woke her up. She knew something was wrong because I was showering at like three in the morning. I explained to her what happened and she googled it and it said sexual assault, but she wanted nothing to do with it when I explained to her mom what happened. The next day, I was panicking and her mom called me (who was in the car with him) and was trying to get me to tell her what was wrong and he yelled out (according to her when she got back to the house) ""All I did was (\~imagination\~) her!"" So she came home and I explained the situation to her because I was obviously panicking about the whole situation. I mean, I knew I had given him permission earlier in the day, but I NEVER gave him consent for the night thing.

His mom said it wasn't assault and that I should never say that about him, but now she always makes comments about me being a ""slut"" and being sexual and ""not a virgin"" (I'm still a virgin because the idea of someone touching me makes me panic).

I just need to know...is this assault? I've looked it up but I can't seem to find the answer. I feel like it is because I never fully gave him consent. He spent years until this year ignoring me and pretending I didn't exist. This year he tried to get with me again and I turned him down because he has a girlfriend that just had his kid- but his reason was because the kid wasn't his (this was in June and yes, he's trash). I just...I don't want to take away from this movement of people speaking out on their sexual assault cases if this isn't that and it's just me complaining...I don't know anymore. Help","kf9g2x sexualassault Is this SA? throwmeahway96 /r/sexualassault/comments/kf9g2x/is_this_sa/ Edit: I originally wrote \~imagination\~ because I didn't want to write it out but he screamed that he ""ate her out"" and idk why it makes me uncomfortable to write but it does.

This is something I've been sitting on top of for years because I have been given different opinions. Here goes:

When I turned 18 (back in 2014), I let my bff's brother touch me and go down on me. I never did anything for him as I was awkward, unexperienced, and completely nervous but he never complained. It was never actual intercourse, just oral because...awkward. lmao I always gave him consent.This happened for about two years until I was about twenty-one (I think? I can't actually remember the exact year).

The night that ended things I had given him consent earlier in the day for us to do something, but we never finished because we got interrupted. Now for reference, I shared a bed with my best friend because I was sleeping over her place as she still lived with her parents and so did he. Here's where it gets tricky: I woke up in the middle of the night because I felt something and realized it was him performing oral sex on me. I completely froze because I didn't know what I should do and he told me that he knew I was awake. I laid there for about five minutes completely uncomfortable before I sat up and he went hiding. I felt really gross so I took a shower and started crying because it was a shock to me. He came into the bathroom to ask if he should continue and I was like, ""No."" He left after that.

I went to my friend's room and woke her up. She knew something was wrong because I was showering at like three in the morning. I explained to her what happened and she googled it and it said sexual assault, but she wanted nothing to do with it when I explained to her mom what happened. The next day, I was panicking and her mom called me (who was in the car with him) and was trying to get me to tell her what was wrong and he yelled out (according to her when she got back to the house) ""All I did was (\~imagination\~) her!"" So she came home and I explained the situation to her because I was obviously panicking about the whole situation. I mean, I knew I had given him permission earlier in the day, but I NEVER gave him consent for the night thing.

His mom said it wasn't assault and that I should never say that about him, but now she always makes comments about me being a ""slut"" and being sexual and ""not a virgin"" (I'm still a virgin because the idea of someone touching me makes me panic).

I just need to know...is this assault? I've looked it up but I can't seem to find the answer. I feel like it is because I never fully gave him consent. He spent years until this year ignoring me and pretending I didn't exist. This year he tried to get with me again and I turned him down because he has a girlfriend that just had his kid- but his reason was because the kid wasn't his (this was in June and yes, he's trash). I just...I don't want to take away from this movement of people speaking out on their sexual assault cases if this isn't that and it's just me complaining...I don't know anymore. Help",['\\bis\\s+this\\s+(?:sa|sexual\\s+assault)\\b'],"['\\bis\\s+this\\s+(?:sa|sexual\\s+assault)\\b', ""\\bi\\s+didn[’']t\\s+know\\b"", '\\bidk+k*\\b', ""\\bi\\s+don[’']t\\s+know\\b"", '\\bgirlfriend\\b', '\\bsa\\b', '\\bassault\\b', '\\bfriend\\b', '\\bsexual(?:ly)?\\s+assault(?:ed|s|ing)?\\b']"
kaahl3,sexualassault,Does this count as sexual assault?,[deleted],4,4,True,3,1607582764,/r/sexualassault/comments/kaahl3/does_this_count_as_sexual_assault/,"I'm 14 and my mom is a single mom who has some mental health problems (PTSD from domestic violence). I'm kind of embarrassed to be writing this because of how personal it is, but I have some questions. 

My mom does verbally abuse me, but this isn't the problem. She has been repeatedly (for as long as I can remember) touching my breasts and butt and other private parts (slapping, pinching, kissing). When I was younger I was uncomfortable and squirmed, and now I have repeatedly asked her to stop and she won't stop! It makes me really uncomfortable especially now that I'm a teen and I'm my own person now, or at least growing into my own person. 

Is this sexual assault? And if it isn't, I know that this is wrong in some way, so what can I do to make her stop?","kaahl3 sexualassault Does this count as sexual assault? [deleted] /r/sexualassault/comments/kaahl3/does_this_count_as_sexual_assault/ I'm 14 and my mom is a single mom who has some mental health problems (PTSD from domestic violence). I'm kind of embarrassed to be writing this because of how personal it is, but I have some questions. 

My mom does verbally abuse me, but this isn't the problem. She has been repeatedly (for as long as I can remember) touching my breasts and butt and other private parts (slapping, pinching, kissing). When I was younger I was uncomfortable and squirmed, and now I have repeatedly asked her to stop and she won't stop! It makes me really uncomfortable especially now that I'm a teen and I'm my own person now, or at least growing into my own person. 

Is this sexual assault? And if it isn't, I know that this is wrong in some way, so what can I do to make her stop?","['\\bdoes\\s+this\\s+count\\s+as\\s+(?:sa|sexual\\s+assault)\\b', '\\bis\\s+this\\s+(?:sa|sexual\\s+assault)\\b']","['\\bis\\s+this\\s+(?:sa|sexual\\s+assault)\\b', '\\bdoes\\s+this\\s+count\\s+as\\s+(?:sa|sexual\\s+assault)\\b', '\\bassault\\b', '\\bsexual(?:ly)?\\s+assault(?:ed|s|ing)?\\b']"
kaahl3,sexualassault,Does this count as sexual assault?,[deleted],4,4,True,3,1607582764,/r/sexualassault/comments/kaahl3/does_this_count_as_sexual_assault/,"I'm 14 and my mom is a single mom who has some mental health problems (PTSD from domestic violence). I'm kind of embarrassed to be writing this because of how personal it is, but I have some questions. 

My mom does verbally abuse me, but this isn't the problem. She has been repeatedly (for as long as I can remember) touching my breasts and butt and other private parts (slapping, pinching, kissing). When I was younger I was uncomfortable and squirmed, and now I have repeatedly asked her to stop and she won't stop! It makes me really uncomfortable especially now that I'm a teen and I'm my own person now, or at least growing into my own person. 

Is this sexual assault? And if it isn't, I know that this is wrong in some way, so what can I do to make her stop?","kaahl3 sexualassault Does this count as sexual assault? [deleted] /r/sexualassault/comments/kaahl3/does_this_count_as_sexual_assault/ I'm 14 and my mom is a single mom who has some mental health problems (PTSD from domestic violence). I'm kind of embarrassed to be writing this because of how personal it is, but I have some questions. 

My mom does verbally abuse me, but this isn't the problem. She has been repeatedly (for as long as I can remember) touching my breasts and butt and other private parts (slapping, pinching, kissing). When I was younger I was uncomfortable and squirmed, and now I have repeatedly asked her to stop and she won't stop! It makes me really uncomfortable especially now that I'm a teen and I'm my own person now, or at least growing into my own person. 

Is this sexual assault? And if it isn't, I know that this is wrong in some way, so what can I do to make her stop?","['\\bdoes\\s+this\\s+count\\s+as\\s+(?:sa|sexual\\s+assault)\\b', '\\bis\\s+this\\s+(?:sa|sexual\\s+assault)\\b']","['\\bis\\s+this\\s+(?:sa|sexual\\s+assault)\\b', '\\bdoes\\s+this\\s+count\\s+as\\s+(?:sa|sexual\\s+assault)\\b', '\\bassault\\b', '\\bsexual(?:ly)?\\s+assault(?:ed|s|ing)?\\b']"
k8w7ml,sexualassault,I don't know if it counts as assault,bean180222,3,8,True,3,1607397181,/r/sexualassault/comments/k8w7ml/i_dont_know_if_it_counts_as_assault/,"I've been really confused about what happened three weeks ago. I was very drunk after hanging with some friends. By the end of the night it was me and two other guy friends. We all live in student buildings and get dinner together at the Uni building. 

I have kissed them both in the past, just drunk innocent making out. The one friend I had done more with, but we hadn't had sex. 

At the end of the night I don't remember how I got back to the accommodation. One minute we were drinking in a garden then I was in my one friend's room and we were having sex.

I passed out in the middle of it. I woke up and he's still going. I didn't say anything. I just let him finish whatever he was doing. It was about 4 in the morning and I got up to leave. He walked me home.

I got up the next morning in serious pain. I was bleeding for the next two days. I haven't really spoke about it to anyone.

I mentioned it to a friend. I said that I fell asleep during sex and he carried on, didn't say who it was or how long ago it happened, just that I had experienced that in the past. My friend said it sounded 'rapeish' and I should talk to someone. I asked him not to talk to anyone about it, because I need to figure it out myself first. He accepted that and hasn't spoke if it since, which I'm grateful for.

I'm just confused. I don't think it's assault, I made a mistake and I regret it. But something in my head keeps saying that what happened wasn't right. He's my friend and he isn't the person to assault someone, let alone me. 

I don't know what I want to achieve by posting this here... if its validation that it was just a mistake I made after I drank to much. I can't talk to anyone in my life about it because I can't admit it to my family and I don't want to ask my friends in case it is and then they make me do something about it. 

I think I just need someone to tell me it was fine or not... then I can stop thinking about what happened and focus on moving on from it.

Thank you

Bean","k8w7ml sexualassault I don't know if it counts as assault bean180222 /r/sexualassault/comments/k8w7ml/i_dont_know_if_it_counts_as_assault/ I've been really confused about what happened three weeks ago. I was very drunk after hanging with some friends. By the end of the night it was me and two other guy friends. We all live in student buildings and get dinner together at the Uni building. 

I have kissed them both in the past, just drunk innocent making out. The one friend I had done more with, but we hadn't had sex. 

At the end of the night I don't remember how I got back to the accommodation. One minute we were drinking in a garden then I was in my one friend's room and we were having sex.

I passed out in the middle of it. I woke up and he's still going. I didn't say anything. I just let him finish whatever he was doing. It was about 4 in the morning and I got up to leave. He walked me home.

I got up the next morning in serious pain. I was bleeding for the next two days. I haven't really spoke about it to anyone.

I mentioned it to a friend. I said that I fell asleep during sex and he carried on, didn't say who it was or how long ago it happened, just that I had experienced that in the past. My friend said it sounded 'rapeish' and I should talk to someone. I asked him not to talk to anyone about it, because I need to figure it out myself first. He accepted that and hasn't spoke if it since, which I'm grateful for.

I'm just confused. I don't think it's assault, I made a mistake and I regret it. But something in my head keeps saying that what happened wasn't right. He's my friend and he isn't the person to assault someone, let alone me. 

I don't know what I want to achieve by posting this here... if its validation that it was just a mistake I made after I drank to much. I can't talk to anyone in my life about it because I can't admit it to my family and I don't want to ask my friends in case it is and then they make me do something about it. 

I think I just need someone to tell me it was fine or not... then I can stop thinking about what happened and focus on moving on from it.

Thank you

Bean","[""\\b(?:he|she)[’']?s\\s+my\\s+friend\\b""]","[""\\b(?:he|she)[’']?s\\s+my\\s+friend\\b"", '\\bfriend\\b', '\\bassault\\b', ""\\bi\\s+don[’']t\\s+know\\b""]"
k8w7ml,sexualassault,I don't know if it counts as assault,bean180222,3,8,True,3,1607397181,/r/sexualassault/comments/k8w7ml/i_dont_know_if_it_counts_as_assault/,"I've been really confused about what happened three weeks ago. I was very drunk after hanging with some friends. By the end of the night it was me and two other guy friends. We all live in student buildings and get dinner together at the Uni building. 

I have kissed them both in the past, just drunk innocent making out. The one friend I had done more with, but we hadn't had sex. 

At the end of the night I don't remember how I got back to the accommodation. One minute we were drinking in a garden then I was in my one friend's room and we were having sex.

I passed out in the middle of it. I woke up and he's still going. I didn't say anything. I just let him finish whatever he was doing. It was about 4 in the morning and I got up to leave. He walked me home.

I got up the next morning in serious pain. I was bleeding for the next two days. I haven't really spoke about it to anyone.

I mentioned it to a friend. I said that I fell asleep during sex and he carried on, didn't say who it was or how long ago it happened, just that I had experienced that in the past. My friend said it sounded 'rapeish' and I should talk to someone. I asked him not to talk to anyone about it, because I need to figure it out myself first. He accepted that and hasn't spoke if it since, which I'm grateful for.

I'm just confused. I don't think it's assault, I made a mistake and I regret it. But something in my head keeps saying that what happened wasn't right. He's my friend and he isn't the person to assault someone, let alone me. 

I don't know what I want to achieve by posting this here... if its validation that it was just a mistake I made after I drank to much. I can't talk to anyone in my life about it because I can't admit it to my family and I don't want to ask my friends in case it is and then they make me do something about it. 

I think I just need someone to tell me it was fine or not... then I can stop thinking about what happened and focus on moving on from it.

Thank you

Bean","k8w7ml sexualassault I don't know if it counts as assault bean180222 /r/sexualassault/comments/k8w7ml/i_dont_know_if_it_counts_as_assault/ I've been really confused about what happened three weeks ago. I was very drunk after hanging with some friends. By the end of the night it was me and two other guy friends. We all live in student buildings and get dinner together at the Uni building. 

I have kissed them both in the past, just drunk innocent making out. The one friend I had done more with, but we hadn't had sex. 

At the end of the night I don't remember how I got back to the accommodation. One minute we were drinking in a garden then I was in my one friend's room and we were having sex.

I passed out in the middle of it. I woke up and he's still going. I didn't say anything. I just let him finish whatever he was doing. It was about 4 in the morning and I got up to leave. He walked me home.

I got up the next morning in serious pain. I was bleeding for the next two days. I haven't really spoke about it to anyone.

I mentioned it to a friend. I said that I fell asleep during sex and he carried on, didn't say who it was or how long ago it happened, just that I had experienced that in the past. My friend said it sounded 'rapeish' and I should talk to someone. I asked him not to talk to anyone about it, because I need to figure it out myself first. He accepted that and hasn't spoke if it since, which I'm grateful for.

I'm just confused. I don't think it's assault, I made a mistake and I regret it. But something in my head keeps saying that what happened wasn't right. He's my friend and he isn't the person to assault someone, let alone me. 

I don't know what I want to achieve by posting this here... if its validation that it was just a mistake I made after I drank to much. I can't talk to anyone in my life about it because I can't admit it to my family and I don't want to ask my friends in case it is and then they make me do something about it. 

I think I just need someone to tell me it was fine or not... then I can stop thinking about what happened and focus on moving on from it.

Thank you

Bean","[""\\b(?:he|she)[’']?s\\s+my\\s+friend\\b""]","[""\\b(?:he|she)[’']?s\\s+my\\s+friend\\b"", '\\bfriend\\b', '\\bassault\\b', ""\\bi\\s+don[’']t\\s+know\\b""]"
k87fzk,sexualassault,Is this considered SA?,LightAsAFeatha,6,2,False,0,1607307226,/r/sexualassault/comments/k87fzk/is_this_considered_sa/,"The first serious relationship I was in, he coerced me most times to have sex. 

Probably the worst memory that shakes me to my core was one night I slept over at his house, it was like 3am and I was literally so sleepy I could barely keep my eyes open. He wanted sex, I just wanted to sleep. I kept saying no and that I’m too tired but every time I would close my eyes, he would lightly tap me in a joking way, and wouldn’t let me go to sleep at least 3 separate times. I eventually realized he wouldn’t give up so I just said yes so that I could finally go to sleep. was this considered sexual assault?","k87fzk sexualassault Is this considered SA? LightAsAFeatha /r/sexualassault/comments/k87fzk/is_this_considered_sa/ The first serious relationship I was in, he coerced me most times to have sex. 

Probably the worst memory that shakes me to my core was one night I slept over at his house, it was like 3am and I was literally so sleepy I could barely keep my eyes open. He wanted sex, I just wanted to sleep. I kept saying no and that I’m too tired but every time I would close my eyes, he would lightly tap me in a joking way, and wouldn’t let me go to sleep at least 3 separate times. I eventually realized he wouldn’t give up so I just said yes so that I could finally go to sleep. was this considered sexual assault?",['\\bconsider(?:ed)?\\s+(?:it\\s+)?(?:sa|sexual\\s+assault)\\b'],"['\\bsa\\b', '\\bassault\\b', '\\bsexual(?:ly)?\\s+assault(?:ed|s|ing)?\\b', '\\bconsider(?:ed)?\\s+(?:it\\s+)?(?:sa|sexual\\s+assault)\\b']"
k6pcai,sexualassault,With an ex boyfriend...?,NotCinny,9,4,True,2,1607102892,/r/sexualassault/comments/k6pcai/with_an_ex_boyfriend/,"I have a lot on my mind, and I wanted to ask whether this was sexual assault. Sorry if it's a long read...

\-

  

**August 2018.** 

My boyfriend had come to visit for a few days as it was the yearly carnival, and I wanted him to come. As usual, he booked a hotel in the city centre, and I stayed over with him. It was the Monday, which was parade day! I was very excited for this. We were in the hotel room when we got frisky, though I was conscious of the time and didn’t truly want to have sex to begin with.

To add, at the time, we were experimenting with safe words for the fun of it. “My Melody” was our agreed safe word. **My Melody**. Those were the words that I stated when we were having sex. Perhaps he thought I was joking the first time; I was somewhat laughing after all. **My Melody**. *Oh?* *You continue?* I wanted to go to the parade. **My Melody**. *You don’t stop*. Well, three’s the limit. I shut down and let him have his fun.

I was silent from the moment he climaxed. We travelled to the carnival in silence. 

**What was it?**

I ended up walking away from him after a bit of a spat, and thanks to the crowds, it took about 15 minutes for him and me to find each other. He was seething. He pulled me aside and demanded to know what was wrong.

“I asked you to stop multiple times, but you didn’t!”

“Is that it? Or is there something else?” He asked incredulously. 

“That was it…”

“Good, because I was thinking that there was something else wrong too!” He was very angry.

**What was it?**

He was angry at the time, for there was always more than one thing I was upset about, apparently. I didn’t think it was my fault for having a train wreck of a life. Our relationship was also a bit turbulent at the time and issues were creeping up. Did he apologise? No. I was shocked about how dismissive he was about my concerns.

Instead he spoke of his frustrations to me a little later and said words which should have hurt my feelings. But I was numbed. I had more pressing concerns. We ended up leaving the carnival early, and I didn’t get to see the parade. 

If he was so angry though about something else, perhaps I was overreacting. He paid no heed to the event until I brought it up a while later and received a proper apology. It didn’t happen again.

**What was it?** 

I just don’t know. I shoved it to the back of my mind because I couldn’t cope with the feelings of… betrayal? Or perhaps I was just being dramatic… he was my boyfriend after all. It should not be a big deal. Right? He said he thought I was joking, I think it was mainly to do with how I sounded? So, in the end I wrote it off as miscommunication, but I did point out I said it three times… it was too overwhelming to think about so I ""forgot"" about it for a few months until another event (may make another post about the other event another time) made the memories come back, then things got worse and I forgot again until a few months ago when... I was in deep despair.

The relationship went downhill from there for a while. Let’s just say that the only reason why things improved was because my father ended up dying in early 2019 and I had no one else to lean on but him. I want to talk about ask about another event, but I think I’ll save that for another post.

So yeah, was this sexual assault, or just me overreacting and probably just looking for an excuse to have the spotlight on me? If it's the latter please let me know so I know what to do... thank you... from one tortured soul for a variety of reasons, 

NotCinny :')","k6pcai sexualassault With an ex boyfriend...? NotCinny /r/sexualassault/comments/k6pcai/with_an_ex_boyfriend/ I have a lot on my mind, and I wanted to ask whether this was sexual assault. Sorry if it's a long read...

\-

  

**August 2018.** 

My boyfriend had come to visit for a few days as it was the yearly carnival, and I wanted him to come. As usual, he booked a hotel in the city centre, and I stayed over with him. It was the Monday, which was parade day! I was very excited for this. We were in the hotel room when we got frisky, though I was conscious of the time and didn’t truly want to have sex to begin with.

To add, at the time, we were experimenting with safe words for the fun of it. “My Melody” was our agreed safe word. **My Melody**. Those were the words that I stated when we were having sex. Perhaps he thought I was joking the first time; I was somewhat laughing after all. **My Melody**. *Oh?* *You continue?* I wanted to go to the parade. **My Melody**. *You don’t stop*. Well, three’s the limit. I shut down and let him have his fun.

I was silent from the moment he climaxed. We travelled to the carnival in silence. 

**What was it?**

I ended up walking away from him after a bit of a spat, and thanks to the crowds, it took about 15 minutes for him and me to find each other. He was seething. He pulled me aside and demanded to know what was wrong.

“I asked you to stop multiple times, but you didn’t!”

“Is that it? Or is there something else?” He asked incredulously. 

“That was it…”

“Good, because I was thinking that there was something else wrong too!” He was very angry.

**What was it?**

He was angry at the time, for there was always more than one thing I was upset about, apparently. I didn’t think it was my fault for having a train wreck of a life. Our relationship was also a bit turbulent at the time and issues were creeping up. Did he apologise? No. I was shocked about how dismissive he was about my concerns.

Instead he spoke of his frustrations to me a little later and said words which should have hurt my feelings. But I was numbed. I had more pressing concerns. We ended up leaving the carnival early, and I didn’t get to see the parade. 

If he was so angry though about something else, perhaps I was overreacting. He paid no heed to the event until I brought it up a while later and received a proper apology. It didn’t happen again.

**What was it?** 

I just don’t know. I shoved it to the back of my mind because I couldn’t cope with the feelings of… betrayal? Or perhaps I was just being dramatic… he was my boyfriend after all. It should not be a big deal. Right? He said he thought I was joking, I think it was mainly to do with how I sounded? So, in the end I wrote it off as miscommunication, but I did point out I said it three times… it was too overwhelming to think about so I ""forgot"" about it for a few months until another event (may make another post about the other event another time) made the memories come back, then things got worse and I forgot again until a few months ago when... I was in deep despair.

The relationship went downhill from there for a while. Let’s just say that the only reason why things improved was because my father ended up dying in early 2019 and I had no one else to lean on but him. I want to talk about ask about another event, but I think I’ll save that for another post.

So yeah, was this sexual assault, or just me overreacting and probably just looking for an excuse to have the spotlight on me? If it's the latter please let me know so I know what to do... thank you... from one tortured soul for a variety of reasons, 

NotCinny :')",['\\bwas\\s+this\\s+(?:sa|sexual\\s+assault)\\b'],"[""\\bi\\s+(?:genuinely|just|honestly|really|truly|still)\\s+don[’']t\\s+know\\b"", '\\bboyfriend\\b', '\\bwas\\s+this\\s+(?:sa|sexual\\s+assault)\\b', '\\bassault\\b', '\\bsexual(?:ly)?\\s+assault(?:ed|s|ing)?\\b']"
k5scuz,sexualassault,I really don’t know how to feel right now. (M17),TheNightOwl1720,20,8,True,2,1606978484,/r/sexualassault/comments/k5scuz/i_really_dont_know_how_to_feel_right_now_m17/,"So I’ve just recently (several months ago) got out of an abusive relationship (I’m a male if it means anything). She was extremely emotionally and mentally abusive to me, and the three years I’ve spent with her were seriously the worst years of my life. We had several very uncomfortable sexual experiences. My really close friends all recently have been telling me that I’ve basically been raped and/or assaulted but I felt the need to get some more opinions as I kind of just am conflicted.

Instance 1: I was at a close friend of mines house, with a big group of my friends as well as the girl in question. We’re all watching a movie, and all of a sudden she stands up and goes “Hey, is it okay if we fuck in your bathroom,” without asking me anything at all. My friend says something along the lines of “oh uhhhh... I mean I guess so.” Needless to say I was extremely embarrassed and quite obviously didn’t want to do it. The bathroom was right across the hall from where all my friends were, so I felt even more uncomfortable. She literally grabbed my hand and dragged me to the bathroom and she just started taking her clothes off and told me to take off mine. We started doing sexual things and I really wasn’t into it and she was hurting me, all the while I could hear my friends joking about it outside.

Instance 2: I was at the same friends house actually, but this time me and a few of the others were smoking marijuana- she wasn’t. She decides to ask him the same question but I wasn’t able to hear her this time. Out of nowhere she grabs my hand and just drags me to his basement and she asks for sex. I told her that I was feeling extremely anxious and on the edge of a panic attack, and I sat down and breathed for a minute. After her bothering me for a while I caved and agreed to do it. I just remember really not liking it the whole time but was extremely scared and I didn’t want to say anything. I knew that she would yell at me and tell all of my friends if I refused. Shes told extremely private sexual details to my friends before, so I was in a constant state of fear of her humiliating me again.

Both times I was extremely scared to say anything to her because I was afraid that she would manipulate my whole friend group into hating me (she did that extremely frequently whenever I voiced a problem I had in the relationship) or try to flip it on me. And I don’t think this really counts but we had many other bad sexual experiences too. Ones where I consented she would wait until I was on the brink of climax and then just tell me she didn’t want anything to do with it and literally told me to just masturbate in the bathroom if I wanted to. This happened multiple times and it was extremely humiliating even though I had originally consented. To be honest I think the fact that I consented made it worse because she just made me feel like a fucking idiot and ashamed of myself.

Was I sexually assaulted or molested or anything like that? I just really don’t know how to take it. My relationship with sex (and relationships in general) has completely changed. I’m honestly terrified of it and am worried that I will never heal. I For some reason I feel that if I had something to call it, it would make me feel at least a little bit of closure about it. I don’t really talk to anybody about it because It’s humiliating and every time I brought it up it kind of became like- “Haha dude you literally got molested.” I’m also terrified of seeing her or anything about her, even references to her or seeing pictures of her actually makes me sick.

These past few months have been hell for me. I’ve become more depressed than ever, felt extremely suicidal, and have been relying on drugs to cope. I always bottle shit up, and even if I don’t get any response it felt good to get off my chest.

Any response will be appreciated, thank you. And thank you for reading.","k5scuz sexualassault I really don’t know how to feel right now. (M17) TheNightOwl1720 /r/sexualassault/comments/k5scuz/i_really_dont_know_how_to_feel_right_now_m17/ So I’ve just recently (several months ago) got out of an abusive relationship (I’m a male if it means anything). She was extremely emotionally and mentally abusive to me, and the three years I’ve spent with her were seriously the worst years of my life. We had several very uncomfortable sexual experiences. My really close friends all recently have been telling me that I’ve basically been raped and/or assaulted but I felt the need to get some more opinions as I kind of just am conflicted.

Instance 1: I was at a close friend of mines house, with a big group of my friends as well as the girl in question. We’re all watching a movie, and all of a sudden she stands up and goes “Hey, is it okay if we fuck in your bathroom,” without asking me anything at all. My friend says something along the lines of “oh uhhhh... I mean I guess so.” Needless to say I was extremely embarrassed and quite obviously didn’t want to do it. The bathroom was right across the hall from where all my friends were, so I felt even more uncomfortable. She literally grabbed my hand and dragged me to the bathroom and she just started taking her clothes off and told me to take off mine. We started doing sexual things and I really wasn’t into it and she was hurting me, all the while I could hear my friends joking about it outside.

Instance 2: I was at the same friends house actually, but this time me and a few of the others were smoking marijuana- she wasn’t. She decides to ask him the same question but I wasn’t able to hear her this time. Out of nowhere she grabs my hand and just drags me to his basement and she asks for sex. I told her that I was feeling extremely anxious and on the edge of a panic attack, and I sat down and breathed for a minute. After her bothering me for a while I caved and agreed to do it. I just remember really not liking it the whole time but was extremely scared and I didn’t want to say anything. I knew that she would yell at me and tell all of my friends if I refused. Shes told extremely private sexual details to my friends before, so I was in a constant state of fear of her humiliating me again.

Both times I was extremely scared to say anything to her because I was afraid that she would manipulate my whole friend group into hating me (she did that extremely frequently whenever I voiced a problem I had in the relationship) or try to flip it on me. And I don’t think this really counts but we had many other bad sexual experiences too. Ones where I consented she would wait until I was on the brink of climax and then just tell me she didn’t want anything to do with it and literally told me to just masturbate in the bathroom if I wanted to. This happened multiple times and it was extremely humiliating even though I had originally consented. To be honest I think the fact that I consented made it worse because she just made me feel like a fucking idiot and ashamed of myself.

Was I sexually assaulted or molested or anything like that? I just really don’t know how to take it. My relationship with sex (and relationships in general) has completely changed. I’m honestly terrified of it and am worried that I will never heal. I For some reason I feel that if I had something to call it, it would make me feel at least a little bit of closure about it. I don’t really talk to anybody about it because It’s humiliating and every time I brought it up it kind of became like- “Haha dude you literally got molested.” I’m also terrified of seeing her or anything about her, even references to her or seeing pictures of her actually makes me sick.

These past few months have been hell for me. I’ve become more depressed than ever, felt extremely suicidal, and have been relying on drugs to cope. I always bottle shit up, and even if I don’t get any response it felt good to get off my chest.

Any response will be appreciated, thank you. And thank you for reading.",['\\bwas\\s+i\\s+sexually\\s+assaulted\\b'],"[""\\bi\\s+(?:genuinely|just|honestly|really|truly|still)\\s+don[’']t\\s+know\\b"", '\\bwas\\s+i\\s+sexually\\s+assaulted\\b', '\\bfriend\\b', '\\bmolest(?:ed|ation|ations)?\\b', '\\bsexual(?:ly)?\\s+assault(?:ed|s|ing)?\\b']"
k5scuz,sexualassault,I really don’t know how to feel right now. (M17),TheNightOwl1720,20,8,True,2,1606978484,/r/sexualassault/comments/k5scuz/i_really_dont_know_how_to_feel_right_now_m17/,"So I’ve just recently (several months ago) got out of an abusive relationship (I’m a male if it means anything). She was extremely emotionally and mentally abusive to me, and the three years I’ve spent with her were seriously the worst years of my life. We had several very uncomfortable sexual experiences. My really close friends all recently have been telling me that I’ve basically been raped and/or assaulted but I felt the need to get some more opinions as I kind of just am conflicted.

Instance 1: I was at a close friend of mines house, with a big group of my friends as well as the girl in question. We’re all watching a movie, and all of a sudden she stands up and goes “Hey, is it okay if we fuck in your bathroom,” without asking me anything at all. My friend says something along the lines of “oh uhhhh... I mean I guess so.” Needless to say I was extremely embarrassed and quite obviously didn’t want to do it. The bathroom was right across the hall from where all my friends were, so I felt even more uncomfortable. She literally grabbed my hand and dragged me to the bathroom and she just started taking her clothes off and told me to take off mine. We started doing sexual things and I really wasn’t into it and she was hurting me, all the while I could hear my friends joking about it outside.

Instance 2: I was at the same friends house actually, but this time me and a few of the others were smoking marijuana- she wasn’t. She decides to ask him the same question but I wasn’t able to hear her this time. Out of nowhere she grabs my hand and just drags me to his basement and she asks for sex. I told her that I was feeling extremely anxious and on the edge of a panic attack, and I sat down and breathed for a minute. After her bothering me for a while I caved and agreed to do it. I just remember really not liking it the whole time but was extremely scared and I didn’t want to say anything. I knew that she would yell at me and tell all of my friends if I refused. Shes told extremely private sexual details to my friends before, so I was in a constant state of fear of her humiliating me again.

Both times I was extremely scared to say anything to her because I was afraid that she would manipulate my whole friend group into hating me (she did that extremely frequently whenever I voiced a problem I had in the relationship) or try to flip it on me. And I don’t think this really counts but we had many other bad sexual experiences too. Ones where I consented she would wait until I was on the brink of climax and then just tell me she didn’t want anything to do with it and literally told me to just masturbate in the bathroom if I wanted to. This happened multiple times and it was extremely humiliating even though I had originally consented. To be honest I think the fact that I consented made it worse because she just made me feel like a fucking idiot and ashamed of myself.

Was I sexually assaulted or molested or anything like that? I just really don’t know how to take it. My relationship with sex (and relationships in general) has completely changed. I’m honestly terrified of it and am worried that I will never heal. I For some reason I feel that if I had something to call it, it would make me feel at least a little bit of closure about it. I don’t really talk to anybody about it because It’s humiliating and every time I brought it up it kind of became like- “Haha dude you literally got molested.” I’m also terrified of seeing her or anything about her, even references to her or seeing pictures of her actually makes me sick.

These past few months have been hell for me. I’ve become more depressed than ever, felt extremely suicidal, and have been relying on drugs to cope. I always bottle shit up, and even if I don’t get any response it felt good to get off my chest.

Any response will be appreciated, thank you. And thank you for reading.","k5scuz sexualassault I really don’t know how to feel right now. (M17) TheNightOwl1720 /r/sexualassault/comments/k5scuz/i_really_dont_know_how_to_feel_right_now_m17/ So I’ve just recently (several months ago) got out of an abusive relationship (I’m a male if it means anything). She was extremely emotionally and mentally abusive to me, and the three years I’ve spent with her were seriously the worst years of my life. We had several very uncomfortable sexual experiences. My really close friends all recently have been telling me that I’ve basically been raped and/or assaulted but I felt the need to get some more opinions as I kind of just am conflicted.

Instance 1: I was at a close friend of mines house, with a big group of my friends as well as the girl in question. We’re all watching a movie, and all of a sudden she stands up and goes “Hey, is it okay if we fuck in your bathroom,” without asking me anything at all. My friend says something along the lines of “oh uhhhh... I mean I guess so.” Needless to say I was extremely embarrassed and quite obviously didn’t want to do it. The bathroom was right across the hall from where all my friends were, so I felt even more uncomfortable. She literally grabbed my hand and dragged me to the bathroom and she just started taking her clothes off and told me to take off mine. We started doing sexual things and I really wasn’t into it and she was hurting me, all the while I could hear my friends joking about it outside.

Instance 2: I was at the same friends house actually, but this time me and a few of the others were smoking marijuana- she wasn’t. She decides to ask him the same question but I wasn’t able to hear her this time. Out of nowhere she grabs my hand and just drags me to his basement and she asks for sex. I told her that I was feeling extremely anxious and on the edge of a panic attack, and I sat down and breathed for a minute. After her bothering me for a while I caved and agreed to do it. I just remember really not liking it the whole time but was extremely scared and I didn’t want to say anything. I knew that she would yell at me and tell all of my friends if I refused. Shes told extremely private sexual details to my friends before, so I was in a constant state of fear of her humiliating me again.

Both times I was extremely scared to say anything to her because I was afraid that she would manipulate my whole friend group into hating me (she did that extremely frequently whenever I voiced a problem I had in the relationship) or try to flip it on me. And I don’t think this really counts but we had many other bad sexual experiences too. Ones where I consented she would wait until I was on the brink of climax and then just tell me she didn’t want anything to do with it and literally told me to just masturbate in the bathroom if I wanted to. This happened multiple times and it was extremely humiliating even though I had originally consented. To be honest I think the fact that I consented made it worse because she just made me feel like a fucking idiot and ashamed of myself.

Was I sexually assaulted or molested or anything like that? I just really don’t know how to take it. My relationship with sex (and relationships in general) has completely changed. I’m honestly terrified of it and am worried that I will never heal. I For some reason I feel that if I had something to call it, it would make me feel at least a little bit of closure about it. I don’t really talk to anybody about it because It’s humiliating and every time I brought it up it kind of became like- “Haha dude you literally got molested.” I’m also terrified of seeing her or anything about her, even references to her or seeing pictures of her actually makes me sick.

These past few months have been hell for me. I’ve become more depressed than ever, felt extremely suicidal, and have been relying on drugs to cope. I always bottle shit up, and even if I don’t get any response it felt good to get off my chest.

Any response will be appreciated, thank you. And thank you for reading.",['\\bwas\\s+i\\s+sexually\\s+assaulted\\b'],"[""\\bi\\s+(?:genuinely|just|honestly|really|truly|still)\\s+don[’']t\\s+know\\b"", '\\bwas\\s+i\\s+sexually\\s+assaulted\\b', '\\bfriend\\b', '\\bmolest(?:ed|ation|ations)?\\b', '\\bsexual(?:ly)?\\s+assault(?:ed|s|ing)?\\b']"
jquhxt,sexualassault,i didn’t say no while it happened.,aivull,17,11,True,3,1604913493,/r/sexualassault/comments/jquhxt/i_didnt_say_no_while_it_happened/,"i’m really just looking for answers, a few months back i met up with a guy. when we first started to talk i specifically told him i didn’t want to have sex with him. he said it was fine and that all we could do was smoke watch a movie and hang out. i decided to not smoke with him because i didn’t like event high around people i’m not comfortable with. we were cuddling and he started to rub against me. i ended up pulling away from him and he took my pants and underwear off and started to have sex with me. now i didn’t tell him to no but i never told him yes, i eventually started to cry and he didn’t stop. he only stopped when he got tired. there was no kissing or asking if what he was doing was okay. he tried to do it again and that’s when i fully said no and for him to stop. i ended up crying while getting dressed and on my way back home. he didn’t ask why i left and i just unadded him. now the feeling i had right after wasn’t regret it was more of disgust. and i’ve never felt that way about any guy i’ve slept with. i haven’t really told anyone because i’m not sure if i was or wasn’t sexually assaulted.","jquhxt sexualassault i didn’t say no while it happened. aivull /r/sexualassault/comments/jquhxt/i_didnt_say_no_while_it_happened/ i’m really just looking for answers, a few months back i met up with a guy. when we first started to talk i specifically told him i didn’t want to have sex with him. he said it was fine and that all we could do was smoke watch a movie and hang out. i decided to not smoke with him because i didn’t like event high around people i’m not comfortable with. we were cuddling and he started to rub against me. i ended up pulling away from him and he took my pants and underwear off and started to have sex with me. now i didn’t tell him to no but i never told him yes, i eventually started to cry and he didn’t stop. he only stopped when he got tired. there was no kissing or asking if what he was doing was okay. he tried to do it again and that’s when i fully said no and for him to stop. i ended up crying while getting dressed and on my way back home. he didn’t ask why i left and i just unadded him. now the feeling i had right after wasn’t regret it was more of disgust. and i’ve never felt that way about any guy i’ve slept with. i haven’t really told anyone because i’m not sure if i was or wasn’t sexually assaulted.","[""\\bi\\s+didn[’']t\\s+say\\s+no\\b""]","[""\\bi[’']?m\\s+not\\s+sure\\b"", ""\\bi\\s+didn[’']t\\s+say\\s+no\\b"", '\\bsexual(?:ly)?\\s+assault(?:ed|s|ing)?\\b']"
jquhxt,sexualassault,i didn’t say no while it happened.,aivull,17,11,True,3,1604913493,/r/sexualassault/comments/jquhxt/i_didnt_say_no_while_it_happened/,"i’m really just looking for answers, a few months back i met up with a guy. when we first started to talk i specifically told him i didn’t want to have sex with him. he said it was fine and that all we could do was smoke watch a movie and hang out. i decided to not smoke with him because i didn’t like event high around people i’m not comfortable with. we were cuddling and he started to rub against me. i ended up pulling away from him and he took my pants and underwear off and started to have sex with me. now i didn’t tell him to no but i never told him yes, i eventually started to cry and he didn’t stop. he only stopped when he got tired. there was no kissing or asking if what he was doing was okay. he tried to do it again and that’s when i fully said no and for him to stop. i ended up crying while getting dressed and on my way back home. he didn’t ask why i left and i just unadded him. now the feeling i had right after wasn’t regret it was more of disgust. and i’ve never felt that way about any guy i’ve slept with. i haven’t really told anyone because i’m not sure if i was or wasn’t sexually assaulted.","jquhxt sexualassault i didn’t say no while it happened. aivull /r/sexualassault/comments/jquhxt/i_didnt_say_no_while_it_happened/ i’m really just looking for answers, a few months back i met up with a guy. when we first started to talk i specifically told him i didn’t want to have sex with him. he said it was fine and that all we could do was smoke watch a movie and hang out. i decided to not smoke with him because i didn’t like event high around people i’m not comfortable with. we were cuddling and he started to rub against me. i ended up pulling away from him and he took my pants and underwear off and started to have sex with me. now i didn’t tell him to no but i never told him yes, i eventually started to cry and he didn’t stop. he only stopped when he got tired. there was no kissing or asking if what he was doing was okay. he tried to do it again and that’s when i fully said no and for him to stop. i ended up crying while getting dressed and on my way back home. he didn’t ask why i left and i just unadded him. now the feeling i had right after wasn’t regret it was more of disgust. and i’ve never felt that way about any guy i’ve slept with. i haven’t really told anyone because i’m not sure if i was or wasn’t sexually assaulted.","[""\\bi\\s+didn[’']t\\s+say\\s+no\\b""]","[""\\bi[’']?m\\s+not\\s+sure\\b"", ""\\bi\\s+didn[’']t\\s+say\\s+no\\b"", '\\bsexual(?:ly)?\\s+assault(?:ed|s|ing)?\\b']"
jklu3t,sexualassault,Idk if it was SA,amonkeysandstrokes,2,2,False,0,1604015509,/r/sexualassault/comments/jklu3t/idk_if_it_was_sa/,"Hi guys, this is my first time posting here. I needed a place to ask someone about this because I didn’t even feel comfortable to talk about this even when I went to psychotherapy. I am very distant with my father and there were a few instances when I was younger that made me very uncomfortable around him. He never really touched me in a sexual way. But I get uneasy with physical contact with him. 

I was 15 or so one time and he hugged me by the side weirdly tight and said “has anyone done that to you?”And I got really shocked. (I never told this to anyone so it’s very hard to write this right now). I had never even held hands with a boy. 

Then one time when I was about 19 my family was visiting some cousins and for some reason they didn’t put the heat up in the house. It was winter and the house was really cold. I was sleeping on the floor and my parents in the bed all in the same room. But the cold was getting unbearable. My mom told me to sleep with them. I got on the bed and at some point they put me (or I did, I don’t remember) in the middle of them. I didn’t think anything of it. I woke up around 6 am and my dad was touching himself. I was so shocked I couldn’t move because I didn’t want him to know I caught him. I just moved myself as if I were sleeping and he stopped. 

I haven’t been able to process what happened. My mind is always confused because idk if he was doing that because of me or if he was just doing that but I happened to be there. I never looked at him the same way. I don’t think he touched me but I can’t stop thinking that maybe he did, I was asleep. This is seriously so hard to talk about or even put into words. 

I know he loves me and he still takes care of me and these things in my head are very unsettling. I don’t think I’m a victim but I felt abused, at least traumatized, like I shouldn’t have been there. I don’t know what to do about this or how to cope. He’s not a bad person, but I don’t understand how could he, with me there. 

Honestly, I don’t know what’s the point of my post, I just need some clarity and maybe some help on how to settle this in my mind. 
Sorry if it’s bad writing I didn’t edit it just wrote it all at once. Thank you for reading.","jklu3t sexualassault Idk if it was SA amonkeysandstrokes /r/sexualassault/comments/jklu3t/idk_if_it_was_sa/ Hi guys, this is my first time posting here. I needed a place to ask someone about this because I didn’t even feel comfortable to talk about this even when I went to psychotherapy. I am very distant with my father and there were a few instances when I was younger that made me very uncomfortable around him. He never really touched me in a sexual way. But I get uneasy with physical contact with him. 

I was 15 or so one time and he hugged me by the side weirdly tight and said “has anyone done that to you?”And I got really shocked. (I never told this to anyone so it’s very hard to write this right now). I had never even held hands with a boy. 

Then one time when I was about 19 my family was visiting some cousins and for some reason they didn’t put the heat up in the house. It was winter and the house was really cold. I was sleeping on the floor and my parents in the bed all in the same room. But the cold was getting unbearable. My mom told me to sleep with them. I got on the bed and at some point they put me (or I did, I don’t remember) in the middle of them. I didn’t think anything of it. I woke up around 6 am and my dad was touching himself. I was so shocked I couldn’t move because I didn’t want him to know I caught him. I just moved myself as if I were sleeping and he stopped. 

I haven’t been able to process what happened. My mind is always confused because idk if he was doing that because of me or if he was just doing that but I happened to be there. I never looked at him the same way. I don’t think he touched me but I can’t stop thinking that maybe he did, I was asleep. This is seriously so hard to talk about or even put into words. 

I know he loves me and he still takes care of me and these things in my head are very unsettling. I don’t think I’m a victim but I felt abused, at least traumatized, like I shouldn’t have been there. I don’t know what to do about this or how to cope. He’s not a bad person, but I don’t understand how could he, with me there. 

Honestly, I don’t know what’s the point of my post, I just need some clarity and maybe some help on how to settle this in my mind. 
Sorry if it’s bad writing I didn’t edit it just wrote it all at once. Thank you for reading.",['\\bidk\\b.*\\bif\\s+it\\b.*\\bwas\\b.*(?:sa|sexual\\s+assault)\\b'],"['\\bsa\\b', '\\bidk\\b.*\\bif\\s+it\\b.*\\bwas\\b.*(?:sa|sexual\\s+assault)\\b', ""\\bi\\s+don[’']t\\s+know\\b"", '\\bidk+k*\\b']"
jgdf4e,sexualassault,I need help,throwaway_44544,5,7,True,2,1603417147,/r/sexualassault/comments/jgdf4e/i_need_help/,"I'm not really unsure of if it's sexual assault or not, but more if it counts as sexual assault in the eyes of the law. I am heavily considering filing a police report against my ex but I'm very unsure of whether or not I even can. 
What happened was I was at his house. I was hanging out with him on his couch, he made a lot of sexual comments and jokes toward me. I expressed that I wasn't in the mood to have sex, and he continued to talk about it. I just kinda tried to ignore it, but it was difficult to drown it out. He asked me to go to his room with him, and I figured since I already told him I didn't want to have sex that he'd just wanna cuddle with me or something like that. We got in his bed and he immediately went to spooning me, and he started to try to undo my belt. I physically curled up a bit so he wouldn't be able to, he kept trying for a bit until he just asked if I wanted to be left alone, to which I said I didn't want to have sex but I was fine with cuddling him. We cuddled for a little (literal minutes) before he began asking me again to have sex with him. I have always found it very difficult to say no and stand up to people because of my childhood, and he was aware of this. He was really pressuring me into saying yes to him, and eventually I just let him have sex with me because I wanted to get it over with and be left alone. My body language was still tense and it was clear I didn't want it. It was not an enthusiastic yes but more like a ""sure."" 
I don't even know at this point want I want. I just know that I never want him to be able to do that to anyone else. I feel disgusting whenever I think about it, I saw a video today about a very similar situation and my anxiety still has not settled down. I need to know if it's a viable option for me to file a police report against him. (I'm canadian, if it matters.)","jgdf4e sexualassault I need help throwaway_44544 /r/sexualassault/comments/jgdf4e/i_need_help/ I'm not really unsure of if it's sexual assault or not, but more if it counts as sexual assault in the eyes of the law. I am heavily considering filing a police report against my ex but I'm very unsure of whether or not I even can. 
What happened was I was at his house. I was hanging out with him on his couch, he made a lot of sexual comments and jokes toward me. I expressed that I wasn't in the mood to have sex, and he continued to talk about it. I just kinda tried to ignore it, but it was difficult to drown it out. He asked me to go to his room with him, and I figured since I already told him I didn't want to have sex that he'd just wanna cuddle with me or something like that. We got in his bed and he immediately went to spooning me, and he started to try to undo my belt. I physically curled up a bit so he wouldn't be able to, he kept trying for a bit until he just asked if I wanted to be left alone, to which I said I didn't want to have sex but I was fine with cuddling him. We cuddled for a little (literal minutes) before he began asking me again to have sex with him. I have always found it very difficult to say no and stand up to people because of my childhood, and he was aware of this. He was really pressuring me into saying yes to him, and eventually I just let him have sex with me because I wanted to get it over with and be left alone. My body language was still tense and it was clear I didn't want it. It was not an enthusiastic yes but more like a ""sure."" 
I don't even know at this point want I want. I just know that I never want him to be able to do that to anyone else. I feel disgusting whenever I think about it, I saw a video today about a very similar situation and my anxiety still has not settled down. I need to know if it's a viable option for me to file a police report against him. (I'm canadian, if it matters.)",['\\bit\\s+count(?:s)?\\s+as\\s+(?:sa|sexual\\s+assault)\\b'],"[""\\bi\\s+don[’']t\\s+even\\s+know\\b"", '\\bit\\s+count(?:s)?\\s+as\\s+(?:sa|sexual\\s+assault)\\b', '\\bassault\\b', '\\bsexual(?:ly)?\\s+assault(?:ed|s|ing)?\\b']"
jgdf4e,sexualassault,I need help,throwaway_44544,5,7,True,2,1603417147,/r/sexualassault/comments/jgdf4e/i_need_help/,"I'm not really unsure of if it's sexual assault or not, but more if it counts as sexual assault in the eyes of the law. I am heavily considering filing a police report against my ex but I'm very unsure of whether or not I even can. 
What happened was I was at his house. I was hanging out with him on his couch, he made a lot of sexual comments and jokes toward me. I expressed that I wasn't in the mood to have sex, and he continued to talk about it. I just kinda tried to ignore it, but it was difficult to drown it out. He asked me to go to his room with him, and I figured since I already told him I didn't want to have sex that he'd just wanna cuddle with me or something like that. We got in his bed and he immediately went to spooning me, and he started to try to undo my belt. I physically curled up a bit so he wouldn't be able to, he kept trying for a bit until he just asked if I wanted to be left alone, to which I said I didn't want to have sex but I was fine with cuddling him. We cuddled for a little (literal minutes) before he began asking me again to have sex with him. I have always found it very difficult to say no and stand up to people because of my childhood, and he was aware of this. He was really pressuring me into saying yes to him, and eventually I just let him have sex with me because I wanted to get it over with and be left alone. My body language was still tense and it was clear I didn't want it. It was not an enthusiastic yes but more like a ""sure."" 
I don't even know at this point want I want. I just know that I never want him to be able to do that to anyone else. I feel disgusting whenever I think about it, I saw a video today about a very similar situation and my anxiety still has not settled down. I need to know if it's a viable option for me to file a police report against him. (I'm canadian, if it matters.)","jgdf4e sexualassault I need help throwaway_44544 /r/sexualassault/comments/jgdf4e/i_need_help/ I'm not really unsure of if it's sexual assault or not, but more if it counts as sexual assault in the eyes of the law. I am heavily considering filing a police report against my ex but I'm very unsure of whether or not I even can. 
What happened was I was at his house. I was hanging out with him on his couch, he made a lot of sexual comments and jokes toward me. I expressed that I wasn't in the mood to have sex, and he continued to talk about it. I just kinda tried to ignore it, but it was difficult to drown it out. He asked me to go to his room with him, and I figured since I already told him I didn't want to have sex that he'd just wanna cuddle with me or something like that. We got in his bed and he immediately went to spooning me, and he started to try to undo my belt. I physically curled up a bit so he wouldn't be able to, he kept trying for a bit until he just asked if I wanted to be left alone, to which I said I didn't want to have sex but I was fine with cuddling him. We cuddled for a little (literal minutes) before he began asking me again to have sex with him. I have always found it very difficult to say no and stand up to people because of my childhood, and he was aware of this. He was really pressuring me into saying yes to him, and eventually I just let him have sex with me because I wanted to get it over with and be left alone. My body language was still tense and it was clear I didn't want it. It was not an enthusiastic yes but more like a ""sure."" 
I don't even know at this point want I want. I just know that I never want him to be able to do that to anyone else. I feel disgusting whenever I think about it, I saw a video today about a very similar situation and my anxiety still has not settled down. I need to know if it's a viable option for me to file a police report against him. (I'm canadian, if it matters.)",['\\bit\\s+count(?:s)?\\s+as\\s+(?:sa|sexual\\s+assault)\\b'],"[""\\bi\\s+don[’']t\\s+even\\s+know\\b"", '\\bit\\s+count(?:s)?\\s+as\\s+(?:sa|sexual\\s+assault)\\b', '\\bassault\\b', '\\bsexual(?:ly)?\\s+assault(?:ed|s|ing)?\\b']"
1is2kf3,SexualHarassment,Is this sexual harassment or sexual assault? Or not??,Hearts4ptv,2,3,False,0,1739847271,/r/SexualHarassment/comments/1is2kf3/is_this_sexual_harassment_or_sexual_assault_or_not/,"So my friend is posting and posting about getting sexually assaulted is this sexual assault?
Was This Sexual Assault?
So a few months back she went to a mental hospital for about 2-3 days and when she came back she made a groupchat and we called and she told us ""i got sexually assaulted"" then she told us a story about a guy touching her thigh, not even the inside and he didn't even grab it or anything he just put his hand on it. She's saying she's a sa survivor now is it sexual assault?","1is2kf3 SexualHarassment Is this sexual harassment or sexual assault? Or not?? Hearts4ptv /r/SexualHarassment/comments/1is2kf3/is_this_sexual_harassment_or_sexual_assault_or_not/ So my friend is posting and posting about getting sexually assaulted is this sexual assault?
Was This Sexual Assault?
So a few months back she went to a mental hospital for about 2-3 days and when she came back she made a groupchat and we called and she told us ""i got sexually assaulted"" then she told us a story about a guy touching her thigh, not even the inside and he didn't even grab it or anything he just put his hand on it. She's saying she's a sa survivor now is it sexual assault?","['\\bwas\\s+this\\s+(?:sa|sexual\\s+assault)\\b', '\\bis\\s+this\\s+(?:sa|sexual\\s+assault)\\b']","['\\bis\\s+this\\s+(?:sa|sexual\\s+assault)\\b', '\\bsa\\b', '\\bwas\\s+this\\s+(?:sa|sexual\\s+assault)\\b', '\\bassault\\b', '\\bfriend\\b', '\\bsexual(?:ly)?\\s+assault(?:ed|s|ing)?\\b', '\\bsexual(?:ly)?\\s+harass(?:ment|ments|ed|es|ing)?\\b']"
1i09mr5,SexualHarassment,I was sexually harassed by my brother. Do i have a right to be traumatised?,ExtremeNew8010,9,3,False,0,1736757367,/r/SexualHarassment/comments/1i09mr5/i_was_sexually_harassed_by_my_brother_do_i_have_a/,"When i was about 11 years old my brother who is 3 years older than me sexually harassed me.
He would come out of his room when i was cooking something at night or playing games on the computer and he would just sit down and touch himself through his clothes with his phone out. He was erect every time this happened. I was too scared to say anything or even look at him, I would just freeze up. One night at about 2 in the morning i was sleeping at the end of my bed and i woke up to him standing over me, the second he realised i was awake he ran out leaving the door open. I remember sitting up and staring at the open door then quickly closing it and crawling to the corner of my bed staring at the door until it was morning. I didn’t know what to do so i joked about it brushing it off while in reality i was bordering up my door and having panic attacks every day. Since that day he stopped (i think) or it was because i was too scared to leave my room at night anymore. When i was 12 i broke down and told my best friend every thing and she has been the most supportive person ever. At 13 the same year I took her to therapy with me and told my therapist everything. My therapist gave me advice and told my mum, at first she comforted me and said “im so sorry he did that to you” and my therapist told us we should try to get my brother help because maybe he’s been going through something that caused him to do and i was so angry, I understand where there coming from but i guess that fact they were constantly trying to justify him made me so mad. I thought now that my mum knew things would get better, but after the appointment she just brushed it off like nothing happened, he got no punishment at all and she treats him all the same. A few months ago  last year (still 13) I opened up to my mum about it and said how I feel really hurt that she’s acting like it’s not a big deal and she got really angry at me and said I have no right to be traumatised because he didn’t touch me and he didn’t do anything that bad and a person who is raped wouldn’t even be that traumatised basically saying that I was overreacting and she didn’t really care. I was so shocked when she said it and I think about that conversation every day. I feel like I’m faking it even though deep down I know I’m not and my self esteem has never been so low. I have panic attacks sometimes and about once or twice a week maybe more i start seeing shadow figures and start believing that something is gonna come get me and That I’m not safe which leads to a panic attack leading to me bordering up my room again and waiting until the sunrises. For about a year, I would border up my door at night before I went to sleep and then I stopped doing it. But sometimes I have bad days making me do it. I think this is related to what he did. I replay everything he did every day in my head. This has affected everything I do and I don’t know if I am allowed to be traumatised from what he did and I’m scared just talking about this thinking that it wasn’t that bad and I should just shut up. I don’t know what to do and I guess I’m asking if i do deserve any validation.

Sorry for any spelling mistakes and this is so long. I don’t know if it even makes sense.","1i09mr5 SexualHarassment I was sexually harassed by my brother. Do i have a right to be traumatised? ExtremeNew8010 /r/SexualHarassment/comments/1i09mr5/i_was_sexually_harassed_by_my_brother_do_i_have_a/ When i was about 11 years old my brother who is 3 years older than me sexually harassed me.
He would come out of his room when i was cooking something at night or playing games on the computer and he would just sit down and touch himself through his clothes with his phone out. He was erect every time this happened. I was too scared to say anything or even look at him, I would just freeze up. One night at about 2 in the morning i was sleeping at the end of my bed and i woke up to him standing over me, the second he realised i was awake he ran out leaving the door open. I remember sitting up and staring at the open door then quickly closing it and crawling to the corner of my bed staring at the door until it was morning. I didn’t know what to do so i joked about it brushing it off while in reality i was bordering up my door and having panic attacks every day. Since that day he stopped (i think) or it was because i was too scared to leave my room at night anymore. When i was 12 i broke down and told my best friend every thing and she has been the most supportive person ever. At 13 the same year I took her to therapy with me and told my therapist everything. My therapist gave me advice and told my mum, at first she comforted me and said “im so sorry he did that to you” and my therapist told us we should try to get my brother help because maybe he’s been going through something that caused him to do and i was so angry, I understand where there coming from but i guess that fact they were constantly trying to justify him made me so mad. I thought now that my mum knew things would get better, but after the appointment she just brushed it off like nothing happened, he got no punishment at all and she treats him all the same. A few months ago  last year (still 13) I opened up to my mum about it and said how I feel really hurt that she’s acting like it’s not a big deal and she got really angry at me and said I have no right to be traumatised because he didn’t touch me and he didn’t do anything that bad and a person who is raped wouldn’t even be that traumatised basically saying that I was overreacting and she didn’t really care. I was so shocked when she said it and I think about that conversation every day. I feel like I’m faking it even though deep down I know I’m not and my self esteem has never been so low. I have panic attacks sometimes and about once or twice a week maybe more i start seeing shadow figures and start believing that something is gonna come get me and That I’m not safe which leads to a panic attack leading to me bordering up my room again and waiting until the sunrises. For about a year, I would border up my door at night before I went to sleep and then I stopped doing it. But sometimes I have bad days making me do it. I think this is related to what he did. I replay everything he did every day in my head. This has affected everything I do and I don’t know if I am allowed to be traumatised from what he did and I’m scared just talking about this thinking that it wasn’t that bad and I should just shut up. I don’t know what to do and I guess I’m asking if i do deserve any validation.

Sorry for any spelling mistakes and this is so long. I don’t know if it even makes sense.","[""\\bit\\s+wasn[’']t\\s+that\\s+bad\\b""]","[""\\bit\\s+wasn[’']t\\s+that\\s+bad\\b"", ""\\bi\\s+didn[’']t\\s+know\\b"", ""\\bi\\s+don[’']t\\s+know\\b"", '\\bfriend\\b', '\\bsexual(?:ly)?\\s+harass(?:ment|ments|ed|es|ing)?\\b']"
1hmgd0r,SexualHarassment,is this worthy of seeking help over?,Electronic_Jicama141,1,3,True,1,1735185684,/r/SexualHarassment/comments/1hmgd0r/is_this_worthy_of_seeking_help_over/,"i've been harassed/mildly assaulted a couple times in my life and i'm not sure if i'm actually traumatized from it? or if it's not a big deal and i just need to get over it. most of this stuff happened when i was 12-13. there was this one guy who'd corner me and chase me down and made weird comments towards me for a couple weeks. it freaked me out and i reported him to the school after he referred to me as looking like a ""sex doll."" still can't tell if he was mocking me back then or genuinely trying to ""flirt""...? my mom told me afterwards that even though what he did was sexual harassment, i wasn't supposed to go around telling people i was a ""victim of sexual harassment."" then i developed some weird obsessive crush on him for 7 months afterwards- i don't even know. but now when i hear things that remind me of him i get this panicky feeling in my chest? i remember almost having a panic attack reliving the memories when i tried to explain to one of his friends how he treated me and they didn't listen. i also had this one girl i was friends with grab my waist and feel down to my ass, telling me i had ""nice proportions."" i didn't think much of it then, since i was like 13, but it really disturbs me thinking back to it. i don't know if this is enough to try and talk to someone about, but i feel like it's had an impact on my relationship with my sexuality. then again i feel like i might just be being dramatic about it and it wasn't that bad.","1hmgd0r SexualHarassment is this worthy of seeking help over? Electronic_Jicama141 /r/SexualHarassment/comments/1hmgd0r/is_this_worthy_of_seeking_help_over/ i've been harassed/mildly assaulted a couple times in my life and i'm not sure if i'm actually traumatized from it? or if it's not a big deal and i just need to get over it. most of this stuff happened when i was 12-13. there was this one guy who'd corner me and chase me down and made weird comments towards me for a couple weeks. it freaked me out and i reported him to the school after he referred to me as looking like a ""sex doll."" still can't tell if he was mocking me back then or genuinely trying to ""flirt""...? my mom told me afterwards that even though what he did was sexual harassment, i wasn't supposed to go around telling people i was a ""victim of sexual harassment."" then i developed some weird obsessive crush on him for 7 months afterwards- i don't even know. but now when i hear things that remind me of him i get this panicky feeling in my chest? i remember almost having a panic attack reliving the memories when i tried to explain to one of his friends how he treated me and they didn't listen. i also had this one girl i was friends with grab my waist and feel down to my ass, telling me i had ""nice proportions."" i didn't think much of it then, since i was like 13, but it really disturbs me thinking back to it. i don't know if this is enough to try and talk to someone about, but i feel like it's had an impact on my relationship with my sexuality. then again i feel like i might just be being dramatic about it and it wasn't that bad.","[""\\bit\\s+wasn[’']t\\s+that\\s+bad\\b""]","[""\\bi\\s+don[’']t\\s+even\\s+know\\b"", ""\\bit\\s+wasn[’']t\\s+that\\s+bad\\b"", ""\\bi\\s+don[’']t\\s+know\\b"", ""\\bi[’']?m\\s+not\\s+sure\\b"", '\\bsexual(?:ly)?\\s+harass(?:ment|ments|ed|es|ing)?\\b']"
1eqzhq3,SexualHarassment,Was this sexual harassment?,Ihm_r,2,4,True,1,1723525183,/r/SexualHarassment/comments/1eqzhq3/was_this_sexual_harassment/,"Hi, I’m new here! I’m honestly kind of spiraling and I just need people who can say if this is something to be concerned about. I’m 18. 2 years ago, when I was 15 turning 16 I went to a tech school, that was a mix of both highschool students and adults. I made friends there and we have a friend group to this day. It was a 2 year program so we just graduated this year. Anyway, my friend group is me, 2 other girls, and one guy. He’s always kind of made us girls uncomfortable, but we just brushed it off because “that’s just how he is” today we were hanging out and he passed by me and touched me butt. Like Yk how when you are squeezing by someone and you accidentally brush against them? That’s what it felt like. After we hung out, I texted my 2 girl friends and told them about what had happened. They told me that it has also happened to them. This isn’t the first time it’s happened to me either.i think I’ve pushed it down and ignored it, but I can recall countless times where he has “accidentally” touched me. He also makes sexual jokes/comments to us, unprovoked. He was 17 turning 18 when I met him. I was 15. This has been happening ever since I met him, but talking to my friends about it tonight made me actually realize what was going on. He’s made comments about mine, and my friend’s bodies, and just says things that makes us uncomfortable. I haven’t talked to anyone about this besides my 2 girl friends and my boyfriend. I feel very confused, and idk if I’m overreacting or not. I mean, he’s my friend, he wouldn’t purposefully do something like that, right? 

I’m also coming back to this and reflecting after talking to my boyfriend and friends more. I remember more stuff he’s done. He’s asked if me and my boyfriend have had sex before (I was 17 he was 19) he’s made comments about my body like “you have curves” and also said I look pregnant which is probably irrelevant but I feel should be mentioned. I am really angry at myself because I’ve brushed it off for so long, but I’m also so confused because I don’t want to label it as sexual harassment/ assault because what if it actually is? I’m just so scared and I don’t even know how or if I’ll tell my parents. Idk if I’m overreacting either.","1eqzhq3 SexualHarassment Was this sexual harassment? Ihm_r /r/SexualHarassment/comments/1eqzhq3/was_this_sexual_harassment/ Hi, I’m new here! I’m honestly kind of spiraling and I just need people who can say if this is something to be concerned about. I’m 18. 2 years ago, when I was 15 turning 16 I went to a tech school, that was a mix of both highschool students and adults. I made friends there and we have a friend group to this day. It was a 2 year program so we just graduated this year. Anyway, my friend group is me, 2 other girls, and one guy. He’s always kind of made us girls uncomfortable, but we just brushed it off because “that’s just how he is” today we were hanging out and he passed by me and touched me butt. Like Yk how when you are squeezing by someone and you accidentally brush against them? That’s what it felt like. After we hung out, I texted my 2 girl friends and told them about what had happened. They told me that it has also happened to them. This isn’t the first time it’s happened to me either.i think I’ve pushed it down and ignored it, but I can recall countless times where he has “accidentally” touched me. He also makes sexual jokes/comments to us, unprovoked. He was 17 turning 18 when I met him. I was 15. This has been happening ever since I met him, but talking to my friends about it tonight made me actually realize what was going on. He’s made comments about mine, and my friend’s bodies, and just says things that makes us uncomfortable. I haven’t talked to anyone about this besides my 2 girl friends and my boyfriend. I feel very confused, and idk if I’m overreacting or not. I mean, he’s my friend, he wouldn’t purposefully do something like that, right? 

I’m also coming back to this and reflecting after talking to my boyfriend and friends more. I remember more stuff he’s done. He’s asked if me and my boyfriend have had sex before (I was 17 he was 19) he’s made comments about my body like “you have curves” and also said I look pregnant which is probably irrelevant but I feel should be mentioned. I am really angry at myself because I’ve brushed it off for so long, but I’m also so confused because I don’t want to label it as sexual harassment/ assault because what if it actually is? I’m just so scared and I don’t even know how or if I’ll tell my parents. Idk if I’m overreacting either.","[""\\b(?:he|she)[’']?s\\s+my\\s+friend\\b""]","['\\bboyfriend\\b', ""\\bi\\s+don[’']t\\s+even\\s+know\\b"", '\\bidk+k*\\b', ""\\b(?:he|she)[’']?s\\s+my\\s+friend\\b"", '\\bassault\\b', '\\bfriend\\b', '\\bsexual(?:ly)?\\s+harass(?:ment|ments|ed|es|ing)?\\b']"
1dgog8c,SexualHarassment,Is this subtle harassment or am I just overreacting?,Ok_Knowledge427,3,2,False,0,1718476507,/r/SexualHarassment/comments/1dgog8c/is_this_subtle_harassment_or_am_i_just/,"Hi,

I have worked a seasonal customer service job for the past 3 years while on summer break from college. My supervisor (M45) has always had a “preference,” let’s say, for me (F21). Everyone knows that I am his favorite employee, although all of the young women who work with us are too. One important note is that he dates girls around my age, I know this because he has told me this on multiple occasions. 

I remember when I was first employed, someone told me that he only had females as the people he supervises because he “doesn’t get along well with men.” I found that weird but never thought much about it until now. 

Today he made a comment saying one of my guy coworkers should get paid less than me because he’s “not as nice to look at.” I know that this isn’t a super vulgar comment, but it made me feel really uncomfortable.

I was a little colder with him today, normally I am more talkative with him. After I assume he noticed this, he came over and asked me for a hug, to which I said sure. I realize I can’t entirely blame him for this because I didn’t say no. But, even though I didn’t want to hug him, I said yes because he would’ve made a huge deal about it if I said no. 

Also, he asks often if I have a boyfriend. This makes me uncomfortable just because I know he dates girls my age and one time said a girl he was dating looked just like me. 

Our relationship has been like this every summer, but I am suddenly uncomfortable with it. It has been almost two years since I worked here, so I think the growth in my maturity probably has something to do with the change in how I am perceiving the way he acts toward me. 

Is this sexual harassment? Or is this just “the way he is” as a lot of people at work say? 

I’m not sure what to do about it. I mean I only have 7 weeks left, so I don’t know if it’s worth doing anything about it
","1dgog8c SexualHarassment Is this subtle harassment or am I just overreacting? Ok_Knowledge427 /r/SexualHarassment/comments/1dgog8c/is_this_subtle_harassment_or_am_i_just/ Hi,

I have worked a seasonal customer service job for the past 3 years while on summer break from college. My supervisor (M45) has always had a “preference,” let’s say, for me (F21). Everyone knows that I am his favorite employee, although all of the young women who work with us are too. One important note is that he dates girls around my age, I know this because he has told me this on multiple occasions. 

I remember when I was first employed, someone told me that he only had females as the people he supervises because he “doesn’t get along well with men.” I found that weird but never thought much about it until now. 

Today he made a comment saying one of my guy coworkers should get paid less than me because he’s “not as nice to look at.” I know that this isn’t a super vulgar comment, but it made me feel really uncomfortable.

I was a little colder with him today, normally I am more talkative with him. After I assume he noticed this, he came over and asked me for a hug, to which I said sure. I realize I can’t entirely blame him for this because I didn’t say no. But, even though I didn’t want to hug him, I said yes because he would’ve made a huge deal about it if I said no. 

Also, he asks often if I have a boyfriend. This makes me uncomfortable just because I know he dates girls my age and one time said a girl he was dating looked just like me. 

Our relationship has been like this every summer, but I am suddenly uncomfortable with it. It has been almost two years since I worked here, so I think the growth in my maturity probably has something to do with the change in how I am perceiving the way he acts toward me. 

Is this sexual harassment? Or is this just “the way he is” as a lot of people at work say? 

I’m not sure what to do about it. I mean I only have 7 weeks left, so I don’t know if it’s worth doing anything about it
","[""\\bi\\s+didn[’']t\\s+say\\s+no\\b""]","['\\bboyfriend\\b', ""\\bi\\s+didn[’']t\\s+say\\s+no\\b"", ""\\bi\\s+don[’']t\\s+know\\b"", ""\\bi[’']?m\\s+not\\s+sure\\b"", '\\bsexual(?:ly)?\\s+harass(?:ment|ments|ed|es|ing)?\\b']"
tpeeap,SexualHarassment,Guy kept pressing about me sending nudes.,heheh012,6,7,True,1,1648363704,/r/SexualHarassment/comments/tpeeap/guy_kept_pressing_about_me_sending_nudes/,"I sit with this guy at lunch at school and he's in a couple of my classes and friends with some guys who are my friends so I think he's my friend but he just made me really uncomfortable and I don't know anymore. He messaged me on Snapchat asking for ""ass pics"" and the friend group we're in together (the aforementioned ""guys"") jokes about that stuff all the time but this didn't feel like a joke so I just replied ""idk if you're joking or not lol"" and he replied that he wasn't and to send him ass pics. I just said ""nah bro go watch some porn"" and he kept insisting. He started asking for pussy pics and I just told him that ""I'm sure you have a lot of porn sites saved go watch that"" and he said he didn't and to send them. He said he'll send me a dick pic if I do and sent ""🍆🍑"" and at this point I felt really uncomfortable and was panicking and just told him ""dude. I've told you no multiple times."" And then he started escalating and saying ""NOW."" ""SEND THEM NOW"" and saying that he was fr and send pics pls and I felt really uncomfortable but was scared he was gonna go tell the guys and make them not like me anymore which would suck because I have a hard time making friends. I just ghosted him but he kept asking and at this point I was on the verge of a anxiety attack and basically just told him to fuck off. ""I said no, go do smth better"" and he hasn't texted so far, but I feel really uncomfortable and shitty about the whole thing. I just don't know, maybe I was overreacting???

Update: I finally blocked him! However, I haven't told any teachers or anything about it yet because I'm on spring break, but he chose to harass probably one of the only people who has read the student handbook and code of conduct front to back multiple times (cause I like to find loopholes in the rules) so I know exactly how to report him. I'm also gonna talk to my therapist about it in the morning to help me, and those friends I mentioned who I thought who be mad at me if they found out? They're pissed at HIM and hate his guts.","tpeeap SexualHarassment Guy kept pressing about me sending nudes. heheh012 /r/SexualHarassment/comments/tpeeap/guy_kept_pressing_about_me_sending_nudes/ I sit with this guy at lunch at school and he's in a couple of my classes and friends with some guys who are my friends so I think he's my friend but he just made me really uncomfortable and I don't know anymore. He messaged me on Snapchat asking for ""ass pics"" and the friend group we're in together (the aforementioned ""guys"") jokes about that stuff all the time but this didn't feel like a joke so I just replied ""idk if you're joking or not lol"" and he replied that he wasn't and to send him ass pics. I just said ""nah bro go watch some porn"" and he kept insisting. He started asking for pussy pics and I just told him that ""I'm sure you have a lot of porn sites saved go watch that"" and he said he didn't and to send them. He said he'll send me a dick pic if I do and sent ""🍆🍑"" and at this point I felt really uncomfortable and was panicking and just told him ""dude. I've told you no multiple times."" And then he started escalating and saying ""NOW."" ""SEND THEM NOW"" and saying that he was fr and send pics pls and I felt really uncomfortable but was scared he was gonna go tell the guys and make them not like me anymore which would suck because I have a hard time making friends. I just ghosted him but he kept asking and at this point I was on the verge of a anxiety attack and basically just told him to fuck off. ""I said no, go do smth better"" and he hasn't texted so far, but I feel really uncomfortable and shitty about the whole thing. I just don't know, maybe I was overreacting???

Update: I finally blocked him! However, I haven't told any teachers or anything about it yet because I'm on spring break, but he chose to harass probably one of the only people who has read the student handbook and code of conduct front to back multiple times (cause I like to find loopholes in the rules) so I know exactly how to report him. I'm also gonna talk to my therapist about it in the morning to help me, and those friends I mentioned who I thought who be mad at me if they found out? They're pissed at HIM and hate his guts.","[""\\b(?:he|she)[’']?s\\s+my\\s+friend\\b""]","[""\\bi\\s+(?:genuinely|just|honestly|really|truly|still)\\s+don[’']t\\s+know\\b"", ""\\bi\\s+don[’']t\\s+know\\b"", '\\bidk+k*\\b', ""\\b(?:he|she)[’']?s\\s+my\\s+friend\\b"", '\\bfriend\\b']"
1lqqzco,Molested,18F Does it count as SA? Can he be prosecuted? Am I screwed up beyond hope or can my issue be treated? (It's a bit long & graphic),PersianDelinquent06,23,11,True,4,1751552865,/r/Molested/comments/1lqqzco/18f_does_it_count_as_sa_can_he_be_prosecuted_am_i/,"**\*First of all, I've been working up the courage to write this for 2 weeks. When I start to think about it, I get angry and when I get angry I feel I have to unload everything. For 5 years I had nobody to talk to and I'm like an unclogged faucet now. So I'll try to keep it coherent but sorry in advance if I fail...\***

I was born in Eastern Europe but my mother married a persian man when I was 12 and we first moved to Dubai, then to his home town of Tehran.

For the first year, while we were in Dubai all was fine but he would just look at me when I wore shorts around the house, maybe pick me up, play with my arms, touch my leg or my belly in a friendly playful way, nothing too weird... or so I thought.

Then just a few weeks after we move to Tehran with his family (he is a doctor and his family is very rich) he gives me my fist ""gyno exam"". My mom saw nothing wrong with that. He undressed me himself, he made jokes about my body, made fun of my thin pubic hair, ""played"" with my breasts to check for breast cancer and massaged my clitoris to see if ""everything works down there"". My mom would come and go from the room at will, she was OK with it and she was laughing alongside him. At one point she comes and gives me a kiss on the forehead saying that what's happening is perfectly normal, every girl goes through the ""gyno exam"". I didn't know much then and they both seemed so relaxed and natural so I believed her.

Then for the next few weeks he would randomly touch me around the house, lift up my top, catch me in wrestling holds, being playful as always but this time it was more than just ""play"" because he was groping my butt and my boobs and making fun of my body.

I told my mom about it but she said I was exagerrating, that he is a doctor and that I am a kid and it's normal behavior on his part because he loves me and he gave us these riches when he could have chosen any other woman to marry.

At one point he caught me walking around the house (I was wearing hoodies and sweatpants just to not provoke him in any way) and he lifted up my hoodie. Then the T-shirt underneath. He was very patient and didn't say a word. I thought he'll make fun of my body again but he lifted them up and started kissing my breasts. I initially froze but then he bit my nipple and it ""woke me up"" and I started to scream for mom, I didn't care about anything at that point...

I go to my mom crying and she sends me to my room, then she has a fight with him. He ends up hitting her and threatening to send us packing back to our home country. It was the happiest I've ever been in that house. Not because my mom was getting slapped, but because I would get to go back to my real home.

Then my mom comes to me and I hug her and wipe away her tears and tell her it's gonna be fine but she slaps me and tells me Amir is a good man and what he did to me is OK and that I will be a woman soon and this is just how things are in his culture and if I don't want to end up on the street I should be a good daughter to him.

After this, what followed were 4-5 years of regular ""playtime"" with Amir. My mom would go shopping for groceries and then he would come to my room and would ""play doctor"" with me, undress me and look at my naked body for a long time, kiss me everywhere, make me play videogames naked while he told me how beautiful I was, how I am his princess while he touched me like I was a piece of furniture...

The only times I would get any nice words out of Amir were when I was naked in front of him.

Then he would buy me gifts and sweets and I welcomed the sweets because I wanted to become fat and unattractive for him. I even put on 10 extra kg but then I lost them when I grew in height. It didn't matter to him. Once a week or once every 2 weeks he was at my door.

He never penetrated me. Only rarely did he take it out but didn't make me touch it or shove it in my face, he would get upset if I even looked at it. I could never get an acknowledgement from mom but I think that was like a deal they made. My mom looks away and he doesn't go too far. That or he simply found enough enjoyment from looks, touches and kisses. Maybe he just had a thing for virgins and he didn't want to ""spoil"" me. Or more cynically, he wanted to marry me off as a virgin.

Only one time he tried to have actual sex with me, I was almost 18 and he took it out and I felt it on my thighs, then he started to spread my legs but I figured out what was going on and I grabbed it myself and held on to it tight, said ""no, please"", started to stroke him, then it went soft and he left with a weird look on his face.

At 18 the plan was to either get married or go to the UK to study. I of course chose to go to the UK, only after I got my passport I left the country and with the help of a few relatives I am now on my own in Europe. No college, no money from back home, they have no idea where I am and what I am doing. I am finally free.

**The Aftermath:**

Ever since coming to Europe I feel a void inside of me. What I used to dread I now... yearn for. Not intellectually, but somehow physically and... emotionally. I haven't told anyone this but for months I lurked on cam sites like Omegle and showed my body to men, especially to older men. I used to just lie there and play on my phone naked and let them do their thing and I would feel get a sense of purpose and fulfillment out of it but it was short lived. Every morning I would wake up crying and regretting it.

I'm off cam sites now, haven't done anything like that in like a month but every older man I see I have this crazy unhealthy desire for them to slowly undress me and just... look at me and tell me how beautiful I am.

I've sincerely considered becoming a professional cam model although my dream is to go to law school. I was the top student in my class, I have a high IQ, I know I am meant for a career. I also know I'm all kinds of fucked up and I struggle to fight these urges but the more I fight, the more depressed I get.

**I now have a few questions:**

1. Should I hate my mother or did she just... make the best of the cards she was dealt? I went through all the stages with her. I hated her, I tried to understand her, I just didn't think of her for a while... but now she is again in my thoughts and I can't help but miss her. Should I?
2. Does what he did to me classify as rape? Was it SA? Does doing it to me for 5 years make it worse, legally? Could my mother be considered his accomplice? If I try to get him prosecuted, will it automatically get her in trouble too?
3. He has both Iranian citizenship and EU citizenship. I live in the EU. He often travels to the EU. Should I report it? Will it get him in any kind of trouble here in the EU if everything happened in Iran?
4. What the hell is wrong with me? Why was I getting naked on Omegle? Is it hypersexuality? I am not sexual. I'm still a virgin, never even kissed a boy, I feel no need to invite guys into my life, I find some cute but I can't even imagine being with them... so what is it? Did I develop a kind of narcissism? What kind of a therapist do I need to see for my issue?

**If you read all of it and/or are considering helping me with advice or even with a kind word, thank you!**","1lqqzco Molested 18F Does it count as SA? Can he be prosecuted? Am I screwed up beyond hope or can my issue be treated? (It's a bit long & graphic) PersianDelinquent06 /r/Molested/comments/1lqqzco/18f_does_it_count_as_sa_can_he_be_prosecuted_am_i/ **\*First of all, I've been working up the courage to write this for 2 weeks. When I start to think about it, I get angry and when I get angry I feel I have to unload everything. For 5 years I had nobody to talk to and I'm like an unclogged faucet now. So I'll try to keep it coherent but sorry in advance if I fail...\***

I was born in Eastern Europe but my mother married a persian man when I was 12 and we first moved to Dubai, then to his home town of Tehran.

For the first year, while we were in Dubai all was fine but he would just look at me when I wore shorts around the house, maybe pick me up, play with my arms, touch my leg or my belly in a friendly playful way, nothing too weird... or so I thought.

Then just a few weeks after we move to Tehran with his family (he is a doctor and his family is very rich) he gives me my fist ""gyno exam"". My mom saw nothing wrong with that. He undressed me himself, he made jokes about my body, made fun of my thin pubic hair, ""played"" with my breasts to check for breast cancer and massaged my clitoris to see if ""everything works down there"". My mom would come and go from the room at will, she was OK with it and she was laughing alongside him. At one point she comes and gives me a kiss on the forehead saying that what's happening is perfectly normal, every girl goes through the ""gyno exam"". I didn't know much then and they both seemed so relaxed and natural so I believed her.

Then for the next few weeks he would randomly touch me around the house, lift up my top, catch me in wrestling holds, being playful as always but this time it was more than just ""play"" because he was groping my butt and my boobs and making fun of my body.

I told my mom about it but she said I was exagerrating, that he is a doctor and that I am a kid and it's normal behavior on his part because he loves me and he gave us these riches when he could have chosen any other woman to marry.

At one point he caught me walking around the house (I was wearing hoodies and sweatpants just to not provoke him in any way) and he lifted up my hoodie. Then the T-shirt underneath. He was very patient and didn't say a word. I thought he'll make fun of my body again but he lifted them up and started kissing my breasts. I initially froze but then he bit my nipple and it ""woke me up"" and I started to scream for mom, I didn't care about anything at that point...

I go to my mom crying and she sends me to my room, then she has a fight with him. He ends up hitting her and threatening to send us packing back to our home country. It was the happiest I've ever been in that house. Not because my mom was getting slapped, but because I would get to go back to my real home.

Then my mom comes to me and I hug her and wipe away her tears and tell her it's gonna be fine but she slaps me and tells me Amir is a good man and what he did to me is OK and that I will be a woman soon and this is just how things are in his culture and if I don't want to end up on the street I should be a good daughter to him.

After this, what followed were 4-5 years of regular ""playtime"" with Amir. My mom would go shopping for groceries and then he would come to my room and would ""play doctor"" with me, undress me and look at my naked body for a long time, kiss me everywhere, make me play videogames naked while he told me how beautiful I was, how I am his princess while he touched me like I was a piece of furniture...

The only times I would get any nice words out of Amir were when I was naked in front of him.

Then he would buy me gifts and sweets and I welcomed the sweets because I wanted to become fat and unattractive for him. I even put on 10 extra kg but then I lost them when I grew in height. It didn't matter to him. Once a week or once every 2 weeks he was at my door.

He never penetrated me. Only rarely did he take it out but didn't make me touch it or shove it in my face, he would get upset if I even looked at it. I could never get an acknowledgement from mom but I think that was like a deal they made. My mom looks away and he doesn't go too far. That or he simply found enough enjoyment from looks, touches and kisses. Maybe he just had a thing for virgins and he didn't want to ""spoil"" me. Or more cynically, he wanted to marry me off as a virgin.

Only one time he tried to have actual sex with me, I was almost 18 and he took it out and I felt it on my thighs, then he started to spread my legs but I figured out what was going on and I grabbed it myself and held on to it tight, said ""no, please"", started to stroke him, then it went soft and he left with a weird look on his face.

At 18 the plan was to either get married or go to the UK to study. I of course chose to go to the UK, only after I got my passport I left the country and with the help of a few relatives I am now on my own in Europe. No college, no money from back home, they have no idea where I am and what I am doing. I am finally free.

**The Aftermath:**

Ever since coming to Europe I feel a void inside of me. What I used to dread I now... yearn for. Not intellectually, but somehow physically and... emotionally. I haven't told anyone this but for months I lurked on cam sites like Omegle and showed my body to men, especially to older men. I used to just lie there and play on my phone naked and let them do their thing and I would feel get a sense of purpose and fulfillment out of it but it was short lived. Every morning I would wake up crying and regretting it.

I'm off cam sites now, haven't done anything like that in like a month but every older man I see I have this crazy unhealthy desire for them to slowly undress me and just... look at me and tell me how beautiful I am.

I've sincerely considered becoming a professional cam model although my dream is to go to law school. I was the top student in my class, I have a high IQ, I know I am meant for a career. I also know I'm all kinds of fucked up and I struggle to fight these urges but the more I fight, the more depressed I get.

**I now have a few questions:**

1. Should I hate my mother or did she just... make the best of the cards she was dealt? I went through all the stages with her. I hated her, I tried to understand her, I just didn't think of her for a while... but now she is again in my thoughts and I can't help but miss her. Should I?
2. Does what he did to me classify as rape? Was it SA? Does doing it to me for 5 years make it worse, legally? Could my mother be considered his accomplice? If I try to get him prosecuted, will it automatically get her in trouble too?
3. He has both Iranian citizenship and EU citizenship. I live in the EU. He often travels to the EU. Should I report it? Will it get him in any kind of trouble here in the EU if everything happened in Iran?
4. What the hell is wrong with me? Why was I getting naked on Omegle? Is it hypersexuality? I am not sexual. I'm still a virgin, never even kissed a boy, I feel no need to invite guys into my life, I find some cute but I can't even imagine being with them... so what is it? Did I develop a kind of narcissism? What kind of a therapist do I need to see for my issue?

**If you read all of it and/or are considering helping me with advice or even with a kind word, thank you!**",['\\bit\\s+count(?:s)?\\s+as\\s+(?:sa|sexual\\s+assault)\\b'],"[""\\bi\\s+didn[’']t\\s+know\\b"", '\\bit\\s+count(?:s)?\\s+as\\s+(?:sa|sexual\\s+assault)\\b', '\\bsa\\b', '\\brape\\b', '\\bmolest(?:ed|ation|ations)?\\b']"
1iclhfy,Molested,so this is really complicated,[deleted],24,7,True,1,1738124120,/r/Molested/comments/1iclhfy/so_this_is_really_complicated/,"the whole side of my dads family is very small and very toxic. i don’t even know how my dad got custody of me but he’s mentally ill and abusive in almost every way, he never touched me tho. this is about my uncle. after living with my dad since a child, the abuse with me became very personal and domestic when i was 10. i had been self harming since i was a very young child from witnessing things as a toddler and being wrongfully ripped away from my mother without even saying goodbye at 2. my dad is very violent and has bipolar disorder, and gets very scary. and before anyone says he needs help, my father is so deep into this hole of narcissistic cycles that he is no longer someone he might’ve once been. he’s a very scary person and extremely manipulative in every way you could possibly think of, even physically. so one day it got so bad he essentially kicked me out and i went to move with my grandparents, which was a relief. i almost saw them as my saviors if that makes sense. but not for long. i had been visiting my mom when i was 6 every summer and every other Christmas, but was also manipulated by my grandparents into thinking she was a villain at a young age, when in reality they were also apart of enabling my abuser(father). so when covid first hit and i went to my grandparents everything felt really good for two months and then everything fell apart in my mind like how it was at my dads. things started getting worse in that house and i felt very alone and alienated. i went to visit my mom for the summer and came back and did online school(this was still during the pandemic). my uncle never really talked to me much growing up, we had fun when we were really little but he ended up ignoring me till the age of 11. i went to him for help because i was struggling with self harm horribly and suicidal thoughts, i wanted him to help me get help. which he never did, he only told my grandpa and i was given a speech which was essentially just an excuse that i could not get therapy treatment because they didn’t want cps to be called because since what my dad did to me was “my fault”. when i came back from my moms i told my uncle i had smoked weed with a friend i had when i was up there, and he said he wouldn’t say anything. i don’t know why i told him that but at the same time i was just a child. october comes by, and he texts me telling me to come to his room which was weird because he never wanted to willingly speak to me. i went down the stairs and i was happy, i didn’t have any friends and felt really alone. i was glad he wanted to spend time with me. i get down there and he just looks at me, i honestly don’t remember much of it. i think i blocked a lot of my childhood out but i’ve also done a lot of drugs since then so my brain also might be fried. but at some point he said i need you to do something for me. i replied “what is it?”and he said “i need you to help me out” and started to walk up to me. and of course i was shocked and he said “ill tell our grandparents you smoked weed, and that scared me because i didn’t want my mom to get in trouble even tho she even had no idea. i didn’t say a word and he pushed my head down until i was kneeling. my body had already adapted to turn off everything i was feeling in a state of panic off due to my dad. and i think thats what happened? i still don’t know till this day why i didn’t move away from him. i did everything he said to do, it was only oral tho. once he was done he told me to go to my room. my uncle was 16 at this time and i was 11. i brushed my teeth for 20 minutes straight after that. i thought it was my fault, maybe i shouldn’t have wore shorts that day. after that he taught me how to hide porn from my grandparents because i had gotten in trouble for watching it. i think that was the first habit that started off my addiction-tendencies. i didn’t even ask, he just came to my room showed me and left. he texted me again a few days later telling me to come to his room, i didn’t respond but it showed i read his message and after 5 minutes he replied with “now” so i went down there. and it was the same process as last time except he was doing it to me. i just remember looking off to the corner of that room, i couldn’t feel anything. my aunt died a little bit after that and my grandma was devastated, i didn’t even feel anything about my aunts death i was so disconnected from myself and my mind at that point. it didn’t happen for a little while after that until one morning he came to wake me up for school which was unusual, i had stopped waking up at that point and taking care of myself because of how much i was outside of my body. i remember he kinda shook me by my hip, i was laying on my side. and i ignored him, i already knew something he was going to do something i just felt it in my gut. and i was right, i kept my eyes closed and i heard his belt un buckle. he continued to do what he did and eventually i couldn’t handle ignoring it anymore and i just started crying, after pretending i was asleep. i felt so worthless and embarrassed, more then violated. he shushed me and told me to stop crying like he cared. he took it out and never finished with what i’m assuming, i couldn’t feel anything. he never said a word to me after that, i went to visit my mom the following summer and told her i was scared to go back. i was planning to commit suicide when i went back, and so i never did see any of them again. i denied that fact it happened in my own head because i never said no, and i thought it was my fault. i didn’t tell my mom till i was 13. she didn’t have much of a reaction, not because she didn’t care i don’t think. i don’t know. but it didn’t start to affect me until the closer im getting to the age he was of when he did that to me. it feels gross, being groomed by many other men among that on the internet. and to be honest i used to love it, the feeling of being loved. even if it wasn’t the type i should’ve received. but now i feel dirty, i feel guilty, i can’t have sex. i freak out anytime, i like making out but when it comes to directly touching me i only want to cry and cry. that’s pissed a few boys off because i refuse to tell them. i just can’t, i never said no. i did what he told me too. but is that considered rape? i feel like the few people i told tell me it is and tell me how im supposed to feel, but i don’t feel sad or angry about it. i feel disgusting, and ashamed knowing i let that happen. but at the same time he was 6,2 and i was only 5,1 and was scared of men especially from being severely abused by my father. and i doubt my grandmother would ever believe me, i haven’t talked to that group of people in a long time. i feel mis understood and annoying, i struggle making connections with people and the few i do make i can’t keep because im just not like everyone else. i feel retarded compared to everyone else, i feel like a child. i don’t think i act like one, but i always have this sense of borderline akwardness. not because im shy but because i simply don’t think like other people. i go to the bathroom and cry because everything feels overwhelming, and ive made multiple scenes at school.
i know i just ranted but i don’t know if this is a normal feeling or if i should even consider it sexual assault because i never did anything about it. i know i should report it but i don’t think it would even do anything since we were both minors at the time. and i simply just don’t want too, i don’t want other people to know. i’ve been in therapy and ive still never talked about it with a professional because i physically can’t. am i in the wrong?","1iclhfy Molested so this is really complicated [deleted] /r/Molested/comments/1iclhfy/so_this_is_really_complicated/ the whole side of my dads family is very small and very toxic. i don’t even know how my dad got custody of me but he’s mentally ill and abusive in almost every way, he never touched me tho. this is about my uncle. after living with my dad since a child, the abuse with me became very personal and domestic when i was 10. i had been self harming since i was a very young child from witnessing things as a toddler and being wrongfully ripped away from my mother without even saying goodbye at 2. my dad is very violent and has bipolar disorder, and gets very scary. and before anyone says he needs help, my father is so deep into this hole of narcissistic cycles that he is no longer someone he might’ve once been. he’s a very scary person and extremely manipulative in every way you could possibly think of, even physically. so one day it got so bad he essentially kicked me out and i went to move with my grandparents, which was a relief. i almost saw them as my saviors if that makes sense. but not for long. i had been visiting my mom when i was 6 every summer and every other Christmas, but was also manipulated by my grandparents into thinking she was a villain at a young age, when in reality they were also apart of enabling my abuser(father). so when covid first hit and i went to my grandparents everything felt really good for two months and then everything fell apart in my mind like how it was at my dads. things started getting worse in that house and i felt very alone and alienated. i went to visit my mom for the summer and came back and did online school(this was still during the pandemic). my uncle never really talked to me much growing up, we had fun when we were really little but he ended up ignoring me till the age of 11. i went to him for help because i was struggling with self harm horribly and suicidal thoughts, i wanted him to help me get help. which he never did, he only told my grandpa and i was given a speech which was essentially just an excuse that i could not get therapy treatment because they didn’t want cps to be called because since what my dad did to me was “my fault”. when i came back from my moms i told my uncle i had smoked weed with a friend i had when i was up there, and he said he wouldn’t say anything. i don’t know why i told him that but at the same time i was just a child. october comes by, and he texts me telling me to come to his room which was weird because he never wanted to willingly speak to me. i went down the stairs and i was happy, i didn’t have any friends and felt really alone. i was glad he wanted to spend time with me. i get down there and he just looks at me, i honestly don’t remember much of it. i think i blocked a lot of my childhood out but i’ve also done a lot of drugs since then so my brain also might be fried. but at some point he said i need you to do something for me. i replied “what is it?”and he said “i need you to help me out” and started to walk up to me. and of course i was shocked and he said “ill tell our grandparents you smoked weed, and that scared me because i didn’t want my mom to get in trouble even tho she even had no idea. i didn’t say a word and he pushed my head down until i was kneeling. my body had already adapted to turn off everything i was feeling in a state of panic off due to my dad. and i think thats what happened? i still don’t know till this day why i didn’t move away from him. i did everything he said to do, it was only oral tho. once he was done he told me to go to my room. my uncle was 16 at this time and i was 11. i brushed my teeth for 20 minutes straight after that. i thought it was my fault, maybe i shouldn’t have wore shorts that day. after that he taught me how to hide porn from my grandparents because i had gotten in trouble for watching it. i think that was the first habit that started off my addiction-tendencies. i didn’t even ask, he just came to my room showed me and left. he texted me again a few days later telling me to come to his room, i didn’t respond but it showed i read his message and after 5 minutes he replied with “now” so i went down there. and it was the same process as last time except he was doing it to me. i just remember looking off to the corner of that room, i couldn’t feel anything. my aunt died a little bit after that and my grandma was devastated, i didn’t even feel anything about my aunts death i was so disconnected from myself and my mind at that point. it didn’t happen for a little while after that until one morning he came to wake me up for school which was unusual, i had stopped waking up at that point and taking care of myself because of how much i was outside of my body. i remember he kinda shook me by my hip, i was laying on my side. and i ignored him, i already knew something he was going to do something i just felt it in my gut. and i was right, i kept my eyes closed and i heard his belt un buckle. he continued to do what he did and eventually i couldn’t handle ignoring it anymore and i just started crying, after pretending i was asleep. i felt so worthless and embarrassed, more then violated. he shushed me and told me to stop crying like he cared. he took it out and never finished with what i’m assuming, i couldn’t feel anything. he never said a word to me after that, i went to visit my mom the following summer and told her i was scared to go back. i was planning to commit suicide when i went back, and so i never did see any of them again. i denied that fact it happened in my own head because i never said no, and i thought it was my fault. i didn’t tell my mom till i was 13. she didn’t have much of a reaction, not because she didn’t care i don’t think. i don’t know. but it didn’t start to affect me until the closer im getting to the age he was of when he did that to me. it feels gross, being groomed by many other men among that on the internet. and to be honest i used to love it, the feeling of being loved. even if it wasn’t the type i should’ve received. but now i feel dirty, i feel guilty, i can’t have sex. i freak out anytime, i like making out but when it comes to directly touching me i only want to cry and cry. that’s pissed a few boys off because i refuse to tell them. i just can’t, i never said no. i did what he told me too. but is that considered rape? i feel like the few people i told tell me it is and tell me how im supposed to feel, but i don’t feel sad or angry about it. i feel disgusting, and ashamed knowing i let that happen. but at the same time he was 6,2 and i was only 5,1 and was scared of men especially from being severely abused by my father. and i doubt my grandmother would ever believe me, i haven’t talked to that group of people in a long time. i feel mis understood and annoying, i struggle making connections with people and the few i do make i can’t keep because im just not like everyone else. i feel retarded compared to everyone else, i feel like a child. i don’t think i act like one, but i always have this sense of borderline akwardness. not because im shy but because i simply don’t think like other people. i go to the bathroom and cry because everything feels overwhelming, and ive made multiple scenes at school.
i know i just ranted but i don’t know if this is a normal feeling or if i should even consider it sexual assault because i never did anything about it. i know i should report it but i don’t think it would even do anything since we were both minors at the time. and i simply just don’t want too, i don’t want other people to know. i’ve been in therapy and ive still never talked about it with a professional because i physically can’t. am i in the wrong?",['\\bconsider(?:ed)?\\s+(?:it\\s+)?(?:sa|sexual\\s+assault)\\b'],"[""\\bi\\s+(?:genuinely|just|honestly|really|truly|still)\\s+don[’']t\\s+know\\b"", ""\\bi\\s+don[’']t\\s+even\\s+know\\b"", ""\\bi\\s+don[’']t\\s+know\\b"", '\\bassault\\b', '\\brape\\b', '\\bconsider(?:ed)?\\s+(?:it\\s+)?(?:sa|sexual\\s+assault)\\b', '\\bfriend\\b', '\\bmolest(?:ed|ation|ations)?\\b', '\\bsexual(?:ly)?\\s+assault(?:ed|s|ing)?\\b']"
14z9c4c,Molested,Sometimes it’s hard not to believe that I was the one responsible,SpaklePuppy,16,3,False,0,1689318877,/r/Molested/comments/14z9c4c/sometimes_its_hard_not_to_believe_that_i_was_the/,"(If any of this makes you think you know me keep it to yourself I don’t want to talk inrl about it)

Sometimes it’s hard not to believe that I was the one responsible, I was 10 going through grief, my mom was in her final stage of cancer, about to die, my dad was quiet absent, and quite frank 10 year old me didn’t think he loved me, my older sibling was blaming me for our mothers dying, I used to think if I wasn’t born she would be alive/I killed her (I no longer think that after years of therapy)

Our grandparents moved into take care of me and my sibling, I felt so alone, sometimes I’m not really sure why I went to him not my grandmother, 

I can’t even remember why it turned sexual, what made me be feel it needed to be sexual, all I had in my head was this is how adults love, 

It only went on for several months and part of me feels like “it wasn’t that bad” although I’m sure that’s common for survivors 

I can only remember several scenarios 
-I remember stripping for him while he sat at the table (I was in a blind spot)
-I remember being in his bed, I don’t know what was happening but I kept getting these thoughts of me wanting him to stick his fingers in me (thank goodness I never told him) so it never happened as far as I know 
-I used to touch his genitals a lot, I honestly can’t remember if it was only through his clothes or without, i remember sitting on the lounge when people were in the room with a blanket over us, touching him
-we used to tongue kiss a lot 
-I think I unlocked a repressed memory several months ago of sucking on his chest/n1p5 (but i don’t have any therapy to talk and explore this memory safely)
-I can’t remember any more but I feel there’s more 
-and the final time, nothing happened but it was going to happen but his wife walked in on us and we pulled away like touching fire, I remember she cried heaps and I had to keep telling her nothing happened (why did she ever believe a 11 year old words, I wish she didn’t, I wish he came clean about it, I wish I gotten help)

and after that I wanted it to stop  (I didn’t like knowing I hurt my grandmother) and it did, which is why I always thought I was in control, I initiated the acts, I started the acts, and when I asked for it to stop it did, as far as I can remember he never raped me, never touched me, a part of me wishes he did, I feel like I’d feel better knowing he did stuff as well but it was all me guiding it, he never did anything to me

My psychiatrist argued the reason he most like let me stop was because I was no longer willing, and if he wanted to continue he would have to force me, 

maybe he thought if he forced me I would be more likely to tell? Maybe he actually loved me and didn’t want to hurt me and force me? 

Sometimes I wonder why he let it happen and never got me help when i tried to engage in the acts, I remember when I finally open up about it, my grandmother said, he never wanted to come and stay, but she would force him, I feel like he tried so hard not to, but at the end of the day he still did it?
Years later he said he was weak and that’s why he did it?

I feel like no one cares, when I opened up about it (age 18) I had all these projections that they’d hate him kick him out, but no, that never happened, they still love him and miss him and every day it hurts so much, even now that his been dead for years, 

He was diagnosed with alzheimers, and used to fall a lot, especially in the shower, I used to have to help pick up his naked body, (since I lived with them) and that was another whole traumatic thing 

I wished someone cared, I wish the family members who know would stop talking amazing things 

I remember seeing a Facebook post by my sibling, that thanked him for coming and looking after us when mom was dying, and it kills me that at that time he was abusing me","14z9c4c Molested Sometimes it’s hard not to believe that I was the one responsible SpaklePuppy /r/Molested/comments/14z9c4c/sometimes_its_hard_not_to_believe_that_i_was_the/ (If any of this makes you think you know me keep it to yourself I don’t want to talk inrl about it)

Sometimes it’s hard not to believe that I was the one responsible, I was 10 going through grief, my mom was in her final stage of cancer, about to die, my dad was quiet absent, and quite frank 10 year old me didn’t think he loved me, my older sibling was blaming me for our mothers dying, I used to think if I wasn’t born she would be alive/I killed her (I no longer think that after years of therapy)

Our grandparents moved into take care of me and my sibling, I felt so alone, sometimes I’m not really sure why I went to him not my grandmother, 

I can’t even remember why it turned sexual, what made me be feel it needed to be sexual, all I had in my head was this is how adults love, 

It only went on for several months and part of me feels like “it wasn’t that bad” although I’m sure that’s common for survivors 

I can only remember several scenarios 
-I remember stripping for him while he sat at the table (I was in a blind spot)
-I remember being in his bed, I don’t know what was happening but I kept getting these thoughts of me wanting him to stick his fingers in me (thank goodness I never told him) so it never happened as far as I know 
-I used to touch his genitals a lot, I honestly can’t remember if it was only through his clothes or without, i remember sitting on the lounge when people were in the room with a blanket over us, touching him
-we used to tongue kiss a lot 
-I think I unlocked a repressed memory several months ago of sucking on his chest/n1p5 (but i don’t have any therapy to talk and explore this memory safely)
-I can’t remember any more but I feel there’s more 
-and the final time, nothing happened but it was going to happen but his wife walked in on us and we pulled away like touching fire, I remember she cried heaps and I had to keep telling her nothing happened (why did she ever believe a 11 year old words, I wish she didn’t, I wish he came clean about it, I wish I gotten help)

and after that I wanted it to stop  (I didn’t like knowing I hurt my grandmother) and it did, which is why I always thought I was in control, I initiated the acts, I started the acts, and when I asked for it to stop it did, as far as I can remember he never raped me, never touched me, a part of me wishes he did, I feel like I’d feel better knowing he did stuff as well but it was all me guiding it, he never did anything to me

My psychiatrist argued the reason he most like let me stop was because I was no longer willing, and if he wanted to continue he would have to force me, 

maybe he thought if he forced me I would be more likely to tell? Maybe he actually loved me and didn’t want to hurt me and force me? 

Sometimes I wonder why he let it happen and never got me help when i tried to engage in the acts, I remember when I finally open up about it, my grandmother said, he never wanted to come and stay, but she would force him, I feel like he tried so hard not to, but at the end of the day he still did it?
Years later he said he was weak and that’s why he did it?

I feel like no one cares, when I opened up about it (age 18) I had all these projections that they’d hate him kick him out, but no, that never happened, they still love him and miss him and every day it hurts so much, even now that his been dead for years, 

He was diagnosed with alzheimers, and used to fall a lot, especially in the shower, I used to have to help pick up his naked body, (since I lived with them) and that was another whole traumatic thing 

I wished someone cared, I wish the family members who know would stop talking amazing things 

I remember seeing a Facebook post by my sibling, that thanked him for coming and looking after us when mom was dying, and it kills me that at that time he was abusing me","[""\\bit\\s+wasn[’']t\\s+that\\s+bad\\b""]","['\\bwife\\b', ""\\bit\\s+wasn[’']t\\s+that\\s+bad\\b"", '\\bmolest(?:ed|ation|ations)?\\b', ""\\bi\\s+don[’']t\\s+know\\b""]"
13jrty6,Molested,Is this SA? (My dad) plz respond,hmmshiddy,16,19,True,3,1684299212,/r/Molested/comments/13jrty6/is_this_sa_my_dad_plz_respond/,"Okay so this has messed with me for a while and I'm still really confused and feel sick writing this. Idk what to think or what to call this. 

From the ages of around 14-18 my dad used to do this weird creepy thing around once a week.

I would be laying on the couch and he would walk up to me very slowly, slowly look at me head to toe, head to toe, head to toe, and his arms would slowly come up, and then when he finally got to me he would quickly grab either my upper inner thigh, or the place where the top of my upper thigh meets my hip. 

It always seemed sexual to me, and he would never grab me anywhere else when he did this thing. When I saw him coming up to me to do this I'd call my two little dogs up and put them on top of me. There was a couple times where he asked, ""what did you think I was gonna do?"" (Making me think he knew what he was doing?) But I can't know his intention, so I don't know what to think about it. But when I moved out I stopped talking to him for the most part because it seemed sexual to me and it weirded me out and changed how I think about him. 

He also asked me multiple times as a teenager if I masturbate, to which id pretend like I didn't know what it was or  I thought only guys did that just to brush the question off. 

He'd smack my ass a lot, and one time I said please don't do that and he did it several times as I tried to walk away from him. 

It's so confusing to me because this isn't molestation, I don't even know if I should call this sexual assault. All I know is that it's had a major affect on me.

 I wasn't going to tell anybody, but then in 2019 I had a phycological break where I heard a demonic voice tell me I was going to hell (never had anything like that happen before) and I was convinced I was going to die so I just opened up about everything I was hiding. It told my mom dad did something weird, she asked what is was, i didn't know how to tell her. Then she told my grandma (her mom) and they both came up to me and asked what he did, I freaked out and told them he took me in the garage one day and cut both of our hands and smashed them together (which did happen) but I told them that so I didn't have to say the other stuff. My grandma rolled her eyes and seemed mad like I made a big deal out of nothing. 

I eventually told my mom what happened and she pretty muched brushed it off and now I feel like shit because to them it seems like I just wanted attention.

Anyway, my dad died last year unexpectedly from multi-organ failure. When he was unconscious I told him I forgive him, even though I never talked to him about any of this. but I'm still left with these weird feeings. I still want my dad and the relationship we had, minus the stuff that made me feel weird. He was the most similar to me out of my whole family and I love him very much. Half of me is angry at him, and the other half of me tells me I was being dramatic and I should have just let it go so I didn't waste the last years I had with him. I just don't know what to call this. I don't know why I even want to label this. I have a hard time letting this go and it's very confusing to me. Thanks for reading if you got this far.","13jrty6 Molested Is this SA? (My dad) plz respond hmmshiddy /r/Molested/comments/13jrty6/is_this_sa_my_dad_plz_respond/ Okay so this has messed with me for a while and I'm still really confused and feel sick writing this. Idk what to think or what to call this. 

From the ages of around 14-18 my dad used to do this weird creepy thing around once a week.

I would be laying on the couch and he would walk up to me very slowly, slowly look at me head to toe, head to toe, head to toe, and his arms would slowly come up, and then when he finally got to me he would quickly grab either my upper inner thigh, or the place where the top of my upper thigh meets my hip. 

It always seemed sexual to me, and he would never grab me anywhere else when he did this thing. When I saw him coming up to me to do this I'd call my two little dogs up and put them on top of me. There was a couple times where he asked, ""what did you think I was gonna do?"" (Making me think he knew what he was doing?) But I can't know his intention, so I don't know what to think about it. But when I moved out I stopped talking to him for the most part because it seemed sexual to me and it weirded me out and changed how I think about him. 

He also asked me multiple times as a teenager if I masturbate, to which id pretend like I didn't know what it was or  I thought only guys did that just to brush the question off. 

He'd smack my ass a lot, and one time I said please don't do that and he did it several times as I tried to walk away from him. 

It's so confusing to me because this isn't molestation, I don't even know if I should call this sexual assault. All I know is that it's had a major affect on me.

 I wasn't going to tell anybody, but then in 2019 I had a phycological break where I heard a demonic voice tell me I was going to hell (never had anything like that happen before) and I was convinced I was going to die so I just opened up about everything I was hiding. It told my mom dad did something weird, she asked what is was, i didn't know how to tell her. Then she told my grandma (her mom) and they both came up to me and asked what he did, I freaked out and told them he took me in the garage one day and cut both of our hands and smashed them together (which did happen) but I told them that so I didn't have to say the other stuff. My grandma rolled her eyes and seemed mad like I made a big deal out of nothing. 

I eventually told my mom what happened and she pretty muched brushed it off and now I feel like shit because to them it seems like I just wanted attention.

Anyway, my dad died last year unexpectedly from multi-organ failure. When he was unconscious I told him I forgive him, even though I never talked to him about any of this. but I'm still left with these weird feeings. I still want my dad and the relationship we had, minus the stuff that made me feel weird. He was the most similar to me out of my whole family and I love him very much. Half of me is angry at him, and the other half of me tells me I was being dramatic and I should have just let it go so I didn't waste the last years I had with him. I just don't know what to call this. I don't know why I even want to label this. I have a hard time letting this go and it's very confusing to me. Thanks for reading if you got this far.",['\\bis\\s+this\\s+(?:sa|sexual\\s+assault)\\b'],"[""\\bi\\s+(?:genuinely|just|honestly|really|truly|still)\\s+don[’']t\\s+know\\b"", ""\\bi\\s+don[’']t\\s+even\\s+know\\b"", ""\\bi\\s+didn[’']t\\s+know\\b"", '\\bis\\s+this\\s+(?:sa|sexual\\s+assault)\\b', '\\bidk+k*\\b', ""\\bi\\s+don[’']t\\s+know\\b"", '\\bsa\\b', '\\bassault\\b', '\\bmolest(?:ed|ation|ations)?\\b', '\\bsexual(?:ly)?\\s+assault(?:ed|s|ing)?\\b']"
1p1u53s,rape,I was raped but I don’t know what to feel. I’m confused,ConfidentSteak3744,9,9,True,3,1763613630,/r/rape/comments/1p1u53s/i_was_raped_but_i_dont_know_what_to_feel_im/,"Please read it all because I need help and advice
⚠️TW: SEXUAL ASSAULT AND SELF HARM⚠️ 

A few weeks ago I (19f) was raped by a guy I don’t know at a party. I was really drunk and didn’t consent to it happening but all I remember is being in the room and I was drugged. I remember him being on top of me and from then, I black out and I don’t remember anything that happened. He admitted to the police to having “consented sex” with me but I was unconscious and I didn’t consent so that’s just wild. But ever since it happened I’ve just felt so weird because I don’t remember anything so I don’t know if I’m supposed to be getting support or if I’m an actual victim or anything. But I’ll list all the things that have been happening to me so far since it’s happened.

Just to preface, I have autism and a semi BPD (borderline) diagnosis. My doctors have also spoken about me having an anxiety disorder.

•	⁠I’m finding it harder to sleep, so sometimes I won’t sleep for days at a time because I’m scared to sleep as when I do, I end up having night terrors or getting flashbacks. This leaves me waking up sweaty, with a racing heart, quick breathing, stressed and scared and often leads to a panic attack. I’ve had panic attacks before so this isn’t new but they do last a bit longer and during my panic attacks I feel like I can’t breathe and I pull at my hair.
•	⁠I can’t concentrate nor do I have the motivation to do anything anymore. I’m in university so I need to attend my lectures but I haven’t been in 2 going on to 3 weeks now and I’m very behind but I just can’t do my work. Nothing is registering in my brain and I feel stupid and like a failure because I’m so behind on everything.
•	⁠I’m losing motivation when it comes to my personal health and hygiene. I will lay in bed all day in the dark deep in thought or zoned out and I don’t brush my teeth or shower or eat any food. I can go 2-3 days without doing any of these but then I start feeling sick and like I’m going to pass out so I force myself to get in the shower and eat something. Even cooking and buying groceries is such a pain. I don’t want to do it anymore.
•	⁠Some days I’ll just feel numb and empty and like I’m living life on autopilot, almost like a robot and these days seem to be easier because I don’t feel anything. I’ll just feel disconnected from reality and my days feel like they’re blurring together. Other days I’m angry at everything, at my friends, at myself, at my situation and at my life. I just get angry and start crying and hitting myself in the head and want to self harm (cutting).
•	⁠Sometimes I feel like I can’t control my mind or my emotions I feel like I’m being taken over and I’ll just get so mad or so upset and start crying and having a breakdown, which less than often leads to a panic attack and sometimes leads to self harm where I’ll usually cut myself or hit/ punch myself in the head and throw things and after I’ll feel more depressed and annoyed with myself and regret what I did after.
•	⁠Nothing is fun anymore. I’ve been depressed since before I was a teenager and I could have my friends or hobbies as an escape but now I don’t want to talk to my friends, I don’t want to do my art or play my instrument or watch my shows or do anything. I wish I could disappear and be alone with a clear mind.
•	⁠I smoke weed and have for a few years as it helps me sleep at night and block/ slow down unwanted thoughts in my mind, but since I’ve been put on Sertraline/ Zoloft it’s made me really paranoid so I’ve had to quit smoking. But now I’m having more restless nights and I feel on edge and worried all the time and I just want to run far away.
•	⁠I feel like I don’t know what I’m doing with myself sometimes, almost unpredictable. A few nights ago, around 1am I was really down in the dumps and I just wanted to feel alive so I took a couple bumps of Ketamine and went on a bike ride in -3° weather. My fingers started going numb so I stopped to smoke some weed even though I was supposed to quit and smoked it but then I realised I didn’t know where I was since I started cycling randomly and I started panicking, broke down crying and just got an uber home.
•	⁠When I speak to someone or I’m in my lecture or on the bus I often zone out and forget what’s being said or what’s going on around me and I have to focus extra hard. I feel out of it and like I’m not processing what’s going on around me.
•	⁠I tried to take my own life about a week after it happened and I got sent to the psych ward but I was released after two days. Then they gave me antidepressants and I’ve been taking them for a week.
•	⁠I started self harming again after being clean for months and I don’t know why, maybe I just wanted to feel something again? I keep getting thoughts of wanting to self harm and end my life cause I feel like there’s no point of anything anymore and nothing even matters.
•	⁠When I try opening up to my friend they keep being strange and annoying. For example, people who know about the situation will ask them how I’m doing if I’m not around since we live near, and they will come to me and tell me that people asked about me and they will be like “What about me?! Why are they not asking how I’m doing?!” and it annoys me and throws me off cause it’s not really about you right now you know. Maybe I’m being selfish. When I express how I’m feeling, be this depressed or like I don’t wanna be here anymore, they will start complaining about things in their life and saying how the fact that I’m depressed is making them depressed and if I did anything to myself they wouldn’t be able to live and then I’d have to comfort them and it’s just kind of strange, like it’s a depression olympics or something. I try not to think about it too deeply cause they’re my friend but it annoys the hell out of me and so I don’t like opening up to them anymore cause it’s always weird. Not to say they can’t open up to me, they always can but they only do it when I do it so that’s why I feel like it’s weird.

I just feel alone because I can’t tell anyone how I’m feeling. I don’t have any friends or family who I’m close enough to open up to, and the only people that I think I can I don’t feel comfortable telling them all this cause what can they do for me? I guess this was a huge rant and stuff I needed to get off my chest and see if people can help me with what’s going on in my mind and any advice would be helpful. I’ve tried talking therapy in the past but that was awful I’ll never do that again so anything else would be appreciated.","1p1u53s rape I was raped but I don’t know what to feel. I’m confused ConfidentSteak3744 /r/rape/comments/1p1u53s/i_was_raped_but_i_dont_know_what_to_feel_im/ Please read it all because I need help and advice
⚠️TW: SEXUAL ASSAULT AND SELF HARM⚠️ 

A few weeks ago I (19f) was raped by a guy I don’t know at a party. I was really drunk and didn’t consent to it happening but all I remember is being in the room and I was drugged. I remember him being on top of me and from then, I black out and I don’t remember anything that happened. He admitted to the police to having “consented sex” with me but I was unconscious and I didn’t consent so that’s just wild. But ever since it happened I’ve just felt so weird because I don’t remember anything so I don’t know if I’m supposed to be getting support or if I’m an actual victim or anything. But I’ll list all the things that have been happening to me so far since it’s happened.

Just to preface, I have autism and a semi BPD (borderline) diagnosis. My doctors have also spoken about me having an anxiety disorder.

•	⁠I’m finding it harder to sleep, so sometimes I won’t sleep for days at a time because I’m scared to sleep as when I do, I end up having night terrors or getting flashbacks. This leaves me waking up sweaty, with a racing heart, quick breathing, stressed and scared and often leads to a panic attack. I’ve had panic attacks before so this isn’t new but they do last a bit longer and during my panic attacks I feel like I can’t breathe and I pull at my hair.
•	⁠I can’t concentrate nor do I have the motivation to do anything anymore. I’m in university so I need to attend my lectures but I haven’t been in 2 going on to 3 weeks now and I’m very behind but I just can’t do my work. Nothing is registering in my brain and I feel stupid and like a failure because I’m so behind on everything.
•	⁠I’m losing motivation when it comes to my personal health and hygiene. I will lay in bed all day in the dark deep in thought or zoned out and I don’t brush my teeth or shower or eat any food. I can go 2-3 days without doing any of these but then I start feeling sick and like I’m going to pass out so I force myself to get in the shower and eat something. Even cooking and buying groceries is such a pain. I don’t want to do it anymore.
•	⁠Some days I’ll just feel numb and empty and like I’m living life on autopilot, almost like a robot and these days seem to be easier because I don’t feel anything. I’ll just feel disconnected from reality and my days feel like they’re blurring together. Other days I’m angry at everything, at my friends, at myself, at my situation and at my life. I just get angry and start crying and hitting myself in the head and want to self harm (cutting).
•	⁠Sometimes I feel like I can’t control my mind or my emotions I feel like I’m being taken over and I’ll just get so mad or so upset and start crying and having a breakdown, which less than often leads to a panic attack and sometimes leads to self harm where I’ll usually cut myself or hit/ punch myself in the head and throw things and after I’ll feel more depressed and annoyed with myself and regret what I did after.
•	⁠Nothing is fun anymore. I’ve been depressed since before I was a teenager and I could have my friends or hobbies as an escape but now I don’t want to talk to my friends, I don’t want to do my art or play my instrument or watch my shows or do anything. I wish I could disappear and be alone with a clear mind.
•	⁠I smoke weed and have for a few years as it helps me sleep at night and block/ slow down unwanted thoughts in my mind, but since I’ve been put on Sertraline/ Zoloft it’s made me really paranoid so I’ve had to quit smoking. But now I’m having more restless nights and I feel on edge and worried all the time and I just want to run far away.
•	⁠I feel like I don’t know what I’m doing with myself sometimes, almost unpredictable. A few nights ago, around 1am I was really down in the dumps and I just wanted to feel alive so I took a couple bumps of Ketamine and went on a bike ride in -3° weather. My fingers started going numb so I stopped to smoke some weed even though I was supposed to quit and smoked it but then I realised I didn’t know where I was since I started cycling randomly and I started panicking, broke down crying and just got an uber home.
•	⁠When I speak to someone or I’m in my lecture or on the bus I often zone out and forget what’s being said or what’s going on around me and I have to focus extra hard. I feel out of it and like I’m not processing what’s going on around me.
•	⁠I tried to take my own life about a week after it happened and I got sent to the psych ward but I was released after two days. Then they gave me antidepressants and I’ve been taking them for a week.
•	⁠I started self harming again after being clean for months and I don’t know why, maybe I just wanted to feel something again? I keep getting thoughts of wanting to self harm and end my life cause I feel like there’s no point of anything anymore and nothing even matters.
•	⁠When I try opening up to my friend they keep being strange and annoying. For example, people who know about the situation will ask them how I’m doing if I’m not around since we live near, and they will come to me and tell me that people asked about me and they will be like “What about me?! Why are they not asking how I’m doing?!” and it annoys me and throws me off cause it’s not really about you right now you know. Maybe I’m being selfish. When I express how I’m feeling, be this depressed or like I don’t wanna be here anymore, they will start complaining about things in their life and saying how the fact that I’m depressed is making them depressed and if I did anything to myself they wouldn’t be able to live and then I’d have to comfort them and it’s just kind of strange, like it’s a depression olympics or something. I try not to think about it too deeply cause they’re my friend but it annoys the hell out of me and so I don’t like opening up to them anymore cause it’s always weird. Not to say they can’t open up to me, they always can but they only do it when I do it so that’s why I feel like it’s weird.

I just feel alone because I can’t tell anyone how I’m feeling. I don’t have any friends or family who I’m close enough to open up to, and the only people that I think I can I don’t feel comfortable telling them all this cause what can they do for me? I guess this was a huge rant and stuff I needed to get off my chest and see if people can help me with what’s going on in my mind and any advice would be helpful. I’ve tried talking therapy in the past but that was awful I’ll never do that again so anything else would be appreciated.","[""\\bi\\s+didn[’']t\\s+consent\\b""]","[""\\bi\\s+didn[’']t\\s+consent\\b"", ""\\bi\\s+didn[’']t\\s+know\\b"", ""\\bi\\s+don[’']t\\s+know\\b"", '\\bassault\\b', '\\brape\\b', '\\bfriend\\b', '\\bsexual(?:ly)?\\s+assault(?:ed|s|ing)?\\b']"
1p0dzrc,rape,Is it still SA if you felt okay while it was happening?,depressy_capricorn,3,10,True,2,1763477651,/r/rape/comments/1p0dzrc/is_it_still_sa_if_you_felt_okay_while_it_was/,"I (23F) hooked up with a guy (32M -- though his Tinder profile said 29 lol) who was essentially a stranger to me as I had just met him that day on Tinder. Not a very good idea, I know, but my mental health has been very bad lately and then all of a sudden this day I suddenly felt impulsive and really wanted to have a night out. 

So, we went out for drinks. The vibes were weird because the conversation between us flowed well, but at the same time, he said a couple of weird things that bothered me, so much that at one point I was seriously considering excusing myself to the restroom (at the bar) and trying to escape lol. 

We ended up at my apartment. I don't recall exactly how that happened, as in I'm not sure if I invited him up or if he asked first or what... 

By this point I was mildly intoxicated. But I still remember most of the night, except for some chunks that are missing.

Anyway, first we were making out in the living room and I remember asking if he wanted to  go to the couch. I don't remember his answer to this but I know that we were on the couch for a little bit because I found my jeans there the next day, lol. 

Then we were in my bedroom, making out on my bed. I think I was still enjoying it at this point. But I'm unsure if at any point I actually *wanted* to have sex. Anyway, he had sex , first he went down on me briefly then PIV. Luckily he asked if I had a condom and I did. I felt like I was enjoying it during. So to me, everything is more or less fine up until this point (although I don't recall much communication/any verbal consent, so that kinda sucks, also he was kinda rough especially for the first time)

However, not long after this, we were cuddling in bed and kissing a bit and he asked if I wanted to do it a second time. And this part I remember very clearly -- I said ***""No, I don't want to do it again, sorry, I'm kinda tired""***  I remember that he was standing at the foot of the bed and I was still sitting on my bed when I said this cause I remember looking up at him. Then at one point my sweet dog came into the room and sat with me on the bed and I was petting her for a bit. But then the guy went ""I have an idea"" and walked out of my bedroom. I wasn't sure what he was doing at this point, but he ended up calling my dog so she would leave the bedroom, then he came back in and closed the door behind him. I still didn't feel scared or anything, but I remember wishing he would leave and my dog could come back instead lol. Anyway, after this I think we were standing, probably kissing near the foot of my bed, then he pushed me, quite hard, back onto the bed, and flipped me over. I still didn't feel scared, I was basically just thinking ""*ugh. this again. i don't want to.*"" But I didn't say anything, except for saying ""*Wait*"" just before he was about to penetrate me so I could give him another condom\* (my last one).

So yeah, this continued for somewhere between 5 and 10 minutes I'd say. I think we switched positions a couple times, but I know it both began and ended with me on my stomach face down. Eventually, I decided I'd had enough because it was starting to hurt a lot (+ I was getting a slight panicky feeling), so I asked him to stop. And very luckily, he did -- meaning he didn't cum in me (this time). 

I honestly didn't think much of it at the time. But the next day I woke up feeling just very... icky. (that was 2 days ago) and since then i've just been feeling progressively worse and worse mentally, both in general and because of the situation. i don't really feel sad or angry, i mostly just feel numb. also a bit despairing/hopeless, but that's for other reasons as well. 

i don't know what to do. i suspect that this situation would indeed be classified as sexual assault (that's without even mentioning the condom thing, which is a whole other thing, but whatever). but i also feel like i'm overreacting, that the situation that happened wasn't bad enough to warrant how i'm acting and feeling right now (eg. i've been avoiding my bedroom ever since, as well as my bathroom because there's a mirror in it + not showering or showing my skin because i don't want to see my face or my body because it will just remind me that it is an object of lust of men, etc...). i've also not been eating much, not been to any of my classes since, and got blackout drunk both last night and the night before (but the last one isn't that unusual for me aha).

i don't want to tell anyone about it, except maybe my therapist / psych nurse whom i see tomorrow. people's reactions are too unpredictable and i just don't want to risk that.

  
***TL;DR -- I had sex with a stranger and I didn't consent to it, but I didn't physically resist and initially felt fine during it, but now I don't, which makes me feel like I'm overreacting.*** ","1p0dzrc rape Is it still SA if you felt okay while it was happening? depressy_capricorn /r/rape/comments/1p0dzrc/is_it_still_sa_if_you_felt_okay_while_it_was/ I (23F) hooked up with a guy (32M -- though his Tinder profile said 29 lol) who was essentially a stranger to me as I had just met him that day on Tinder. Not a very good idea, I know, but my mental health has been very bad lately and then all of a sudden this day I suddenly felt impulsive and really wanted to have a night out. 

So, we went out for drinks. The vibes were weird because the conversation between us flowed well, but at the same time, he said a couple of weird things that bothered me, so much that at one point I was seriously considering excusing myself to the restroom (at the bar) and trying to escape lol. 

We ended up at my apartment. I don't recall exactly how that happened, as in I'm not sure if I invited him up or if he asked first or what... 

By this point I was mildly intoxicated. But I still remember most of the night, except for some chunks that are missing.

Anyway, first we were making out in the living room and I remember asking if he wanted to  go to the couch. I don't remember his answer to this but I know that we were on the couch for a little bit because I found my jeans there the next day, lol. 

Then we were in my bedroom, making out on my bed. I think I was still enjoying it at this point. But I'm unsure if at any point I actually *wanted* to have sex. Anyway, he had sex , first he went down on me briefly then PIV. Luckily he asked if I had a condom and I did. I felt like I was enjoying it during. So to me, everything is more or less fine up until this point (although I don't recall much communication/any verbal consent, so that kinda sucks, also he was kinda rough especially for the first time)

However, not long after this, we were cuddling in bed and kissing a bit and he asked if I wanted to do it a second time. And this part I remember very clearly -- I said ***""No, I don't want to do it again, sorry, I'm kinda tired""***  I remember that he was standing at the foot of the bed and I was still sitting on my bed when I said this cause I remember looking up at him. Then at one point my sweet dog came into the room and sat with me on the bed and I was petting her for a bit. But then the guy went ""I have an idea"" and walked out of my bedroom. I wasn't sure what he was doing at this point, but he ended up calling my dog so she would leave the bedroom, then he came back in and closed the door behind him. I still didn't feel scared or anything, but I remember wishing he would leave and my dog could come back instead lol. Anyway, after this I think we were standing, probably kissing near the foot of my bed, then he pushed me, quite hard, back onto the bed, and flipped me over. I still didn't feel scared, I was basically just thinking ""*ugh. this again. i don't want to.*"" But I didn't say anything, except for saying ""*Wait*"" just before he was about to penetrate me so I could give him another condom\* (my last one).

So yeah, this continued for somewhere between 5 and 10 minutes I'd say. I think we switched positions a couple times, but I know it both began and ended with me on my stomach face down. Eventually, I decided I'd had enough because it was starting to hurt a lot (+ I was getting a slight panicky feeling), so I asked him to stop. And very luckily, he did -- meaning he didn't cum in me (this time). 

I honestly didn't think much of it at the time. But the next day I woke up feeling just very... icky. (that was 2 days ago) and since then i've just been feeling progressively worse and worse mentally, both in general and because of the situation. i don't really feel sad or angry, i mostly just feel numb. also a bit despairing/hopeless, but that's for other reasons as well. 

i don't know what to do. i suspect that this situation would indeed be classified as sexual assault (that's without even mentioning the condom thing, which is a whole other thing, but whatever). but i also feel like i'm overreacting, that the situation that happened wasn't bad enough to warrant how i'm acting and feeling right now (eg. i've been avoiding my bedroom ever since, as well as my bathroom because there's a mirror in it + not showering or showing my skin because i don't want to see my face or my body because it will just remind me that it is an object of lust of men, etc...). i've also not been eating much, not been to any of my classes since, and got blackout drunk both last night and the night before (but the last one isn't that unusual for me aha).

i don't want to tell anyone about it, except maybe my therapist / psych nurse whom i see tomorrow. people's reactions are too unpredictable and i just don't want to risk that.

  
***TL;DR -- I had sex with a stranger and I didn't consent to it, but I didn't physically resist and initially felt fine during it, but now I don't, which makes me feel like I'm overreacting.*** ","[""\\bi\\s+didn[’']t\\s+consent\\b""]","[""\\bi\\s+didn[’']t\\s+consent\\b"", ""\\bi\\s+don[’']t\\s+know\\b"", ""\\bi[’']?m\\s+not\\s+sure\\b"", '\\bsa\\b', '\\bassault\\b', '\\brape\\b', ""\\bi\\s+wasn[’']t\\s+sure\\b"", '\\bsexual(?:ly)?\\s+assault(?:ed|s|ing)?\\b']"
1ouqac6,rape,need advice /vent,Agreeable-Lab-967,2,12,True,3,1762906602,/r/rape/comments/1ouqac6/need_advice_vent/,"I'll try to make it the shortest possible. 
I was in a relationship for a year and a half, we went really slow w intimacy (mostly because of my dysphoria) but at some point he got 'impatient'.

We used to talk about everything before doing things, and I sort of told him I'd give him head. There were several times where I was too scared to actually do it and just ""teased him"" and he got kinda frustrated. It was almost 2 years ago so I might not have exactly all the details. 

He started to push my head down, trying to force me to "" take it "" and told me to do so a lot. I got really scared on the moment because I had never seen him act like that and I figured it was probably just a lot of emotions idk. I tried to 'fight back and asked him why would I do that in a 'teasing way' but it was rlly cuz I didn't want to actually do it? I'm rlly sorry if I express myself badly. He said that I 'have to' do it because I love him, and I believed him. He was really imperative(giving an order) and I felt horrible. I was almost crying but still did it because he was pushing me down. I hated every second of it. 

After that we talked about it and he apologised and said he did ' act weird ' indeed and that he'll stop. I don't really remember if anything similar happened other times. 

Anyway, he broke up w me a year ago, we had a time of no contact where I started to have nightmares about this and talked about it with people, who told me this was S/A. I had a really hard time with accepting that. 

We got back in contact ( ik it wasn't a good thing but I was really attached/obsessed ), and he brought it up and apologised again. I brushed it off because I didn't want him to leave. 

I made a joke once about him forcing me to suck him and he got all worried and wanted to talk about it, we talked hours about it and I kept denying what happened. Obviously by fear of him leaving, I cared more about him feeling bad than me. 

This summer we did the worst possible thing to do which was having sex ( for the first time ). He promised me he'd never do anything like that again, and honestly I don't really remember well still if something similar happened or not. 

I just know that I ' said yes ' to a lot of things that I didn't actually want to please him, I was kinda scared of saying no. he really took advantage of my bad mental state and he was totally aware of it. It was on and off for a few months and I ended up attempting suicide twice. that's when we stopped talking, and I finally got the courage to start talking about what he did to me to people. 

I started w some of his friends but they didn't do anything, they're still friends with him. 

So that's where I'm asking for advice:

I'd really want to "" warn people "" and call him out but idk how to? 

Idk if this counts as rape ( because he said rape was ""worse than that"" ) but idk he's really weird about this, he says he won't defend himself and all? I tried to tell him to talk about it himself because it's really hard for me and hes not doing anything. I'm so tired and I really can't stand him being able to live a normal life when I can't. It's so unfair.

the worst thing is really how hes ' taking my side ' but doesn't actually do anything?? he even told me I could report but idk if that would do anything and I'm scared to talk about it w my family.

so yeah, what should I do? thank you so much if you read everything I really need help","1ouqac6 rape need advice /vent Agreeable-Lab-967 /r/rape/comments/1ouqac6/need_advice_vent/ I'll try to make it the shortest possible. 
I was in a relationship for a year and a half, we went really slow w intimacy (mostly because of my dysphoria) but at some point he got 'impatient'.

We used to talk about everything before doing things, and I sort of told him I'd give him head. There were several times where I was too scared to actually do it and just ""teased him"" and he got kinda frustrated. It was almost 2 years ago so I might not have exactly all the details. 

He started to push my head down, trying to force me to "" take it "" and told me to do so a lot. I got really scared on the moment because I had never seen him act like that and I figured it was probably just a lot of emotions idk. I tried to 'fight back and asked him why would I do that in a 'teasing way' but it was rlly cuz I didn't want to actually do it? I'm rlly sorry if I express myself badly. He said that I 'have to' do it because I love him, and I believed him. He was really imperative(giving an order) and I felt horrible. I was almost crying but still did it because he was pushing me down. I hated every second of it. 

After that we talked about it and he apologised and said he did ' act weird ' indeed and that he'll stop. I don't really remember if anything similar happened other times. 

Anyway, he broke up w me a year ago, we had a time of no contact where I started to have nightmares about this and talked about it with people, who told me this was S/A. I had a really hard time with accepting that. 

We got back in contact ( ik it wasn't a good thing but I was really attached/obsessed ), and he brought it up and apologised again. I brushed it off because I didn't want him to leave. 

I made a joke once about him forcing me to suck him and he got all worried and wanted to talk about it, we talked hours about it and I kept denying what happened. Obviously by fear of him leaving, I cared more about him feeling bad than me. 

This summer we did the worst possible thing to do which was having sex ( for the first time ). He promised me he'd never do anything like that again, and honestly I don't really remember well still if something similar happened or not. 

I just know that I ' said yes ' to a lot of things that I didn't actually want to please him, I was kinda scared of saying no. he really took advantage of my bad mental state and he was totally aware of it. It was on and off for a few months and I ended up attempting suicide twice. that's when we stopped talking, and I finally got the courage to start talking about what he did to me to people. 

I started w some of his friends but they didn't do anything, they're still friends with him. 

So that's where I'm asking for advice:

I'd really want to "" warn people "" and call him out but idk how to? 

Idk if this counts as rape ( because he said rape was ""worse than that"" ) but idk he's really weird about this, he says he won't defend himself and all? I tried to tell him to talk about it himself because it's really hard for me and hes not doing anything. I'm so tired and I really can't stand him being able to live a normal life when I can't. It's so unfair.

the worst thing is really how hes ' taking my side ' but doesn't actually do anything?? he even told me I could report but idk if that would do anything and I'm scared to talk about it w my family.

so yeah, what should I do? thank you so much if you read everything I really need help",['\\bidk\\b.*\\bif\\s+this\\s+counts\\b'],"['\\bidk+k*\\b', '\\bidk\\b.*\\bif\\s+this\\s+counts\\b', '\\bs\\/a\\b', '\\brape\\b']"
1onv6fp,rape,Was this rape/ sexual assault/ or neither?,Strong_Pineapple3321,5,3,False,0,1762221776,/r/rape/comments/1onv6fp/was_this_rape_sexual_assault_or_neither/,"Hello everyone, I am confused about my experience please help. I was talking to this guy for about three weeks and he decided to cut it off. We didn’t talk for a couple days, but during halloweekend we were in the same town and I had asked what party’s him and his friends were going to (his friend and my friend were talking at the time, and I asked so she could see him). We ended up going to the same party and started talking, he was sober and I was drunk. I told him that I didn’t plan on doing anything with him that night and I was still upset about how he handled our relationship, he reassured me that he wanted to talk to me again and he was serious about me. The next day I woke up in his room and at first I didn’t have a ton of memory of what happened but as time went on I started to remember. He dropped me off and then ghosted me which makes me feel like I was manipulated and taken advantage of, but I’m not sure if it’s valid because I did like him. Is this sexual assault or was it just him being an asshole?","1onv6fp rape Was this rape/ sexual assault/ or neither? Strong_Pineapple3321 /r/rape/comments/1onv6fp/was_this_rape_sexual_assault_or_neither/ Hello everyone, I am confused about my experience please help. I was talking to this guy for about three weeks and he decided to cut it off. We didn’t talk for a couple days, but during halloweekend we were in the same town and I had asked what party’s him and his friends were going to (his friend and my friend were talking at the time, and I asked so she could see him). We ended up going to the same party and started talking, he was sober and I was drunk. I told him that I didn’t plan on doing anything with him that night and I was still upset about how he handled our relationship, he reassured me that he wanted to talk to me again and he was serious about me. The next day I woke up in his room and at first I didn’t have a ton of memory of what happened but as time went on I started to remember. He dropped me off and then ghosted me which makes me feel like I was manipulated and taken advantage of, but I’m not sure if it’s valid because I did like him. Is this sexual assault or was it just him being an asshole?",['\\bis\\s+this\\s+(?:sa|sexual\\s+assault)\\b'],"['\\bis\\s+this\\s+(?:sa|sexual\\s+assault)\\b', ""\\bi[’']?m\\s+not\\s+sure\\b"", '\\bassault\\b', '\\brape\\b', '\\bfriend\\b', '\\bsexual(?:ly)?\\s+assault(?:ed|s|ing)?\\b']"
1oblc3x,rape,Assaulted at 15 by someone I trusted.,gonetohelp,5,5,True,3,1760973030,/r/rape/comments/1oblc3x/assaulted_at_15_by_someone_i_trusted/,"30 M. Seeing so many brave souls step forward and speak of their experiences has given me the strength to tell my story in full. I was 15 years old when I was assaulted. I was a virgin, and I was wrestling a lot with my identity and my sexuality at that time. I’m autistic, so I have a very difficult time connecting with people, and back then when “friends” and sex were everything, I suppose I was especially vulnerable. I was socially awkward, lonely, and highly impressionable which made me very easy to manipulate. If somebody, anybody, gave me the time of day, I imprinted immediately and trusted them implicitly. I didn’t have very much interest in sex, even at that age, but peer pressure ultimately pushed me to seek something that I wasn’t fully comfortable with and I ended up in the arms of my abuser. We were over at her place, in the upstairs game room, when she started making moves on me. At first I went along with it because I trusted her, and because I was a teenage boy. It’s what I was “supposed” to do, but I quickly realized when she slid her hand down the front of my pants that I wasn’t comfortable with what was happening and I told her to stop, but she didn’t and I froze. 

She coerced, and even belittled me as she undressed me from the waist down- saying things like: “It’s fine. Don’t be a bitch.” And despite my continued verbal protests, she climbed into my lap. From there she used me until she achieved climax and then hardly even acknowledged me for the rest of my time there. It’s very apparent to me now that my “No”, who I was as a person, and my needs meant nothing to her. To her I was nothing more than a tool of pleasure, and like the stupid kid that I was at the time, I kept going back because I was a teenage boy. I was “supposed” to have sex, she “loved me” and I didn’t want to lose her. So I kept thinking maybe it would be different next time. Next time. Next time, but it was always the same and by that point I had either allowed her to convince me, or, more likely, had convinced myself that that was how it was supposed to be. I didn’t want it, but my needs didn’t matter. Just lay there and take it like a good boy. Eventually I was able to break free from her, but at that age, I lacked the capacity to understand what really happened. So the idea that I’d been raped multiple times never even crossed my mind. I’d done what I was “supposed” to do. I met a girl. I had sex. So I just let it go and moved on. But after I got away, something wasn’t right in my head. My sense of self-worth, my idea of sexuality, and my trust in others- especially women, were all badly shaken. 

I developed a serious drinking problem and I had this deep sense of loathing of myself and of women that I could not explain, and it was only recently, after a couple years of sobriety and the clarity that it brought, that I realized what happened to me when I was young, and that that moment played a huge part in why I was who I was and why I am who I am now. And it devastated me. I tried to minimize my own pain, sanitize my own story to make it go away. Tried to tell myself: “It wasn’t that bad. Sack up and be a man.” I even almost turned back to drinking because killing the memory or myself seemed like the better option…

It took a long time for me to admit to myself that I was raped, because I kept telling myself: “You said ‘no’, but you were aroused.” “You said ‘stop’, but you made no efforts to remove her from you. On some level you must have wanted it. Otherwise you wouldn’t have been aroused and you would have fought harder to get away from her. And you certainly wouldn’t have kept going back.” But I’ve come to realize that arousal does not mean desire and that compliance does not mean consent. What the body wants and what the mind wants can be two totally different things and if the body says “yes” that doesn’t mean the mind does. Now I’m trying to untangle nearly 12 years of alcoholism, depression and repressed trauma piece by piece in an attempt to make sense of, and come to peace with, my past. I’m hoping that telling my story will bring me one step closer to being able to do so. 

Thank you all so much for your bravery, and thank you for listening.","1oblc3x rape Assaulted at 15 by someone I trusted. gonetohelp /r/rape/comments/1oblc3x/assaulted_at_15_by_someone_i_trusted/ 30 M. Seeing so many brave souls step forward and speak of their experiences has given me the strength to tell my story in full. I was 15 years old when I was assaulted. I was a virgin, and I was wrestling a lot with my identity and my sexuality at that time. I’m autistic, so I have a very difficult time connecting with people, and back then when “friends” and sex were everything, I suppose I was especially vulnerable. I was socially awkward, lonely, and highly impressionable which made me very easy to manipulate. If somebody, anybody, gave me the time of day, I imprinted immediately and trusted them implicitly. I didn’t have very much interest in sex, even at that age, but peer pressure ultimately pushed me to seek something that I wasn’t fully comfortable with and I ended up in the arms of my abuser. We were over at her place, in the upstairs game room, when she started making moves on me. At first I went along with it because I trusted her, and because I was a teenage boy. It’s what I was “supposed” to do, but I quickly realized when she slid her hand down the front of my pants that I wasn’t comfortable with what was happening and I told her to stop, but she didn’t and I froze. 

She coerced, and even belittled me as she undressed me from the waist down- saying things like: “It’s fine. Don’t be a bitch.” And despite my continued verbal protests, she climbed into my lap. From there she used me until she achieved climax and then hardly even acknowledged me for the rest of my time there. It’s very apparent to me now that my “No”, who I was as a person, and my needs meant nothing to her. To her I was nothing more than a tool of pleasure, and like the stupid kid that I was at the time, I kept going back because I was a teenage boy. I was “supposed” to have sex, she “loved me” and I didn’t want to lose her. So I kept thinking maybe it would be different next time. Next time. Next time, but it was always the same and by that point I had either allowed her to convince me, or, more likely, had convinced myself that that was how it was supposed to be. I didn’t want it, but my needs didn’t matter. Just lay there and take it like a good boy. Eventually I was able to break free from her, but at that age, I lacked the capacity to understand what really happened. So the idea that I’d been raped multiple times never even crossed my mind. I’d done what I was “supposed” to do. I met a girl. I had sex. So I just let it go and moved on. But after I got away, something wasn’t right in my head. My sense of self-worth, my idea of sexuality, and my trust in others- especially women, were all badly shaken. 

I developed a serious drinking problem and I had this deep sense of loathing of myself and of women that I could not explain, and it was only recently, after a couple years of sobriety and the clarity that it brought, that I realized what happened to me when I was young, and that that moment played a huge part in why I was who I was and why I am who I am now. And it devastated me. I tried to minimize my own pain, sanitize my own story to make it go away. Tried to tell myself: “It wasn’t that bad. Sack up and be a man.” I even almost turned back to drinking because killing the memory or myself seemed like the better option…

It took a long time for me to admit to myself that I was raped, because I kept telling myself: “You said ‘no’, but you were aroused.” “You said ‘stop’, but you made no efforts to remove her from you. On some level you must have wanted it. Otherwise you wouldn’t have been aroused and you would have fought harder to get away from her. And you certainly wouldn’t have kept going back.” But I’ve come to realize that arousal does not mean desire and that compliance does not mean consent. What the body wants and what the mind wants can be two totally different things and if the body says “yes” that doesn’t mean the mind does. Now I’m trying to untangle nearly 12 years of alcoholism, depression and repressed trauma piece by piece in an attempt to make sense of, and come to peace with, my past. I’m hoping that telling my story will bring me one step closer to being able to do so. 

Thank you all so much for your bravery, and thank you for listening.","[""\\bit\\s+wasn[’']t\\s+that\\s+bad\\b""]","[""\\bit\\s+wasn[’']t\\s+that\\s+bad\\b"", '\\brape\\b']"
1nwf38o,rape,15 and raped by a 25 yr old,Top_Ant_4726,43,4,False,0,1759437069,/r/rape/comments/1nwf38o/15_and_raped_by_a_25_yr_old/,"I don’t know what to do because it’s my mom’s best friends son so he’s been around since I was a baby. I posted before but I think I need to explain it better because I don’t know. I didn’t agree to anything with him at the time and I didn’t want anything and I know what he did was wrong. not just because I didn’t say yes, but because I’m too young. I feel really disgusting because I never rly had these thoughts before and I feel dirty and weird. I’ve met him a few times after that time and it’s happened multiple times but I didn’t say no. I know it’s really really bad and it shouldn’t be happening but idk why I can’t just think logically like I usually do. My brain is everywhere and nowhere at the same time. ","1nwf38o rape 15 and raped by a 25 yr old Top_Ant_4726 /r/rape/comments/1nwf38o/15_and_raped_by_a_25_yr_old/ I don’t know what to do because it’s my mom’s best friends son so he’s been around since I was a baby. I posted before but I think I need to explain it better because I don’t know. I didn’t agree to anything with him at the time and I didn’t want anything and I know what he did was wrong. not just because I didn’t say yes, but because I’m too young. I feel really disgusting because I never rly had these thoughts before and I feel dirty and weird. I’ve met him a few times after that time and it’s happened multiple times but I didn’t say no. I know it’s really really bad and it shouldn’t be happening but idk why I can’t just think logically like I usually do. My brain is everywhere and nowhere at the same time. ","[""\\bi\\s+didn[’']t\\s+say\\s+no\\b""]","[""\\bi\\s+didn[’']t\\s+say\\s+no\\b"", '\\bidk+k*\\b', ""\\bi\\s+don[’']t\\s+know\\b"", '\\brape\\b']"
1mo9azx,rape,Am I a victim?,allthingsdarling,17,6,True,1,1755006673,/r/rape/comments/1mo9azx/am_i_a_victim/,"When I was 15, I dated a guy who was 20. My parents allowed it because they were a similar age when they met, and went on to marry and are still married. Within a month of dating he tried to initiate sexual activity which I rejected but eventually caved to. We never had intercourse but engaged in other sexual activity quite frequently. In the state I live in, legal age of consent is 17. Generally it was ""consensual"" but since becoming an adult I've learned that that doesn't matter because I was a child. Occasionally he did things I didn't really want to do. 
I'm now 31. We are both married (to other people) with children, he is now a church Pastor and highschool teacher. I know it's so far down the track but I keep getting flashbacks and it's giving me the ick. Like should I do something or just let it go? Like he works with minors...","1mo9azx rape Am I a victim? allthingsdarling /r/rape/comments/1mo9azx/am_i_a_victim/ When I was 15, I dated a guy who was 20. My parents allowed it because they were a similar age when they met, and went on to marry and are still married. Within a month of dating he tried to initiate sexual activity which I rejected but eventually caved to. We never had intercourse but engaged in other sexual activity quite frequently. In the state I live in, legal age of consent is 17. Generally it was ""consensual"" but since becoming an adult I've learned that that doesn't matter because I was a child. Occasionally he did things I didn't really want to do. 
I'm now 31. We are both married (to other people) with children, he is now a church Pastor and highschool teacher. I know it's so far down the track but I keep getting flashbacks and it's giving me the ick. Like should I do something or just let it go? Like he works with minors...",['\\bam\\s+i\\s+(?:a\\s+)?victim\\b'],"['\\bam\\s+i\\s+(?:a\\s+)?victim\\b', '\\brape\\b']"
1hnus25,rape,The “it wasn’t that bad” feeling,yellowflower_321,1,1,True,6,1735350085,/r/rape/comments/1hnus25/the_it_wasnt_that_bad_feeling/,"I hope it’s not just me, but whenever I hear someone else’s SA story I feel extremely triggered, not because of what I’ve been through but also bc I feel like my own personal experience wasn’t that bad and wasn’t so traumatizing. I keep comparing it and I keep putting me down. 
Maybe this is a way for my brain to tell me it’s my fault, or that it didn’t happen, it wasn’t rape.
But the thing is, this really gets me bc it feels like I don’t have the right to feel bad or triggered or be traumatized bc there’s plenty of other people who suffered way more.
I don’t like this, but I’m starting to believe it. It wasn’t rape bc it wasn’t so brutal as other people’s stories, right? Or it wasn’t rape bc I didn’t suffer enough or bc it wasn’t “that bad”.

Do you feel like this too? Am I overreacting? What if I’m right? What if it wasn’t really that bad? What if it wasn’t really rape? 

It’s impossible, I’ve been diagnosed with PTSD, so if it wasn’t bad why do I feel so shitty about it? 

Tbh, I feel like I’m a weak drama queen and everything I’ve been through was nothing.","1hnus25 rape The “it wasn’t that bad” feeling yellowflower_321 /r/rape/comments/1hnus25/the_it_wasnt_that_bad_feeling/ I hope it’s not just me, but whenever I hear someone else’s SA story I feel extremely triggered, not because of what I’ve been through but also bc I feel like my own personal experience wasn’t that bad and wasn’t so traumatizing. I keep comparing it and I keep putting me down. 
Maybe this is a way for my brain to tell me it’s my fault, or that it didn’t happen, it wasn’t rape.
But the thing is, this really gets me bc it feels like I don’t have the right to feel bad or triggered or be traumatized bc there’s plenty of other people who suffered way more.
I don’t like this, but I’m starting to believe it. It wasn’t rape bc it wasn’t so brutal as other people’s stories, right? Or it wasn’t rape bc I didn’t suffer enough or bc it wasn’t “that bad”.

Do you feel like this too? Am I overreacting? What if I’m right? What if it wasn’t really that bad? What if it wasn’t really rape? 

It’s impossible, I’ve been diagnosed with PTSD, so if it wasn’t bad why do I feel so shitty about it? 

Tbh, I feel like I’m a weak drama queen and everything I’ve been through was nothing.","[""\\bit\\s+wasn[’']t\\s+that\\s+bad\\b""]","['\\bsa\\b', ""\\bit\\s+wasn[’']t\\s+that\\s+bad\\b"", '\\brape\\b']"
1hibk3h,rape,Is this considered sa?,Flashy_Emergency8240,1,1,True,2,1734667887,/r/rape/comments/1hibk3h/is_this_considered_sa/,"A couple of years ago I went to the club with someone who I thought was a friend, before we even left I told him that if he thought we were having sex, that we were not. I remember telling him that we weren’t having sex, and keep in mind that I just met this man a couple of days prior. We had a lot of mutual friends and all of them told me how he was a good friend to have and he was cool AND I also had a yeast infection (but he didn’t know that). We were at the club, drinking, having fun and what not and we meet more friends and all agreed that we were going to go to the strip club. When it was time to leave, he told me that they didn’t want to go to the strip club anymore and told them that I wasn’t feeling well so he was going to take me home. I believed him so I told him that we should continue drinking at his place with the other friends that did want to come, he agreed. When we got there, his roommate told him that he wasn’t in the mood to have guests so I let him know that we could just drink at my place. I asked him if the others would want to come, he said yes and we drove to my place. Once we were there we continued drinking, and I kept asking him if the others were going to arrive and he kept insisting that they would. About an hour later, he told me that they weren’t going to come over, so I told him that I was going to go to bed. I wasn’t too drunk, I still was still alert and able to speak. He gave me this story on how he couldn’t drive home and asked if he could spend the night. I like an idiot said sure, but that we were not having sex. I changed into pajamas and went to bed, I only had one bed so we laid in the same bed together. As I was going to sleep, he kept rubbing on me and I told him no and to stop. He kept on and on, and he kept insisting that we have sex. I kept telling him no, I eventually got tired of him groping me and not taking no for an answer and just let him do as he pleased.  He told me to get on top, and I did, because I just wanted the whole thing to be over and done, I can’t remember if he asked me to switch positions, I remember he ejaculated inside of me. When he got done, he went to sleep and I laid awake for a bit then went to sleep. We never spoke again after that. Thankfully, I never got pregnant. 

My friends and therapist say that I was sa’ed and say that he coerced me into allowing him to do as he pleased. I think I was, but I’m not sure. Was I? ","1hibk3h rape Is this considered sa? Flashy_Emergency8240 /r/rape/comments/1hibk3h/is_this_considered_sa/ A couple of years ago I went to the club with someone who I thought was a friend, before we even left I told him that if he thought we were having sex, that we were not. I remember telling him that we weren’t having sex, and keep in mind that I just met this man a couple of days prior. We had a lot of mutual friends and all of them told me how he was a good friend to have and he was cool AND I also had a yeast infection (but he didn’t know that). We were at the club, drinking, having fun and what not and we meet more friends and all agreed that we were going to go to the strip club. When it was time to leave, he told me that they didn’t want to go to the strip club anymore and told them that I wasn’t feeling well so he was going to take me home. I believed him so I told him that we should continue drinking at his place with the other friends that did want to come, he agreed. When we got there, his roommate told him that he wasn’t in the mood to have guests so I let him know that we could just drink at my place. I asked him if the others would want to come, he said yes and we drove to my place. Once we were there we continued drinking, and I kept asking him if the others were going to arrive and he kept insisting that they would. About an hour later, he told me that they weren’t going to come over, so I told him that I was going to go to bed. I wasn’t too drunk, I still was still alert and able to speak. He gave me this story on how he couldn’t drive home and asked if he could spend the night. I like an idiot said sure, but that we were not having sex. I changed into pajamas and went to bed, I only had one bed so we laid in the same bed together. As I was going to sleep, he kept rubbing on me and I told him no and to stop. He kept on and on, and he kept insisting that we have sex. I kept telling him no, I eventually got tired of him groping me and not taking no for an answer and just let him do as he pleased.  He told me to get on top, and I did, because I just wanted the whole thing to be over and done, I can’t remember if he asked me to switch positions, I remember he ejaculated inside of me. When he got done, he went to sleep and I laid awake for a bit then went to sleep. We never spoke again after that. Thankfully, I never got pregnant. 

My friends and therapist say that I was sa’ed and say that he coerced me into allowing him to do as he pleased. I think I was, but I’m not sure. Was I? ",['\\bconsider(?:ed)?\\s+(?:it\\s+)?(?:sa|sexual\\s+assault)\\b'],"[""\\bi[’']?m\\s+not\\s+sure\\b"", '\\bsa\\b', '\\brape\\b', '\\bconsider(?:ed)?\\s+(?:it\\s+)?(?:sa|sexual\\s+assault)\\b', '\\bfriend\\b']"
1h1sfht,rape,Was I raped?,Immediate_Ad4052,1,1,False,0,1732786788,/r/rape/comments/1h1sfht/was_i_raped/,"Was this rape?

Was this sexual assault? 

I am wondering if anyone can help me determine if this was sexual assault.

I went home with a guy after the bar not too long ago, I was quite drunk and he was a bit drunk but definitely less than me. We started hooking up in his room and once the sex started I started crying pretty heavily but he never stopped having sex with me or asked me if I was ok. In retrospect I think I was crying because I was scared that if I told him to stop he wouldn’t listen and just keep having sex (I think this is PTSD from previous assaults). I never explicitly said the words no but I think from my crying I thought he would stop and ask if I was ok. I also know that he saw me crying because he mentioned it to a friend after saying I was crying because the sex was so good. It’s a bit of a grey area this situation and would appreciate any advice or insight. ","1h1sfht rape Was I raped? Immediate_Ad4052 /r/rape/comments/1h1sfht/was_i_raped/ Was this rape?

Was this sexual assault? 

I am wondering if anyone can help me determine if this was sexual assault.

I went home with a guy after the bar not too long ago, I was quite drunk and he was a bit drunk but definitely less than me. We started hooking up in his room and once the sex started I started crying pretty heavily but he never stopped having sex with me or asked me if I was ok. In retrospect I think I was crying because I was scared that if I told him to stop he wouldn’t listen and just keep having sex (I think this is PTSD from previous assaults). I never explicitly said the words no but I think from my crying I thought he would stop and ask if I was ok. I also know that he saw me crying because he mentioned it to a friend after saying I was crying because the sex was so good. It’s a bit of a grey area this situation and would appreciate any advice or insight. ",['\\bwas\\s+this\\s+(?:sa|sexual\\s+assault)\\b'],"['\\bwas\\s+this\\s+(?:sa|sexual\\s+assault)\\b', '\\bassault\\b', '\\brape\\b', '\\bfriend\\b', '\\bsexual(?:ly)?\\s+assault(?:ed|s|ing)?\\b']"
1gqt91a,rape,marital rape,FroyoOther948,1,0,False,0,1731547349,/r/rape/comments/1gqt91a/marital_rape/,"throwaway for obvious reasons.

marital rape is not criminalised in india. does that tell you all that there it is to say?

i got married a few months ago and my husband has sex with me regardless of whether i want to or not. i hate it. i cry myself to sleep.

this is not even the general situation of most indian women. i just come from a conservative family and now i have to go through this. divorce is hardly an option. i keep trying to persuade myself to just enjoy it and make my own life easier. but i just cant!

i cant talk about this to anybody irl. he's a good man otherwise, isn't an asshole. but then in the bedroom, it's almost like he truly believes as his wife i owe him sex and there's nothing wrong that i dont seem to enjoy it. idk what to do.","1gqt91a rape marital rape FroyoOther948 /r/rape/comments/1gqt91a/marital_rape/ throwaway for obvious reasons.

marital rape is not criminalised in india. does that tell you all that there it is to say?

i got married a few months ago and my husband has sex with me regardless of whether i want to or not. i hate it. i cry myself to sleep.

this is not even the general situation of most indian women. i just come from a conservative family and now i have to go through this. divorce is hardly an option. i keep trying to persuade myself to just enjoy it and make my own life easier. but i just cant!

i cant talk about this to anybody irl. he's a good man otherwise, isn't an asshole. but then in the bedroom, it's almost like he truly believes as his wife i owe him sex and there's nothing wrong that i dont seem to enjoy it. idk what to do.",['\\bowe(?:d)?\\s+(?:him|her)\\s+sex\\b'],"['\\bwife\\b', '\\bowe(?:d)?\\s+(?:him|her)\\s+sex\\b', '\\bidk+k*\\b', '\\brape\\b', '\\bhusband\\b']"
1fpd8ot,rape,WAS THIS SA? (TW incest),Both-League9319,9,8,False,0,1727293053,/r/rape/comments/1fpd8ot/was_this_sa_tw_incest/,"Hi guys, I need your opinion here, I would really appreciate it if you guys took the time to read and help me out, god knows I need it...I don't know what I've faced is SA. and I feel guilty calling it SA... But I really am experiencing the symptoms she mentioned in the video...In my very early teens there were incest (cousin) related stuff that happened, that i thought i liked. but every time an incident would happen, I'd go out feeling absolutely shit. Like I wanted to rip my skin off. Afew more incidents and I hated every minute of it even during. I'd want to dip myself in acid and bleach to somehow get the memory of the touch off of me. But i don't know why i kept going and didn't explicitly disagree. Even though I felt sooo disgusted. I was a people pleaser from a very young age. I didn't act uncomfortable either. This happened with 2 of my cousins, not just one. And sometimes shit would happen when i was asleep next to them. I wouldn't do anything, just stay still. I feel like I thought that it was a compliment that they did that. I felt *wanted*. And I thought I should just be grateful and take it, even though deep down I felt disgusted. I'm now in my mid to late teens and am very much uncomfortable and disgusted with any sort of physical touch w even my mother, it felt like i was taken advantage of... Even though what happened technically wasn't cuz i didn't explicitly say no.   
And, for those who might be wondering, I don't have the typa parents I can open up to so that's out of the picture.","1fpd8ot rape WAS THIS SA? (TW incest) Both-League9319 /r/rape/comments/1fpd8ot/was_this_sa_tw_incest/ Hi guys, I need your opinion here, I would really appreciate it if you guys took the time to read and help me out, god knows I need it...I don't know what I've faced is SA. and I feel guilty calling it SA... But I really am experiencing the symptoms she mentioned in the video...In my very early teens there were incest (cousin) related stuff that happened, that i thought i liked. but every time an incident would happen, I'd go out feeling absolutely shit. Like I wanted to rip my skin off. Afew more incidents and I hated every minute of it even during. I'd want to dip myself in acid and bleach to somehow get the memory of the touch off of me. But i don't know why i kept going and didn't explicitly disagree. Even though I felt sooo disgusted. I was a people pleaser from a very young age. I didn't act uncomfortable either. This happened with 2 of my cousins, not just one. And sometimes shit would happen when i was asleep next to them. I wouldn't do anything, just stay still. I feel like I thought that it was a compliment that they did that. I felt *wanted*. And I thought I should just be grateful and take it, even though deep down I felt disgusted. I'm now in my mid to late teens and am very much uncomfortable and disgusted with any sort of physical touch w even my mother, it felt like i was taken advantage of... Even though what happened technically wasn't cuz i didn't explicitly say no.   
And, for those who might be wondering, I don't have the typa parents I can open up to so that's out of the picture.",['\\bwas\\s+this\\s+(?:sa|sexual\\s+assault)\\b'],"['\\bsa\\b', '\\bwas\\s+this\\s+(?:sa|sexual\\s+assault)\\b', ""\\bi\\s+don[’']t\\s+know\\b"", '\\brape\\b']"
170qc47,rape,Was I sexually assaulted by my partner?,kitkatcut,1,1,True,2,1696532719,/r/rape/comments/170qc47/was_i_sexually_assaulted_by_my_partner/,"
A few days before the assault(?) happened, my partner ate me out. So when we hung out again, they probably wanted me to return the favor and give them a blowjob. We were cuddling and making out when they started begging me to give them a blowjob. I firmly said ‘no, maybe next time’ because I didn’t feel ready. They kept begging until I finally gave in and did it. 

It was my first time ever giving a blowjob and they started forcing my head up and down(with my permission? At that point I just did whatever they wanted instead of taking myself into account what I wanted) on their dick. I was becoming overstimulated but kept going until I gagged and immediately moved my head away. I started to have a sensory overload and had an anxiety attack in front of them. 

They helped me calm down by doing box breathes. After I calmed down, they apoligized and said they shouldn’t have pushed me to do it if I didn’t feel ready. 

This happened about a month ago and I haven’t thought of it until I brought up sexual assault(from other people, not my partner) with my therapist today. She told me that if I said no and was forced to do something, that is assault.

But is it really assault even if I agreed to do it after saying no?

I don’t know, I’m very conflicted.

tl;dr My partner asked me to give them a blowjob. I said no, but then they begged me to do it, so I gave in but ended up having an anxiety attack.","170qc47 rape Was I sexually assaulted by my partner? kitkatcut /r/rape/comments/170qc47/was_i_sexually_assaulted_by_my_partner/ 
A few days before the assault(?) happened, my partner ate me out. So when we hung out again, they probably wanted me to return the favor and give them a blowjob. We were cuddling and making out when they started begging me to give them a blowjob. I firmly said ‘no, maybe next time’ because I didn’t feel ready. They kept begging until I finally gave in and did it. 

It was my first time ever giving a blowjob and they started forcing my head up and down(with my permission? At that point I just did whatever they wanted instead of taking myself into account what I wanted) on their dick. I was becoming overstimulated but kept going until I gagged and immediately moved my head away. I started to have a sensory overload and had an anxiety attack in front of them. 

They helped me calm down by doing box breathes. After I calmed down, they apoligized and said they shouldn’t have pushed me to do it if I didn’t feel ready. 

This happened about a month ago and I haven’t thought of it until I brought up sexual assault(from other people, not my partner) with my therapist today. She told me that if I said no and was forced to do something, that is assault.

But is it really assault even if I agreed to do it after saying no?

I don’t know, I’m very conflicted.

tl;dr My partner asked me to give them a blowjob. I said no, but then they begged me to do it, so I gave in but ended up having an anxiety attack.",['\\bwas\\s+i\\s+sexually\\s+assaulted\\b'],"['\\bpartner\\b', ""\\bi\\s+don[’']t\\s+know\\b"", '\\bassault\\b', '\\brape\\b', '\\bwas\\s+i\\s+sexually\\s+assaulted\\b', '\\bsexual(?:ly)?\\s+assault(?:ed|s|ing)?\\b']"
160kn48,rape,was this Sa?,paradisefo,1,0,True,2,1692926091,/r/rape/comments/160kn48/was_this_sa/,on the bus yesterday one of my friends held onto my thigh most of the bus ride and i felt very uncomfortable he didn’t ask me anything about it i feel disgusting after that he’s 14 i’m 16 was this or not? then he texted me after did i like it i said yes because i just felt so weird and he has no friends and gets bullied. he lives in the neighborhood on my street im starting to want to tell the police about this or the school to remove him.,160kn48 rape was this Sa? paradisefo /r/rape/comments/160kn48/was_this_sa/ on the bus yesterday one of my friends held onto my thigh most of the bus ride and i felt very uncomfortable he didn’t ask me anything about it i feel disgusting after that he’s 14 i’m 16 was this or not? then he texted me after did i like it i said yes because i just felt so weird and he has no friends and gets bullied. he lives in the neighborhood on my street im starting to want to tell the police about this or the school to remove him.,['\\bwas\\s+this\\s+(?:sa|sexual\\s+assault)\\b'],"['\\bsa\\b', '\\bwas\\s+this\\s+(?:sa|sexual\\s+assault)\\b', '\\brape\\b']"
14tpup8,rape,Was I sexually assaulted?,Fabulous_Ad_8974,10,4,False,0,1688779773,/r/rape/comments/14tpup8/was_i_sexually_assaulted/,"I went out with a guy I met less than a month ago who I found myself attracted. After hanging out only twice I realized that he was not someone I would want to be in a relationship with because of several redflags and I cannot hookup without catching feelings. We had only hung out twice, I was barely getting to know him and at this point I was leaning towards just want wanting to be his friend. However, I did realize that he would flirt with me. We went out for drinks and food and I got really drunk (could still walk and talk) but I was not coherent anymore and felt like my mind disconnected from my body, I lost control of myself. He knew I was very drunk as he pointed it out and I told him. He wasn’t drunk himself, and kept asking if I wanted more drinks despite me being sloppy and breaking a glass at the club we were at. Next thing I know is that he took me to his place and we had sex. I remember some of it but not all and I do remember that I participated in it (I wasn’t just laying there). I did tell him if he could put on a condom but then realized that he didn’t have one on and when I asked he said he took it off because it was too tight, I freaked out. I felt really sad after, especially because I felt like he treated me very disrespectful during and after sex, and I went home crying. I never said no but I also never said yes to sex or to being at his place. I did show discomfort throughout the night and I wouldn’t have had sex with him if I was sober. When I confronted him he said that we were both having fun, but when I lost control over my body I was just following him around. I decided to report it to the police and they just told me that because I never said “no” or “stop” and I wasn’t fully unconscious to the point that I didn’t know what was going on they couldn’t move my case forward. I am having a hard time determining whether I was raped/ sexually assaulted because of what the cops told me. The guy stopped talking to me after confronting him and said I took it too far by reporting him to the police. Was I wrong for reporting him to the police?","14tpup8 rape Was I sexually assaulted? Fabulous_Ad_8974 /r/rape/comments/14tpup8/was_i_sexually_assaulted/ I went out with a guy I met less than a month ago who I found myself attracted. After hanging out only twice I realized that he was not someone I would want to be in a relationship with because of several redflags and I cannot hookup without catching feelings. We had only hung out twice, I was barely getting to know him and at this point I was leaning towards just want wanting to be his friend. However, I did realize that he would flirt with me. We went out for drinks and food and I got really drunk (could still walk and talk) but I was not coherent anymore and felt like my mind disconnected from my body, I lost control of myself. He knew I was very drunk as he pointed it out and I told him. He wasn’t drunk himself, and kept asking if I wanted more drinks despite me being sloppy and breaking a glass at the club we were at. Next thing I know is that he took me to his place and we had sex. I remember some of it but not all and I do remember that I participated in it (I wasn’t just laying there). I did tell him if he could put on a condom but then realized that he didn’t have one on and when I asked he said he took it off because it was too tight, I freaked out. I felt really sad after, especially because I felt like he treated me very disrespectful during and after sex, and I went home crying. I never said no but I also never said yes to sex or to being at his place. I did show discomfort throughout the night and I wouldn’t have had sex with him if I was sober. When I confronted him he said that we were both having fun, but when I lost control over my body I was just following him around. I decided to report it to the police and they just told me that because I never said “no” or “stop” and I wasn’t fully unconscious to the point that I didn’t know what was going on they couldn’t move my case forward. I am having a hard time determining whether I was raped/ sexually assaulted because of what the cops told me. The guy stopped talking to me after confronting him and said I took it too far by reporting him to the police. Was I wrong for reporting him to the police?",['\\bwas\\s+i\\s+sexually\\s+assaulted\\b'],"[""\\bi\\s+didn[’']t\\s+know\\b"", '\\brape\\b', '\\bwas\\s+i\\s+sexually\\s+assaulted\\b', '\\bfriend\\b', '\\bsexual(?:ly)?\\s+assault(?:ed|s|ing)?\\b']"
13t7yif,rape,How do I (27f)tell my bf (26m)that he sexually assaulted me,134748ddj,3,5,False,0,1685195245,/r/rape/comments/13t7yif/how_do_i_27ftell_my_bf_26mthat_he_sexually/,"TW: I go in detail about an encounter that may be triggering for some people.

Yesterday my bf (m25)  and I (f26) decided to spice it up in bed with toys. We got one for each of us and were excited to use them on each other. When we got home we tried his on him but I wasn’t in the mood to try mine straight away yet. 

A little bit later we took off my pants and he tried using it on me but it felt more ticklish than anything else because I wasn’t in the mood for sex. Honestly I found it a bit overstimulating. So we stopped for a bit.

So we were just relaxing together on the bed and I said, hey let’s have sex (as in traditional vaginal sex) but because he’d recently ejaculated my bf wasn’t in the mood to have sex again. Okay. That was fair I said. Lets have sex later then, no rush. 

I can’t remember if I had my underwear off already at this point but I think I did. I have a bad memory for small details like this. However I remember him offering to use the toy on me and I said something like no that’s okay, I’m not really sure —

And then he put it in me. The toy.

I was surprised but allowed it and relaxed into it. I didn’t say no after he started because I was taken aback that he’d put it in at all. I did begin to enjoy it and I did cum, but I won’t lie, I’ve been thinking about this all day.

I admit I have issues with setting boundaries and following through with them. Often when we play fight or tickle fight and i say no he will continue but as that’s under the pretence of play Ive never held that against him. We have a safe word that I use when I feel he’s going too far but I’ve noticed sometimes when I say it that he doesn’t stop. We always have fun but in the back of my mind I’ve always been a little wary. I find myself thinking back to these moments today.

I would like to think that i know his heart and his intentions and that they are good. We have been together for two years now and although it hasn’t been perfect, overall he is a kind and attentive boyfriend who I firmly believe would not intentionally harm me. I understand the consequences of his mistake but emotionally I do not feel as I have been assaulted.

I find myself wondering if he heard me. He gave no implication that he did or didn’t and I didn’t push him away but I’m quite sure I was loud enough. I want to give him the benefit of the doubt but I also want to ensure that something like this never happens again. I want to protect his feelings whilst setting firm boundaries on what is and isn’t okay.

I know I need to speak to him about this, and I am feeling overwhelmed and sad. I am not frightened of him. I do not believe that he will hurt me. I am afraid he will hurt himself and carry a lot of guilt for this. He is emotionally vulnerable and depressive, and has been trying to take control of his alcoholism (I should add that we were both completely sober during the encounter). The thought that he unintentionally violated me will hurt him deeply. I have a strong desire to protect him. I love him. I believe he made a mistake.

How do i speak to him about this?","13t7yif rape How do I (27f)tell my bf (26m)that he sexually assaulted me 134748ddj /r/rape/comments/13t7yif/how_do_i_27ftell_my_bf_26mthat_he_sexually/ TW: I go in detail about an encounter that may be triggering for some people.

Yesterday my bf (m25)  and I (f26) decided to spice it up in bed with toys. We got one for each of us and were excited to use them on each other. When we got home we tried his on him but I wasn’t in the mood to try mine straight away yet. 

A little bit later we took off my pants and he tried using it on me but it felt more ticklish than anything else because I wasn’t in the mood for sex. Honestly I found it a bit overstimulating. So we stopped for a bit.

So we were just relaxing together on the bed and I said, hey let’s have sex (as in traditional vaginal sex) but because he’d recently ejaculated my bf wasn’t in the mood to have sex again. Okay. That was fair I said. Lets have sex later then, no rush. 

I can’t remember if I had my underwear off already at this point but I think I did. I have a bad memory for small details like this. However I remember him offering to use the toy on me and I said something like no that’s okay, I’m not really sure —

And then he put it in me. The toy.

I was surprised but allowed it and relaxed into it. I didn’t say no after he started because I was taken aback that he’d put it in at all. I did begin to enjoy it and I did cum, but I won’t lie, I’ve been thinking about this all day.

I admit I have issues with setting boundaries and following through with them. Often when we play fight or tickle fight and i say no he will continue but as that’s under the pretence of play Ive never held that against him. We have a safe word that I use when I feel he’s going too far but I’ve noticed sometimes when I say it that he doesn’t stop. We always have fun but in the back of my mind I’ve always been a little wary. I find myself thinking back to these moments today.

I would like to think that i know his heart and his intentions and that they are good. We have been together for two years now and although it hasn’t been perfect, overall he is a kind and attentive boyfriend who I firmly believe would not intentionally harm me. I understand the consequences of his mistake but emotionally I do not feel as I have been assaulted.

I find myself wondering if he heard me. He gave no implication that he did or didn’t and I didn’t push him away but I’m quite sure I was loud enough. I want to give him the benefit of the doubt but I also want to ensure that something like this never happens again. I want to protect his feelings whilst setting firm boundaries on what is and isn’t okay.

I know I need to speak to him about this, and I am feeling overwhelmed and sad. I am not frightened of him. I do not believe that he will hurt me. I am afraid he will hurt himself and carry a lot of guilt for this. He is emotionally vulnerable and depressive, and has been trying to take control of his alcoholism (I should add that we were both completely sober during the encounter). The thought that he unintentionally violated me will hurt him deeply. I have a strong desire to protect him. I love him. I believe he made a mistake.

How do i speak to him about this?","[""\\bi\\s+didn[’']t\\s+say\\s+no\\b""]","[""\\bi\\s+didn[’']t\\s+say\\s+no\\b"", '\\bsexual(?:ly)?\\s+assault(?:ed|s|ing)?\\b', '\\bboyfriend\\b', '\\brape\\b']"
11mkild,rape,"I was raped, but am I a victim?",throwaway85489538,1,17,True,3,1678341933,/r/rape/comments/11mkild/i_was_raped_but_am_i_a_victim/,"So some background on us, this is a person I’ve meet up with a few times over the course of almost a year. We’re into bdsm with him as the dom and me (m25) as the sub. When we’d first meet up almost a year ago we would do an impact play scene (which from here on I’ll call beating) but that was it. After a few of those he texted me telling me not to bother him again until I was ready to bottom for him. I just wasn’t bottoming at that time, idk why. When I was ready to bottom for him I reached out, which was about a month ago. We’ve seen each other twice since. I’m also what some in the trans community call a repper, someone who represses their trans identity, so for me I’d like to be a woman. He’s a bi/pan cis guy in his 30s with a husband I’ve never meant and know nothing about, owns a small business and is well off because of it, and just to clarify this man use to be homeless, now he’s a small business owner with a beautiful home, a huge collection of fine liquor, a bunch of tvs bigger than any tv in my house, a wide and varied collection of kink gear, and I know a lot of you are going to say he doesn’t deserve any of this because of what he did, which may I add wasn’t that bad, but like I said he was homeless, he wasn’t born into wealth he literally earned it. 

The last two times I saw him we started with some cnc roleplay on the couch, then he takes me upstairs, beats me, fucks me, brings me back downstairs to the couch and we cuddle until the next round for the entire night. Before I saw him the last time he told me he’s hiv positive undetectable, but that the pharmacy gave him the wrong medication and so having sex with him was risky, I said I’d see him anyways. That night we do some cnc roleplay, and I didn’t want to disappoint him like last time so I really fight back this time, and I mean it’s obvious he’s stronger than me just by looking at both of us (he’s this big bulky guy and I stay skinny because if I gain muscle mass I really don’t like how it looks on my body) but having him completely pin me down and do whatever he wants to me really solidifies the fact that I’m helpless. That’s fine tho, I trust him. He go upstairs and the regular beating happens, then we’re gonna start fucking and he asks me if I’d like him to wear a condom or if I prefer he pull out, I tell him I trust him and to pull out. We’re fucking and he starts talking about how he’s going to cum, I’m like “and pull out right” he tells me no, that I feel too good, and I change by tone of voice from anything I’ve ever used with him before to as monotone as I could be in the moment (I didn’t want him to misinterpreted as doing cnc) and I tell him no, I stop calling him Sir and address him by his name, I tell him to stop, he doesn’t react to any of it. We just finished up a play session where it was made clear I have no chance of fighting back so I don’t even try, I know if I do he’ll hit me back, which I don’t mind but the problem is that would turn him on more. I start asking him about the chances of getting hiv, he tells me if I wash it out right away I should be safe, I agree to him finishing in me. Once he cums he keeps going, I’m asking him let me go now, I’m pleading with him. He saying he’s going to cum again and I ask him if I’m going to get it and he says after two loads definitely, I drop the monotone voice, I can’t help but hide my panic, I don’t remember what I said in response I just remember my tone of voice changing, I didn’t mean to change it. He tells me he’s doing this because he wants me to be all his and to not be able to play with anyone else. I’m still pleading with him, still unwilling to fight back. Shortly after he cums a second time he tells me he doesn’t have aids and I burst out laughing, I am relieved and I’m saying things like “oh you got me”; I express no anger or sadness once he tells me, I become cheerful. We go downstairs to the couch to cuddle and talk, it’s there he explains to me that he raped me, I wasn’t sure until he told me because a part of me enjoyed it, and if he didn’t tell me he thought it was rape I still wouldn’t feel comfortable using that word to describe what happened. He told me he did it to let me live out the fantasy. I tell him I’m completely okay with what he did that me, that he accomplished his goal and seems to know my limits better than I do. 

When I described what happened to my therapist she was going “oh no” during the non consensual stuff. Shortly after that I start defending him and it became clear that she didn’t want to say anything too critical of him because of this. I only said the word rape once and when I did I dropped what I was talking about and started talking about how I didn’t know it was rape until he told me and I’m just using the wording he gave me. Right after this I ask if he r-worded me, she hesitated to answer but said yes. I tell her I’m going to see him again and she asked if I think he’s going to respect my consent, I dodged the question, now that I’ve had time to think on it I think he’d only do it again if he thought I wasn’t bothered by it, if I tell him that it bothered me (which I haven’t done it) then I think he’d respect that and never do it again. I am super kinky and he knows that, when he says he did it so I could have my fantasy fulfilled I do believe him so how can I be upset at him for that?

And that’s the thing, I’m not upset with him. He encourages me to do therapy and to be open with my therapist, he encouraged me to talk to my therapist about this. And the rest of the evening was incredible, I won’t go into detail but beforehand and afterwards was great and he referred to me as feminine and as a girl and woman alot throughout the night and to here that coming from him, I was in heaven. Beyond that he’s made it clear on multiple occasions that he supports trans rights and would be supportive if I ever decide to transition. If you’re wondering if he knows I’m a repper during this last time I saw him I literally said “even if I never transition you made me feel like a woman tonight” so I assume he has some idea although he might just think I’m questioning. 

Also, and I’ll admit this is somewhat unrelated, but I’ve never meant anyone who didn’t have some direct connection to autism be that cool about autism, when I told him I’m autistic he didn’t judge me at all, he just said he could see it but in this way that felt accepting, like the label didn’t change how he saw me. He’s always treats me with respect and kindness.","11mkild rape I was raped, but am I a victim? throwaway85489538 /r/rape/comments/11mkild/i_was_raped_but_am_i_a_victim/ So some background on us, this is a person I’ve meet up with a few times over the course of almost a year. We’re into bdsm with him as the dom and me (m25) as the sub. When we’d first meet up almost a year ago we would do an impact play scene (which from here on I’ll call beating) but that was it. After a few of those he texted me telling me not to bother him again until I was ready to bottom for him. I just wasn’t bottoming at that time, idk why. When I was ready to bottom for him I reached out, which was about a month ago. We’ve seen each other twice since. I’m also what some in the trans community call a repper, someone who represses their trans identity, so for me I’d like to be a woman. He’s a bi/pan cis guy in his 30s with a husband I’ve never meant and know nothing about, owns a small business and is well off because of it, and just to clarify this man use to be homeless, now he’s a small business owner with a beautiful home, a huge collection of fine liquor, a bunch of tvs bigger than any tv in my house, a wide and varied collection of kink gear, and I know a lot of you are going to say he doesn’t deserve any of this because of what he did, which may I add wasn’t that bad, but like I said he was homeless, he wasn’t born into wealth he literally earned it. 

The last two times I saw him we started with some cnc roleplay on the couch, then he takes me upstairs, beats me, fucks me, brings me back downstairs to the couch and we cuddle until the next round for the entire night. Before I saw him the last time he told me he’s hiv positive undetectable, but that the pharmacy gave him the wrong medication and so having sex with him was risky, I said I’d see him anyways. That night we do some cnc roleplay, and I didn’t want to disappoint him like last time so I really fight back this time, and I mean it’s obvious he’s stronger than me just by looking at both of us (he’s this big bulky guy and I stay skinny because if I gain muscle mass I really don’t like how it looks on my body) but having him completely pin me down and do whatever he wants to me really solidifies the fact that I’m helpless. That’s fine tho, I trust him. He go upstairs and the regular beating happens, then we’re gonna start fucking and he asks me if I’d like him to wear a condom or if I prefer he pull out, I tell him I trust him and to pull out. We’re fucking and he starts talking about how he’s going to cum, I’m like “and pull out right” he tells me no, that I feel too good, and I change by tone of voice from anything I’ve ever used with him before to as monotone as I could be in the moment (I didn’t want him to misinterpreted as doing cnc) and I tell him no, I stop calling him Sir and address him by his name, I tell him to stop, he doesn’t react to any of it. We just finished up a play session where it was made clear I have no chance of fighting back so I don’t even try, I know if I do he’ll hit me back, which I don’t mind but the problem is that would turn him on more. I start asking him about the chances of getting hiv, he tells me if I wash it out right away I should be safe, I agree to him finishing in me. Once he cums he keeps going, I’m asking him let me go now, I’m pleading with him. He saying he’s going to cum again and I ask him if I’m going to get it and he says after two loads definitely, I drop the monotone voice, I can’t help but hide my panic, I don’t remember what I said in response I just remember my tone of voice changing, I didn’t mean to change it. He tells me he’s doing this because he wants me to be all his and to not be able to play with anyone else. I’m still pleading with him, still unwilling to fight back. Shortly after he cums a second time he tells me he doesn’t have aids and I burst out laughing, I am relieved and I’m saying things like “oh you got me”; I express no anger or sadness once he tells me, I become cheerful. We go downstairs to the couch to cuddle and talk, it’s there he explains to me that he raped me, I wasn’t sure until he told me because a part of me enjoyed it, and if he didn’t tell me he thought it was rape I still wouldn’t feel comfortable using that word to describe what happened. He told me he did it to let me live out the fantasy. I tell him I’m completely okay with what he did that me, that he accomplished his goal and seems to know my limits better than I do. 

When I described what happened to my therapist she was going “oh no” during the non consensual stuff. Shortly after that I start defending him and it became clear that she didn’t want to say anything too critical of him because of this. I only said the word rape once and when I did I dropped what I was talking about and started talking about how I didn’t know it was rape until he told me and I’m just using the wording he gave me. Right after this I ask if he r-worded me, she hesitated to answer but said yes. I tell her I’m going to see him again and she asked if I think he’s going to respect my consent, I dodged the question, now that I’ve had time to think on it I think he’d only do it again if he thought I wasn’t bothered by it, if I tell him that it bothered me (which I haven’t done it) then I think he’d respect that and never do it again. I am super kinky and he knows that, when he says he did it so I could have my fantasy fulfilled I do believe him so how can I be upset at him for that?

And that’s the thing, I’m not upset with him. He encourages me to do therapy and to be open with my therapist, he encouraged me to talk to my therapist about this. And the rest of the evening was incredible, I won’t go into detail but beforehand and afterwards was great and he referred to me as feminine and as a girl and woman alot throughout the night and to here that coming from him, I was in heaven. Beyond that he’s made it clear on multiple occasions that he supports trans rights and would be supportive if I ever decide to transition. If you’re wondering if he knows I’m a repper during this last time I saw him I literally said “even if I never transition you made me feel like a woman tonight” so I assume he has some idea although he might just think I’m questioning. 

Also, and I’ll admit this is somewhat unrelated, but I’ve never meant anyone who didn’t have some direct connection to autism be that cool about autism, when I told him I’m autistic he didn’t judge me at all, he just said he could see it but in this way that felt accepting, like the label didn’t change how he saw me. He’s always treats me with respect and kindness.",['\\bam\\s+i\\s+(?:a\\s+)?victim\\b'],"['\\bam\\s+i\\s+(?:a\\s+)?victim\\b', ""\\bi\\s+didn[’']t\\s+know\\b"", '\\bidk+k*\\b', '\\brape\\b', '\\bhusband\\b', ""\\bi\\s+wasn[’']t\\s+sure\\b""]"
z9qo2n,rape,is it my falut? TW,iammaalvdtx,6,6,True,2,1669908423,/r/rape/comments/z9qo2n/is_it_my_falut_tw/,"The 11th of January 2020 I went to a friend's birthday party, I had just turned 16, over the night I drank too much and was really drunk and getting progressively worse, I sat down a bit and started talking to a guy, we then got up and went to a more private place and started kissing, I was okay with kissing, I started blacking out, I would be kissing him then everything was black and then I would come back. This is the part I feel so horrible about, he told me he had a girlfriend and we just kept going anyways, I know I would've never had done that if I was sober. He started pulling me deeper into the dark place we where in and he took of my jumper and threw it on the floor, I was really dizzy and I couldn't walk well, he was holding me up so I wouldn't fall, I fell anyways and he picked me up and just kept going, I never knew something else was going to happen, my friends came looking for me and asked me if I was okay, I told them I was fine since we where still at a place I felt safe, they left and he took me somewhere no one could see us, I was blacking out much more and in one moment I realised I was on my knees and he had put his penis in my mouth, I had no idea what was happening and I did my best to get up, he grabbed me and turned me around, I turned back around because I didn't want to be facing the wall and he grabbed me hard and pushed me against the wall and I couldn't move, he took of my pants and I was so confused I didn't understand anything, I was a virgin i had never done anything like this, he raped me while I winced at the pain, I tried tu move but I couldn't, I couldn't talk I couldn't do anything, my friends were coming back so he ran away and left me there in the floor with my pants down. I managed to put my pants back on and my friends asked me what happened, I said nothing. The next day I had bruises on my legs and felt like my soul was taken from me, my friends made jokes about me having sex and I just went along with it because I was so confused and disgusted, he texted me and said, "" hey don't tell anyone please, especially not my girlfriend, your friends can say what they want to me but please don't say anything to anyone"" he then blocked me. I didn't realise what had happened until one day I started sobbing out of nowhere and I felt so disgusting. He ruined my life and I feel like it was my fault","z9qo2n rape is it my falut? TW iammaalvdtx /r/rape/comments/z9qo2n/is_it_my_falut_tw/ The 11th of January 2020 I went to a friend's birthday party, I had just turned 16, over the night I drank too much and was really drunk and getting progressively worse, I sat down a bit and started talking to a guy, we then got up and went to a more private place and started kissing, I was okay with kissing, I started blacking out, I would be kissing him then everything was black and then I would come back. This is the part I feel so horrible about, he told me he had a girlfriend and we just kept going anyways, I know I would've never had done that if I was sober. He started pulling me deeper into the dark place we where in and he took of my jumper and threw it on the floor, I was really dizzy and I couldn't walk well, he was holding me up so I wouldn't fall, I fell anyways and he picked me up and just kept going, I never knew something else was going to happen, my friends came looking for me and asked me if I was okay, I told them I was fine since we where still at a place I felt safe, they left and he took me somewhere no one could see us, I was blacking out much more and in one moment I realised I was on my knees and he had put his penis in my mouth, I had no idea what was happening and I did my best to get up, he grabbed me and turned me around, I turned back around because I didn't want to be facing the wall and he grabbed me hard and pushed me against the wall and I couldn't move, he took of my pants and I was so confused I didn't understand anything, I was a virgin i had never done anything like this, he raped me while I winced at the pain, I tried tu move but I couldn't, I couldn't talk I couldn't do anything, my friends were coming back so he ran away and left me there in the floor with my pants down. I managed to put my pants back on and my friends asked me what happened, I said nothing. The next day I had bruises on my legs and felt like my soul was taken from me, my friends made jokes about me having sex and I just went along with it because I was so confused and disgusted, he texted me and said, "" hey don't tell anyone please, especially not my girlfriend, your friends can say what they want to me but please don't say anything to anyone"" he then blocked me. I didn't realise what had happened until one day I started sobbing out of nowhere and I felt so disgusting. He ruined my life and I feel like it was my fault",['\\bi\\s+just\\s+went\\s+along\\s+with\\s+it\\b'],"['\\bi\\s+just\\s+went\\s+along\\s+with\\s+it\\b', ""\\bi\\s+didn[’']t\\s+understand\\b"", '\\bgirlfriend\\b', '\\brape\\b', '\\bfriend\\b']"
uinjdg,rape,I don't know what to do,throwaway4027746,7,11,True,5,1651719066,/r/rape/comments/uinjdg/i_dont_know_what_to_do/,"Let's start by saying I ended up in this situation on my own. I (F21) went out drinking with friends and friends of friends, I was already drunk when I stupidly tried a drug (I asked for it, my friends told me not to do it but me being young and stupid, did it anyway) that's the last thing I remember before I blacked out. Next thing I know is I woke up in my bed completely naked with a friend of a friend I met that night and I had flashbacks of him going in on me and I feel absolutely terrible, disgusting and scared. I have been sleeping on the couch because going in my room repulses me. I don't know if I consented or if he was drunk too but I cannot help but be disgusted by my own actions. I don't know if this is S.A and I'm so scared and I've been crying ever since. 

I need to vent and be reprimanded or comforted by someone.
Thank you for taking your time to read this.","uinjdg rape I don't know what to do throwaway4027746 /r/rape/comments/uinjdg/i_dont_know_what_to_do/ Let's start by saying I ended up in this situation on my own. I (F21) went out drinking with friends and friends of friends, I was already drunk when I stupidly tried a drug (I asked for it, my friends told me not to do it but me being young and stupid, did it anyway) that's the last thing I remember before I blacked out. Next thing I know is I woke up in my bed completely naked with a friend of a friend I met that night and I had flashbacks of him going in on me and I feel absolutely terrible, disgusting and scared. I have been sleeping on the couch because going in my room repulses me. I don't know if I consented or if he was drunk too but I cannot help but be disgusted by my own actions. I don't know if this is S.A and I'm so scared and I've been crying ever since. 

I need to vent and be reprimanded or comforted by someone.
Thank you for taking your time to read this.","[""\\bdon[’']t\\s+know\\s+if\\s+i\\s+consent(?:ed)?\\b""]","[""\\bdon[’']t\\s+know\\s+if\\s+i\\s+consent(?:ed)?\\b"", '\\bfriend\\b', ""\\bi\\s+don[’']t\\s+know\\b"", '\\brape\\b']"
tly40q,rape,Is it still considered sexual assault if it was over the phone on facetime?,Timely_Western_4068,0,5,True,1,1648097873,/r/rape/comments/tly40q/is_it_still_considered_sexual_assault_if_it_was/,"I still can’t wrap my mind about what happened. My boyfriend at the time wanted me to do sexual things over the phone with him, I only did these things because I thought if I didn’t he would leave me. We did stuff multiple times and even if I told him I didn’t want to he would get mad and be persuasive to make me feel like I wanted to do those things when after I felt super guilty. This happened almost a year ago so I’m not with him anymore but I don’t feel like I can talk to anyone without them telling me to get over it because it’s been a really long time and I need my story to come out.","tly40q rape Is it still considered sexual assault if it was over the phone on facetime? Timely_Western_4068 /r/rape/comments/tly40q/is_it_still_considered_sexual_assault_if_it_was/ I still can’t wrap my mind about what happened. My boyfriend at the time wanted me to do sexual things over the phone with him, I only did these things because I thought if I didn’t he would leave me. We did stuff multiple times and even if I told him I didn’t want to he would get mad and be persuasive to make me feel like I wanted to do those things when after I felt super guilty. This happened almost a year ago so I’m not with him anymore but I don’t feel like I can talk to anyone without them telling me to get over it because it’s been a really long time and I need my story to come out.",['\\bconsider(?:ed)?\\s+(?:it\\s+)?(?:sa|sexual\\s+assault)\\b'],"['\\bboyfriend\\b', '\\bassault\\b', '\\brape\\b', '\\bconsider(?:ed)?\\s+(?:it\\s+)?(?:sa|sexual\\s+assault)\\b', '\\bsexual(?:ly)?\\s+assault(?:ed|s|ing)?\\b']"
t5cbto,rape,Spousal rape?,throwaway1299876445,5,7,True,1,1646261053,/r/rape/comments/t5cbto/spousal_rape/,"I am a stay at home mom and have been married for 12 years and recently caught my husband having sex with me while I'm sleeping. He never initiates sex while I'm awake never shows any affection and recently got violent too. This happened the first year of our marriage and as far as I know stopped shortly after I caught him, it happened again during the pandemic lockdowns and has not stopped . He claims it's not rape because I didn't say no, didn't scream, didn't struggle. He knows I had to endure this type of behaviour while growing up and I tend to freeze in any  confrontational situation. He believes because I'm his wife I should respect his authority and needs. He also claims that the police won't do anything if I report him.  Am I wrong in seeing this as a gross violation on my body?","t5cbto rape Spousal rape? throwaway1299876445 /r/rape/comments/t5cbto/spousal_rape/ I am a stay at home mom and have been married for 12 years and recently caught my husband having sex with me while I'm sleeping. He never initiates sex while I'm awake never shows any affection and recently got violent too. This happened the first year of our marriage and as far as I know stopped shortly after I caught him, it happened again during the pandemic lockdowns and has not stopped . He claims it's not rape because I didn't say no, didn't scream, didn't struggle. He knows I had to endure this type of behaviour while growing up and I tend to freeze in any  confrontational situation. He believes because I'm his wife I should respect his authority and needs. He also claims that the police won't do anything if I report him.  Am I wrong in seeing this as a gross violation on my body?","[""\\bi\\s+didn[’']t\\s+say\\s+no\\b""]","['\\bwife\\b', '\\bhusband\\b', ""\\bi\\s+didn[’']t\\s+say\\s+no\\b"", '\\brape\\b']"
sv8mun,rape,SA in a relationship??,effyeef,4,8,True,1,1645157727,/r/rape/comments/sv8mun/sa_in_a_relationship/,"So something weird happened when I was with my boyfriend.  Valentine's day when I was sleeping (and honestly really drunk) my head was laid on his lap. He was feeling me up and grabbing me  and kissing me. At I was in and out of sleep and his uh part was out of his pants and my head was laid on his lap. When I woke up and was like what tf are you doing,he stopped. He hasn't said anything about it since. I don't wanna say anything. (He wasn't drunk) it just makes me feel really uncomfortable. Especially since this isn't the first time something like this has happened to me. Is this SA?
Should I talk to him about it or someone? I don't know I'm just confused","sv8mun rape SA in a relationship?? effyeef /r/rape/comments/sv8mun/sa_in_a_relationship/ So something weird happened when I was with my boyfriend.  Valentine's day when I was sleeping (and honestly really drunk) my head was laid on his lap. He was feeling me up and grabbing me  and kissing me. At I was in and out of sleep and his uh part was out of his pants and my head was laid on his lap. When I woke up and was like what tf are you doing,he stopped. He hasn't said anything about it since. I don't wanna say anything. (He wasn't drunk) it just makes me feel really uncomfortable. Especially since this isn't the first time something like this has happened to me. Is this SA?
Should I talk to him about it or someone? I don't know I'm just confused",['\\bis\\s+this\\s+(?:sa|sexual\\s+assault)\\b'],"['\\bboyfriend\\b', '\\bis\\s+this\\s+(?:sa|sexual\\s+assault)\\b', ""\\bi\\s+don[’']t\\s+know\\b"", '\\bsa\\b', '\\brape\\b']"
sq9qks,rape,Was I sexually assaulted?,The-Mad-security-guy,9,4,False,0,1644613932,/r/rape/comments/sq9qks/was_i_sexually_assaulted/,"I was 17 at the time and one day a Girl (21) I didn’t know messages me on Facebook.
She tells me that she knows me trough my friends an would like to meet.

We chatted for a while and she admitted to having been following me around since I was 13.

She outright admitted she wanted to do many sexual things with me and later marriage.

I had said dozens of times that I wanted to meet her and know her before anything even related to sex.

I met her at my home city and she had a friend with her (23).
We talked and went to her home.

I was given lots of alcohol and when I got drunk they took my clothes off.
I didn’t say anything because I felt I owed this to them and as a guy I couldn’t refuse sex.

They had their fun with me and I left after feeling disgusting.

She texted me later about more sex.
I refused said it was over and blocked her on every place possible.

I have been telling about this to my friends as “the time I had threesome and I enjoyed it”. Even though I hated every second of it.

They were 21 and 23 I was 17 at the time.

Edit: thank you for your supportive comments this is the first time and place I have ever admitted being sexually assaulted.
It is hard to talk about these things as a guy.","sq9qks rape Was I sexually assaulted? The-Mad-security-guy /r/rape/comments/sq9qks/was_i_sexually_assaulted/ I was 17 at the time and one day a Girl (21) I didn’t know messages me on Facebook.
She tells me that she knows me trough my friends an would like to meet.

We chatted for a while and she admitted to having been following me around since I was 13.

She outright admitted she wanted to do many sexual things with me and later marriage.

I had said dozens of times that I wanted to meet her and know her before anything even related to sex.

I met her at my home city and she had a friend with her (23).
We talked and went to her home.

I was given lots of alcohol and when I got drunk they took my clothes off.
I didn’t say anything because I felt I owed this to them and as a guy I couldn’t refuse sex.

They had their fun with me and I left after feeling disgusting.

She texted me later about more sex.
I refused said it was over and blocked her on every place possible.

I have been telling about this to my friends as “the time I had threesome and I enjoyed it”. Even though I hated every second of it.

They were 21 and 23 I was 17 at the time.

Edit: thank you for your supportive comments this is the first time and place I have ever admitted being sexually assaulted.
It is hard to talk about these things as a guy.",['\\bwas\\s+i\\s+sexually\\s+assaulted\\b'],"[""\\bi\\s+didn[’']t\\s+know\\b"", '\\brape\\b', '\\bwas\\s+i\\s+sexually\\s+assaulted\\b', '\\bfriend\\b', '\\bsexual(?:ly)?\\s+assault(?:ed|s|ing)?\\b']"
sjvarw,rape,Is this SA or rape?,mariemariemango,10,5,True,2,1643924713,/r/rape/comments/sjvarw/is_this_sa_or_rape/,"I (23F) was 5 years together with my Ex, our first Time was him undressing me and then having sex with me. He didn‘t asked if I would be comfortable with this and i don‘t remember saying no..
I was very shy, desperate to be loved and felt frozen, he stopped after a while bc he noticed that I didn‘t enjoyed it. We never talked about it.

I woke up a lot of times bc I felt him touching me, trying to force more or his stuff on my shorts..
I always tried to push him away but sometimes i couldn‘t do more bc i was on sleeping pills.
He always said he was asleep, looking sad and saying things like „what do you exept me to do when i‘m asleep, wake me up“, even when i told him that i felt raped..
I felt really guilty talking with him about the things he did to me while „asleep“ and startet sleeping on my back and wearing longer shorts I could tie bc I was afraid.

Since I‘m in a new relationship with someone who ALWAYS asks my consent to everything, the memories came flooding in, flashbacks happend and after a long talk I broke down. My partner can‘t believe that my ex was asleep and I questioned it ALWAYS but felt really guilty for thinking bad about him.
But I think I was not only sexually assaulted but maybe also raped and since my breakdown my mental health is spiraling down. I don‘t know what to think or feel and am desperate for objectiv opinions.","sjvarw rape Is this SA or rape? mariemariemango /r/rape/comments/sjvarw/is_this_sa_or_rape/ I (23F) was 5 years together with my Ex, our first Time was him undressing me and then having sex with me. He didn‘t asked if I would be comfortable with this and i don‘t remember saying no..
I was very shy, desperate to be loved and felt frozen, he stopped after a while bc he noticed that I didn‘t enjoyed it. We never talked about it.

I woke up a lot of times bc I felt him touching me, trying to force more or his stuff on my shorts..
I always tried to push him away but sometimes i couldn‘t do more bc i was on sleeping pills.
He always said he was asleep, looking sad and saying things like „what do you exept me to do when i‘m asleep, wake me up“, even when i told him that i felt raped..
I felt really guilty talking with him about the things he did to me while „asleep“ and startet sleeping on my back and wearing longer shorts I could tie bc I was afraid.

Since I‘m in a new relationship with someone who ALWAYS asks my consent to everything, the memories came flooding in, flashbacks happend and after a long talk I broke down. My partner can‘t believe that my ex was asleep and I questioned it ALWAYS but felt really guilty for thinking bad about him.
But I think I was not only sexually assaulted but maybe also raped and since my breakdown my mental health is spiraling down. I don‘t know what to think or feel and am desperate for objectiv opinions.",['\\bis\\s+this\\s+(?:sa|sexual\\s+assault)\\b'],"['\\bpartner\\b', '\\bis\\s+this\\s+(?:sa|sexual\\s+assault)\\b', '\\bsa\\b', '\\brape\\b', '\\bsexual(?:ly)?\\s+assault(?:ed|s|ing)?\\b']"
sjth87,rape,Idk if this counts plz tell me,Putrid_Ad8399,4,11,False,0,1643920242,/r/rape/comments/sjth87/idk_if_this_counts_plz_tell_me/,I was dating this girl about 4 months ago I was tired and we was getting ready for bed she decided she wanted to have sex I said no do what you want I'm going to sleep then she started sucking me off etc idk if it counts since I'm a guy and I was tired,sjth87 rape Idk if this counts plz tell me Putrid_Ad8399 /r/rape/comments/sjth87/idk_if_this_counts_plz_tell_me/ I was dating this girl about 4 months ago I was tired and we was getting ready for bed she decided she wanted to have sex I said no do what you want I'm going to sleep then she started sucking me off etc idk if it counts since I'm a guy and I was tired,['\\bidk\\b.*\\bif\\s+this\\s+counts\\b'],"['\\bidk+k*\\b', '\\bidk\\b.*\\bif\\s+this\\s+counts\\b', '\\brape\\b']"
s9qozm,rape,Is it rape if I was drunk and he was sober?,dreamydummy,16,22,True,6,1642815016,/r/rape/comments/s9qozm/is_it_rape_if_i_was_drunk_and_he_was_sober/,"I met up with a guy I’ve been speaking to on a dating up. We were getting along so well without any sexual remarks before we met so I was really excited for a platonic date with someone who wants to get to know me and might actually like me. We met for drinks but he tells me he has work in a few hours so he can’t drink at all. I have really severe general and social anxiety so I already had a few before I even came to meet him. Things were going so well, we had lots in common and I was so happy to talk to someone who was not expecting things to get intimate. But after a few more drinks, again I’m the only person drinking I was very drunk and slurring my words. He started flirting holding my hand and asked if I would hook up with him, me in my drunken state thought he’s joking or just being playful so I slurred out “sure” and laughed. He asked if I wanted to go back to his and I was confused since he had work but at this point everything was happening so fast I thought it could be fun and said ok. I stumbled out of the bar, he got me into the Uber and made a pit stop to get me more drinks. By this point I was drunk so I thought that was a great idea. We got to his, I drank more, he kept trying to make advances and I kept my distance kept changing the conversation and tried to distract him with things on my phone and talking but he just grabbed my phone and put it away so I couldn’t reach it. Then started kissing me and undressing me. Had sex with me, it hurt. When he was finished I was just in a daze got dressed and was going to make my way home. I tried to leave but he literally asked “do you even know where you are right now?” Clearly acknowledging my intoxicated state, I said no so he got me an Uber home. The next day I realised how I would’ve never agreed to anything like this if I would’ve been sober. I didn’t have any intentions of the sort but I can be easily convinced. I know I was not in a sober enough state to make rational decisions at all but I didn’t say no. Since then I don’t know how to feel, I feel like it’s my own fault but I know if I was with someone who is too intoxicated I would never ask them to be intimate. Is it all my fault?","s9qozm rape Is it rape if I was drunk and he was sober? dreamydummy /r/rape/comments/s9qozm/is_it_rape_if_i_was_drunk_and_he_was_sober/ I met up with a guy I’ve been speaking to on a dating up. We were getting along so well without any sexual remarks before we met so I was really excited for a platonic date with someone who wants to get to know me and might actually like me. We met for drinks but he tells me he has work in a few hours so he can’t drink at all. I have really severe general and social anxiety so I already had a few before I even came to meet him. Things were going so well, we had lots in common and I was so happy to talk to someone who was not expecting things to get intimate. But after a few more drinks, again I’m the only person drinking I was very drunk and slurring my words. He started flirting holding my hand and asked if I would hook up with him, me in my drunken state thought he’s joking or just being playful so I slurred out “sure” and laughed. He asked if I wanted to go back to his and I was confused since he had work but at this point everything was happening so fast I thought it could be fun and said ok. I stumbled out of the bar, he got me into the Uber and made a pit stop to get me more drinks. By this point I was drunk so I thought that was a great idea. We got to his, I drank more, he kept trying to make advances and I kept my distance kept changing the conversation and tried to distract him with things on my phone and talking but he just grabbed my phone and put it away so I couldn’t reach it. Then started kissing me and undressing me. Had sex with me, it hurt. When he was finished I was just in a daze got dressed and was going to make my way home. I tried to leave but he literally asked “do you even know where you are right now?” Clearly acknowledging my intoxicated state, I said no so he got me an Uber home. The next day I realised how I would’ve never agreed to anything like this if I would’ve been sober. I didn’t have any intentions of the sort but I can be easily convinced. I know I was not in a sober enough state to make rational decisions at all but I didn’t say no. Since then I don’t know how to feel, I feel like it’s my own fault but I know if I was with someone who is too intoxicated I would never ask them to be intimate. Is it all my fault?","[""\\bi\\s+didn[’']t\\s+say\\s+no\\b""]","[""\\bi\\s+didn[’']t\\s+say\\s+no\\b"", ""\\bi\\s+don[’']t\\s+know\\b"", '\\brape\\b']"
s2lu2a,rape,Is this sexual assault/rape?,throwaway1934809,1,3,False,0,1642034632,/r/rape/comments/s2lu2a/is_this_sexual_assaultrape/,"I originally posted this elsewhere to get advice, because I wasn’t sure if this experience was a valid reason to breakup. I realized pretty quickly from all of the responses, that not only was this a reason to breakup, but also that it was potentially a case of rape. I was directed here as a place to talk about this and maybe find out a little more. 

So me (18f) and my boyfriend (22m) have been dating for about a month. Prior to our relationship we were really close friends. Before we started dating I was in a pretty bad relationship, and was in a very uncomfortable situation which he gave me a lot of advice on. The only important with this part though is that my ex boyfriend often “forgot” to use a condom, and this was something that infuriated my current boyfriend when I told him about that. He told me that it was incredibly disrespectful, and that I should’ve broken up with him for that alone. 

Anyways so moving forward, things were going really well with my boyfriend until a few nights ago, we were having sex and he took off the condom halfway through and just pulled out. He didn’t ask me, we didn’t talk about it afterwards at all. And then the next night when we had sex, he didn’t put on a condom at all and just pulled out again. I feel very uncomfortable with that, obviously, because I’ve experienced this before and didn’t expect this from him. 

Also to clarify, I was sexually assaulted in the past and I had a very strong freeze response to that. My boyfriend knew about that and knew that during sex, I have a very hard time communicating because of past traumatic experiences. He was aware of that and I brought this up with him when i ended things and he told me that during sex he would get so caught up in the moment that he’d forget about that and assumed that if I had a problem with something that I would communicate it with him. He also had a lot of excuses for not using a condom, which made me feel like I was overreacting. 

Anyways I’m just wondering if this is a case of sexual assault/rape. I’m having a lot of mixed feelings right now and having a hard time coping and just looking for some input.","s2lu2a rape Is this sexual assault/rape? throwaway1934809 /r/rape/comments/s2lu2a/is_this_sexual_assaultrape/ I originally posted this elsewhere to get advice, because I wasn’t sure if this experience was a valid reason to breakup. I realized pretty quickly from all of the responses, that not only was this a reason to breakup, but also that it was potentially a case of rape. I was directed here as a place to talk about this and maybe find out a little more. 

So me (18f) and my boyfriend (22m) have been dating for about a month. Prior to our relationship we were really close friends. Before we started dating I was in a pretty bad relationship, and was in a very uncomfortable situation which he gave me a lot of advice on. The only important with this part though is that my ex boyfriend often “forgot” to use a condom, and this was something that infuriated my current boyfriend when I told him about that. He told me that it was incredibly disrespectful, and that I should’ve broken up with him for that alone. 

Anyways so moving forward, things were going really well with my boyfriend until a few nights ago, we were having sex and he took off the condom halfway through and just pulled out. He didn’t ask me, we didn’t talk about it afterwards at all. And then the next night when we had sex, he didn’t put on a condom at all and just pulled out again. I feel very uncomfortable with that, obviously, because I’ve experienced this before and didn’t expect this from him. 

Also to clarify, I was sexually assaulted in the past and I had a very strong freeze response to that. My boyfriend knew about that and knew that during sex, I have a very hard time communicating because of past traumatic experiences. He was aware of that and I brought this up with him when i ended things and he told me that during sex he would get so caught up in the moment that he’d forget about that and assumed that if I had a problem with something that I would communicate it with him. He also had a lot of excuses for not using a condom, which made me feel like I was overreacting. 

Anyways I’m just wondering if this is a case of sexual assault/rape. I’m having a lot of mixed feelings right now and having a hard time coping and just looking for some input.",['\\bis\\s+this\\s+(?:sa|sexual\\s+assault)\\b'],"['\\bboyfriend\\b', '\\bis\\s+this\\s+(?:sa|sexual\\s+assault)\\b', '\\bassault\\b', '\\brape\\b', ""\\bi\\s+wasn[’']t\\s+sure\\b"", '\\bsexual(?:ly)?\\s+assault(?:ed|s|ing)?\\b']"
r3ppra,rape,raped by teacher twice now,Sielowel,12,3,False,0,1638055150,/r/rape/comments/r3ppra/raped_by_teacher_twice_now/,"I’ve been sexually assaulted before by a man on the train platform and I just froze not knowing what to do, but I swore to myself that if anything like that happened again I'd do something. But my teacher started to touch me, he'd place his hand on my lower back, sit very close to me when helping me with work, and even started to place his hands on my thighs, which scared me a little but I thought or convinced myself that I was overreacting because of what had happened with the guy at the train station. But I wasn’t overreacting and now it's too late, he raped me. But he was so nice to me during it and that just confused me.

I keep thinking to myself that I will never tell a soul about this. I feel so dirty, and I feel so disgusting, and I feel like it was my fault. I didn’t stop him, I didn’t say no when he got close to me. And he told me that the clothes I wore really turned him on and that he’d look forward to seeing what I’d wear for him next. I know I need to report him but I’m too ashamed to come forward. I’m so humiliated. 

So I didn’t do anything about it, but then he raped me again. And just like the first time he was so nice he told me that he loved me. I’m confused. I don't understand why he’s doing something so horrible to me whilst telling me he loves and cares for me.

Now I still go to his class and he acts all nice and sweet with me, and continues to touch me. I just feel so confused about why he’s acting so kind to me when he’s supposed to be a bad person. I can’t help but feel like a part of me liked the attention he was giving me so I gave him the wrong vibe and that’s why I got raped.","r3ppra rape raped by teacher twice now Sielowel /r/rape/comments/r3ppra/raped_by_teacher_twice_now/ I’ve been sexually assaulted before by a man on the train platform and I just froze not knowing what to do, but I swore to myself that if anything like that happened again I'd do something. But my teacher started to touch me, he'd place his hand on my lower back, sit very close to me when helping me with work, and even started to place his hands on my thighs, which scared me a little but I thought or convinced myself that I was overreacting because of what had happened with the guy at the train station. But I wasn’t overreacting and now it's too late, he raped me. But he was so nice to me during it and that just confused me.

I keep thinking to myself that I will never tell a soul about this. I feel so dirty, and I feel so disgusting, and I feel like it was my fault. I didn’t stop him, I didn’t say no when he got close to me. And he told me that the clothes I wore really turned him on and that he’d look forward to seeing what I’d wear for him next. I know I need to report him but I’m too ashamed to come forward. I’m so humiliated. 

So I didn’t do anything about it, but then he raped me again. And just like the first time he was so nice he told me that he loved me. I’m confused. I don't understand why he’s doing something so horrible to me whilst telling me he loves and cares for me.

Now I still go to his class and he acts all nice and sweet with me, and continues to touch me. I just feel so confused about why he’s acting so kind to me when he’s supposed to be a bad person. I can’t help but feel like a part of me liked the attention he was giving me so I gave him the wrong vibe and that’s why I got raped.","[""\\bi\\s+didn[’']t\\s+say\\s+no\\b""]","['\\bsexual(?:ly)?\\s+assault(?:ed|s|ing)?\\b', ""\\bi\\s+didn[’']t\\s+say\\s+no\\b"", '\\brape\\b']"
qlphm1,rape,Did he do anything wrong?,nordjuice,0,6,False,0,1635925463,/r/rape/comments/qlphm1/did_he_do_anything_wrong/,"This happened when I was 18 and living in a student hall during my first year of university. I had been out drinking at a bar with my friends when I met this guy and we hit it off and went back to my dorm room. By the time we got back to my dorm room I was extremely intoxicated, but we began having sex. He became increasingly rough and I told him it hurt. So he stopped and then said “we’ll I’m going to leave then”. I felt bad so we continued having sex from behind. This was when he grabbed both of my hands and pulled them behind my back and pushed my head into the pillow as hard as he could. He then started saying really gross things and I just felt really uncomfortable but I felt like I couldn’t say anything. I told him before we have sex that I don’t feel comfortable with him cumming on me but he did so on my face anyway. He then left. This is all I remember from the night since I was so drunk. Was I sexually assaulted? Or did I just have an experience I’m not familiar with? I can’t seem to grasp my head around this experience and have a constant feeling that I’m just over reacting to his behavior. Can someone help me come to terms with what I experienced.","qlphm1 rape Did he do anything wrong? nordjuice /r/rape/comments/qlphm1/did_he_do_anything_wrong/ This happened when I was 18 and living in a student hall during my first year of university. I had been out drinking at a bar with my friends when I met this guy and we hit it off and went back to my dorm room. By the time we got back to my dorm room I was extremely intoxicated, but we began having sex. He became increasingly rough and I told him it hurt. So he stopped and then said “we’ll I’m going to leave then”. I felt bad so we continued having sex from behind. This was when he grabbed both of my hands and pulled them behind my back and pushed my head into the pillow as hard as he could. He then started saying really gross things and I just felt really uncomfortable but I felt like I couldn’t say anything. I told him before we have sex that I don’t feel comfortable with him cumming on me but he did so on my face anyway. He then left. This is all I remember from the night since I was so drunk. Was I sexually assaulted? Or did I just have an experience I’m not familiar with? I can’t seem to grasp my head around this experience and have a constant feeling that I’m just over reacting to his behavior. Can someone help me come to terms with what I experienced.",['\\bwas\\s+i\\s+sexually\\s+assaulted\\b'],"['\\bwas\\s+i\\s+sexually\\s+assaulted\\b', '\\bsexual(?:ly)?\\s+assault(?:ed|s|ing)?\\b', '\\brape\\b']"
pt9qg6,rape,my boyfriend touched me while he thought i was asleep. Am I a victim?,rubycatcherintherye,2,13,True,4,1632323935,/r/rape/comments/pt9qg6/my_boyfriend_touched_me_while_he_thought_i_was/,"first of all: I know even If I was a victim it wouldn’t be rape, it would be sexual abuse. I just dont know what to do I need genuine advice and other subreddits ignored me

this is about my boyfriend. I love him very much and I trust him completely, he is a very sweet guy and would never do anything to me. he always asks for consent and I told him about womans issues and he supports feminism and hates the world because of what happens to woman etc and he is very protective over me. 

however, when we were at the very beginning of our relationship he touched me a few times while he thought i was asleep. 

he just sticked his fingers down there yk, but nothing really happened. just touched me. If I remember correctly we were always both very drunk when it happens but Im not sure (we were still very awkward at that time and just kissed) 

I remember feeling like „woah this is nice“ but also like wtf Im half asleep. 

one time, a friend also slept in a bed with us and we were all very drunk (his friend couldnt make it home so he slept with us) and then he put his hands down my pants and I said „stop your friend is here thats weird“ and he didnt stop, then I told him like seriously no and he stopped. 

i told him that and my bf said that he doesnt even know why he did that and he definitely didnt want to take advantage of me bcs I was asleep, but he admitted that he thinks he thought i was asleep at that time. he apologized and told me that it was in fact super weird. 

I dont feel like a victim, especially not at that time (i even joked about it) but now that i think about it I do have a weird gut feeling.","pt9qg6 rape my boyfriend touched me while he thought i was asleep. Am I a victim? rubycatcherintherye /r/rape/comments/pt9qg6/my_boyfriend_touched_me_while_he_thought_i_was/ first of all: I know even If I was a victim it wouldn’t be rape, it would be sexual abuse. I just dont know what to do I need genuine advice and other subreddits ignored me

this is about my boyfriend. I love him very much and I trust him completely, he is a very sweet guy and would never do anything to me. he always asks for consent and I told him about womans issues and he supports feminism and hates the world because of what happens to woman etc and he is very protective over me. 

however, when we were at the very beginning of our relationship he touched me a few times while he thought i was asleep. 

he just sticked his fingers down there yk, but nothing really happened. just touched me. If I remember correctly we were always both very drunk when it happens but Im not sure (we were still very awkward at that time and just kissed) 

I remember feeling like „woah this is nice“ but also like wtf Im half asleep. 

one time, a friend also slept in a bed with us and we were all very drunk (his friend couldnt make it home so he slept with us) and then he put his hands down my pants and I said „stop your friend is here thats weird“ and he didnt stop, then I told him like seriously no and he stopped. 

i told him that and my bf said that he doesnt even know why he did that and he definitely didnt want to take advantage of me bcs I was asleep, but he admitted that he thinks he thought i was asleep at that time. he apologized and told me that it was in fact super weird. 

I dont feel like a victim, especially not at that time (i even joked about it) but now that i think about it I do have a weird gut feeling.",['\\bam\\s+i\\s+(?:a\\s+)?victim\\b'],"['\\bboyfriend\\b', '\\bam\\s+i\\s+(?:a\\s+)?victim\\b', '\\bsexual(?:ly)?\\s+abus(?:e|ed|es|ing)\\b', ""\\bi[’']?m\\s+not\\s+sure\\b"", '\\brape\\b', '\\bfriend\\b']"
oom460,rape,Is this rape?,beatsme0w0,6,7,False,0,1626858440,/r/rape/comments/oom460/is_this_rape/,"I went on a date with a guy 10 years older than me. Ik dumb. Im 18, hes 28. We went to watch a movie. During the whole movie he kept touching me and moving his hands to my inner thighs. After the movie i told him that i just wanted to go home. He complained and said it was too early for me to leave. We walked out of the theater and he asked if i wanted to go see his car. I just went along with it and found myself sitting in his car. He bought some beers then took me to a hotel renting a room for us. We entered the room and I went to the bathroom and came out with him under the covers his pants folded on the table. He told me to get into bed with him. I went along with it. I didnt say yes, but i also didnt say no and i felt pressured into the whole thing. He helped me take my clothes off, and we had sex. I was uncomfortable with everything. We laid next to eachother for a bit and he got back up wanting more. I felt myself start to shake and i finally told him that i was done and wanted to leave which he agreed to. He only wanted sex. I could tell from the very beginning.","oom460 rape Is this rape? beatsme0w0 /r/rape/comments/oom460/is_this_rape/ I went on a date with a guy 10 years older than me. Ik dumb. Im 18, hes 28. We went to watch a movie. During the whole movie he kept touching me and moving his hands to my inner thighs. After the movie i told him that i just wanted to go home. He complained and said it was too early for me to leave. We walked out of the theater and he asked if i wanted to go see his car. I just went along with it and found myself sitting in his car. He bought some beers then took me to a hotel renting a room for us. We entered the room and I went to the bathroom and came out with him under the covers his pants folded on the table. He told me to get into bed with him. I went along with it. I didnt say yes, but i also didnt say no and i felt pressured into the whole thing. He helped me take my clothes off, and we had sex. I was uncomfortable with everything. We laid next to eachother for a bit and he got back up wanting more. I felt myself start to shake and i finally told him that i was done and wanted to leave which he agreed to. He only wanted sex. I could tell from the very beginning.",['\\bi\\s+just\\s+went\\s+along\\s+with\\s+it\\b'],"['\\bi\\s+just\\s+went\\s+along\\s+with\\s+it\\b', '\\brape\\b']"
o6im3x,rape,My Experience,Glittering_Media_513,23,6,True,1,1624472102,/r/rape/comments/o6im3x/my_experience/,"I was 16 when I met my first boyfriend, he was 24 and insistent on starting a relationship. The first time he made a move he held my hand, and I did nothing (a common theme here) I just let him. This sounds terrible but I never liked him much, I just knew he was supposedly my boyfriend and it was nice to have someone to talk to. I believe starting then he warped my idea of myself and intimacy. He said deplorable things, that I was nothing but for his enjoyment, that he liked girls even younger than me around 14, and all of his fetishes including rape. In the beginning, I thought this was normal. I know better now and I am grateful to be away from him. The man who took my first kiss while I was sleeping, fondled me and bruised my legs til they were purple. 

Then his friend, his best friend. 22 at the time I believe and actively delighted in sending me sexually charged messages, asking to expose himself to me and 'steal my first kiss'. I will never get over the absolutely frozen anxiety that stuck my body into place when you put your hands on my chest. You called me your little sister, in spite of everything you did I trusted you. I thought I knew you, I did not. You left and I convinced myself it was me, that I cheated. It was my fault you waited until your friend stepped out of the car for a moment to reach in the back seat for me to put your hands down my pants. I didn't say no, I didn't say anything. I couldn't see through my tears.

17 at a close friends house, falling asleep on the couch and being roused by someone you knew since you were a child with his hand on your chest. You tell your boyfriend immediately and leave. Full of the same fear that you cheated and the anxiety of not being able to put away what happened. You dismiss it for his benefit and he takes it as you wanted it. You did. No, you were asleep weren't you?

18 at the club. You have found yourself, you are beautiful, you are fun. Someone else finds you the same way you see yourself. You're drink taste funny, those men look at you funny. Predator has a new meaning when they look at you like prey. And then suddenly you are fighting back sleep and unable to lift your head and someone's hand is down your pants. You say no over and over again, maybe it's not loud enough. Someone there finds it funny, another hand goes down your shirt. Your friends are no where to be found. The next day no one believes, you were dancing slutty and had a drink. 

20. At 20,  It's all you can think about.","o6im3x rape My Experience Glittering_Media_513 /r/rape/comments/o6im3x/my_experience/ I was 16 when I met my first boyfriend, he was 24 and insistent on starting a relationship. The first time he made a move he held my hand, and I did nothing (a common theme here) I just let him. This sounds terrible but I never liked him much, I just knew he was supposedly my boyfriend and it was nice to have someone to talk to. I believe starting then he warped my idea of myself and intimacy. He said deplorable things, that I was nothing but for his enjoyment, that he liked girls even younger than me around 14, and all of his fetishes including rape. In the beginning, I thought this was normal. I know better now and I am grateful to be away from him. The man who took my first kiss while I was sleeping, fondled me and bruised my legs til they were purple. 

Then his friend, his best friend. 22 at the time I believe and actively delighted in sending me sexually charged messages, asking to expose himself to me and 'steal my first kiss'. I will never get over the absolutely frozen anxiety that stuck my body into place when you put your hands on my chest. You called me your little sister, in spite of everything you did I trusted you. I thought I knew you, I did not. You left and I convinced myself it was me, that I cheated. It was my fault you waited until your friend stepped out of the car for a moment to reach in the back seat for me to put your hands down my pants. I didn't say no, I didn't say anything. I couldn't see through my tears.

17 at a close friends house, falling asleep on the couch and being roused by someone you knew since you were a child with his hand on your chest. You tell your boyfriend immediately and leave. Full of the same fear that you cheated and the anxiety of not being able to put away what happened. You dismiss it for his benefit and he takes it as you wanted it. You did. No, you were asleep weren't you?

18 at the club. You have found yourself, you are beautiful, you are fun. Someone else finds you the same way you see yourself. You're drink taste funny, those men look at you funny. Predator has a new meaning when they look at you like prey. And then suddenly you are fighting back sleep and unable to lift your head and someone's hand is down your pants. You say no over and over again, maybe it's not loud enough. Someone there finds it funny, another hand goes down your shirt. Your friends are no where to be found. The next day no one believes, you were dancing slutty and had a drink. 

20. At 20,  It's all you can think about.","[""\\bi\\s+didn[’']t\\s+say\\s+no\\b""]","[""\\bi\\s+didn[’']t\\s+say\\s+no\\b"", '\\bfriend\\b', '\\bboyfriend\\b', '\\brape\\b']"
nss98j,rape,Was this rape?,Light-Agile,2,9,False,0,1622886581,/r/rape/comments/nss98j/was_this_rape/,"A few weeks ago, I went to a guys house to spend the night. We’d been chatting for a few weeks and naturally things had become suggestive. I’d been there only about 30 minutes when he started trying it on with me, and I tried to push him off but because of how tall and big he was, I couldn’t move him. We ended up having sex even though I didn’t want to at that moment in time, and I’d said to him “not yet I’ve only just got here” (half as a joke, half because I wasn’t sure if I wanted to now or not). 
Because I didn’t explicitly say no, and because I just went along with it, I don’t know where I stand with what happened and I just want to get my own head around it.","nss98j rape Was this rape? Light-Agile /r/rape/comments/nss98j/was_this_rape/ A few weeks ago, I went to a guys house to spend the night. We’d been chatting for a few weeks and naturally things had become suggestive. I’d been there only about 30 minutes when he started trying it on with me, and I tried to push him off but because of how tall and big he was, I couldn’t move him. We ended up having sex even though I didn’t want to at that moment in time, and I’d said to him “not yet I’ve only just got here” (half as a joke, half because I wasn’t sure if I wanted to now or not). 
Because I didn’t explicitly say no, and because I just went along with it, I don’t know where I stand with what happened and I just want to get my own head around it.",['\\bi\\s+just\\s+went\\s+along\\s+with\\s+it\\b'],"[""\\bi\\s+wasn[’']t\\s+sure\\b"", '\\bi\\s+just\\s+went\\s+along\\s+with\\s+it\\b', ""\\bi\\s+don[’']t\\s+know\\b"", '\\brape\\b']"
nnx8ve,rape,I dont know If I was raped. It's hurting my mind.,Totobyafrica97,8,3,True,1,1622325524,/r/rape/comments/nnx8ve/i_dont_know_if_i_was_raped_its_hurting_my_mind/,"I had an ex in Finland about 4 years ago. In the 4 visits I made he coerced me into giving him a blowjob. I said no, i dont want to so many fucking times. He told me I owed him. I was scared. Scared he would kick me out in a country I didn't know. He was all I had at the time.

On a few occasions I would be playing a game in the living room, he'd be playing a game in his bedroom. He'd turn it all off and sit next to me and stare at me. I knew he wanted to have sex. I'd feel uncomfortable with him watching me so I'd turn it all off and go in his room with him. I'd curl up in a ball and look sad in the hopes he'd called it off himself cos I was too afraid to. But he wouldn't. He'd push me and push me. ""do you want me to lick you?"" ""finger you?"" to which I always responded with no. We'd have uncomfortable silences for minutes on the bed. In the end I'd say let's just get it over with. I'd turn around and let him prone bone me. I have issues with the entrance to my Vagina so sex at the start is extremely painful. He'd do his thing. One time he asked me to switch positions. I said no. Everything else we tried really hurt me. In response to that he shoved his penis inside of me and I think it hit my cervix. It really hurt. He said it was to show me that prone bone can hurt me too. 

How can anyone still want to have sex with anyone who is clearly upset about it and just told you to get it over with. I wouldnt have sex with someone who just wants it to get over with. They clearly don't want it. There's clearly a reason they haven't verbally said no.

But in the end.. I didn't say no. But I also think I made it somewhat clear I wasn't enjoying what was happening. Im so confused. I think im  suffering from PTSD. I'm currently on a long waiting list for the only free therapy in my town. Any opinions?","nnx8ve rape I dont know If I was raped. It's hurting my mind. Totobyafrica97 /r/rape/comments/nnx8ve/i_dont_know_if_i_was_raped_its_hurting_my_mind/ I had an ex in Finland about 4 years ago. In the 4 visits I made he coerced me into giving him a blowjob. I said no, i dont want to so many fucking times. He told me I owed him. I was scared. Scared he would kick me out in a country I didn't know. He was all I had at the time.

On a few occasions I would be playing a game in the living room, he'd be playing a game in his bedroom. He'd turn it all off and sit next to me and stare at me. I knew he wanted to have sex. I'd feel uncomfortable with him watching me so I'd turn it all off and go in his room with him. I'd curl up in a ball and look sad in the hopes he'd called it off himself cos I was too afraid to. But he wouldn't. He'd push me and push me. ""do you want me to lick you?"" ""finger you?"" to which I always responded with no. We'd have uncomfortable silences for minutes on the bed. In the end I'd say let's just get it over with. I'd turn around and let him prone bone me. I have issues with the entrance to my Vagina so sex at the start is extremely painful. He'd do his thing. One time he asked me to switch positions. I said no. Everything else we tried really hurt me. In response to that he shoved his penis inside of me and I think it hit my cervix. It really hurt. He said it was to show me that prone bone can hurt me too. 

How can anyone still want to have sex with anyone who is clearly upset about it and just told you to get it over with. I wouldnt have sex with someone who just wants it to get over with. They clearly don't want it. There's clearly a reason they haven't verbally said no.

But in the end.. I didn't say no. But I also think I made it somewhat clear I wasn't enjoying what was happening. Im so confused. I think im  suffering from PTSD. I'm currently on a long waiting list for the only free therapy in my town. Any opinions?","[""\\bi\\s+didn[’']t\\s+say\\s+no\\b""]","[""\\bi\\s+didn[’']t\\s+know\\b"", ""\\bi\\s+didn[’']t\\s+say\\s+no\\b"", '\\brape\\b']"
mvh1ce,rape,Was it rape or my fault?,needclaritythrowaway,8,5,False,0,1619015791,/r/rape/comments/mvh1ce/was_it_rape_or_my_fault/,"Hi, 

it's quite hard for me to post here and I can't really grasp the situation fully, have tried to block out the memory during the past but I need clarity. It's been over 10 years, I don't remember how old I was at the time exactly but I remember being with a specific friend that afternoon so it must have been when I was either 14 or 15. We were riding our bicycles through town to get some sweets at a shop and decided to race home to his parents place to see who could get there first, on the way I noticed I needed the toilet badly, so I stopped at a local car parking spot that had public toilets next to it. 

For clarity, I am 27 year old gay man these days, but at the time I am not sure if I knew that I was gay or whether or not I was able to consent to it? 

I went into the toilet and a guy in his 40s stood next to me and he started playing with himself and I was sort of shocked and just couldn't move although my gut was telling me to run. I do remember that at the time I was already masturbating but I haven't had sex with anyone or done anything sexual with anyone, I also had girlfriends after but never had sex until my early 20s and at that time I realized that I was gay. Things took a bad turn and he suggested to go into a cubicle and I didn't say anything, I was completely shocked and didn't know how to cope, I wanted to run or say no but couldn't get myself to ane he stood in front of the exit and said let's just go into a cubicle and I don't want to go into any more details but things happened in there that still make me cry today. I don't think I wanted to do this at the time but I also didn't say no and I don't recall trying with physical force to get out of the situation, I just blacked out. 

To this day this is the memory of the first time I had done something sexual and it still kills me. I also have huge issues/fear of getting STDs and as a result am extremely hesitant to have sex and when I do I get so anxious because at the time I was so worried for months after that I have something until I found the courage to get tested a long time later, but I never told anyone the real reason why. 

I have never shared this story with anyone and I don't really know what to make of it, was this rape or was it my fault because I didn't say no or I didn't try to run away?

I am doing well in life but this has destroyed something within me and I am so ashamed of it that I don't know how to even talk about it with anyone? 

I appreciate any word or advise on this or on how to move past this, the older I get the more this seems to kill me inside.","mvh1ce rape Was it rape or my fault? needclaritythrowaway /r/rape/comments/mvh1ce/was_it_rape_or_my_fault/ Hi, 

it's quite hard for me to post here and I can't really grasp the situation fully, have tried to block out the memory during the past but I need clarity. It's been over 10 years, I don't remember how old I was at the time exactly but I remember being with a specific friend that afternoon so it must have been when I was either 14 or 15. We were riding our bicycles through town to get some sweets at a shop and decided to race home to his parents place to see who could get there first, on the way I noticed I needed the toilet badly, so I stopped at a local car parking spot that had public toilets next to it. 

For clarity, I am 27 year old gay man these days, but at the time I am not sure if I knew that I was gay or whether or not I was able to consent to it? 

I went into the toilet and a guy in his 40s stood next to me and he started playing with himself and I was sort of shocked and just couldn't move although my gut was telling me to run. I do remember that at the time I was already masturbating but I haven't had sex with anyone or done anything sexual with anyone, I also had girlfriends after but never had sex until my early 20s and at that time I realized that I was gay. Things took a bad turn and he suggested to go into a cubicle and I didn't say anything, I was completely shocked and didn't know how to cope, I wanted to run or say no but couldn't get myself to ane he stood in front of the exit and said let's just go into a cubicle and I don't want to go into any more details but things happened in there that still make me cry today. I don't think I wanted to do this at the time but I also didn't say no and I don't recall trying with physical force to get out of the situation, I just blacked out. 

To this day this is the memory of the first time I had done something sexual and it still kills me. I also have huge issues/fear of getting STDs and as a result am extremely hesitant to have sex and when I do I get so anxious because at the time I was so worried for months after that I have something until I found the courage to get tested a long time later, but I never told anyone the real reason why. 

I have never shared this story with anyone and I don't really know what to make of it, was this rape or was it my fault because I didn't say no or I didn't try to run away?

I am doing well in life but this has destroyed something within me and I am so ashamed of it that I don't know how to even talk about it with anyone? 

I appreciate any word or advise on this or on how to move past this, the older I get the more this seems to kill me inside.","[""\\bi\\s+didn[’']t\\s+say\\s+no\\b""]","[""\\bi\\s+didn[’']t\\s+say\\s+no\\b"", ""\\bi\\s+don[’']t\\s+really\\s+know\\b"", ""\\bi\\s+don[’']t\\s+know\\b"", '\\brape\\b', '\\bfriend\\b']"
lgnqw2,rape,Was I raped if I didn’t say no?,Confusedthrowaway854,7,6,False,0,1612938633,/r/rape/comments/lgnqw2/was_i_raped_if_i_didnt_say_no/,"Hi, 

I’m feeling pretty lost right now and I’m terrified that speaking this out loud will make my experience be invalidated. My memory is hazy and i’m feeling all kinds of weird right now, so I apologize of this is all over the place.

Recently, a friend was confiding in me about her rapes, and talked to me about the guilt she felt as she never said no, this person was someone she was in love with, and how those two factors kept her from ever saying anything about the rapes that happened in that relationship it sounded eerily similar to my own experience. 

  In 2016, as a barely 18 year old, I fell into an emotionally abusive and volatile relationship with a 24 year old man. I didn’t have any “healthy” examples of love in my life, was severely depressed, riddled with anxiety, didn’t perceive myself as worthy of love - and he took advantage of that. I was young, dumb, and naive - I saw myself as grown because I had moved out and been living on my own since 17, and I was so desperately in love with him. 

Once, during a particularly bad panic attack, I drove to his house - I didn’t even know how I got there - I was dissociated, I felt outside of my body, there were blanks in my memory, I felt like I couldn’t even see at some points. I hadn’t even parked the car right, i’d left it running in the middle of the street and he came down panicking to park it and bring me to his house. I remember him yelling at me about how crazy I was, I remember him threatening to take me to the mental hospital and telling me how I was lucky he loved me because nobody else would put up with my bullshit, how nobody else could ever handle me. All the while I was still just....out of my body. I wasn’t fully there, I was still in the midst of my panic attack and wasn’t able to process much of anything. I remember him telling me to lie down on the couch, and after a while of laying there I remember him undressing me, and then having sex with me. I didn’t want it, I was still in full panic mode. I never said no - I never said anything. My mind was just floating somewhere else and I felt like I just wasn’t there. Afterwards he got up to clean himself up and went to bed, leaving me there on the couch.

I still dated him for a full year after that, and that wasn’t the only time something like that happened. I think I always discounted it because I just...never said no. I never verbally said no, I just let it happen. I also loved this person, when this happened I had lost a lot of my friendships, had a strained relationship with family, and he was all I had. He was my everything, and rape doesn’t happen between people who love each other. Rape doesn’t happen in a relationship, it doesn’t count if I stayed with him afterwards. 

But I was also terrified of him, any disagreement, any single thing that I said that wasn’t what he wanted to hear would be an insult - it’d mean I was undermining him, I wasn’t supporting him. He was quick to anger, and when he would get angry he would scream and yell, go on a cursing rampage, punch walls and throw objects around. And though he never hit me, there is something unexplainably terrifying about a 6’2” adult man seething with anger.

I’ve been in therapy for a while, but I haven’t ever mentioned this. I’m scared, scared that i’m just being silly, that this experience wasn’t real, it wasn’t valid, it doesn’t count. But i’m also scared that someone will say that it was rape.I guess I just don’t know what to think, but this (and many experiences from that relationship) have weighed on me for years now.

I don’t know what i’m looking for, thanks if you made it this far.","lgnqw2 rape Was I raped if I didn’t say no? Confusedthrowaway854 /r/rape/comments/lgnqw2/was_i_raped_if_i_didnt_say_no/ Hi, 

I’m feeling pretty lost right now and I’m terrified that speaking this out loud will make my experience be invalidated. My memory is hazy and i’m feeling all kinds of weird right now, so I apologize of this is all over the place.

Recently, a friend was confiding in me about her rapes, and talked to me about the guilt she felt as she never said no, this person was someone she was in love with, and how those two factors kept her from ever saying anything about the rapes that happened in that relationship it sounded eerily similar to my own experience. 

  In 2016, as a barely 18 year old, I fell into an emotionally abusive and volatile relationship with a 24 year old man. I didn’t have any “healthy” examples of love in my life, was severely depressed, riddled with anxiety, didn’t perceive myself as worthy of love - and he took advantage of that. I was young, dumb, and naive - I saw myself as grown because I had moved out and been living on my own since 17, and I was so desperately in love with him. 

Once, during a particularly bad panic attack, I drove to his house - I didn’t even know how I got there - I was dissociated, I felt outside of my body, there were blanks in my memory, I felt like I couldn’t even see at some points. I hadn’t even parked the car right, i’d left it running in the middle of the street and he came down panicking to park it and bring me to his house. I remember him yelling at me about how crazy I was, I remember him threatening to take me to the mental hospital and telling me how I was lucky he loved me because nobody else would put up with my bullshit, how nobody else could ever handle me. All the while I was still just....out of my body. I wasn’t fully there, I was still in the midst of my panic attack and wasn’t able to process much of anything. I remember him telling me to lie down on the couch, and after a while of laying there I remember him undressing me, and then having sex with me. I didn’t want it, I was still in full panic mode. I never said no - I never said anything. My mind was just floating somewhere else and I felt like I just wasn’t there. Afterwards he got up to clean himself up and went to bed, leaving me there on the couch.

I still dated him for a full year after that, and that wasn’t the only time something like that happened. I think I always discounted it because I just...never said no. I never verbally said no, I just let it happen. I also loved this person, when this happened I had lost a lot of my friendships, had a strained relationship with family, and he was all I had. He was my everything, and rape doesn’t happen between people who love each other. Rape doesn’t happen in a relationship, it doesn’t count if I stayed with him afterwards. 

But I was also terrified of him, any disagreement, any single thing that I said that wasn’t what he wanted to hear would be an insult - it’d mean I was undermining him, I wasn’t supporting him. He was quick to anger, and when he would get angry he would scream and yell, go on a cursing rampage, punch walls and throw objects around. And though he never hit me, there is something unexplainably terrifying about a 6’2” adult man seething with anger.

I’ve been in therapy for a while, but I haven’t ever mentioned this. I’m scared, scared that i’m just being silly, that this experience wasn’t real, it wasn’t valid, it doesn’t count. But i’m also scared that someone will say that it was rape.I guess I just don’t know what to think, but this (and many experiences from that relationship) have weighed on me for years now.

I don’t know what i’m looking for, thanks if you made it this far.","[""\\bi\\s+didn[’']t\\s+say\\s+no\\b""]","[""\\bi\\s+(?:genuinely|just|honestly|really|truly|still)\\s+don[’']t\\s+know\\b"", ""\\bi\\s+didn[’']t\\s+say\\s+no\\b"", ""\\bi\\s+don[’']t\\s+know\\b"", '\\brape\\b', '\\bfriend\\b']"
kiu6m1,rape,Feeling ashamed of my own progress after trauma,IndividualLychee9614,7,7,True,2,1608734205,/r/rape/comments/kiu6m1/feeling_ashamed_of_my_own_progress_after_trauma/,"Hi all,

I’m really struggling these days with feeling like I’m not healed enough.

I was only raped once, twelve years ago, in a violent attack by a stranger. I struggle so much with it because I have friends who suffered worse abuse and trauma. In my head, it wasn’t that bad, and I feel ashamed that I’m still stuck after all these years. I think of it all the time. 

I’m in therapy twice a week and I’ve done a lot of exposure work around it, but I feel like I could be doing so much more with my life. I work full time and try to stay busy but it’s never enough to keep me from feeling hopeless.

I don’t know why I keep going back to the rape in my head. It was my first time. I was 19 and he was 30. He approached me on the street while I was drunk and lured me away from my friend. He brought me back to his place and started kissing me and then proceeded to orally and vaginally rape me. He suffocated me and took pictures of me and bit me and forced me to say things to him during the assault. He wouldn’t stop when I told him I was bleeding. I remember looking down and seeing blood on the sheets. He prevented me from leaving and then gave me a smug smile and a kiss when he got off of me. 

I still struggle because I think it was just a one night stand or something. I snuck out when he was asleep. 

Idk, it never feels like rape to me and I feel like I’m lying when I talk about it. But that’s what happened. 

I just don’t think I’m normal for being where I am right now. I feel like I should be so much further along than I am and that really sucks. I don’t want a relationship and I’m scared of men and sex. 

I know I wasn’t legally a child at the time, but I feel like he, as an adult, preyed on me due to my age and vulnerability. I remember the evil, sneering look in his eyes and the smugness and this sketchy expression he had on his face. 

I don’t feel like my reaction is justified to this event. 

Can others relate?","kiu6m1 rape Feeling ashamed of my own progress after trauma IndividualLychee9614 /r/rape/comments/kiu6m1/feeling_ashamed_of_my_own_progress_after_trauma/ Hi all,

I’m really struggling these days with feeling like I’m not healed enough.

I was only raped once, twelve years ago, in a violent attack by a stranger. I struggle so much with it because I have friends who suffered worse abuse and trauma. In my head, it wasn’t that bad, and I feel ashamed that I’m still stuck after all these years. I think of it all the time. 

I’m in therapy twice a week and I’ve done a lot of exposure work around it, but I feel like I could be doing so much more with my life. I work full time and try to stay busy but it’s never enough to keep me from feeling hopeless.

I don’t know why I keep going back to the rape in my head. It was my first time. I was 19 and he was 30. He approached me on the street while I was drunk and lured me away from my friend. He brought me back to his place and started kissing me and then proceeded to orally and vaginally rape me. He suffocated me and took pictures of me and bit me and forced me to say things to him during the assault. He wouldn’t stop when I told him I was bleeding. I remember looking down and seeing blood on the sheets. He prevented me from leaving and then gave me a smug smile and a kiss when he got off of me. 

I still struggle because I think it was just a one night stand or something. I snuck out when he was asleep. 

Idk, it never feels like rape to me and I feel like I’m lying when I talk about it. But that’s what happened. 

I just don’t think I’m normal for being where I am right now. I feel like I should be so much further along than I am and that really sucks. I don’t want a relationship and I’m scared of men and sex. 

I know I wasn’t legally a child at the time, but I feel like he, as an adult, preyed on me due to my age and vulnerability. I remember the evil, sneering look in his eyes and the smugness and this sketchy expression he had on his face. 

I don’t feel like my reaction is justified to this event. 

Can others relate?","[""\\bit\\s+wasn[’']t\\s+that\\s+bad\\b""]","[""\\bit\\s+wasn[’']t\\s+that\\s+bad\\b"", '\\bidk+k*\\b', ""\\bi\\s+don[’']t\\s+know\\b"", '\\bassault\\b', '\\brape\\b', '\\bfriend\\b']"
kb053g,rape,Was I sexually assaulted?,[deleted],3,13,True,8,1607681506,/r/rape/comments/kb053g/was_i_sexually_assaulted/,"Last week I met a guy during a party, he was talking to me. At a certain point during the night we start kissing (consensually). This kept going for like 40 minutes? After a while, we were alone e he made me lay down with him while kissing, and put his hand on my p*ssy. I said no. He stopped. Before during that night i think i have told him that I was a virgin, not with those words but like ""I don't have experiences with boys"". So I feel like he trying to go further was weird. Plus I was drunk, not fucked up drunk but drunk (i was still able to talk, walk correctly etc), but again he was drunk too so Idk. Honestly: do you think he tried to assault me or anyway do you think he was in the wrong? I just want an honest answer because I don't want to text him and tell him things if he is not a bad guy. I don't want to make him feel ashamed, but I feel like he went too far

Edit: maybe because I heard people saying ""If you think something it's assault then something is probably wrong"" and I wanted to make sure.","kb053g rape Was I sexually assaulted? [deleted] /r/rape/comments/kb053g/was_i_sexually_assaulted/ Last week I met a guy during a party, he was talking to me. At a certain point during the night we start kissing (consensually). This kept going for like 40 minutes? After a while, we were alone e he made me lay down with him while kissing, and put his hand on my p*ssy. I said no. He stopped. Before during that night i think i have told him that I was a virgin, not with those words but like ""I don't have experiences with boys"". So I feel like he trying to go further was weird. Plus I was drunk, not fucked up drunk but drunk (i was still able to talk, walk correctly etc), but again he was drunk too so Idk. Honestly: do you think he tried to assault me or anyway do you think he was in the wrong? I just want an honest answer because I don't want to text him and tell him things if he is not a bad guy. I don't want to make him feel ashamed, but I feel like he went too far

Edit: maybe because I heard people saying ""If you think something it's assault then something is probably wrong"" and I wanted to make sure.",['\\bwas\\s+i\\s+sexually\\s+assaulted\\b'],"['\\bidk+k*\\b', '\\bassault\\b', '\\brape\\b', '\\bwas\\s+i\\s+sexually\\s+assaulted\\b', '\\bsexual(?:ly)?\\s+assault(?:ed|s|ing)?\\b']"
jsr4en,rape,Did I cheat or was I raped?,246ythrowaway,5,13,False,0,1605169588,/r/rape/comments/jsr4en/did_i_cheat_or_was_i_raped/,"So yesterday my ex sent me a message telling me he was moving and had found some old things of mine including a book I thought I lost. He asked if I wanted to swing by his place to pick them up. I suggested the auto repair shop he owns as it's pretty much right on my way from my work to my house.

When I went by on my way from work he was alone, which was unusual but I didn't think too much of it until instead of giving me my stuff he pulled me into an office and started kissing me. I tried to push him off but he's a lot bigger than me and he was holding me in place. Then he asked if we could have sex and I guess I was so shocked and afraid he might hurt me if I said no, so I didn't say anything, I just looked away from him and asked where my stuff was, but he didn't answer. He just started doing things and I just sort of zoned out and let him. 

At one point he must have finished because he was just laying on top of me and not doing anything, and I started to cry. He asked if I was ok and I just said I was fine, thinking he would let me go if I didn't complain or imply I was going to cause trouble for him. He started kissing me again and after a while he said he was ready to go again and asked if I wanted to. I said I wanted to go home, but he kept laying on me and didn't move, so then I asked him if he would let me go home afterwards and he said yes, so I just shrugged and said ok and he went again. 

When I got home I told my husband and he did not believe me that I didn't want to have sex with my ex. He said if I didn't want to I would have insisted he mail my things to me or at least met in a public place. He said that I would have tried to fight him off, screamed, and told him no over and over. I'm so confused because I know I didn't want to have sex with my ex but I met him in his workplace and I didn't fight him, I didn't say no even once, and I did agree to it the second time. I love my husband and I would never cheat on him. He thinks I subconsciously really wanted to cheat and that's why I couldn't say no or fight. I don't know what to think. I hate myself so much for hurting my husband.

Edit: thank you for being honest in your comments and telling me I cheated. I can't live with myself after doing this.","jsr4en rape Did I cheat or was I raped? 246ythrowaway /r/rape/comments/jsr4en/did_i_cheat_or_was_i_raped/ So yesterday my ex sent me a message telling me he was moving and had found some old things of mine including a book I thought I lost. He asked if I wanted to swing by his place to pick them up. I suggested the auto repair shop he owns as it's pretty much right on my way from my work to my house.

When I went by on my way from work he was alone, which was unusual but I didn't think too much of it until instead of giving me my stuff he pulled me into an office and started kissing me. I tried to push him off but he's a lot bigger than me and he was holding me in place. Then he asked if we could have sex and I guess I was so shocked and afraid he might hurt me if I said no, so I didn't say anything, I just looked away from him and asked where my stuff was, but he didn't answer. He just started doing things and I just sort of zoned out and let him. 

At one point he must have finished because he was just laying on top of me and not doing anything, and I started to cry. He asked if I was ok and I just said I was fine, thinking he would let me go if I didn't complain or imply I was going to cause trouble for him. He started kissing me again and after a while he said he was ready to go again and asked if I wanted to. I said I wanted to go home, but he kept laying on me and didn't move, so then I asked him if he would let me go home afterwards and he said yes, so I just shrugged and said ok and he went again. 

When I got home I told my husband and he did not believe me that I didn't want to have sex with my ex. He said if I didn't want to I would have insisted he mail my things to me or at least met in a public place. He said that I would have tried to fight him off, screamed, and told him no over and over. I'm so confused because I know I didn't want to have sex with my ex but I met him in his workplace and I didn't fight him, I didn't say no even once, and I did agree to it the second time. I love my husband and I would never cheat on him. He thinks I subconsciously really wanted to cheat and that's why I couldn't say no or fight. I don't know what to think. I hate myself so much for hurting my husband.

Edit: thank you for being honest in your comments and telling me I cheated. I can't live with myself after doing this.","[""\\bi\\s+didn[’']t\\s+say\\s+no\\b""]","['\\bhusband\\b', ""\\bi\\s+didn[’']t\\s+say\\s+no\\b"", ""\\bi\\s+don[’']t\\s+know\\b"", '\\brape\\b']"
jl0eix,rape,Is this considered sexual assault?,Anxious-Increase-248,6,4,True,2,1604076541,/r/rape/comments/jl0eix/is_this_considered_sexual_assault/,"Trigger warning: detailed events of possible sexual assault

I think about this more than I would like to, and I have never talked about it with anyone because it was so long ago.

When I was 16 (F) I had my first kiss with this guy (17) and I was over the moon because I had been wanting to get my first kiss over with. At this age I was experimenting with porn videos and masturbation so I was horny. One night we were snap chatting and he asked me if we could hang out again soon. I agreed and he started talking about kissing, and having sex. In the moment I said I would. When we hung out next I quickly told him I no longer wanted to do that and I wasn’t ready. He said that I couldn’t go back on my word because I already told him yes. We were similar builds so I could’ve easily fought back but I didn’t. He stripped me down, and then pulled his pants down. He asked me to touch his penis but I refused because I was honestly revolted and extremely anxious. After asking him to stop and saying I didn’t want to be told me to stop worrying and just enjoy it. He slipped his penis inside of me, but I remember not feeling anything. I don’t know if maybe it just didn’t go inside of me, but I remember him thrusting and him finishing inside of his condom. After he ran to the bathroom and I texted me mom to pick me up immediately. Was this considered rape? I never talked to him again, I never told anyone, I just think about it to myself and wonder if I was raped or if I am just plying victim.","jl0eix rape Is this considered sexual assault? Anxious-Increase-248 /r/rape/comments/jl0eix/is_this_considered_sexual_assault/ Trigger warning: detailed events of possible sexual assault

I think about this more than I would like to, and I have never talked about it with anyone because it was so long ago.

When I was 16 (F) I had my first kiss with this guy (17) and I was over the moon because I had been wanting to get my first kiss over with. At this age I was experimenting with porn videos and masturbation so I was horny. One night we were snap chatting and he asked me if we could hang out again soon. I agreed and he started talking about kissing, and having sex. In the moment I said I would. When we hung out next I quickly told him I no longer wanted to do that and I wasn’t ready. He said that I couldn’t go back on my word because I already told him yes. We were similar builds so I could’ve easily fought back but I didn’t. He stripped me down, and then pulled his pants down. He asked me to touch his penis but I refused because I was honestly revolted and extremely anxious. After asking him to stop and saying I didn’t want to be told me to stop worrying and just enjoy it. He slipped his penis inside of me, but I remember not feeling anything. I don’t know if maybe it just didn’t go inside of me, but I remember him thrusting and him finishing inside of his condom. After he ran to the bathroom and I texted me mom to pick me up immediately. Was this considered rape? I never talked to him again, I never told anyone, I just think about it to myself and wonder if I was raped or if I am just plying victim.",['\\bconsider(?:ed)?\\s+(?:it\\s+)?(?:sa|sexual\\s+assault)\\b'],"[""\\bi\\s+don[’']t\\s+know\\b"", '\\bassault\\b', '\\brape\\b', '\\bconsider(?:ed)?\\s+(?:it\\s+)?(?:sa|sexual\\s+assault)\\b', '\\bsexual(?:ly)?\\s+assault(?:ed|s|ing)?\\b']"
zbhccn,TwoXChromosomes,Has anyone been sexually assaulted by a friend before? How did you deal with it?,No-Ease6011,9,7,True,1,1670077156,/r/TwoXChromosomes/comments/zbhccn/has_anyone_been_sexually_assaulted_by_a_friend/,"TLDR: friend May have sexually assaulted me, I unexpectedly miss him, wondering if It’s possible to forgive him without blaming myself for what happened, or if maybe I should take responsibility?

Hi Reddit— I’ve been struggling with this a lot recently and would really appreciate some more female perspectives on this. Im 21F and a college student. In October I was sexually assaulted once by a stranger (in the elevator to my apartment). The door closed and he just grabbed me and started kissing and touching me while I tried to push him off. This incident disturbed me but I feel like I was able to dismiss it as a freak accident/traumatic one-off that wouldn’t happen again. 

But then later in the month me and my then-best friend, Matt (21M) were smoking weed and listening to music. He also knew what I had been going through earlier the semester (the sexual assault and also a new diagnosis of bipolar I after I had my first manic episode). We have a prior sexual history in the spring, but a few months back explicitly agreed that our relationship should be strictly platonic going forward. 

We are sitting close together and I’m really high so I’m falling asleep. I keep falling asleep and he notices that. My head is on his shoulder and he puts his face close to mine and says “is this a bad idea?” And I respond yes, I don’t think we should (kiss). He replies “maybe just one little kiss?” I don’t say anything and then he kisses me. He puts his arms around me and starts touching me. The whole time, my body is tense and anxious. I don’t do anything but eventually I untangle myself and go to my room. I started crying and kicked him out of my house. 

Im just wondering if this is assault or just a grey area? My other best friend Jen (22F) says it is (assault) and that she refuses to speak to him ever again. She encouraged me to do the same. Matt’s roommate, Ori (21M) says he “supports whatever I want to do”. 

I spoke to Matt once since the incident and basically just cried a lot and felt super upset and said I wasn’t sure if I could be friends with him ever again. He profusely apologized multiple times and  said he understands if we can never be friends again, but that he would always welcome me back into his life if that’s something I ever wanted. He switched out of a class that we both shared. 

Sometimes I really miss him and I wonder if I can look past my hurt and I wonder if he really did anything that bad. I wonder if it was assault and if I could have voiced my discomfort better. Like I wonder how much of it is my fault. It’s so hard because I really am so upset but I don’t feel 100% justified, and I miss him. 

How do you deal with a friend in a situation like this? Would you even categorize it as assault? Idk. Just really depressed even though it happened over a month ago I still think about it every day.","zbhccn TwoXChromosomes Has anyone been sexually assaulted by a friend before? How did you deal with it? No-Ease6011 /r/TwoXChromosomes/comments/zbhccn/has_anyone_been_sexually_assaulted_by_a_friend/ TLDR: friend May have sexually assaulted me, I unexpectedly miss him, wondering if It’s possible to forgive him without blaming myself for what happened, or if maybe I should take responsibility?

Hi Reddit— I’ve been struggling with this a lot recently and would really appreciate some more female perspectives on this. Im 21F and a college student. In October I was sexually assaulted once by a stranger (in the elevator to my apartment). The door closed and he just grabbed me and started kissing and touching me while I tried to push him off. This incident disturbed me but I feel like I was able to dismiss it as a freak accident/traumatic one-off that wouldn’t happen again. 

But then later in the month me and my then-best friend, Matt (21M) were smoking weed and listening to music. He also knew what I had been going through earlier the semester (the sexual assault and also a new diagnosis of bipolar I after I had my first manic episode). We have a prior sexual history in the spring, but a few months back explicitly agreed that our relationship should be strictly platonic going forward. 

We are sitting close together and I’m really high so I’m falling asleep. I keep falling asleep and he notices that. My head is on his shoulder and he puts his face close to mine and says “is this a bad idea?” And I respond yes, I don’t think we should (kiss). He replies “maybe just one little kiss?” I don’t say anything and then he kisses me. He puts his arms around me and starts touching me. The whole time, my body is tense and anxious. I don’t do anything but eventually I untangle myself and go to my room. I started crying and kicked him out of my house. 

Im just wondering if this is assault or just a grey area? My other best friend Jen (22F) says it is (assault) and that she refuses to speak to him ever again. She encouraged me to do the same. Matt’s roommate, Ori (21M) says he “supports whatever I want to do”. 

I spoke to Matt once since the incident and basically just cried a lot and felt super upset and said I wasn’t sure if I could be friends with him ever again. He profusely apologized multiple times and  said he understands if we can never be friends again, but that he would always welcome me back into his life if that’s something I ever wanted. He switched out of a class that we both shared. 

Sometimes I really miss him and I wonder if I can look past my hurt and I wonder if he really did anything that bad. I wonder if it was assault and if I could have voiced my discomfort better. Like I wonder how much of it is my fault. It’s so hard because I really am so upset but I don’t feel 100% justified, and I miss him. 

How do you deal with a friend in a situation like this? Would you even categorize it as assault? Idk. Just really depressed even though it happened over a month ago I still think about it every day.",['\\bif\\s+it\\s+was\\s+assault\\b'],"['\\bif\\s+it\\s+was\\s+assault\\b', '\\bidk+k*\\b', '\\bassault\\b', ""\\bi\\s+wasn[’']t\\s+sure\\b"", '\\bfriend\\b', '\\bsexual(?:ly)?\\s+assault(?:ed|s|ing)?\\b']"
xz40ef,TwoXChromosomes,"Was I sexually assaulted, or am I overreacting?",ThrowawayRA0213,9,3,False,0,1665264192,/r/TwoXChromosomes/comments/xz40ef/was_i_sexually_assaulted_or_am_i_overreacting/,"Throwaway account because I'm too much of a coward to post it on my main.

Back in February, a ""friend"" (16m) I've (16f) known since we were both 10 forced me to kiss him.  
Going into far more detail, he had/has a huge crush on me (he moved states during the summer). That day at school in February he asked me to meet him in the gym after class, because he wanted to talk to me alone. So, me being naive, met up with him after class. I asked why he wanted to talk, and he asked me to kiss him. I really didn't want to, because I was seriously uncomfortable with doing so because, A: we weren't dating, B: he and I could've gotten expelled for getting caught because, well, it's a Christian private school, and C: he seemed absolutely desperate for it. When I told him no, he kept saying ""please, it'll just be quick"" repeatedly. He sounded like it was a life or death situation when he kept begging me. I kept saying no and told him my reasoning, but he kept begging. At that point I bid him goodbye and tried to leave, but he grabbed my arm and kept saying ""please, please."" I was freaking out because he held me tightly, and wouldn't let me go when I tried to push him off of me. I kept saying no repeatedly, and he kept saying please. So, he held me still, grabbed my face, and shoved his face into mine. When he was done, he let go, and I was just left completely still wondering what had happened. I went home just feeling extremely screwed up, and I couldn't tell why. It was just.. terrifying.. He grabbed me with such strength that I literally couldn't fight him off. Every time I saw him after that, I tried to stay away from him because I felt like he would've tried to do something more if we were truly alone. I think I was scared of him. I haven't told anyone about this but my cousin, who said it was sexual assault. Was it sexual assault? Is that why I still feel so messed up about everything, even after months and months later?

TL;DR: Boy I went to school with forced me to kiss him without my consent, and I don't know if it's sexual assault or not because he now scares me.

I just want an honest answer to my question, and if I should tell anyone else or not due to him being long gone now.","xz40ef TwoXChromosomes Was I sexually assaulted, or am I overreacting? ThrowawayRA0213 /r/TwoXChromosomes/comments/xz40ef/was_i_sexually_assaulted_or_am_i_overreacting/ Throwaway account because I'm too much of a coward to post it on my main.

Back in February, a ""friend"" (16m) I've (16f) known since we were both 10 forced me to kiss him.  
Going into far more detail, he had/has a huge crush on me (he moved states during the summer). That day at school in February he asked me to meet him in the gym after class, because he wanted to talk to me alone. So, me being naive, met up with him after class. I asked why he wanted to talk, and he asked me to kiss him. I really didn't want to, because I was seriously uncomfortable with doing so because, A: we weren't dating, B: he and I could've gotten expelled for getting caught because, well, it's a Christian private school, and C: he seemed absolutely desperate for it. When I told him no, he kept saying ""please, it'll just be quick"" repeatedly. He sounded like it was a life or death situation when he kept begging me. I kept saying no and told him my reasoning, but he kept begging. At that point I bid him goodbye and tried to leave, but he grabbed my arm and kept saying ""please, please."" I was freaking out because he held me tightly, and wouldn't let me go when I tried to push him off of me. I kept saying no repeatedly, and he kept saying please. So, he held me still, grabbed my face, and shoved his face into mine. When he was done, he let go, and I was just left completely still wondering what had happened. I went home just feeling extremely screwed up, and I couldn't tell why. It was just.. terrifying.. He grabbed me with such strength that I literally couldn't fight him off. Every time I saw him after that, I tried to stay away from him because I felt like he would've tried to do something more if we were truly alone. I think I was scared of him. I haven't told anyone about this but my cousin, who said it was sexual assault. Was it sexual assault? Is that why I still feel so messed up about everything, even after months and months later?

TL;DR: Boy I went to school with forced me to kiss him without my consent, and I don't know if it's sexual assault or not because he now scares me.

I just want an honest answer to my question, and if I should tell anyone else or not due to him being long gone now.",['\\bwas\\s+i\\s+sexually\\s+assaulted\\b'],"[""\\bi\\s+don[’']t\\s+know\\b"", '\\bassault\\b', '\\bwas\\s+i\\s+sexually\\s+assaulted\\b', '\\bfriend\\b', '\\bsexual(?:ly)?\\s+assault(?:ed|s|ing)?\\b']"
msuuye,TwoXChromosomes,"Realizing I would answer the questions of ""did he assault me"" and ""did he do something I wasn't comfortable with without my consent"" with two different answers",LiberryBanaSmoothie,12,3,False,0,1618680023,/r/TwoXChromosomes/comments/msuuye/realizing_i_would_answer_the_questions_of_did_he/,"Today I find myself thinking about domestic sexual assault and my experiences with it. Because I think I have had experiences with it, even though at the time I didn't frame it that way. If you asked me ""did your (now ex) boyfriend ever assault you?"" I would have answered no without hesitation. But there were certain moments in that relationship where he did things that made me uncomfortable, that I did not give explicit consent to. Is that sexual assault? I'm not sure. But those things happened almost a year ago, and I'm not even with this person anymore, yet I'm still thinking about them. That isn't insignificant, I don't think. 

If you were to ask him either of these questions, he would probably answer no to both of them. I'm not sure he even realizes or remembers. But I remember. 

On one occasion, we were fooling around and things were heading in a certain direction, y'know. All good, nothing we haven't done before. And then he went to try something that I didn't want, that the thought of made me uncomfortable. I said something like ""whoa, what are you doing?"" and he said he wanted to try it just for a few minutes. I didn't want it, but in the moment, I didn't know how to say no. I didn't want everything to come to a halt. I wanted to continue with the fun things, but I didn't want this one thing, and I worried that if I said no to that one thing, I would be saying no to all of it. So I let him do it and we resumed our normal activities, but I shut down a little. Later, after, he got upset at me for how closed-off I was acting, and we talked and argued about what had happened. I remember how I felt more than any of the words that were said. I don't remember if he ever apologized. I don't remember if I did.

And the other occasions, that happened much earlier in the relationship, where I didn't explicitly say no but I didn't explicitly say yes. When he put his hands where I didn't want them, I would simply move them to a place I felt more comfortable. I thought that was clear signalling that those areas were off limits. Yet after a few minutes, his hands would slip back to where they were, only for me to pull them away again. Should I have said something? I didn't want to interrupt the nice moment we were both enjoying. How many times should I have pulled his hand away for him to get the message?

I don't know if these moments constitute assault. Writing them out makes them seem pretty clearly wrong, but in the moments themselves I think there was a bit more nuance. Or possibly I wasn't skilled enough at being explicit with consent and firm with boundaries. I don't feel like the victim of a crime when I reflect on these moments. He was always very aware and respectful of the idea that ""no means no."" But what about those times that I didn't say no? Not saying no doesn't necessarily mean yes, does it? 

I'm not sure why I'm writing this. I suppose I'm just trying to process what it all means for me. The nuances of consent, the weight carried by the word ""assault,"" the lasting impact these memories have on me.","msuuye TwoXChromosomes Realizing I would answer the questions of ""did he assault me"" and ""did he do something I wasn't comfortable with without my consent"" with two different answers LiberryBanaSmoothie /r/TwoXChromosomes/comments/msuuye/realizing_i_would_answer_the_questions_of_did_he/ Today I find myself thinking about domestic sexual assault and my experiences with it. Because I think I have had experiences with it, even though at the time I didn't frame it that way. If you asked me ""did your (now ex) boyfriend ever assault you?"" I would have answered no without hesitation. But there were certain moments in that relationship where he did things that made me uncomfortable, that I did not give explicit consent to. Is that sexual assault? I'm not sure. But those things happened almost a year ago, and I'm not even with this person anymore, yet I'm still thinking about them. That isn't insignificant, I don't think. 

If you were to ask him either of these questions, he would probably answer no to both of them. I'm not sure he even realizes or remembers. But I remember. 

On one occasion, we were fooling around and things were heading in a certain direction, y'know. All good, nothing we haven't done before. And then he went to try something that I didn't want, that the thought of made me uncomfortable. I said something like ""whoa, what are you doing?"" and he said he wanted to try it just for a few minutes. I didn't want it, but in the moment, I didn't know how to say no. I didn't want everything to come to a halt. I wanted to continue with the fun things, but I didn't want this one thing, and I worried that if I said no to that one thing, I would be saying no to all of it. So I let him do it and we resumed our normal activities, but I shut down a little. Later, after, he got upset at me for how closed-off I was acting, and we talked and argued about what had happened. I remember how I felt more than any of the words that were said. I don't remember if he ever apologized. I don't remember if I did.

And the other occasions, that happened much earlier in the relationship, where I didn't explicitly say no but I didn't explicitly say yes. When he put his hands where I didn't want them, I would simply move them to a place I felt more comfortable. I thought that was clear signalling that those areas were off limits. Yet after a few minutes, his hands would slip back to where they were, only for me to pull them away again. Should I have said something? I didn't want to interrupt the nice moment we were both enjoying. How many times should I have pulled his hand away for him to get the message?

I don't know if these moments constitute assault. Writing them out makes them seem pretty clearly wrong, but in the moments themselves I think there was a bit more nuance. Or possibly I wasn't skilled enough at being explicit with consent and firm with boundaries. I don't feel like the victim of a crime when I reflect on these moments. He was always very aware and respectful of the idea that ""no means no."" But what about those times that I didn't say no? Not saying no doesn't necessarily mean yes, does it? 

I'm not sure why I'm writing this. I suppose I'm just trying to process what it all means for me. The nuances of consent, the weight carried by the word ""assault,"" the lasting impact these memories have on me.","[""\\bi\\s+didn[’']t\\s+say\\s+no\\b""]","['\\bboyfriend\\b', ""\\bi\\s+didn[’']t\\s+say\\s+no\\b"", ""\\bi\\s+didn[’']t\\s+know\\b"", ""\\bi\\s+don[’']t\\s+know\\b"", ""\\bi[’']?m\\s+not\\s+sure\\b"", '\\bassault\\b', '\\bsexual(?:ly)?\\s+assault(?:ed|s|ing)?\\b']"
mso774,TwoXChromosomes,"No means no. A story of an unreported rape, and self doubt.",tessa8rose,22,5,True,3,1618654605,/r/TwoXChromosomes/comments/mso774/no_means_no_a_story_of_an_unreported_rape_and/,"Apologies for formatting. On mobile while my beautiful son who knows women as warriors is using my computer, and I’d like the time to get this out while he is distracted. I’ll also recognize any typos/missing words/awkward sentence structure. I’m diagnosed dysgraphic since 7 as well as many other neurological disorders. Side note on neurological disorders... man I wish I didn’t have the ability to mask/seem “normal”. I’d be taken much more seriously if that were the case. 

This rape took place many years ago, but took almost as many to come to 100% clarity I did nothing wrong. I accept the responsibility of being incredibly gullible, allowing myself to be groomed, and being far too desperate for a comrade. It’s also probably going to be long. TLDR at the end. 

Cast of characters: 

Me: me

J: ex-husband

FJB: my rapist

R: FJB’s wife

RMB: random meddling bitch

Super Star: my roommate at the time of the rape

INGIIT: guy I was somewhat dating at the time.


Maybe the correlation only makes sense to be, but I’ll organize the story in TX Holdem community card terms. 

**The flop:** the events leading up to my rape are fairly key, at least to me. First thing is, I had already lived a life of intense trauma, but thought I had pushed through to a “productive” life. What a tricky tricky liar mental illness is. 

I was working as an Top Seller Account Manager at the time for a major online retailer in which anyone may sell. Some particularly have enjoyed the auction format of this retailer. I had recently made a big move from somewhat basic support to Account Management and my husband, J, at the time worked for the trust and security department for Top Sellers as a lead. This meant even if people didn’t know me coming into the department they probably knew I was J’s wife. J and my marriage ended fairly traumatically soon after my promotion. Lots of betrayal, gaslighting, and refusal of responsibility. Going to work everyday with J in a power position was torture. It clearly would not have been professional to splash our business all over our 2 closely related departments, but I was dying inside not being able to say “Hey, this pos is at fault. It’s not right he just gets to go on not suffering consequences, and keeping all our mutual friends from work”.  I’d surely be able to handle the situation in a much more stable manor present day, but that was not the reality at the time. I was lonely, sad, and betrayed. 

**The turn:** one day out of the blue I had a random message pop up in the system we used to communicate company wide. It was also a popular public messaging platform so we didn’t have to be totally work appropriate. The message was from FJB, fellow Account Manager but senior to my level of management.  It simply said “Are you ok?” or something exactly like that. Hot damn, that was everything I needed. Talk about being seen. I’m normally the one that sees people quietly screaming in pain, and now someone was doing it for me? Beautiful. I knew R, his wife, much better than FJB at the time. She had led a multi department team of subject matter experts I had been selected for the previous year. To use my very favorite corny turn of phrase, she was the bee’s knees. Intelligent, talented, interesting, beautiful(not pertinent to value of a woman, but kinda for the story). At the time I moved to Account Management she was exiting the department to move on to Project Management. This is important because this meant ALL my colleagues knew and loved her along with her basically ok short and stumpy husband. Hindsight, I strongly believe FJB was so well liked and trusted based on her reputation. I will never have enough information to confirm that.

When FJB sent that message it changed everything for me. Someone I could instantly trust as R’s husband, someone who understood being in a relationship in the incredibly high school like work place, and someone who seemed to see I had value reached out to my heartache. I had a friend when friends don’t come easily to me. The heavily guarded street wise woman I have become I should have seen this as the first red flag. I did not. In my mind his intentions were as pure as the desperation I was feeling. From there a “strong friendship” was formed. He instantly understood my pain, and wanted to hear about it (LADIES: BIG RED FLAG.). He even shared interest in my long favorite Bing Crosby/Grace Kelly movie/musical. Perfect. It started with group lunches. Particularly including a man who, again in hindsight, just wanted to be included and wouldn’t make waves. This man is now passed and I’ll never be able to tell him I apologize he was also manipulated into furthering FJB’s agenda.

Now is the point RMB enters the story. I truly believe all women should be lifted by the hands of other females; however, RMB played a very central roll in getting FJB what he wanted (to fuck me). She put us on a team. There was no FJB/Tessa8rose team till she found it necessary to meddle. Can’t say how long it had been into my friendship with FJB, but not long. Word was sent to R by RMB that I was a female to watch out for, and was trying to steal R’s husband. I assure you, I was not. The worst I know I did was speak to him publicly as a friend. The whole time I really was curious how an amazing woman like R ended up marring this so so guy, but I for sure believed being a “good dude” goes a long way when finding a partner. 

Courtesy of RMB, suddenly I was the woman all other women need to be concerned about. I was quickly judged by an accident of time and genes that I was young, pretty, thin, and a predator. (inserting now that I’m strongly body positive and being thin is nothing to set goals on). I was hurt. Really all I wanted was a friend. I’ve never discriminated in who I’ll accept as a friend. I didn’t see what was wrong, and now FJB and I were on a team of two misunderstood people. I knew I had ZERO interest in FJB as anything more than a friend. I thought the feeling was mutual. I mean there was like 15 years in age difference. It seemed insane anyone would misunderstand what was happening here.(Yes. More red flags)

From here preceded almost daily “secret lunches”(HUGE RED FLAG). Nothing happened or was ever discussed that was not completely innocent or solidified how stupid the sneaking around was. Yes yes yes. I was blind and stupid. I’m fully aware presently no person committed to their marriage is willing to risk it on secret lunches at Einstein’s bagels with a friend. I see that clearly now. The evasive maneuvers alone we used to avoid prying eyes were incredibly inappropriate. I do remember having mild worries that FJB may be interested in more than he was letting on, but I had seen no behavior that would lead to that reality. I continued to trust my friend. Probably best friend at this point. 

In my home life, I was still living in the house J and I shared, though now Super Star had moved in. Super Star was the sister of a more than cherished friend. Our friendship may not have flourished before this time.  As I’ve stated...I’m very awkward making friends. I generally do not do roommates, but she had also experienced a marriage ending event perpetrated by her (ex)husband. She asked me one day if she could move in, and I had to say yes. This house was not cute or good at all. If she was asking, she needed it. We leaned on each other and drank a (good) box of wine a night. Surely it was not healthy but we had each other. I have never not been an open book so she knew all about my weird secret friendship with FJB. I do remember at least once if not more she raised the concern it may be inappropriate with him being married. I incorrectly waived it off and thought “She just doesn’t understand. He’s my friend, and she’s feeling scarred by her situation”. I was not correct. 

**The river:** Countless secret lunches followed. Each confirming nothing bad was happening. All was completely innocent. When FJB had made a plan to drive to another state a couple hrs away to buy lottery tickets by himself, he asked me to come along. I had some trepidation since this wasn’t a quick lunch on a work day. I said yes anyway. I’m a people pleaser/hate saying no. I’m continuing to get over that character flaw as we speak. Nothing happened on this trip. I do not believe that was the plan present day. I believe he decided he had to try a little harder next time. For me, particularly since that all went swimmingly with no indication he had creep tendencies; when he mentioned R was out of town the following weekend I readily asked if he wanted to come help me paint my living room. Free labor is free labor, and I’ll state again, I did not have many people in my life I could be free with the story of J. A friend was a friend. 

Present day, if I tried really hard and used the context available from people around me at the time, I could maybe come up with the month and year the next part took place. If I had to, I could look up electronic communication and pinpoint the exact day. I’m not interested in giving the situation that much power over me at this time. This is all to say, no, you don’t necessarily remember the date you are raped (cough cough US Supreme Court Justice Brett Kavanaugh). Simply by accident of modern times I could prove some of my story. An unfathomable number of women do not have these conveniences to prove their story is real. 

This day will be the shortest part of the tale. I was groomed to trust. I was groomed to have no guard up. From day 1 - I was groomed to be compliant, feel responsible, and unable to speak up about what happened. 

He had constantly spoke about Irish Slammers (pint of Guinness with a shot of Jameson dropped in) being his favorite drink. He came prepared. Another thing I’ve learned with age, the amount of alcohol you can hold is not impressive. I hadn’t learned this yet. He knew it. If he had at all intended to helpfully paint with me and go on his way, he wouldn’t have come to my house completely prepared to get me drunk past the point of consent. 

I wish I could remember the details better. The things I know: We drank. We drank a lot. I think I remember there may have even been some “oh, I have to drive later, but please please go ahead.”  I know at the end of the day (or middle really), I was trashed and he was not. I think it was time to start wrapping up and say goodbye. We were standing in my kitchen. I think he had just encouraged me to take another shot. I probably did. He kissed me with force that could be mistaken for passion. I pushed him away. I said no. I probably said something to cushion his feelings like “I would but you are married....”. He did it again. I said no. He picked me up and put me on my counter so I couldn’t back away and did it again. I still said no. I can’t say how many times I said no. I clearly remember at least 3 to this day. At a certain point I gave up and just let what was going to happen happen. Young women in particular: THIS DOES NOT NEGATE THE FACT YOU SAID NO ALREADY. 

I did not enjoy what happened next in the least. I hated it and just waited for it to be over. He finished and quickly left. Again for the young ladies: this is not how a person who cares for you behaves. 

I was too drunk and destroyed. I texted INGIIT and asked him to come over then quickly passed out. I woke up to INGIIT knocking on my door. Sure I was not my bright and shiniest. I told him what happened. He basically said you are messy and I don’t want any part of it. Super Star then came home. I tried to tell her what happened. She also had a vibe of this is your fault and you should have known better. I think I told her I felt like I had been raped. I’m not the most sure. I definitely did not believe my feeling and also thought I had done something to cause this. 

The next day at work I got a message from FJB instantly as I got into the office. Again something to the effect of “are you ok?” Funny how it started and ended the same way. I told him I was not interested in speaking to him ever again. I’d have to go back and check the records to know for sure, but I’m also fairly sure I told him as well I felt like I had been raped. I can’t say positively who I specifically said it to, but i know with certainty that was my feeling. I also know positively I did not honor that feeling at all. Somehow being raped and ‘feeling like I’d been raped’ did not connect whatsoever. They mean the same damn thing! Gaaahh. 

**the end:** Far too many years later it suddenly dawned on me - it didn’t ‘feel like I was raped’. I WAS raped. I said no. I was raised that no means no and to believe survivors. It just never occurred to apply it to myself. Women are consistently encouraged to put themselves last either overtly or subtly. This is the consequence. Not believing my own instinct that I was raped is shameful. 

I’ve started to tell this story several times in different ways but gave up because it would make people feel uncomfortable or other silly reasons. Then the the other day within 24 hrs my grandmother strongly came out with the position that the women accusing New York Governor Cuomo were just in it for the money even after I told her my story of staying quiet. Then I had the opportunity to spend some quality time with Super Star. During the evening I, awkward as always, blurted out “by the way, FJB did rape me” to which she replied “I’m really glad you brought that up” and discussed with me how she had already come to that conclusion on her own. Just 1 person believing me who had been there lifted every last shred of self doubt. I’m a strong independent woman, but I really needed that. 

TLDR:if you feel like you have been raped; you have been. If you believe survivors; they can believe in themselves.","mso774 TwoXChromosomes No means no. A story of an unreported rape, and self doubt. tessa8rose /r/TwoXChromosomes/comments/mso774/no_means_no_a_story_of_an_unreported_rape_and/ Apologies for formatting. On mobile while my beautiful son who knows women as warriors is using my computer, and I’d like the time to get this out while he is distracted. I’ll also recognize any typos/missing words/awkward sentence structure. I’m diagnosed dysgraphic since 7 as well as many other neurological disorders. Side note on neurological disorders... man I wish I didn’t have the ability to mask/seem “normal”. I’d be taken much more seriously if that were the case. 

This rape took place many years ago, but took almost as many to come to 100% clarity I did nothing wrong. I accept the responsibility of being incredibly gullible, allowing myself to be groomed, and being far too desperate for a comrade. It’s also probably going to be long. TLDR at the end. 

Cast of characters: 

Me: me

J: ex-husband

FJB: my rapist

R: FJB’s wife

RMB: random meddling bitch

Super Star: my roommate at the time of the rape

INGIIT: guy I was somewhat dating at the time.


Maybe the correlation only makes sense to be, but I’ll organize the story in TX Holdem community card terms. 

**The flop:** the events leading up to my rape are fairly key, at least to me. First thing is, I had already lived a life of intense trauma, but thought I had pushed through to a “productive” life. What a tricky tricky liar mental illness is. 

I was working as an Top Seller Account Manager at the time for a major online retailer in which anyone may sell. Some particularly have enjoyed the auction format of this retailer. I had recently made a big move from somewhat basic support to Account Management and my husband, J, at the time worked for the trust and security department for Top Sellers as a lead. This meant even if people didn’t know me coming into the department they probably knew I was J’s wife. J and my marriage ended fairly traumatically soon after my promotion. Lots of betrayal, gaslighting, and refusal of responsibility. Going to work everyday with J in a power position was torture. It clearly would not have been professional to splash our business all over our 2 closely related departments, but I was dying inside not being able to say “Hey, this pos is at fault. It’s not right he just gets to go on not suffering consequences, and keeping all our mutual friends from work”.  I’d surely be able to handle the situation in a much more stable manor present day, but that was not the reality at the time. I was lonely, sad, and betrayed. 

**The turn:** one day out of the blue I had a random message pop up in the system we used to communicate company wide. It was also a popular public messaging platform so we didn’t have to be totally work appropriate. The message was from FJB, fellow Account Manager but senior to my level of management.  It simply said “Are you ok?” or something exactly like that. Hot damn, that was everything I needed. Talk about being seen. I’m normally the one that sees people quietly screaming in pain, and now someone was doing it for me? Beautiful. I knew R, his wife, much better than FJB at the time. She had led a multi department team of subject matter experts I had been selected for the previous year. To use my very favorite corny turn of phrase, she was the bee’s knees. Intelligent, talented, interesting, beautiful(not pertinent to value of a woman, but kinda for the story). At the time I moved to Account Management she was exiting the department to move on to Project Management. This is important because this meant ALL my colleagues knew and loved her along with her basically ok short and stumpy husband. Hindsight, I strongly believe FJB was so well liked and trusted based on her reputation. I will never have enough information to confirm that.

When FJB sent that message it changed everything for me. Someone I could instantly trust as R’s husband, someone who understood being in a relationship in the incredibly high school like work place, and someone who seemed to see I had value reached out to my heartache. I had a friend when friends don’t come easily to me. The heavily guarded street wise woman I have become I should have seen this as the first red flag. I did not. In my mind his intentions were as pure as the desperation I was feeling. From there a “strong friendship” was formed. He instantly understood my pain, and wanted to hear about it (LADIES: BIG RED FLAG.). He even shared interest in my long favorite Bing Crosby/Grace Kelly movie/musical. Perfect. It started with group lunches. Particularly including a man who, again in hindsight, just wanted to be included and wouldn’t make waves. This man is now passed and I’ll never be able to tell him I apologize he was also manipulated into furthering FJB’s agenda.

Now is the point RMB enters the story. I truly believe all women should be lifted by the hands of other females; however, RMB played a very central roll in getting FJB what he wanted (to fuck me). She put us on a team. There was no FJB/Tessa8rose team till she found it necessary to meddle. Can’t say how long it had been into my friendship with FJB, but not long. Word was sent to R by RMB that I was a female to watch out for, and was trying to steal R’s husband. I assure you, I was not. The worst I know I did was speak to him publicly as a friend. The whole time I really was curious how an amazing woman like R ended up marring this so so guy, but I for sure believed being a “good dude” goes a long way when finding a partner. 

Courtesy of RMB, suddenly I was the woman all other women need to be concerned about. I was quickly judged by an accident of time and genes that I was young, pretty, thin, and a predator. (inserting now that I’m strongly body positive and being thin is nothing to set goals on). I was hurt. Really all I wanted was a friend. I’ve never discriminated in who I’ll accept as a friend. I didn’t see what was wrong, and now FJB and I were on a team of two misunderstood people. I knew I had ZERO interest in FJB as anything more than a friend. I thought the feeling was mutual. I mean there was like 15 years in age difference. It seemed insane anyone would misunderstand what was happening here.(Yes. More red flags)

From here preceded almost daily “secret lunches”(HUGE RED FLAG). Nothing happened or was ever discussed that was not completely innocent or solidified how stupid the sneaking around was. Yes yes yes. I was blind and stupid. I’m fully aware presently no person committed to their marriage is willing to risk it on secret lunches at Einstein’s bagels with a friend. I see that clearly now. The evasive maneuvers alone we used to avoid prying eyes were incredibly inappropriate. I do remember having mild worries that FJB may be interested in more than he was letting on, but I had seen no behavior that would lead to that reality. I continued to trust my friend. Probably best friend at this point. 

In my home life, I was still living in the house J and I shared, though now Super Star had moved in. Super Star was the sister of a more than cherished friend. Our friendship may not have flourished before this time.  As I’ve stated...I’m very awkward making friends. I generally do not do roommates, but she had also experienced a marriage ending event perpetrated by her (ex)husband. She asked me one day if she could move in, and I had to say yes. This house was not cute or good at all. If she was asking, she needed it. We leaned on each other and drank a (good) box of wine a night. Surely it was not healthy but we had each other. I have never not been an open book so she knew all about my weird secret friendship with FJB. I do remember at least once if not more she raised the concern it may be inappropriate with him being married. I incorrectly waived it off and thought “She just doesn’t understand. He’s my friend, and she’s feeling scarred by her situation”. I was not correct. 

**The river:** Countless secret lunches followed. Each confirming nothing bad was happening. All was completely innocent. When FJB had made a plan to drive to another state a couple hrs away to buy lottery tickets by himself, he asked me to come along. I had some trepidation since this wasn’t a quick lunch on a work day. I said yes anyway. I’m a people pleaser/hate saying no. I’m continuing to get over that character flaw as we speak. Nothing happened on this trip. I do not believe that was the plan present day. I believe he decided he had to try a little harder next time. For me, particularly since that all went swimmingly with no indication he had creep tendencies; when he mentioned R was out of town the following weekend I readily asked if he wanted to come help me paint my living room. Free labor is free labor, and I’ll state again, I did not have many people in my life I could be free with the story of J. A friend was a friend. 

Present day, if I tried really hard and used the context available from people around me at the time, I could maybe come up with the month and year the next part took place. If I had to, I could look up electronic communication and pinpoint the exact day. I’m not interested in giving the situation that much power over me at this time. This is all to say, no, you don’t necessarily remember the date you are raped (cough cough US Supreme Court Justice Brett Kavanaugh). Simply by accident of modern times I could prove some of my story. An unfathomable number of women do not have these conveniences to prove their story is real. 

This day will be the shortest part of the tale. I was groomed to trust. I was groomed to have no guard up. From day 1 - I was groomed to be compliant, feel responsible, and unable to speak up about what happened. 

He had constantly spoke about Irish Slammers (pint of Guinness with a shot of Jameson dropped in) being his favorite drink. He came prepared. Another thing I’ve learned with age, the amount of alcohol you can hold is not impressive. I hadn’t learned this yet. He knew it. If he had at all intended to helpfully paint with me and go on his way, he wouldn’t have come to my house completely prepared to get me drunk past the point of consent. 

I wish I could remember the details better. The things I know: We drank. We drank a lot. I think I remember there may have even been some “oh, I have to drive later, but please please go ahead.”  I know at the end of the day (or middle really), I was trashed and he was not. I think it was time to start wrapping up and say goodbye. We were standing in my kitchen. I think he had just encouraged me to take another shot. I probably did. He kissed me with force that could be mistaken for passion. I pushed him away. I said no. I probably said something to cushion his feelings like “I would but you are married....”. He did it again. I said no. He picked me up and put me on my counter so I couldn’t back away and did it again. I still said no. I can’t say how many times I said no. I clearly remember at least 3 to this day. At a certain point I gave up and just let what was going to happen happen. Young women in particular: THIS DOES NOT NEGATE THE FACT YOU SAID NO ALREADY. 

I did not enjoy what happened next in the least. I hated it and just waited for it to be over. He finished and quickly left. Again for the young ladies: this is not how a person who cares for you behaves. 

I was too drunk and destroyed. I texted INGIIT and asked him to come over then quickly passed out. I woke up to INGIIT knocking on my door. Sure I was not my bright and shiniest. I told him what happened. He basically said you are messy and I don’t want any part of it. Super Star then came home. I tried to tell her what happened. She also had a vibe of this is your fault and you should have known better. I think I told her I felt like I had been raped. I’m not the most sure. I definitely did not believe my feeling and also thought I had done something to cause this. 

The next day at work I got a message from FJB instantly as I got into the office. Again something to the effect of “are you ok?” Funny how it started and ended the same way. I told him I was not interested in speaking to him ever again. I’d have to go back and check the records to know for sure, but I’m also fairly sure I told him as well I felt like I had been raped. I can’t say positively who I specifically said it to, but i know with certainty that was my feeling. I also know positively I did not honor that feeling at all. Somehow being raped and ‘feeling like I’d been raped’ did not connect whatsoever. They mean the same damn thing! Gaaahh. 

**the end:** Far too many years later it suddenly dawned on me - it didn’t ‘feel like I was raped’. I WAS raped. I said no. I was raised that no means no and to believe survivors. It just never occurred to apply it to myself. Women are consistently encouraged to put themselves last either overtly or subtly. This is the consequence. Not believing my own instinct that I was raped is shameful. 

I’ve started to tell this story several times in different ways but gave up because it would make people feel uncomfortable or other silly reasons. Then the the other day within 24 hrs my grandmother strongly came out with the position that the women accusing New York Governor Cuomo were just in it for the money even after I told her my story of staying quiet. Then I had the opportunity to spend some quality time with Super Star. During the evening I, awkward as always, blurted out “by the way, FJB did rape me” to which she replied “I’m really glad you brought that up” and discussed with me how she had already come to that conclusion on her own. Just 1 person believing me who had been there lifted every last shred of self doubt. I’m a strong independent woman, but I really needed that. 

TLDR:if you feel like you have been raped; you have been. If you believe survivors; they can believe in themselves.","[""\\b(?:he|she)[’']?s\\s+my\\s+friend\\b""]","['\\bwife\\b', '\\bpartner\\b', ""\\b(?:he|she)[’']?s\\s+my\\s+friend\\b"", '\\brape\\b', '\\bhusband\\b', '\\bfriend\\b']"
ofe9yp,sexualassault,is this sexual assault?,raspberrytea7,14,4,False,0,1625643847,https://www.reddit.com/r/sexualassault/comments/ofe9yp/is_this_sexual_assault/,"This has been bothering me for a long time now and I’m not quite sure what to call what I’ve been experiencing but sexual assault is my best guess. I’m sorry if it isn’t and this post doesn’t fit in to this subreddit, but I’m not sure where else to post this.

Growing up I’ve always shared a room with my sibling. For as long as I can remember they were touching themselves while I was in the room. I don’t think it was ever because they were attracted to me, because they would never look or acknowledge me when it happened but I don’t think I can say for sure they weren’t doing it because I was in the room. Most of the times they’d just do it while reading or watching something on their own, but there was one incident when I was around 9 (they would have been 14) where they made me read some sexual fanfiction with them. I always told myself since it was just some fanfiction it wasn’t actually anything bad, but it’s never sat right with me. Regardless this was the only time they had ever interacted with me while touching themselves. They’ve also gone on omegle and stripped and touched themselves while I was in the room. 

I hadn’t ever talked about this to anyone because I also touched myself while they were in the room. I realize now I did because seeing them do it when I was 3 years old made me hypersexual and in trying to convince myself that it was normal I did it too. 

About a month ago though, I decided to tell my boyfriend after noticing they were doing it again while I was on the phone with him. I had moved to the living room and I told him and he assured me it wasn’t normal and he thought it might be sexual assault or something similar. 

Normally when this would happen when I wasn’t on the phone, I would just stay in the room and pretend it wasn’t happening but since realizing not every kid who shares a room experiences this I’ve been getting out and sleeping in the living room. 

I need help. is this sexual assault or something else? should I tell my parents? (they knew my sibling would go on omegle in front of me and stopped it but never spoke to me about it or tried to separate us) should I tell my therapist? (I am still a minor, my sibling isn’t, and I don’t know if she’d be able to help me since I am underage and I only go to her for my depression and anxiety)",,['\\bis\\s+this\\s+(?:sa|sexual\\s+assault)\\b'],"['\\bboyfriend\\b', '\\bis\\s+this\\s+(?:sa|sexual\\s+assault)\\b', ""\\bi\\s+don[’']t\\s+know\\b"", ""\\bi[’']?m\\s+not\\s+sure\\b"", '\\bassault\\b', '\\bsexual(?:ly)?\\s+assault(?:ed|s|ing)?\\b']"
ofe9yp,sexualassault,is this sexual assault?,raspberrytea7,14,4,False,0,1625643847,https://www.reddit.com/r/sexualassault/comments/ofe9yp/is_this_sexual_assault/,"This has been bothering me for a long time now and I’m not quite sure what to call what I’ve been experiencing but sexual assault is my best guess. I’m sorry if it isn’t and this post doesn’t fit in to this subreddit, but I’m not sure where else to post this.

Growing up I’ve always shared a room with my sibling. For as long as I can remember they were touching themselves while I was in the room. I don’t think it was ever because they were attracted to me, because they would never look or acknowledge me when it happened but I don’t think I can say for sure they weren’t doing it because I was in the room. Most of the times they’d just do it while reading or watching something on their own, but there was one incident when I was around 9 (they would have been 14) where they made me read some sexual fanfiction with them. I always told myself since it was just some fanfiction it wasn’t actually anything bad, but it’s never sat right with me. Regardless this was the only time they had ever interacted with me while touching themselves. They’ve also gone on omegle and stripped and touched themselves while I was in the room. 

I hadn’t ever talked about this to anyone because I also touched myself while they were in the room. I realize now I did because seeing them do it when I was 3 years old made me hypersexual and in trying to convince myself that it was normal I did it too. 

About a month ago though, I decided to tell my boyfriend after noticing they were doing it again while I was on the phone with him. I had moved to the living room and I told him and he assured me it wasn’t normal and he thought it might be sexual assault or something similar. 

Normally when this would happen when I wasn’t on the phone, I would just stay in the room and pretend it wasn’t happening but since realizing not every kid who shares a room experiences this I’ve been getting out and sleeping in the living room. 

I need help. is this sexual assault or something else? should I tell my parents? (they knew my sibling would go on omegle in front of me and stopped it but never spoke to me about it or tried to separate us) should I tell my therapist? (I am still a minor, my sibling isn’t, and I don’t know if she’d be able to help me since I am underage and I only go to her for my depression and anxiety)",,['\\bis\\s+this\\s+(?:sa|sexual\\s+assault)\\b'],"['\\bboyfriend\\b', '\\bis\\s+this\\s+(?:sa|sexual\\s+assault)\\b', ""\\bi\\s+don[’']t\\s+know\\b"", ""\\bi[’']?m\\s+not\\s+sure\\b"", '\\bassault\\b', '\\bsexual(?:ly)?\\s+assault(?:ed|s|ing)?\\b']"
o7wnte,sexualassault,I (16F) had a sexual relationship with a guy (18-19M) that I regret. Was it my fault?,clarvanity,4,3,False,0,1624655457,https://www.reddit.com/r/sexualassault/comments/o7wnte/i_16f_had_a_sexual_relationship_with_a_guy_1819m/,"When we met I had just turned 16, and he was almost 19. It was a huge house party my mom had brought me to. I was extremely drunk, it wasn’t my first time being drunk, but it was the most drunk I have ever been. I don’t remember most of the night. 

It was about 3am when we got in the van and did “stuff”. He left shortly after that but we exchanged contacts and kept in touch. I gave consent when I was drunk, but I felt so awful the morning after and when I had enough time to think about it, I had a panic attack. 

We argued over snapchat because I confronted him about the situation. It was obviously statutory rape, I know that. He told me he didn’t want me to think of it like that, that we were into each other so there shouldn’t be a problem. We started seeing each other. 

It was very sparingly that we met up. He worked a lot so I only saw him every couple of weeks at best. It got sexual very fast. I was out of my depth but I didn’t know that at the time. I thought it was all normal. I thought I wanted it, because I wanted to know what it was like, I wanted to experiment. I had been so curious for so long. 

With curiosity comes answers. I guess I just by chance happened to have the worst possible scenario? I quickly fell into the identity of “asexual”, when I realised I wasn’t enjoying sex the way I thought I would, that I wasn’t actually attracted to him at all, and all the sexual acts made me disgusted and uncomfortable. 

But I liked being with him for some reason. I guess I was lonely. I told him that I was asexual, it took a while to explain and I don’t think he ever got it. We still had sex (consensually), but I’d told him countless times physical touch isn’t the way I express or receive affection. He still rarely saw me, or talked to me. 

I sent nude pictures, I did whatever he wanted (sexually) whenever I saw him in the hopes it would turn into the relationship I wanted. We had sex almost every single time we met. After I came out as asexual he stopped trying to pleasure me (which wasn’t a lot in the first place) even though I told him it wasn’t any different. I was worried if I said no or complained too much, he would leave me, which was stupid and childish, I know. 

One time, while we were having sex, he did something to me that I didn’t consent to. I asked him what he was doing, but he just shrugged it off. I didn’t know what to say. I usually just zoned out whenever we were having sex anyway because the lack of pleasure just let the bad thoughts creep in. I remember the first time thinking to myself again and again “it’s going to be over soon, it’s going to be over soon” trying to calm myself down. 

When I confronted him about that incident, he seemed truly apologetic. I had planned on establishing a boundary around sex after that, maybe stopping for a while until I was comfortable again, but that was it. He didn’t see me again after that, it was the last time we had sex. He totally pulled back with texting me, he was always tired from work and never had time for me, not even to text. He couldn’t even spare 10 minutes to call me on my birthday, when I turned 17 (finally, the age of legal consent). 

I broke it off with him one night recently. Over text, since I wasn’t going to wait around until he had the time for it. It was clear he wasn’t taking me seriously. He’d told me before this relationship wasn’t just a sex thing, that I was “his”, we were exclusive and he cared about me. But he didn’t want to call me his girlfriend. When I confronted him about not meaning what he said, he pushed that he was clear about not wanting a “relationship”, even though initially all he said he wasn’t uncomfortable with were labels. 

It feels like I was used. But I don’t want to think of it that way. I consented to everything, even if it was a little hesitant.  I enabled this to happen to me. And I feel awful now. It creeps up on me at the worst of times and I don’t know if I’ll ever be able to get over it. I just wished I could have had a normal, loving relationship where I felt safe and respected, but instead I let myself get taken advantage of by a random college boy who probably lied to me the whole time about actually liking me. 

Do you think I was in the wrong here? I don’t know how to feel anymore. I definitely have unresolved sexual issues from this, but I don’t know if that’s my fault or not. 

Thanks for reading this far, if you did. I feel so alone.",,"[""\\bi\\s+didn[’']t\\s+consent\\b""]","[""\\bi\\s+didn[’']t\\s+consent\\b"", ""\\bi\\s+didn[’']t\\s+know\\b"", ""\\bi\\s+don[’']t\\s+know\\b"", '\\bassault\\b', '\\brape\\b', '\\bgirlfriend\\b']"
o7wnte,sexualassault,I (16F) had a sexual relationship with a guy (18-19M) that I regret. Was it my fault?,clarvanity,4,3,False,0,1624655457,https://www.reddit.com/r/sexualassault/comments/o7wnte/i_16f_had_a_sexual_relationship_with_a_guy_1819m/,"When we met I had just turned 16, and he was almost 19. It was a huge house party my mom had brought me to. I was extremely drunk, it wasn’t my first time being drunk, but it was the most drunk I have ever been. I don’t remember most of the night. 

It was about 3am when we got in the van and did “stuff”. He left shortly after that but we exchanged contacts and kept in touch. I gave consent when I was drunk, but I felt so awful the morning after and when I had enough time to think about it, I had a panic attack. 

We argued over snapchat because I confronted him about the situation. It was obviously statutory rape, I know that. He told me he didn’t want me to think of it like that, that we were into each other so there shouldn’t be a problem. We started seeing each other. 

It was very sparingly that we met up. He worked a lot so I only saw him every couple of weeks at best. It got sexual very fast. I was out of my depth but I didn’t know that at the time. I thought it was all normal. I thought I wanted it, because I wanted to know what it was like, I wanted to experiment. I had been so curious for so long. 

With curiosity comes answers. I guess I just by chance happened to have the worst possible scenario? I quickly fell into the identity of “asexual”, when I realised I wasn’t enjoying sex the way I thought I would, that I wasn’t actually attracted to him at all, and all the sexual acts made me disgusted and uncomfortable. 

But I liked being with him for some reason. I guess I was lonely. I told him that I was asexual, it took a while to explain and I don’t think he ever got it. We still had sex (consensually), but I’d told him countless times physical touch isn’t the way I express or receive affection. He still rarely saw me, or talked to me. 

I sent nude pictures, I did whatever he wanted (sexually) whenever I saw him in the hopes it would turn into the relationship I wanted. We had sex almost every single time we met. After I came out as asexual he stopped trying to pleasure me (which wasn’t a lot in the first place) even though I told him it wasn’t any different. I was worried if I said no or complained too much, he would leave me, which was stupid and childish, I know. 

One time, while we were having sex, he did something to me that I didn’t consent to. I asked him what he was doing, but he just shrugged it off. I didn’t know what to say. I usually just zoned out whenever we were having sex anyway because the lack of pleasure just let the bad thoughts creep in. I remember the first time thinking to myself again and again “it’s going to be over soon, it’s going to be over soon” trying to calm myself down. 

When I confronted him about that incident, he seemed truly apologetic. I had planned on establishing a boundary around sex after that, maybe stopping for a while until I was comfortable again, but that was it. He didn’t see me again after that, it was the last time we had sex. He totally pulled back with texting me, he was always tired from work and never had time for me, not even to text. He couldn’t even spare 10 minutes to call me on my birthday, when I turned 17 (finally, the age of legal consent). 

I broke it off with him one night recently. Over text, since I wasn’t going to wait around until he had the time for it. It was clear he wasn’t taking me seriously. He’d told me before this relationship wasn’t just a sex thing, that I was “his”, we were exclusive and he cared about me. But he didn’t want to call me his girlfriend. When I confronted him about not meaning what he said, he pushed that he was clear about not wanting a “relationship”, even though initially all he said he wasn’t uncomfortable with were labels. 

It feels like I was used. But I don’t want to think of it that way. I consented to everything, even if it was a little hesitant.  I enabled this to happen to me. And I feel awful now. It creeps up on me at the worst of times and I don’t know if I’ll ever be able to get over it. I just wished I could have had a normal, loving relationship where I felt safe and respected, but instead I let myself get taken advantage of by a random college boy who probably lied to me the whole time about actually liking me. 

Do you think I was in the wrong here? I don’t know how to feel anymore. I definitely have unresolved sexual issues from this, but I don’t know if that’s my fault or not. 

Thanks for reading this far, if you did. I feel so alone.",,"[""\\bi\\s+didn[’']t\\s+consent\\b""]","[""\\bi\\s+didn[’']t\\s+consent\\b"", ""\\bi\\s+didn[’']t\\s+know\\b"", ""\\bi\\s+don[’']t\\s+know\\b"", '\\bassault\\b', '\\brape\\b', '\\bgirlfriend\\b']"
o1htf9,sexualassault,Does this count as sexual assault? Is it worth reporting?,Patty2229,5,2,False,0,1623883673,https://www.reddit.com/r/sexualassault/comments/o1htf9/does_this_count_as_sexual_assault_is_it_worth/,"This happened in 2013. I was 14 and my neighbour who was 25/26 at the time crashed a party at our house. He knew what age I was, he kept saying it. I went to bed at some point and woke up with him in my room, he kept asking for a kiss and I kept refusing and telling him to leave me alone. He climbed up on top of my bed, and on top of me and kept feeling me up (through my clothes), I think the worst he managed to do was he kept rubbing my thigh - with my clothes on. I was terrified though at what he could do to me and I tried to fight him off, kept telling him no, kept telling him to go away, to leave me alone but he wouldn't, he pinned me down by my wrists. At some point I realised it was impossible to fight him off, he was a huge guy, and I was small. I turned over, cried and waited for it to be over. He carried on but because I'd stopped fighting he loosened his grip and I was able to get away.

I've heard other things he's done since then which makes me want to report it, but the person who told me doesn't want to give a statement. I'm worried about what else he's done and feel like maybe I should report, andI feel thst I can. 

What's holding me back is: it was so long ago + even if it is sexual assault I have it in my head that it's the most minor case that I've overreacted to. I feel like people will think I'm pathetic for reporting. I'd be almost embarrassed to tell the police.",,['\\bdoes\\s+this\\s+count\\s+as\\s+(?:sa|sexual\\s+assault)\\b'],"['\\bdoes\\s+this\\s+count\\s+as\\s+(?:sa|sexual\\s+assault)\\b', '\\bassault\\b', '\\bsexual(?:ly)?\\s+assault(?:ed|s|ing)?\\b']"
o1htf9,sexualassault,Does this count as sexual assault? Is it worth reporting?,Patty2229,5,2,False,0,1623883673,https://www.reddit.com/r/sexualassault/comments/o1htf9/does_this_count_as_sexual_assault_is_it_worth/,"This happened in 2013. I was 14 and my neighbour who was 25/26 at the time crashed a party at our house. He knew what age I was, he kept saying it. I went to bed at some point and woke up with him in my room, he kept asking for a kiss and I kept refusing and telling him to leave me alone. He climbed up on top of my bed, and on top of me and kept feeling me up (through my clothes), I think the worst he managed to do was he kept rubbing my thigh - with my clothes on. I was terrified though at what he could do to me and I tried to fight him off, kept telling him no, kept telling him to go away, to leave me alone but he wouldn't, he pinned me down by my wrists. At some point I realised it was impossible to fight him off, he was a huge guy, and I was small. I turned over, cried and waited for it to be over. He carried on but because I'd stopped fighting he loosened his grip and I was able to get away.

I've heard other things he's done since then which makes me want to report it, but the person who told me doesn't want to give a statement. I'm worried about what else he's done and feel like maybe I should report, andI feel thst I can. 

What's holding me back is: it was so long ago + even if it is sexual assault I have it in my head that it's the most minor case that I've overreacted to. I feel like people will think I'm pathetic for reporting. I'd be almost embarrassed to tell the police.",,['\\bdoes\\s+this\\s+count\\s+as\\s+(?:sa|sexual\\s+assault)\\b'],"['\\bdoes\\s+this\\s+count\\s+as\\s+(?:sa|sexual\\s+assault)\\b', '\\bassault\\b', '\\bsexual(?:ly)?\\s+assault(?:ed|s|ing)?\\b']"
n06vna,sexualassault,Is this sexual assault?,joemama5600,8,4,True,1,1619584106,https://www.reddit.com/r/sexualassault/comments/n06vna/is_this_sexual_assault/,I am not exactly sure where to ask this but hopefully I don’t come across as dramatic. I know this wouldn’t categorize as much of a serious assault but my exboyfriend would always do something to me that would make me uncomfortable. I didn’t mind kissing him or doing other acts of intimacy but he always put his hand down my pants even after I told him many times it made me uncomfortable. He’d try fingering me and that is not something I’m not into. I had to always tell him to not do that and he wouldn’t listen until I had to actually remove his hand from my pants. He knows this made me uncomfortable but he said it shouldn’t matter since we’re in a relationship. I’m wondering if this would be categorized as sexual assault or anything towards that degree?,,['\\bis\\s+this\\s+(?:sa|sexual\\s+assault)\\b'],"['\\bis\\s+this\\s+(?:sa|sexual\\s+assault)\\b', '\\bassault\\b', '\\bsexual(?:ly)?\\s+assault(?:ed|s|ing)?\\b']"
n06vna,sexualassault,Is this sexual assault?,joemama5600,8,4,True,1,1619584106,https://www.reddit.com/r/sexualassault/comments/n06vna/is_this_sexual_assault/,I am not exactly sure where to ask this but hopefully I don’t come across as dramatic. I know this wouldn’t categorize as much of a serious assault but my exboyfriend would always do something to me that would make me uncomfortable. I didn’t mind kissing him or doing other acts of intimacy but he always put his hand down my pants even after I told him many times it made me uncomfortable. He’d try fingering me and that is not something I’m not into. I had to always tell him to not do that and he wouldn’t listen until I had to actually remove his hand from my pants. He knows this made me uncomfortable but he said it shouldn’t matter since we’re in a relationship. I’m wondering if this would be categorized as sexual assault or anything towards that degree?,,['\\bis\\s+this\\s+(?:sa|sexual\\s+assault)\\b'],"['\\bis\\s+this\\s+(?:sa|sexual\\s+assault)\\b', '\\bassault\\b', '\\bsexual(?:ly)?\\s+assault(?:ed|s|ing)?\\b']"
k8w7ml,sexualassault,I don't know if it counts as assault,bean180222,3,8,True,3,1607397181,https://www.reddit.com/r/sexualassault/comments/k8w7ml/i_dont_know_if_it_counts_as_assault/,"I've been really confused about what happened three weeks ago. I was very drunk after hanging with some friends. By the end of the night it was me and two other guy friends. We all live in student buildings and get dinner together at the Uni building. 

I have kissed them both in the past, just drunk innocent making out. The one friend I had done more with, but we hadn't had sex. 

At the end of the night I don't remember how I got back to the accommodation. One minute we were drinking in a garden then I was in my one friend's room and we were having sex.

I passed out in the middle of it. I woke up and he's still going. I didn't say anything. I just let him finish whatever he was doing. It was about 4 in the morning and I got up to leave. He walked me home.

I got up the next morning in serious pain. I was bleeding for the next two days. I haven't really spoke about it to anyone.

I mentioned it to a friend. I said that I fell asleep during sex and he carried on, didn't say who it was or how long ago it happened, just that I had experienced that in the past. My friend said it sounded 'rapeish' and I should talk to someone. I asked him not to talk to anyone about it, because I need to figure it out myself first. He accepted that and hasn't spoke if it since, which I'm grateful for.

I'm just confused. I don't think it's assault, I made a mistake and I regret it. But something in my head keeps saying that what happened wasn't right. He's my friend and he isn't the person to assault someone, let alone me. 

I don't know what I want to achieve by posting this here... if its validation that it was just a mistake I made after I drank to much. I can't talk to anyone in my life about it because I can't admit it to my family and I don't want to ask my friends in case it is and then they make me do something about it. 

I think I just need someone to tell me it was fine or not... then I can stop thinking about what happened and focus on moving on from it.

Thank you

Bean",,"[""\\b(?:he|she)[’']?s\\s+my\\s+friend\\b""]","[""\\b(?:he|she)[’']?s\\s+my\\s+friend\\b"", '\\bfriend\\b', '\\bassault\\b', ""\\bi\\s+don[’']t\\s+know\\b""]"
k8w7ml,sexualassault,I don't know if it counts as assault,bean180222,3,8,True,3,1607397181,https://www.reddit.com/r/sexualassault/comments/k8w7ml/i_dont_know_if_it_counts_as_assault/,"I've been really confused about what happened three weeks ago. I was very drunk after hanging with some friends. By the end of the night it was me and two other guy friends. We all live in student buildings and get dinner together at the Uni building. 

I have kissed them both in the past, just drunk innocent making out. The one friend I had done more with, but we hadn't had sex. 

At the end of the night I don't remember how I got back to the accommodation. One minute we were drinking in a garden then I was in my one friend's room and we were having sex.

I passed out in the middle of it. I woke up and he's still going. I didn't say anything. I just let him finish whatever he was doing. It was about 4 in the morning and I got up to leave. He walked me home.

I got up the next morning in serious pain. I was bleeding for the next two days. I haven't really spoke about it to anyone.

I mentioned it to a friend. I said that I fell asleep during sex and he carried on, didn't say who it was or how long ago it happened, just that I had experienced that in the past. My friend said it sounded 'rapeish' and I should talk to someone. I asked him not to talk to anyone about it, because I need to figure it out myself first. He accepted that and hasn't spoke if it since, which I'm grateful for.

I'm just confused. I don't think it's assault, I made a mistake and I regret it. But something in my head keeps saying that what happened wasn't right. He's my friend and he isn't the person to assault someone, let alone me. 

I don't know what I want to achieve by posting this here... if its validation that it was just a mistake I made after I drank to much. I can't talk to anyone in my life about it because I can't admit it to my family and I don't want to ask my friends in case it is and then they make me do something about it. 

I think I just need someone to tell me it was fine or not... then I can stop thinking about what happened and focus on moving on from it.

Thank you

Bean",,"[""\\b(?:he|she)[’']?s\\s+my\\s+friend\\b""]","[""\\b(?:he|she)[’']?s\\s+my\\s+friend\\b"", '\\bfriend\\b', '\\bassault\\b', ""\\bi\\s+don[’']t\\s+know\\b""]"
k5scuz,sexualassault,I really don’t know how to feel right now. (M17),TheNightOwl1720,19,8,True,2,1606978484,https://www.reddit.com/r/sexualassault/comments/k5scuz/i_really_dont_know_how_to_feel_right_now_m17/,"So I’ve just recently (several months ago) got out of an abusive relationship (I’m a male if it means anything). She was extremely emotionally and mentally abusive to me, and the three years I’ve spent with her were seriously the worst years of my life. We had several very uncomfortable sexual experiences. My really close friends all recently have been telling me that I’ve basically been raped and/or assaulted but I felt the need to get some more opinions as I kind of just am conflicted.

Instance 1: I was at a close friend of mines house, with a big group of my friends as well as the girl in question. We’re all watching a movie, and all of a sudden she stands up and goes “Hey, is it okay if we fuck in your bathroom,” without asking me anything at all. My friend says something along the lines of “oh uhhhh... I mean I guess so.” Needless to say I was extremely embarrassed and quite obviously didn’t want to do it. The bathroom was right across the hall from where all my friends were, so I felt even more uncomfortable. She literally grabbed my hand and dragged me to the bathroom and she just started taking her clothes off and told me to take off mine. We started doing sexual things and I really wasn’t into it and she was hurting me, all the while I could hear my friends joking about it outside.

Instance 2: I was at the same friends house actually, but this time me and a few of the others were smoking marijuana- she wasn’t. She decides to ask him the same question but I wasn’t able to hear her this time. Out of nowhere she grabs my hand and just drags me to his basement and she asks for sex. I told her that I was feeling extremely anxious and on the edge of a panic attack, and I sat down and breathed for a minute. After her bothering me for a while I caved and agreed to do it. I just remember really not liking it the whole time but was extremely scared and I didn’t want to say anything. I knew that she would yell at me and tell all of my friends if I refused. Shes told extremely private sexual details to my friends before, so I was in a constant state of fear of her humiliating me again.

Both times I was extremely scared to say anything to her because I was afraid that she would manipulate my whole friend group into hating me (she did that extremely frequently whenever I voiced a problem I had in the relationship) or try to flip it on me. And I don’t think this really counts but we had many other bad sexual experiences too. Ones where I consented she would wait until I was on the brink of climax and then just tell me she didn’t want anything to do with it and literally told me to just masturbate in the bathroom if I wanted to. This happened multiple times and it was extremely humiliating even though I had originally consented. To be honest I think the fact that I consented made it worse because she just made me feel like a fucking idiot and ashamed of myself.

Was I sexually assaulted or molested or anything like that? I just really don’t know how to take it. My relationship with sex (and relationships in general) has completely changed. I’m honestly terrified of it and am worried that I will never heal. I For some reason I feel that if I had something to call it, it would make me feel at least a little bit of closure about it. I don’t really talk to anybody about it because It’s humiliating and every time I brought it up it kind of became like- “Haha dude you literally got molested.” I’m also terrified of seeing her or anything about her, even references to her or seeing pictures of her actually makes me sick.

These past few months have been hell for me. I’ve become more depressed than ever, felt extremely suicidal, and have been relying on drugs to cope. I always bottle shit up, and even if I don’t get any response it felt good to get off my chest.

Any response will be appreciated, thank you. And thank you for reading.",,['\\bwas\\s+i\\s+sexually\\s+assaulted\\b'],"[""\\bi\\s+(?:genuinely|just|honestly|really|truly|still)\\s+don[’']t\\s+know\\b"", '\\bassault\\b', '\\bwas\\s+i\\s+sexually\\s+assaulted\\b', '\\bfriend\\b', '\\bmolest(?:ed|ation|ations)?\\b', '\\bsexual(?:ly)?\\s+assault(?:ed|s|ing)?\\b']"
k5scuz,sexualassault,I really don’t know how to feel right now. (M17),TheNightOwl1720,19,8,True,2,1606978484,https://www.reddit.com/r/sexualassault/comments/k5scuz/i_really_dont_know_how_to_feel_right_now_m17/,"So I’ve just recently (several months ago) got out of an abusive relationship (I’m a male if it means anything). She was extremely emotionally and mentally abusive to me, and the three years I’ve spent with her were seriously the worst years of my life. We had several very uncomfortable sexual experiences. My really close friends all recently have been telling me that I’ve basically been raped and/or assaulted but I felt the need to get some more opinions as I kind of just am conflicted.

Instance 1: I was at a close friend of mines house, with a big group of my friends as well as the girl in question. We’re all watching a movie, and all of a sudden she stands up and goes “Hey, is it okay if we fuck in your bathroom,” without asking me anything at all. My friend says something along the lines of “oh uhhhh... I mean I guess so.” Needless to say I was extremely embarrassed and quite obviously didn’t want to do it. The bathroom was right across the hall from where all my friends were, so I felt even more uncomfortable. She literally grabbed my hand and dragged me to the bathroom and she just started taking her clothes off and told me to take off mine. We started doing sexual things and I really wasn’t into it and she was hurting me, all the while I could hear my friends joking about it outside.

Instance 2: I was at the same friends house actually, but this time me and a few of the others were smoking marijuana- she wasn’t. She decides to ask him the same question but I wasn’t able to hear her this time. Out of nowhere she grabs my hand and just drags me to his basement and she asks for sex. I told her that I was feeling extremely anxious and on the edge of a panic attack, and I sat down and breathed for a minute. After her bothering me for a while I caved and agreed to do it. I just remember really not liking it the whole time but was extremely scared and I didn’t want to say anything. I knew that she would yell at me and tell all of my friends if I refused. Shes told extremely private sexual details to my friends before, so I was in a constant state of fear of her humiliating me again.

Both times I was extremely scared to say anything to her because I was afraid that she would manipulate my whole friend group into hating me (she did that extremely frequently whenever I voiced a problem I had in the relationship) or try to flip it on me. And I don’t think this really counts but we had many other bad sexual experiences too. Ones where I consented she would wait until I was on the brink of climax and then just tell me she didn’t want anything to do with it and literally told me to just masturbate in the bathroom if I wanted to. This happened multiple times and it was extremely humiliating even though I had originally consented. To be honest I think the fact that I consented made it worse because she just made me feel like a fucking idiot and ashamed of myself.

Was I sexually assaulted or molested or anything like that? I just really don’t know how to take it. My relationship with sex (and relationships in general) has completely changed. I’m honestly terrified of it and am worried that I will never heal. I For some reason I feel that if I had something to call it, it would make me feel at least a little bit of closure about it. I don’t really talk to anybody about it because It’s humiliating and every time I brought it up it kind of became like- “Haha dude you literally got molested.” I’m also terrified of seeing her or anything about her, even references to her or seeing pictures of her actually makes me sick.

These past few months have been hell for me. I’ve become more depressed than ever, felt extremely suicidal, and have been relying on drugs to cope. I always bottle shit up, and even if I don’t get any response it felt good to get off my chest.

Any response will be appreciated, thank you. And thank you for reading.",,['\\bwas\\s+i\\s+sexually\\s+assaulted\\b'],"[""\\bi\\s+(?:genuinely|just|honestly|really|truly|still)\\s+don[’']t\\s+know\\b"", '\\bassault\\b', '\\bwas\\s+i\\s+sexually\\s+assaulted\\b', '\\bfriend\\b', '\\bmolest(?:ed|ation|ations)?\\b', '\\bsexual(?:ly)?\\s+assault(?:ed|s|ing)?\\b']"
jquhxt,sexualassault,i didn’t say no while it happened.,aivull,18,11,True,3,1604913493,https://www.reddit.com/r/sexualassault/comments/jquhxt/i_didnt_say_no_while_it_happened/,"i’m really just looking for answers, a few months back i met up with a guy. when we first started to talk i specifically told him i didn’t want to have sex with him. he said it was fine and that all we could do was smoke watch a movie and hang out. i decided to not smoke with him because i didn’t like event high around people i’m not comfortable with. we were cuddling and he started to rub against me. i ended up pulling away from him and he took my pants and underwear off and started to have sex with me. now i didn’t tell him to no but i never told him yes, i eventually started to cry and he didn’t stop. he only stopped when he got tired. there was no kissing or asking if what he was doing was okay. he tried to do it again and that’s when i fully said no and for him to stop. i ended up crying while getting dressed and on my way back home. he didn’t ask why i left and i just unadded him. now the feeling i had right after wasn’t regret it was more of disgust. and i’ve never felt that way about any guy i’ve slept with. i haven’t really told anyone because i’m not sure if i was or wasn’t sexually assaulted.",,"[""\\bi\\s+didn[’']t\\s+say\\s+no\\b""]","[""\\bi[’']?m\\s+not\\s+sure\\b"", ""\\bi\\s+didn[’']t\\s+say\\s+no\\b"", '\\bassault\\b', '\\bsexual(?:ly)?\\s+assault(?:ed|s|ing)?\\b']"
jquhxt,sexualassault,i didn’t say no while it happened.,aivull,18,11,True,3,1604913493,https://www.reddit.com/r/sexualassault/comments/jquhxt/i_didnt_say_no_while_it_happened/,"i’m really just looking for answers, a few months back i met up with a guy. when we first started to talk i specifically told him i didn’t want to have sex with him. he said it was fine and that all we could do was smoke watch a movie and hang out. i decided to not smoke with him because i didn’t like event high around people i’m not comfortable with. we were cuddling and he started to rub against me. i ended up pulling away from him and he took my pants and underwear off and started to have sex with me. now i didn’t tell him to no but i never told him yes, i eventually started to cry and he didn’t stop. he only stopped when he got tired. there was no kissing or asking if what he was doing was okay. he tried to do it again and that’s when i fully said no and for him to stop. i ended up crying while getting dressed and on my way back home. he didn’t ask why i left and i just unadded him. now the feeling i had right after wasn’t regret it was more of disgust. and i’ve never felt that way about any guy i’ve slept with. i haven’t really told anyone because i’m not sure if i was or wasn’t sexually assaulted.",,"[""\\bi\\s+didn[’']t\\s+say\\s+no\\b""]","[""\\bi[’']?m\\s+not\\s+sure\\b"", ""\\bi\\s+didn[’']t\\s+say\\s+no\\b"", '\\bassault\\b', '\\bsexual(?:ly)?\\s+assault(?:ed|s|ing)?\\b']"
jgdf4e,sexualassault,I need help,throwaway_44544,4,7,True,2,1603417147,https://www.reddit.com/r/sexualassault/comments/jgdf4e/i_need_help/,"I'm not really unsure of if it's sexual assault or not, but more if it counts as sexual assault in the eyes of the law. I am heavily considering filing a police report against my ex but I'm very unsure of whether or not I even can. 
What happened was I was at his house. I was hanging out with him on his couch, he made a lot of sexual comments and jokes toward me. I expressed that I wasn't in the mood to have sex, and he continued to talk about it. I just kinda tried to ignore it, but it was difficult to drown it out. He asked me to go to his room with him, and I figured since I already told him I didn't want to have sex that he'd just wanna cuddle with me or something like that. We got in his bed and he immediately went to spooning me, and he started to try to undo my belt. I physically curled up a bit so he wouldn't be able to, he kept trying for a bit until he just asked if I wanted to be left alone, to which I said I didn't want to have sex but I was fine with cuddling him. We cuddled for a little (literal minutes) before he began asking me again to have sex with him. I have always found it very difficult to say no and stand up to people because of my childhood, and he was aware of this. He was really pressuring me into saying yes to him, and eventually I just let him have sex with me because I wanted to get it over with and be left alone. My body language was still tense and it was clear I didn't want it. It was not an enthusiastic yes but more like a ""sure."" 
I don't even know at this point want I want. I just know that I never want him to be able to do that to anyone else. I feel disgusting whenever I think about it, I saw a video today about a very similar situation and my anxiety still has not settled down. I need to know if it's a viable option for me to file a police report against him. (I'm canadian, if it matters.)",,['\\bit\\s+count(?:s)?\\s+as\\s+(?:sa|sexual\\s+assault)\\b'],"[""\\bi\\s+don[’']t\\s+even\\s+know\\b"", '\\bit\\s+count(?:s)?\\s+as\\s+(?:sa|sexual\\s+assault)\\b', '\\bassault\\b', '\\bsexual(?:ly)?\\s+assault(?:ed|s|ing)?\\b']"
jgdf4e,sexualassault,I need help,throwaway_44544,4,7,True,2,1603417147,https://www.reddit.com/r/sexualassault/comments/jgdf4e/i_need_help/,"I'm not really unsure of if it's sexual assault or not, but more if it counts as sexual assault in the eyes of the law. I am heavily considering filing a police report against my ex but I'm very unsure of whether or not I even can. 
What happened was I was at his house. I was hanging out with him on his couch, he made a lot of sexual comments and jokes toward me. I expressed that I wasn't in the mood to have sex, and he continued to talk about it. I just kinda tried to ignore it, but it was difficult to drown it out. He asked me to go to his room with him, and I figured since I already told him I didn't want to have sex that he'd just wanna cuddle with me or something like that. We got in his bed and he immediately went to spooning me, and he started to try to undo my belt. I physically curled up a bit so he wouldn't be able to, he kept trying for a bit until he just asked if I wanted to be left alone, to which I said I didn't want to have sex but I was fine with cuddling him. We cuddled for a little (literal minutes) before he began asking me again to have sex with him. I have always found it very difficult to say no and stand up to people because of my childhood, and he was aware of this. He was really pressuring me into saying yes to him, and eventually I just let him have sex with me because I wanted to get it over with and be left alone. My body language was still tense and it was clear I didn't want it. It was not an enthusiastic yes but more like a ""sure."" 
I don't even know at this point want I want. I just know that I never want him to be able to do that to anyone else. I feel disgusting whenever I think about it, I saw a video today about a very similar situation and my anxiety still has not settled down. I need to know if it's a viable option for me to file a police report against him. (I'm canadian, if it matters.)",,['\\bit\\s+count(?:s)?\\s+as\\s+(?:sa|sexual\\s+assault)\\b'],"[""\\bi\\s+don[’']t\\s+even\\s+know\\b"", '\\bit\\s+count(?:s)?\\s+as\\s+(?:sa|sexual\\s+assault)\\b', '\\bassault\\b', '\\bsexual(?:ly)?\\s+assault(?:ed|s|ing)?\\b']"
ok9dx5,sexualassault,Is this even considered SA? if not what is it and what do i even do,[deleted],4,5,False,0,1626284243,https://www.reddit.com/r/sexualassault/comments/ok9dx5/is_this_even_considered_sa_if_not_what_is_it_and/,"So today i got acess to my sisters phone, she's 23, of course i did a little bit of snooping around and i stumbled across the chat with her best friend, they were talking about sex, being 'hoes' etc. And suddenly, no context her friend goes ""your sister (me) needs some dick"" and all sorts of things like that revolving myself in very sexual ways, they're both adults and im a minor (14) it was all fun and games until that, sure those were jokes but it made me so uncomfortable.",,['\\bconsider(?:ed)?\\s+(?:it\\s+)?(?:sa|sexual\\s+assault)\\b'],"['\\bsa\\b', '\\bfriend\\b', '\\bassault\\b', '\\bconsider(?:ed)?\\s+(?:it\\s+)?(?:sa|sexual\\s+assault)\\b']"
ok9dx5,sexualassault,Is this even considered SA? if not what is it and what do i even do,[deleted],4,5,False,0,1626284243,https://www.reddit.com/r/sexualassault/comments/ok9dx5/is_this_even_considered_sa_if_not_what_is_it_and/,"So today i got acess to my sisters phone, she's 23, of course i did a little bit of snooping around and i stumbled across the chat with her best friend, they were talking about sex, being 'hoes' etc. And suddenly, no context her friend goes ""your sister (me) needs some dick"" and all sorts of things like that revolving myself in very sexual ways, they're both adults and im a minor (14) it was all fun and games until that, sure those were jokes but it made me so uncomfortable.",,['\\bconsider(?:ed)?\\s+(?:it\\s+)?(?:sa|sexual\\s+assault)\\b'],"['\\bsa\\b', '\\bfriend\\b', '\\bassault\\b', '\\bconsider(?:ed)?\\s+(?:it\\s+)?(?:sa|sexual\\s+assault)\\b']"
kaahl3,sexualassault,Does this count as sexual assault?,[deleted],5,6,False,0,1607582764,https://www.reddit.com/r/sexualassault/comments/kaahl3/does_this_count_as_sexual_assault/,"I'm 14 and my mom is a single mom who has some mental health problems (PTSD from domestic violence). I'm kind of embarrassed to be writing this because of how personal it is, but I have some questions. 

My mom does verbally abuse me, but this isn't the problem. She has been repeatedly (for as long as I can remember) touching my breasts and butt and other private parts (slapping, pinching, kissing). When I was younger I was uncomfortable and squirmed, and now I have repeatedly asked her to stop and she won't stop! It makes me really uncomfortable especially now that I'm a teen and I'm my own person now, or at least growing into my own person. 

Is this sexual assault? And if it isn't, I know that this is wrong in some way, so what can I do to make her stop?",,"['\\bdoes\\s+this\\s+count\\s+as\\s+(?:sa|sexual\\s+assault)\\b', '\\bis\\s+this\\s+(?:sa|sexual\\s+assault)\\b']","['\\bis\\s+this\\s+(?:sa|sexual\\s+assault)\\b', '\\bdoes\\s+this\\s+count\\s+as\\s+(?:sa|sexual\\s+assault)\\b', '\\bassault\\b', '\\bsexual(?:ly)?\\s+assault(?:ed|s|ing)?\\b']"
kaahl3,sexualassault,Does this count as sexual assault?,[deleted],5,6,False,0,1607582764,https://www.reddit.com/r/sexualassault/comments/kaahl3/does_this_count_as_sexual_assault/,"I'm 14 and my mom is a single mom who has some mental health problems (PTSD from domestic violence). I'm kind of embarrassed to be writing this because of how personal it is, but I have some questions. 

My mom does verbally abuse me, but this isn't the problem. She has been repeatedly (for as long as I can remember) touching my breasts and butt and other private parts (slapping, pinching, kissing). When I was younger I was uncomfortable and squirmed, and now I have repeatedly asked her to stop and she won't stop! It makes me really uncomfortable especially now that I'm a teen and I'm my own person now, or at least growing into my own person. 

Is this sexual assault? And if it isn't, I know that this is wrong in some way, so what can I do to make her stop?",,"['\\bdoes\\s+this\\s+count\\s+as\\s+(?:sa|sexual\\s+assault)\\b', '\\bis\\s+this\\s+(?:sa|sexual\\s+assault)\\b']","['\\bis\\s+this\\s+(?:sa|sexual\\s+assault)\\b', '\\bdoes\\s+this\\s+count\\s+as\\s+(?:sa|sexual\\s+assault)\\b', '\\bassault\\b', '\\bsexual(?:ly)?\\s+assault(?:ed|s|ing)?\\b']"
