post_id,subreddit,title,body,combined_text,parent_id,depth,permalink,comment_author,comment_body,parent_comment,comment_score
w4w3za,rape,Was this SA?,"Can’t get over this incident with my long term bf

I’ve (25f) been with my partner (24m) for a couple of years now but haven’t been able to get over what he did to me a few years ago. Now with a certain movement going around, and my history of SA, it’s hard for me to look at this situation with clear eyes and so I would like to ask others for their opinion on this.

We have 6 years together and he’s a very attentive lover. Always asking me if I’m okay and if I need him to stop, asks if I’m in a by pain, reminds me that we don’t have to have sex if I don’t want to. And so on. He tells me he never wants to initiate himself because she doesn’t want me to feel forced or to feel guilty if I decline. He always has me initiate or ask for it. 

This situation was about three years ago. We had talked about having sex that day but that we would o cuddle first for a bit .So we were cuddling on the bed and he got on top of me to make out (how we initiate s*x) and I told him “wait, can we d this later? I want to cuddle more”. To which he replied “no” playfully and continued to kiss me. I forgot what I told him afterwards. I think I told him to wait again. He stopped and told me “I’ve been wanting you all week” he said it almost desperately. I think he said he couldn’t wait. I tried to get into it and talk dirty to him. I didnt tell him to stop anymore or to wait. So he kept kissing me and grinding up against me. 

(For clarification, it was only the kissing and grinding . It’s like our foreplay. Actual sex is always consensual. We ask each other after kissing and grinding and go grab what we need and so on. My issue is that he continued the kissing and grinding when I asked him to wait). 

I confront him about this recently and his repsonse to this was that I have, in the past, done the same thing to him when he’s not in the mood. But I recall this differently. From what I remember, I would at times be on top of him and if he were to playfully do ‘stop’ I would ask him if he’s sure he wants me to stop or to wait or so on. He did apologize for it though. 

I recall one moment where I kept kissing on him and he pushed me right off of him so I fell to the side of the bed, ontop of the bed. To which I told him that he could have just told me something.  I don’t remember him telling me to stop but he says he had. If that’s true then he’s right that I did the same thing to him but this would be one incident not several as he made it sound","w4w3za rape Was this SA? Snucontreras /r/rape/comments/w4w3za/was_this_sa/ Can’t get over this incident with my long term bf

I’ve (25f) been with my partner (24m) for a couple of years now but haven’t been able to get over what he did to me a few years ago. Now with a certain movement going around, and my history of SA, it’s hard for me to look at this situation with clear eyes and so I would like to ask others for their opinion on this.

We have 6 years together and he’s a very attentive lover. Always asking me if I’m okay and if I need him to stop, asks if I’m in a by pain, reminds me that we don’t have to have sex if I don’t want to. And so on. He tells me he never wants to initiate himself because she doesn’t want me to feel forced or to feel guilty if I decline. He always has me initiate or ask for it. 

This situation was about three years ago. We had talked about having sex that day but that we would o cuddle first for a bit .So we were cuddling on the bed and he got on top of me to make out (how we initiate s*x) and I told him “wait, can we d this later? I want to cuddle more”. To which he replied “no” playfully and continued to kiss me. I forgot what I told him afterwards. I think I told him to wait again. He stopped and told me “I’ve been wanting you all week” he said it almost desperately. I think he said he couldn’t wait. I tried to get into it and talk dirty to him. I didnt tell him to stop anymore or to wait. So he kept kissing me and grinding up against me. 

(For clarification, it was only the kissing and grinding . It’s like our foreplay. Actual sex is always consensual. We ask each other after kissing and grinding and go grab what we need and so on. My issue is that he continued the kissing and grinding when I asked him to wait). 

I confront him about this recently and his repsonse to this was that I have, in the past, done the same thing to him when he’s not in the mood. But I recall this differently. From what I remember, I would at times be on top of him and if he were to playfully do ‘stop’ I would ask him if he’s sure he wants me to stop or to wait or so on. He did apologize for it though. 

I recall one moment where I kept kissing on him and he pushed me right off of him so I fell to the side of the bed, ontop of the bed. To which I told him that he could have just told me something.  I don’t remember him telling me to stop but he says he had. If that’s true then he’s right that I did the same thing to him but this would be one incident not several as he made it sound",[deleted]@0,1,/r/rape/comments/w4w3za/was_this_sa/,Snucontreras,What was different about what I did?,"yeah that was 100% manipulation and technically sexual assault. 

what you did wasnt.",1
1ntu3o4,sexualassault,Is this SA? And what do I do..,"I’m literally begging for advice.

This may be so random- I’m not gonna disclose age but I’m in high school- so I’m old enough. This girl- she is not a close friend of mine/ more close to my sister but we’ve talked. I was wearing this define jacket- I love it- it’s almost my favorite one. Except today she goes to pull it down- I’m not wearing anything underneath. I don’t know if anyone saw but I quickly put it up- I had a bra but I still felt so violated. I don’t want to look at the jacket and think of her. But I don’t want her life to be ruined at the sake of my satisfaction. For myself to be a rumor because I wanted justice. To clarify this was in front of other people- facing them maybe. But I don’t know if anyone saw. And I’m so conflicted. My parents are so unbelievably strict they would want her prosecuted in seconds- and I don’t want that for her- but I don’t know how to let it go. Am I in the wrong community? Sorry if I am. I just really want advice..","1ntu3o4 sexualassault Is this SA? And what do I do.. Loose_Flight_360 /r/sexualassault/comments/1ntu3o4/is_this_sa_and_what_do_i_do/ I’m literally begging for advice.

This may be so random- I’m not gonna disclose age but I’m in high school- so I’m old enough. This girl- she is not a close friend of mine/ more close to my sister but we’ve talked. I was wearing this define jacket- I love it- it’s almost my favorite one. Except today she goes to pull it down- I’m not wearing anything underneath. I don’t know if anyone saw but I quickly put it up- I had a bra but I still felt so violated. I don’t want to look at the jacket and think of her. But I don’t want her life to be ruined at the sake of my satisfaction. For myself to be a rumor because I wanted justice. To clarify this was in front of other people- facing them maybe. But I don’t know if anyone saw. And I’m so conflicted. My parents are so unbelievably strict they would want her prosecuted in seconds- and I don’t want that for her- but I don’t know how to let it go. Am I in the wrong community? Sorry if I am. I just really want advice..",Playful_Can_6151@4,5,/r/sexualassault/comments/1ntu3o4/is_this_sa_and_what_do_i_do/,Loose_Flight_360,Mostly just anxious- I can really hits a lot- I do my care about what others think about me I care about it how they see me. They can assume all they want but if they can see it thats when I crack. Friends and being very insensitive thought. When I explained how I couldn’t just go to the counselor because of federal law they went and I quote “the federal right- get out 🤓☝️”. And I mask by humor so I just laughed and agreeded. But this did hurt me. I feel so scared and anxious and confused and I was just so expected to move on from this like it was another day. And I’m afraid this’ll show eventually because I’m a very expressive person. I don’t want to ruin her life- she’s just a kid- I am too- this governments methods are just too screwed up for there not be a winner and loser in the situation. ,"Hm, You're in a tough situation here. You feel you can't tell your parents or teachers because of what they might do to her. And your friends are minimizing the situation. 

What do you want to happen? 
How do you feel about it, exactly? Do you feel anxious, or scared, or confused?

Answering these questions might help you figure out what to do next.

I'm here for you !",1
k5wyvy,rape,Is this sexual assault?,"Hello. Throwaway for obvious reasons.

I'm a 20 year old male, now at university. This happened when I was 17.

I was never socially active as a teenager though I played sports and stuff, and a friend invited me to a house party. I didn't drink alot of alcohol or take any drugs, but when I was upstairs in the bathroom a girl started flirting with me. She was attractive and I vaguely knew her so I responded and we left to go in the garden. She was slightly drunk but I'm not sure.

Bear in mind I even then was well over 6 feet tall and 240 pounds, I do boxing and weight lifting, whereas she was about a foot smaller than me and half my size. We started kissing (which I hadn't done before) and she started touching my crotch. I wasn't comfortable with this and I asked her to stop. She laughed and didn't, so I moved her hand away lightly. She then shouted out that I ""touched her"".

I apologised, seeing as we were in the bushes at the top of the garden (about 100 yards long) and I didn't want a scene. It's sort of a blur now, but she basically said that if I didn't ""stop being a baby"" she'd tell everyone at the party I assaulted her.

The only way I can describe what happened next is when you get caught with a good shot in a spar and you're awake but ""in third person"". I know she pulled my trousers and pants down and started riding me, and I must have ejaculated at some point as I found I was sticky later. I had dried mud all over my butt as well.

She left and I just sat there for a while, then went home (not far to walk) in a daze. I remember running a shower and scrubbing the dirt off like a madman, and I went to sleep after.

I didn't report it or anything and for the next few months I didn't speak to her or see her again. I moved out of the area for university and haven't been back since.

But I'm just wondering now, is this a sexual assault? I must have been erect throughout it but I was a virgin and I definitely didn't consent to it, I was afraid of her saying I raped her or something horrible like that.

I plan to get therapy as this has given me a phobia of intimacy and I still haven't been in a relationship to this day","k5wyvy rape Is this sexual assault? throwawayckxkdl /r/rape/comments/k5wyvy/is_this_sexual_assault/ Hello. Throwaway for obvious reasons.

I'm a 20 year old male, now at university. This happened when I was 17.

I was never socially active as a teenager though I played sports and stuff, and a friend invited me to a house party. I didn't drink alot of alcohol or take any drugs, but when I was upstairs in the bathroom a girl started flirting with me. She was attractive and I vaguely knew her so I responded and we left to go in the garden. She was slightly drunk but I'm not sure.

Bear in mind I even then was well over 6 feet tall and 240 pounds, I do boxing and weight lifting, whereas she was about a foot smaller than me and half my size. We started kissing (which I hadn't done before) and she started touching my crotch. I wasn't comfortable with this and I asked her to stop. She laughed and didn't, so I moved her hand away lightly. She then shouted out that I ""touched her"".

I apologised, seeing as we were in the bushes at the top of the garden (about 100 yards long) and I didn't want a scene. It's sort of a blur now, but she basically said that if I didn't ""stop being a baby"" she'd tell everyone at the party I assaulted her.

The only way I can describe what happened next is when you get caught with a good shot in a spar and you're awake but ""in third person"". I know she pulled my trousers and pants down and started riding me, and I must have ejaculated at some point as I found I was sticky later. I had dried mud all over my butt as well.

She left and I just sat there for a while, then went home (not far to walk) in a daze. I remember running a shower and scrubbing the dirt off like a madman, and I went to sleep after.

I didn't report it or anything and for the next few months I didn't speak to her or see her again. I moved out of the area for university and haven't been back since.

But I'm just wondering now, is this a sexual assault? I must have been erect throughout it but I was a virgin and I definitely didn't consent to it, I was afraid of her saying I raped her or something horrible like that.

I plan to get therapy as this has given me a phobia of intimacy and I still haven't been in a relationship to this day",Acrock7@4,5,/r/rape/comments/k5wyvy/is_this_sexual_assault/,throwawayckxkdl,"I just think about how innocent I was at that age, I grew up religious (still am to an extent) and I always wanted my first time to be with my wife on our wedding night, and now I'll never get to have that. It sucks.","Definitely don’t think like that. Something like this doesn’t make you less of a man, and you don’t have to let it define your whole life.",1
nc1b15,sexualassault,Does this count?,"

I was with a guy years ago. It was casual. He convinced me to try anal sex, which I told him I wasn’t interested in at first but he convinced me that he knew better that I’d enjoy it. 

I told him I wanted to try, but it felt quite horrible after a while. Like I was going to explode and i kept forgetting I where I was. I asked him to slow down and I wanted him to ask me what was wrong, but he didn’t check in (he usually checked in) he just slowed down a bit then kept going. It stayed quite painful though so I kept asking him to slow down and when I realised he wasn’t going to check in with me I realised I needed to tell him directly I needed to stop. So I said ‘that’s too much’ or something like that I can’t remember exactly. He didn’t stop or slow down or even ask if I was ok. I tried to get his eye contact but he was looking away from me and I think I might even have called out “hey” to him but I’m not sure. He just acted like I hadn’t said anything. This really scared me and it made me feel like i couldn’t say anything I felt paralysed by fear and i wanted to keep getting his attention but I just couldn’t talk at that point. I tried pulling away but he just pulled me back/readjusted his hips so it was harder for me to move. It was like he thought I was just readjusting rather than trying to pull away from him.

I was confused and didn’t know what was going on for him to act like he hadn’t heard me talking to him. I just went along with it from then on. I even let him film it. I just acted bored and unenthusiastic and disconnected from him. I knew in the moment that it could be rape but I decided to stop trying to get him to stop because I was too cared of what would happen if he kept ignoring me. I also felt like I could stop it from being rape by giving up on getting him to stop. I didn’t want to make him into a rapist... I was really playing all these crazy mind games in my head while it was going on. I even went and got lube half way through. I guess I thought if the lube fixed the pain then I didn’t need to think about what happened and the night would get better. Now I wish that I’d tried to get him to stop properly because memories of this night make me feel terrible. I really worry I just wasn’t loud or clear enough. 

He’d been really pro consent and checked in with me to make sure I was ok a lot he first time we had sex. Maybe that’s the reason I was so confused when he didn’t respond to me? What if he just didn’t hear me? 

I was really injured.

Now I think about it he forgot to put condoms on a lot and I always blamed myself for not reminding him. He might even have stralthed me once because the condom fell off which I thought was a bit strange. He’d say stuff like ‘your body your choice’ all the time. He even lectured me about consent the next time I saw him saying stuff like “women don’t understand they have all the power”. But I’ve met other women who feel uncomfortable about him about him and even learned he shares sex tapes of people without their consent. 

Please help. Most people i speak to say this is rape but one guy said he wasn’t sure if it counts and I just can’t get it out of my head.","nc1b15 sexualassault Does this count? [deleted] /r/sexualassault/comments/nc1b15/does_this_count/ 

I was with a guy years ago. It was casual. He convinced me to try anal sex, which I told him I wasn’t interested in at first but he convinced me that he knew better that I’d enjoy it. 

I told him I wanted to try, but it felt quite horrible after a while. Like I was going to explode and i kept forgetting I where I was. I asked him to slow down and I wanted him to ask me what was wrong, but he didn’t check in (he usually checked in) he just slowed down a bit then kept going. It stayed quite painful though so I kept asking him to slow down and when I realised he wasn’t going to check in with me I realised I needed to tell him directly I needed to stop. So I said ‘that’s too much’ or something like that I can’t remember exactly. He didn’t stop or slow down or even ask if I was ok. I tried to get his eye contact but he was looking away from me and I think I might even have called out “hey” to him but I’m not sure. He just acted like I hadn’t said anything. This really scared me and it made me feel like i couldn’t say anything I felt paralysed by fear and i wanted to keep getting his attention but I just couldn’t talk at that point. I tried pulling away but he just pulled me back/readjusted his hips so it was harder for me to move. It was like he thought I was just readjusting rather than trying to pull away from him.

I was confused and didn’t know what was going on for him to act like he hadn’t heard me talking to him. I just went along with it from then on. I even let him film it. I just acted bored and unenthusiastic and disconnected from him. I knew in the moment that it could be rape but I decided to stop trying to get him to stop because I was too cared of what would happen if he kept ignoring me. I also felt like I could stop it from being rape by giving up on getting him to stop. I didn’t want to make him into a rapist... I was really playing all these crazy mind games in my head while it was going on. I even went and got lube half way through. I guess I thought if the lube fixed the pain then I didn’t need to think about what happened and the night would get better. Now I wish that I’d tried to get him to stop properly because memories of this night make me feel terrible. I really worry I just wasn’t loud or clear enough. 

He’d been really pro consent and checked in with me to make sure I was ok a lot he first time we had sex. Maybe that’s the reason I was so confused when he didn’t respond to me? What if he just didn’t hear me? 

I was really injured.

Now I think about it he forgot to put condoms on a lot and I always blamed myself for not reminding him. He might even have stralthed me once because the condom fell off which I thought was a bit strange. He’d say stuff like ‘your body your choice’ all the time. He even lectured me about consent the next time I saw him saying stuff like “women don’t understand they have all the power”. But I’ve met other women who feel uncomfortable about him about him and even learned he shares sex tapes of people without their consent. 

Please help. Most people i speak to say this is rape but one guy said he wasn’t sure if it counts and I just can’t get it out of my head.",[deleted]@0,1,/r/sexualassault/comments/nc1b15/does_this_count/,[deleted],Thanks I needed to hear this. You’re right about him jumping off that bridge.,"It IS rape. You can change your mind and as soon as you try to stop it and he kept going it became rape. And as for not wanting it to be rape, I was in a similar situation. He always asked first, he was pro choice, but he never liked condoms and he made others uncomfortable. So yes he is a rapist. Any good qualities dont outweigh the bad. It's not a scale. It's a narrow bridge and he jumped off of it long before he met you.",1
1daq9b2,sexualassault,is this sa? (im a minor),"so my(15F) ex girlfriend(15F) once took me to her moms car after school (she works in the school) because she was overwhelmed and wanted some space. we were just cuddling and watching glee at the beginning but then i dont know who started it we just started getting into it and at some point she asked me to finger her and i was uncomfortable but i still wanted to make her happy so i was like i guess and yadayada. i then admitted to her that i didnt want to do that, and then she admitted that she knew i was uncomfortable but ignored it bc she was too in the mood. is this sa? i technically consented but my friends are saying its sa.","1daq9b2 sexualassault is this sa? (im a minor) No_Phone2397 /r/sexualassault/comments/1daq9b2/is_this_sa_im_a_minor/ so my(15F) ex girlfriend(15F) once took me to her moms car after school (she works in the school) because she was overwhelmed and wanted some space. we were just cuddling and watching glee at the beginning but then i dont know who started it we just started getting into it and at some point she asked me to finger her and i was uncomfortable but i still wanted to make her happy so i was like i guess and yadayada. i then admitted to her that i didnt want to do that, and then she admitted that she knew i was uncomfortable but ignored it bc she was too in the mood. is this sa? i technically consented but my friends are saying its sa.",Cute_Solution6292@3,4,/r/sexualassault/comments/1daq9b2/is_this_sa_im_a_minor/,No_Phone2397,my exs intention to do that with me?,Whos intention to what?,0
xkokrr,sexualassault,"trigger warning: kinda graphic, it won’t let me use two tags","I don’t even really know why I’m doing this because it’s been months and I have two perfectly good therapists but my meds have been off a lot recently and a lot of things at school have been triggering me and I just joined the sub and I’ve been itching to do this.

I dated this boy, landon, and he was kind of nice. I’m aroace and did not really reciprocate Any of the romantic or sexual feelings at all during our month of dating. Let me clarify that he did ask me if he could do stuff a couple times but I have always been a people pleaser so I said ‘I don’t care’ and I like validation but I was so low at this point that I craved any kind of validation and body validation was the only kind I think. Eventually I didn’t want his validation. 

He would grab my thighs, yk hand on thigh kinda stuff, he would poke my breasts, and talk about them and stuff and talk about sex openly (we haven’t and I seriously Do Not want to) and it made me so uncomfortable, what he’s done so far occurred over like two-three weeks, and he’d patted/smacked my ass a couple times too, didn’t like it. I ended up going to his house one day, my brother took me there, and my mental health was crazy fcking bad that day, I go in and his house is crazy run down, broken floor boards and stuff, bed doesn’t have a bed post, trash everywhere, and it made me kind of scared (I was raised a certain way ik people can’t handle how their houses are but still it is ingrained that houses like that are not safe so it immediately set me off) and then I’m laying on his bed and we’re, this is the first time I’m telling anyone or even typing it god, we’re just lying down and talking and he’s buttering me up like ‘oh and idc 
if you take your bra off if it’s uncomfortable, take ur shirt off get comfy’ kind of stuff so I eventually do. 

I’m uncomfortable asf and I am skipping majorly because this is making my heart too fast right now, he’s over here squeezing and cupping my breasts and pinching so hard it hurts and he’s just thinking I don’t feel it, I was raised to keep stuff in so I did, and multiple times during our relationship he got me to do things, like lay on top of him even though I very clearly didn’t want to or sit on his lap etc. and that happened again that day too. During the like two hours I was there I was groped without clear consent (he asked once and I said I don’t care do what you want I’m here to please) and honestly I wish he’d asked more than once because that was chaos. 

i ended up staring numb and glassy eyed the whole time, I scrambled to get out when my brother got back and Landon kissed me, immediately pulled back and talked about how gross it was, which kind’ve insulted me because you just used me scarred body and breasts for your pleasure and made me do stuff with my thighs and you just come and say my lips aren’t good? Dude? anyway, I don’t really know if it counts as sexual assault over time or at once and I’ve always wanted to say it isn’t his fault that I have ptsd (I got tested I am clinically diagnosed) because of it now because I should’ve been more clear but idk anymore it’s been affecting me so bad, it was so bad when it was fresh off the bat too. 

But yeah I just wanted to ask because y’all seem to know stuff and i my therapist is a guy I cannot talk to him about this just yet, I’ll probably take this and print it and read it out to him or smth. but advice please? i don’t know if it counts or not and it’s been haunting me for so long.","xkokrr sexualassault trigger warning: kinda graphic, it won’t let me use two tags annemelia /r/sexualassault/comments/xkokrr/trigger_warning_kinda_graphic_it_wont_let_me_use/ I don’t even really know why I’m doing this because it’s been months and I have two perfectly good therapists but my meds have been off a lot recently and a lot of things at school have been triggering me and I just joined the sub and I’ve been itching to do this.

I dated this boy, landon, and he was kind of nice. I’m aroace and did not really reciprocate Any of the romantic or sexual feelings at all during our month of dating. Let me clarify that he did ask me if he could do stuff a couple times but I have always been a people pleaser so I said ‘I don’t care’ and I like validation but I was so low at this point that I craved any kind of validation and body validation was the only kind I think. Eventually I didn’t want his validation. 

He would grab my thighs, yk hand on thigh kinda stuff, he would poke my breasts, and talk about them and stuff and talk about sex openly (we haven’t and I seriously Do Not want to) and it made me so uncomfortable, what he’s done so far occurred over like two-three weeks, and he’d patted/smacked my ass a couple times too, didn’t like it. I ended up going to his house one day, my brother took me there, and my mental health was crazy fcking bad that day, I go in and his house is crazy run down, broken floor boards and stuff, bed doesn’t have a bed post, trash everywhere, and it made me kind of scared (I was raised a certain way ik people can’t handle how their houses are but still it is ingrained that houses like that are not safe so it immediately set me off) and then I’m laying on his bed and we’re, this is the first time I’m telling anyone or even typing it god, we’re just lying down and talking and he’s buttering me up like ‘oh and idc 
if you take your bra off if it’s uncomfortable, take ur shirt off get comfy’ kind of stuff so I eventually do. 

I’m uncomfortable asf and I am skipping majorly because this is making my heart too fast right now, he’s over here squeezing and cupping my breasts and pinching so hard it hurts and he’s just thinking I don’t feel it, I was raised to keep stuff in so I did, and multiple times during our relationship he got me to do things, like lay on top of him even though I very clearly didn’t want to or sit on his lap etc. and that happened again that day too. During the like two hours I was there I was groped without clear consent (he asked once and I said I don’t care do what you want I’m here to please) and honestly I wish he’d asked more than once because that was chaos. 

i ended up staring numb and glassy eyed the whole time, I scrambled to get out when my brother got back and Landon kissed me, immediately pulled back and talked about how gross it was, which kind’ve insulted me because you just used me scarred body and breasts for your pleasure and made me do stuff with my thighs and you just come and say my lips aren’t good? Dude? anyway, I don’t really know if it counts as sexual assault over time or at once and I’ve always wanted to say it isn’t his fault that I have ptsd (I got tested I am clinically diagnosed) because of it now because I should’ve been more clear but idk anymore it’s been affecting me so bad, it was so bad when it was fresh off the bat too. 

But yeah I just wanted to ask because y’all seem to know stuff and i my therapist is a guy I cannot talk to him about this just yet, I’ll probably take this and print it and read it out to him or smth. but advice please? i don’t know if it counts or not and it’s been haunting me for so long.",anon-ineedhelp-@0,1,/r/sexualassault/comments/xkokrr/trigger_warning_kinda_graphic_it_wont_let_me_use/,annemelia,"it’s okay, don’t be sorry. i probably should’ve been more clear or something but still, it hurt, like, a lot.","imo consent must be enthusiastically given, otherwise chances are it is assault. ""i don't care"" isn't enthusiastic, therefore he shouldn't have put his hands on you. I would certainly say he either assaulted or sexually harassed you. uncomfortable body language is typically pretty easy to notice, so I'm left thinking he knew he was crossing your boundaries. What happened wasn't your fault  and you're 100% valid to experience ptsd from that. I'm terribly sorry you had to live through this, I hope you're able to stay safe and get any help you may need",1
1cpc8v8,sexualassault,Is it sexual assault? I don't know help please...,"TW for alcohol abuse, domestic abuse mentioning, and also it happening to a child.

So I was in elementary school, if your in the UK its known as Primary school. (at the time I identified as female but I identify as male now.) and it was late at night. I don't remember if it was a weekend or school day, but I was awake ad I was supposed to be asleep. My brother was asleep, and my mom was out either with friends or at work. My dad (about 31 at the time) climbed into my bed and hugged me from behind...and then his hands drifted to my chest and kinda sat on it...and I had this weird, uncomfortable, feeling in my gut that something really bad was gonna happen... Also he was definitely drunk I could smell the beer on his breath and I vividly remember the smell...he was intoxicated alot at the time as a way to cope with depression and bpd. But that's a side note. I asked him to get on of my bed because I was uncomfortable, he asked why, I just told him ""please just get out please"" and it took me another 2 tries to get him to leave, and after he got up he came up behind me and said ""your just like your mother."" Then he stormed out and slammed the door behind him and we never brought it up. I never mentioned it to anyone. I thought it was a normal experience. But I'm starting to question that...he was very abusive anyway, manipulating my family, getting drunk, mentally and physically abusing us...so I don't know anymore...but is it really that bad to be considered sexual assault? He was drunk, so it probably isn't a big deal, right?

Is it really SA?

Update: I told my mom a week ago, and she just today made me tell him about it. I knew it would go horribly since in the past he mentally and physically abused me, and when they divorced and I didn't wanna come over he said that he apologized and I needed to get over it. and it went just as I expected. Gaslighting me and even trying to gaslight my mom into believing I was making it up, and saying that it was a year ago and I needed to get over it because it was in the past. he keeps saying I'm A child and if I wanna act like an adult then I should get over it. at this point even if he apologizes, I'm not gonna forgive him. even if he ""changes"" I'm not gonna forgive him and as soon as I'm 18 and out of my house I'm blocking him. but, that's awhile from now, so wish me luck. please give me advice I'm still confused and this doesn't feel good mentally, and is affecting my already bad mental health.

  
Update 2:

its been like a few years..wow!!! um, so, I blocked him. he kept trying to gaslight me and I was tired of it. so I told him it was late and I was gonna sleep, and if he didn't stop messaging me I'd block him. and he didnt. so I did. alot of my family protested and tried to get me to unblock him, but I stayed strong. Now, I'm about to enter highschool, I've been through alot of therapy, had alot of self discovery, and I'm much better! I've also fully accepted my bi-sexuality with him out of the house, and every day except that I'm A trans guy more and more. This post let me vent out alot of anxiety, which I really needed. I don't know if anyone from before will see this, but thank you. For everytning. People who gave me advice, upvotes, all of it! I haven't fully healed, but I will eventually. And I'm glad that I had this when I needed it most. Thank you all.","1cpc8v8 sexualassault Is it sexual assault? I don't know help please... Rei80813 /r/sexualassault/comments/1cpc8v8/is_it_sexual_assault_i_dont_know_help_please/ TW for alcohol abuse, domestic abuse mentioning, and also it happening to a child.

So I was in elementary school, if your in the UK its known as Primary school. (at the time I identified as female but I identify as male now.) and it was late at night. I don't remember if it was a weekend or school day, but I was awake ad I was supposed to be asleep. My brother was asleep, and my mom was out either with friends or at work. My dad (about 31 at the time) climbed into my bed and hugged me from behind...and then his hands drifted to my chest and kinda sat on it...and I had this weird, uncomfortable, feeling in my gut that something really bad was gonna happen... Also he was definitely drunk I could smell the beer on his breath and I vividly remember the smell...he was intoxicated alot at the time as a way to cope with depression and bpd. But that's a side note. I asked him to get on of my bed because I was uncomfortable, he asked why, I just told him ""please just get out please"" and it took me another 2 tries to get him to leave, and after he got up he came up behind me and said ""your just like your mother."" Then he stormed out and slammed the door behind him and we never brought it up. I never mentioned it to anyone. I thought it was a normal experience. But I'm starting to question that...he was very abusive anyway, manipulating my family, getting drunk, mentally and physically abusing us...so I don't know anymore...but is it really that bad to be considered sexual assault? He was drunk, so it probably isn't a big deal, right?

Is it really SA?

Update: I told my mom a week ago, and she just today made me tell him about it. I knew it would go horribly since in the past he mentally and physically abused me, and when they divorced and I didn't wanna come over he said that he apologized and I needed to get over it. and it went just as I expected. Gaslighting me and even trying to gaslight my mom into believing I was making it up, and saying that it was a year ago and I needed to get over it because it was in the past. he keeps saying I'm A child and if I wanna act like an adult then I should get over it. at this point even if he apologizes, I'm not gonna forgive him. even if he ""changes"" I'm not gonna forgive him and as soon as I'm 18 and out of my house I'm blocking him. but, that's awhile from now, so wish me luck. please give me advice I'm still confused and this doesn't feel good mentally, and is affecting my already bad mental health.

  
Update 2:

its been like a few years..wow!!! um, so, I blocked him. he kept trying to gaslight me and I was tired of it. so I told him it was late and I was gonna sleep, and if he didn't stop messaging me I'd block him. and he didnt. so I did. alot of my family protested and tried to get me to unblock him, but I stayed strong. Now, I'm about to enter highschool, I've been through alot of therapy, had alot of self discovery, and I'm much better! I've also fully accepted my bi-sexuality with him out of the house, and every day except that I'm A trans guy more and more. This post let me vent out alot of anxiety, which I really needed. I don't know if anyone from before will see this, but thank you. For everytning. People who gave me advice, upvotes, all of it! I haven't fully healed, but I will eventually. And I'm glad that I had this when I needed it most. Thank you all.",Mindless-Ad4069@0,1,/r/sexualassault/comments/1cpc8v8/is_it_sexual_assault_i_dont_know_help_please/,Rei80813,"Thank you for the advice, I only really thought about it possibly being SA when I brought it up to my mom as a reason I didn't wanna visit. (there divorced, she thinks a father daughter relationship is important.) and she IMMEDIATELY seemed distressed and asked why I didn't tell her sooner.","Drunk or not drunk, influenced or not, sober or not... If someone touch you in a sexual way and that your underage or do not consent, its Sexual Assault, so yes... I'm sorryiss but your dad sexually assault this day...

Strength and courage for you, if you have any question or need anything do not hesitate to ask",1
jcfauj,sexualassault,"Was this just bad sex, or was this SA?","\&gt; Obvious trigger warning for potential sexual assault, but also tw for degradation, bodily fluids, and anal sex. I also realize I made some dumb decisions in this situation and don't need judgment for that. I've overcome a lot this year and have grown up a lot and realized tons about myself. TLDR at bottom

To make several long stories short, I'm a 24 afab person (I ID as genderfluid and use they/them pronouns). I've experienced sexual trauma at the hands of men throughout my life. This happened after I separated from my husband; I was going through a rough time, trying to figure out my trauma, and trying to figure out if I was into kink or not. (Spoiler alert, I'm not - I really just used it to hurt myself. I understand there is such a thing as healthy kink, but it wasn't healthy for me.) I've also since discovered that I'm most likely gay, which is another story entirely... but I digress.

So, I met this guy on Tinder back in January. He was about 20 years older than me if iirc (I was into older guys for a while before I figured out that was also just another method of self harm). We talked briefly, and I asked him what he was looking for. He said something along the lines of a kinky sex partner and someone to hang out with. He identified as a dom. This is what I was looking for too, I thought at the time.

We texted, and had a brief conversation about what we were into. I'll leave out all the details, but he asked me how I feel about anal sex and swallowing cum. I told him I was curious about both, not that I was down to try them. That was all I said: I was curious. The conversation, again, was brief, and we didn't get into much or establish any boundaries.

I messaged him to hang out after attending a funeral. I was in a really fucked up place, super depressed and lonely. Not that that's an excuse, but it does give some insight into my mindset at the time. Sex was a negative coping mechanism for me for a long time. So I went over to his place.

Things went right to sex. He made me do several things I wasn't comfortable with - undressing completely while he remained dressed, giving him head that cut off my air supply, holding my head down while I was giving him head, and making me crawl on my hands and knees to the bedroom. None of this had been discussed beforehand, but at the same time I didn't say no.

Things got worse in the bedroom. He spanked me and hit me so hard it left bruises for weeks. We were having sex from behind, and he put it in my ass without discussing it at all beforehand. It hurt, but I didn't tell him to stop. It all culminated in him forcibly holding my head down while I was giving him head and him finishing in my mouth. This also was not discussed beforehand. I immediately ran to the bathroom to throw up, I felt completely disgusted and degraded. (I now know that anal and swallowing are definite no's for me.)

But I went back to the bedroom and hung out with him for a little bit. It was dark, and I ended up crying quietly to myself while having a normal conversation with him (he never noticed I was crying). I felt the need to get out of there ASAP, and tried as hard as I could to pretend I was okay and made as quick of an exit as possible, giving him some excuse about having to wake up early the next morning.

When I left, I ended up breaking down in my car and calling a friend in the area to see if I could come over and clean myself up. My hair was a mess, my makeup was smeared from crying, my clothes were disheveled, and I still felt sick and was repeatedly throwing up. She helped me through it, thank god. Idk what would've happened if I had to be alone.

I talked to my therapist about this afterward and she told me he seemed like a violent man and that my reaction could be ""fawning."" I didn't know what that was beforehand but it seemed to apply.

But I still have so much difficulty labeling what this was. I never said no, so is he really at fault here? This doesn't haunt me as much as some of my other sexual assaults have, but it still bothers me. Is this a normal thing to experience within the kink community - is this what doms do? Or is there supposed to be more communication about boundaries before jumping into sex? Then again, I was the one who reached out to him (asking to come over - not necessarily asking to have sex). Should I just classify this as bad sex and a shitty dom and move on?

And if this genuinely isn't SA, please feel free to tell me, I can take it.

\&gt; tldr: met up with a ""dom"" who made me have anal sex and made me swallow even though we really hadn't discussed boundaries beforehand. I didn't say no but had a ""fawning"" reaction after it was all over. 

EDIT: added TLDR","jcfauj sexualassault Was this just bad sex, or was this SA? strawberriesandcake /r/sexualassault/comments/jcfauj/was_this_just_bad_sex_or_was_this_sa/ \&gt; Obvious trigger warning for potential sexual assault, but also tw for degradation, bodily fluids, and anal sex. I also realize I made some dumb decisions in this situation and don't need judgment for that. I've overcome a lot this year and have grown up a lot and realized tons about myself. TLDR at bottom

To make several long stories short, I'm a 24 afab person (I ID as genderfluid and use they/them pronouns). I've experienced sexual trauma at the hands of men throughout my life. This happened after I separated from my husband; I was going through a rough time, trying to figure out my trauma, and trying to figure out if I was into kink or not. (Spoiler alert, I'm not - I really just used it to hurt myself. I understand there is such a thing as healthy kink, but it wasn't healthy for me.) I've also since discovered that I'm most likely gay, which is another story entirely... but I digress.

So, I met this guy on Tinder back in January. He was about 20 years older than me if iirc (I was into older guys for a while before I figured out that was also just another method of self harm). We talked briefly, and I asked him what he was looking for. He said something along the lines of a kinky sex partner and someone to hang out with. He identified as a dom. This is what I was looking for too, I thought at the time.

We texted, and had a brief conversation about what we were into. I'll leave out all the details, but he asked me how I feel about anal sex and swallowing cum. I told him I was curious about both, not that I was down to try them. That was all I said: I was curious. The conversation, again, was brief, and we didn't get into much or establish any boundaries.

I messaged him to hang out after attending a funeral. I was in a really fucked up place, super depressed and lonely. Not that that's an excuse, but it does give some insight into my mindset at the time. Sex was a negative coping mechanism for me for a long time. So I went over to his place.

Things went right to sex. He made me do several things I wasn't comfortable with - undressing completely while he remained dressed, giving him head that cut off my air supply, holding my head down while I was giving him head, and making me crawl on my hands and knees to the bedroom. None of this had been discussed beforehand, but at the same time I didn't say no.

Things got worse in the bedroom. He spanked me and hit me so hard it left bruises for weeks. We were having sex from behind, and he put it in my ass without discussing it at all beforehand. It hurt, but I didn't tell him to stop. It all culminated in him forcibly holding my head down while I was giving him head and him finishing in my mouth. This also was not discussed beforehand. I immediately ran to the bathroom to throw up, I felt completely disgusted and degraded. (I now know that anal and swallowing are definite no's for me.)

But I went back to the bedroom and hung out with him for a little bit. It was dark, and I ended up crying quietly to myself while having a normal conversation with him (he never noticed I was crying). I felt the need to get out of there ASAP, and tried as hard as I could to pretend I was okay and made as quick of an exit as possible, giving him some excuse about having to wake up early the next morning.

When I left, I ended up breaking down in my car and calling a friend in the area to see if I could come over and clean myself up. My hair was a mess, my makeup was smeared from crying, my clothes were disheveled, and I still felt sick and was repeatedly throwing up. She helped me through it, thank god. Idk what would've happened if I had to be alone.

I talked to my therapist about this afterward and she told me he seemed like a violent man and that my reaction could be ""fawning."" I didn't know what that was beforehand but it seemed to apply.

But I still have so much difficulty labeling what this was. I never said no, so is he really at fault here? This doesn't haunt me as much as some of my other sexual assaults have, but it still bothers me. Is this a normal thing to experience within the kink community - is this what doms do? Or is there supposed to be more communication about boundaries before jumping into sex? Then again, I was the one who reached out to him (asking to come over - not necessarily asking to have sex). Should I just classify this as bad sex and a shitty dom and move on?

And if this genuinely isn't SA, please feel free to tell me, I can take it.

\&gt; tldr: met up with a ""dom"" who made me have anal sex and made me swallow even though we really hadn't discussed boundaries beforehand. I didn't say no but had a ""fawning"" reaction after it was all over. 

EDIT: added TLDR",carpe-x-noctem@0,1,/r/sexualassault/comments/jcfauj/was_this_just_bad_sex_or_was_this_sa/,strawberriesandcake,Thank you for your response. I didn’t think about consent that way for myself. When you put it that way it does look like this was an experience of sexual assault rather than bad sex.,"i believe this is sexual assault.  any good ""dom"" would have an actual conversation about any of these things before doing them.  saying you're curious isn't consenting - i sometimes wonder what dying feels like but saying that to someone wouldn't be consenting to being murdered.  if this guy really is a dom (which i'm skeptical about because wanting to control or even abuse someone isn't being a dom, it's just being a piece of shit), he's a bad one.

consent isn't ""not saying no.""  consent is *actually giving your consent.*  it sounds like he didn't ask or really give you a chance to say yes to any of this.

i'm really sorry this happened to you and i hope you're okay.",1
17x3502,sexualassault,Can I ask a question?,"# Erm hi, I just wanted to know if you consider these things sa or not... So I used to have this male bestfriend (I'm a female) and we were drinking together at my house but I drank way too much, like I mean I blacked the f out, I drank a bottle of gin straight to the point he watched me throw up... Anyways, he kissed and fingered me but I didn't say no because I was way too drunk to consent to anything... I haven't spoken to him since, is that sa or did I just get too drunk and willingly cheat on my ex? Also another ex, my boyfriend at the time used to force me to suck his d even though I said no many times, I didn't want to struggle because I was scared he'd hurt me because he spat in my face previously and he was a known violent person... are they sexual assault or am I just being stupid????? Thanks for taking the time to read this.","17x3502 sexualassault Can I ask a question? AngelicDemon_666x /r/sexualassault/comments/17x3502/can_i_ask_a_question/ # Erm hi, I just wanted to know if you consider these things sa or not... So I used to have this male bestfriend (I'm a female) and we were drinking together at my house but I drank way too much, like I mean I blacked the f out, I drank a bottle of gin straight to the point he watched me throw up... Anyways, he kissed and fingered me but I didn't say no because I was way too drunk to consent to anything... I haven't spoken to him since, is that sa or did I just get too drunk and willingly cheat on my ex? Also another ex, my boyfriend at the time used to force me to suck his d even though I said no many times, I didn't want to struggle because I was scared he'd hurt me because he spat in my face previously and he was a known violent person... are they sexual assault or am I just being stupid????? Thanks for taking the time to read this.",pinatello@0,1,/r/sexualassault/comments/17x3502/can_i_ask_a_question/,AngelicDemon_666x,"Thank you for reading and replying, I appreciate you♡","you said it, you were too drunk to consent. These occasions are both sexual assault, I’m so so sorry.",2
l14psf,sexualassault,Is this sexual assault?,My cousin grabbed me and covered my head under the covers till the point of I can't breathe and put his hands in my underwear touching my private area and pulled his underwear down to cum.,,Coff33bun@2,3,https://www.reddit.com/r/sexualassault/comments/l14psf/is_this_sexual_assault/,Quen2001,I told someone close to me and she's very helpful I can relate to her but the family just don't listen to the truth and all they do is deny,"I truly hope that you'll find the same support within your family.

Maybe tell the person closest to you first and make them your warrior, someone to fight for you and remind you that NONE of this will EVER be your fault. 

People don't realise how showing even the slightest amount of distrust, even in a facial expression can scar you for life and f up with your recovery. It'll help if there's someone to remind you that YOU MATTER, you ARE trusted and everyone who has a wrong letter to you has 0 ability to show compassion or any emotional maturity for that matter.",1
s9qozm,rape,Is it rape if I was drunk and he was sober?,"I met up with a guy I’ve been speaking to on a dating up. We were getting along so well without any sexual remarks before we met so I was really excited for a platonic date with someone who wants to get to know me and might actually like me. We met for drinks but he tells me he has work in a few hours so he can’t drink at all. I have really severe general and social anxiety so I already had a few before I even came to meet him. Things were going so well, we had lots in common and I was so happy to talk to someone who was not expecting things to get intimate. But after a few more drinks, again I’m the only person drinking I was very drunk and slurring my words. He started flirting holding my hand and asked if I would hook up with him, me in my drunken state thought he’s joking or just being playful so I slurred out “sure” and laughed. He asked if I wanted to go back to his and I was confused since he had work but at this point everything was happening so fast I thought it could be fun and said ok. I stumbled out of the bar, he got me into the Uber and made a pit stop to get me more drinks. By this point I was drunk so I thought that was a great idea. We got to his, I drank more, he kept trying to make advances and I kept my distance kept changing the conversation and tried to distract him with things on my phone and talking but he just grabbed my phone and put it away so I couldn’t reach it. Then started kissing me and undressing me. Had sex with me, it hurt. When he was finished I was just in a daze got dressed and was going to make my way home. I tried to leave but he literally asked “do you even know where you are right now?” Clearly acknowledging my intoxicated state, I said no so he got me an Uber home. The next day I realised how I would’ve never agreed to anything like this if I would’ve been sober. I didn’t have any intentions of the sort but I can be easily convinced. I know I was not in a sober enough state to make rational decisions at all but I didn’t say no. Since then I don’t know how to feel, I feel like it’s my own fault but I know if I was with someone who is too intoxicated I would never ask them to be intimate. Is it all my fault?","s9qozm rape Is it rape if I was drunk and he was sober? dreamydummy /r/rape/comments/s9qozm/is_it_rape_if_i_was_drunk_and_he_was_sober/ I met up with a guy I’ve been speaking to on a dating up. We were getting along so well without any sexual remarks before we met so I was really excited for a platonic date with someone who wants to get to know me and might actually like me. We met for drinks but he tells me he has work in a few hours so he can’t drink at all. I have really severe general and social anxiety so I already had a few before I even came to meet him. Things were going so well, we had lots in common and I was so happy to talk to someone who was not expecting things to get intimate. But after a few more drinks, again I’m the only person drinking I was very drunk and slurring my words. He started flirting holding my hand and asked if I would hook up with him, me in my drunken state thought he’s joking or just being playful so I slurred out “sure” and laughed. He asked if I wanted to go back to his and I was confused since he had work but at this point everything was happening so fast I thought it could be fun and said ok. I stumbled out of the bar, he got me into the Uber and made a pit stop to get me more drinks. By this point I was drunk so I thought that was a great idea. We got to his, I drank more, he kept trying to make advances and I kept my distance kept changing the conversation and tried to distract him with things on my phone and talking but he just grabbed my phone and put it away so I couldn’t reach it. Then started kissing me and undressing me. Had sex with me, it hurt. When he was finished I was just in a daze got dressed and was going to make my way home. I tried to leave but he literally asked “do you even know where you are right now?” Clearly acknowledging my intoxicated state, I said no so he got me an Uber home. The next day I realised how I would’ve never agreed to anything like this if I would’ve been sober. I didn’t have any intentions of the sort but I can be easily convinced. I know I was not in a sober enough state to make rational decisions at all but I didn’t say no. Since then I don’t know how to feel, I feel like it’s my own fault but I know if I was with someone who is too intoxicated I would never ask them to be intimate. Is it all my fault?",[deleted]@2,3,/r/rape/comments/s9qozm/is_it_rape_if_i_was_drunk_and_he_was_sober/,dreamydummy,But I really thought we clicked and he liked me. I don’t think he even thinks he did anything wrong. I don’t think he realises or had the intentions of taking advantage.,"That doesn't matter. Drunk people cannot consent, no matter what. You were raped, and it was not your fault",2
k1kkj8,rape,"Tw: possible mentions of rape, Hi, I’ve made a post about this b4, but I thought I’d make the post and add in some more information since im still not sure if I was raped or not.","So almost 6 months ago my now ex boyfriend (18 at the time) texted me during the day saying how he wanted to have sex that day. I was 14, almost 15 at the time, and i know that this is statutory rape and illegal, but anyways, so we’d been dating for 2 weeks at this point and I was a virgin, and i didn’t wanna have sex this early in the relationship so I said no. Him, being the asshole he is, kept saying how he wanted to today and he didn’t wanna wait longer, which contradicted what he said to me before about how he’d wait till I’m ready. I kept telling him how I wanted to wait longer, and eventually I was pleading for even just a week, and he still said no. He even said how “we can have sex today or u can save it for someone else”, and since I loved him and I didn’t want him to leave me, I finally said how we could see what happens when we hangout, never agreeing to have sex.

When we finally hung out later that day, I was really nervous for us to have sex, and I know that it’s normal to be nervous for ur first time, but I feel like I was more nervous than I should’ve been if I were actually ready, and then when we were having sex I never told him no or to stop, as I kinda enjoyed it a little bit at first, not a ton, but then after a couple minutes we switched positions, and I wasn’t fully into it, and about a minute into this position I zoned out for who knows how long (I feel like it was a decent amount of time tho since it was probably like half of the time we had sex), and I don’t think he noticed or knew, and anyways when I came back to, I didn’t know what was going on at first and then I realized and I kinda wanted it to be over, and I was praying that he would finish soon, since I wasn’t really enjoying it anymore, but I didn’t say anything since I’d already kinda said yes before and he was probably close. After he pulled out, and we kinda cleaned some stuff up, I felt kinda weird and I regretted it. Is it possible that he raped me even tho I didn’t say no or stop right before hand?","k1kkj8 rape Tw: possible mentions of rape, Hi, I’ve made a post about this b4, but I thought I’d make the post and add in some more information since im still not sure if I was raped or not. [deleted] /r/rape/comments/k1kkj8/tw_possible_mentions_of_rape_hi_ive_made_a_post/ So almost 6 months ago my now ex boyfriend (18 at the time) texted me during the day saying how he wanted to have sex that day. I was 14, almost 15 at the time, and i know that this is statutory rape and illegal, but anyways, so we’d been dating for 2 weeks at this point and I was a virgin, and i didn’t wanna have sex this early in the relationship so I said no. Him, being the asshole he is, kept saying how he wanted to today and he didn’t wanna wait longer, which contradicted what he said to me before about how he’d wait till I’m ready. I kept telling him how I wanted to wait longer, and eventually I was pleading for even just a week, and he still said no. He even said how “we can have sex today or u can save it for someone else”, and since I loved him and I didn’t want him to leave me, I finally said how we could see what happens when we hangout, never agreeing to have sex.

When we finally hung out later that day, I was really nervous for us to have sex, and I know that it’s normal to be nervous for ur first time, but I feel like I was more nervous than I should’ve been if I were actually ready, and then when we were having sex I never told him no or to stop, as I kinda enjoyed it a little bit at first, not a ton, but then after a couple minutes we switched positions, and I wasn’t fully into it, and about a minute into this position I zoned out for who knows how long (I feel like it was a decent amount of time tho since it was probably like half of the time we had sex), and I don’t think he noticed or knew, and anyways when I came back to, I didn’t know what was going on at first and then I realized and I kinda wanted it to be over, and I was praying that he would finish soon, since I wasn’t really enjoying it anymore, but I didn’t say anything since I’d already kinda said yes before and he was probably close. After he pulled out, and we kinda cleaned some stuff up, I felt kinda weird and I regretted it. Is it possible that he raped me even tho I didn’t say no or stop right before hand?",kocainekaviar@0,1,/r/rape/comments/k1kkj8/tw_possible_mentions_of_rape_hi_ive_made_a_post/,[deleted],"Thanks for letting me know, and I’m trying to :)",i understand your comment now! this definitely is tricky but you repeatedly said no before hand . He absolutely KNEW you did not want to do it and he knew exactly what to do which was fucking with your head and threatening your relationship since he knew how much u loved him and unfortunately your age was in his favor knowing u were younger which is a huge red flag when a 18 year old goes for a 14 year old! no matter it was rape you didn’t want it even tho you didn’t say no in the moment deep down he as a person knows u didn’t want it !! he minuplated you . The best u can do is bounce back stronger than ever and let this build u into a different person . Don’t let this hold u back in life as hard as it is girl you got this take some time to heal but please don’t dwell on it forever i know it’s going to be hard but if u do think of the future and how he will be in control of your life if u continue things to hold u back! this is the est advice take i can tell you and i’m sorry this happened,1
189d1mk,sexualassault,Memories keep coming back and idk what to do,"It happened when I was 7 or 8
I didn't say no
He used to make me touch him he never touched me further than my panties
It was every afternoon for some days after which I finally thought it was wrong and stopped 
I can't live with the guilt I am in 
After stopping I didn't tell anyone about it 
After me he found a friend of mine for what I am assuming is the same thing who told on him the exact day 
If I spoke up before he got to her if maybe I just never stopped it wouldn't have gotten to my friend 
At first it was just one scene i remembered vividly 
But now i keep remembering small things back again 
The amount of clothes between him and me 
The smell on my hands afterwards 
The noises he made 
His hand on my body 
His penis being erect from under his cloths and feeling it on my panties 
I feel disgusted 
I feel vile
I feel like I want to skin myself alive 
It's his fault I know
But I could've stopped it
I admired him because he was so much older when I was that age 
I thought that was affection he was showing me 
I thought it was approval he was giving me 
It felt so wrong so disgusting but it felt like I was important 
And that makes me feel even more grossed out about myself 
I don't know who to speak about this 
I don't know how to speak about this 
The worst and most vile part is 
When I suddenly remembered 
I got aroused 
What is wrong with me? 
I got aroused by having flashbacks of my assault 
What kind of a disgusting person am I? 
What kind of a degenerate am I? 
Do I even deserve to call it sexual assault at this point 
It wasnt violent 
I was the one that did the acts 
I get aroused by the memory of it 
Do I even deserve to call that sexual assault?
And the time line is messed up in my head but I think after this incident i (8-9?) while ""playing doctor doctor"" wanted to see another girls(same age) privates and I showed her mine and the showing atleast was done with sexual intensions which makes me conclude I committed cocsa and that just 
I am a terrible person 
Not only did I let a friend be affected by the same thing I did because I didn't want to speak out or let it continue I also furthered it by commitng assault myself 
What do I even do where do I even go from here","189d1mk sexualassault Memories keep coming back and idk what to do AdhesivenessMotor874 /r/sexualassault/comments/189d1mk/memories_keep_coming_back_and_idk_what_to_do/ It happened when I was 7 or 8
I didn't say no
He used to make me touch him he never touched me further than my panties
It was every afternoon for some days after which I finally thought it was wrong and stopped 
I can't live with the guilt I am in 
After stopping I didn't tell anyone about it 
After me he found a friend of mine for what I am assuming is the same thing who told on him the exact day 
If I spoke up before he got to her if maybe I just never stopped it wouldn't have gotten to my friend 
At first it was just one scene i remembered vividly 
But now i keep remembering small things back again 
The amount of clothes between him and me 
The smell on my hands afterwards 
The noises he made 
His hand on my body 
His penis being erect from under his cloths and feeling it on my panties 
I feel disgusted 
I feel vile
I feel like I want to skin myself alive 
It's his fault I know
But I could've stopped it
I admired him because he was so much older when I was that age 
I thought that was affection he was showing me 
I thought it was approval he was giving me 
It felt so wrong so disgusting but it felt like I was important 
And that makes me feel even more grossed out about myself 
I don't know who to speak about this 
I don't know how to speak about this 
The worst and most vile part is 
When I suddenly remembered 
I got aroused 
What is wrong with me? 
I got aroused by having flashbacks of my assault 
What kind of a disgusting person am I? 
What kind of a degenerate am I? 
Do I even deserve to call it sexual assault at this point 
It wasnt violent 
I was the one that did the acts 
I get aroused by the memory of it 
Do I even deserve to call that sexual assault?
And the time line is messed up in my head but I think after this incident i (8-9?) while ""playing doctor doctor"" wanted to see another girls(same age) privates and I showed her mine and the showing atleast was done with sexual intensions which makes me conclude I committed cocsa and that just 
I am a terrible person 
Not only did I let a friend be affected by the same thing I did because I didn't want to speak out or let it continue I also furthered it by commitng assault myself 
What do I even do where do I even go from here",PinkDaisys@4,5,/r/sexualassault/comments/189d1mk/memories_keep_coming_back_and_idk_what_to_do/,AdhesivenessMotor874,I'm still a minor and i can't ask my parents to get me a therapist I'll see if I hand around till I get one myself thankyou I hope you to be well as well,If you have health care I highly recommend using a therapist. They know how to target your trauma. Be well. ❤️,2
1hi5vkl,rape,I feel like I’m overreacting,"My R word wasn’t “that bad”, I was R three times by different people, but I feel like I was just stupid. 
The first time is when I lost my virginity, but the abuser was a girl (well, it was a trans man at the time) I told her to stop, I tried getting away, nothing would work… she was also my best friend.
The second time the man tricked me, he told me we would go on a date but he stopped on an empty road and did it, the thing is: I was clearly uncomfortable and afraid but I didn’t say no, I’m fact I didn’t say anything.
The third time the man kept insisting in having sex with me at the mall, but I kept saying no and no and no, but he just wouldn’t stop. I just know that I began to get so scared and so uncomfortable that I gave up, I cried a lot later bc he knew I didn’t want it and I told him so.
To be honest I feel like none of these times were R word, I feel like I was just a stupid sl*t (I was a minor in all of those times)
Please help me, I’m so confused. I have PTSD bc of the first time bc it was really traumatic, but I still feel like I’m overreacting and that I can’t blame the ones who did it to me.","1hi5vkl rape I feel like I’m overreacting yellowflower_321 /r/rape/comments/1hi5vkl/i_feel_like_im_overreacting/ My R word wasn’t “that bad”, I was R three times by different people, but I feel like I was just stupid. 
The first time is when I lost my virginity, but the abuser was a girl (well, it was a trans man at the time) I told her to stop, I tried getting away, nothing would work… she was also my best friend.
The second time the man tricked me, he told me we would go on a date but he stopped on an empty road and did it, the thing is: I was clearly uncomfortable and afraid but I didn’t say no, I’m fact I didn’t say anything.
The third time the man kept insisting in having sex with me at the mall, but I kept saying no and no and no, but he just wouldn’t stop. I just know that I began to get so scared and so uncomfortable that I gave up, I cried a lot later bc he knew I didn’t want it and I told him so.
To be honest I feel like none of these times were R word, I feel like I was just a stupid sl*t (I was a minor in all of those times)
Please help me, I’m so confused. I have PTSD bc of the first time bc it was really traumatic, but I still feel like I’m overreacting and that I can’t blame the ones who did it to me.",Starfury7-Jaargen@0,1,/r/rape/comments/1hi5vkl/i_feel_like_im_overreacting/,yellowflower_321,"Thx for your answer. Yea, the first time she used her hands to penetrate","I will try to help. First time, trans man, so biological female? If she penetrated you against your will that is many states classifies it as R (can be an inanimate object). Without it, touching sexual areas it is sexual assault. I am sorry she was your best friend those betrayals hurt the most. 

Second case. In states where consent laws are, many of them says verbal or non verbal consent with the latter having to be a positive consent. Something like you initiating parts of it. There are no negative consents. So, not saying no is not saying yes. People freeze and are even unable to talk in some cases and they can not say no because they can't say a thing. So that is R. Probably considered date R, still just as valid.

Last time, you kept saying no. Beyond a point that starts becoming coercion. So, you said you gave up, This time it not the last. You did say no, he refused to accept it. So, I am not sure 100% what you did so here are the options. 

You stopped saying no and again did nothing and let he do what he wanted to do. Well, you said no before this and capitulation from coercion is not consent. This would be R.

Lets give the other scenario to an extreme beyond what it probably went. Les say after constant pushing and him fusing to accept it, even if that this point you took a positive role such as undressing yourself, it still would be R as you said you were scared so this would have been R by coercion. A person can't keep refusing to accept a no continuously until someone says yes. Again, even in this extreme, it is R.

The only thing is the first one could by legal definitions not be R but it would be sexual assault which is still just as bad.

So, no, you are not overreacting. Now as far as blaming those, yes can and in my opinion should blame them. All three cases are at least sexual assault and are very wrong.",2
1oe3qma,sexualassault,Me and my sister,"So I was like 5-6 during this time and we were playing pretend together or so and she pinned me down on the bed and made me touch her boobs and said pretty sexual stuff and made me say stuff like that. 

She also had many sexual conversations and when we played with dolls, she would make them have sex. I'm not sure if it counts as sexual assault exactly, so I want some opinions.","1oe3qma sexualassault Me and my sister MoonlightEverly /r/sexualassault/comments/1oe3qma/me_and_my_sister/ So I was like 5-6 during this time and we were playing pretend together or so and she pinned me down on the bed and made me touch her boobs and said pretty sexual stuff and made me say stuff like that. 

She also had many sexual conversations and when we played with dolls, she would make them have sex. I'm not sure if it counts as sexual assault exactly, so I want some opinions.",honestlydontcare4u@0,1,/r/sexualassault/comments/1oe3qma/me_and_my_sister/,MoonlightEverly,Around 14,How old was she?,1
1cp4p10,sexualassault,I think I was stealthed?,"I (24FTM) have been hooking up with a guy (?M) I met on Grindr for a few months. Yesterday, he asked if we could have raw sex, and I said I wanted him to get tested before we considered it. He said he'd been tested in February and hasn't been with anyone else since, and in truth I didn't believe him, but all I said was that I still wanted to wait until he had more recent test results.

He agreed. We met up yesterday evening for sex, and it started as usual. I always bring the condoms and lube because I have sensitive bits, and I'm usually the one to put it on him, which I did this time. We changed positions a few times, and then at one point I realised he wasn't wearing the condom anymore. I asked him where it was, and he pointed to it on the edge of the bed. I asked when he'd taken it off, and he said he'd told me but that I hadn't heard him.

I think that's BS because the only words I heard him say that whole time were ""turn around"" and ""suck on it."" But even if it's true, that means he decided to take it off without asking beforehand and thought he'd just...let me know, I guess? And just 10 hours earlier I thought we'd agreed we wouldn't consider unprotected sex until he got tested. He's been pushy in the past but has never actually gone against my wishes, so I was really thrown off when I realised it was gone and we'd been having unprotected sex for any amount of time.

I don't really know what to do other than get tested myself, and I've done that and am just waiting on results. Was this sexual assault? I don't know that it was rape necessarily, but in hindsight with the added knowledge it doesn't feel like proper consensual sex either. TIA for any advice and please take care of yourself!","1cp4p10 sexualassault I think I was stealthed? Latter-Platform3 /r/sexualassault/comments/1cp4p10/i_think_i_was_stealthed/ I (24FTM) have been hooking up with a guy (?M) I met on Grindr for a few months. Yesterday, he asked if we could have raw sex, and I said I wanted him to get tested before we considered it. He said he'd been tested in February and hasn't been with anyone else since, and in truth I didn't believe him, but all I said was that I still wanted to wait until he had more recent test results.

He agreed. We met up yesterday evening for sex, and it started as usual. I always bring the condoms and lube because I have sensitive bits, and I'm usually the one to put it on him, which I did this time. We changed positions a few times, and then at one point I realised he wasn't wearing the condom anymore. I asked him where it was, and he pointed to it on the edge of the bed. I asked when he'd taken it off, and he said he'd told me but that I hadn't heard him.

I think that's BS because the only words I heard him say that whole time were ""turn around"" and ""suck on it."" But even if it's true, that means he decided to take it off without asking beforehand and thought he'd just...let me know, I guess? And just 10 hours earlier I thought we'd agreed we wouldn't consider unprotected sex until he got tested. He's been pushy in the past but has never actually gone against my wishes, so I was really thrown off when I realised it was gone and we'd been having unprotected sex for any amount of time.

I don't really know what to do other than get tested myself, and I've done that and am just waiting on results. Was this sexual assault? I don't know that it was rape necessarily, but in hindsight with the added knowledge it doesn't feel like proper consensual sex either. TIA for any advice and please take care of yourself!",Upstairs_Ad6319@0,1,/r/sexualassault/comments/1cp4p10/i_think_i_was_stealthed/,Latter-Platform3,"Thank you for the breakdown, I hadn’t heard of FRIES before. I don’t think trying to go to the police with this would do anything constructive but I certainly won’t be seeing him again","Okay first things first, here's the basics of consent. 

There is something called the FRIES acronym. It states that unless all of these conditions are met, sex or sexual activity is not sex, it is rape or assult. Someone used it to explain to me why what happened to me was rape. Since I've been in this sub I use this alot to explain to people why what happened to them wasn't okay.

So for consent to be valid it must meet the following conditions. 

FRIES stands for -

F - Freely given. If you have to pester someone for consent, ask them over and over again, tell them that if they loved you they would sleep with you, then consent is not freely given, you manipulated them into giving it.
R - Reversable. If you say yes, but then by the time you've made it to the bedroom you change your mind, then you can withdraw that consent. If you are having sex, and you change your mind, the minute you say no, or stop, consent has been withdrawn. If he forces you after that or doesn't stop immediately, then that is rape.
I - Informed. Consent must be informed consent. That means that you should know all of the potential risks and benefits of that activity. If you do not know that by having sex with someone you could catch an STD that they know they have, then that was not informed consent.
E - Enthusiastic. There should be absolutely no questioning wether you want to take part in sexual activity. If you do not say, 'Oh! Yes please, that would be lovely!' but instead you are saying 'Urgh. Go on then.'that is not enthusiastic.
S - Specific. Consent must be specific. If you agree to sex on a Monday, that doesn't mean you also consent to sex on a Tuesday. If you consent to taking things slowly, but instead he is rough and moves quickly, that is not consent.

I know it sounds complicated, but in your case it's pretty simple. It doesn't matter if you agreed to have sex with him, because you agreed only to have protected sex with him. Consent has to be specific. You didn't consent to unprotected sex, and sex without consent is always rape.

You've done the smart thing by getting tested. Please stay away from this man. If he's violated your trust once, he will do it again. 

If you want to, you can get support in reporting this to the police, there are lots of charities who provide guidance to people who have been assaulted. It is completely your choice.

I am so sorry that this happened to you. It was not your fault. Your feelings are completely valid. Things will get better.",1
oglu9l,sexualassault,Coming to Terms,"A couple of years ago, I was dating this guy. We had such a great texting relationship. Talked everyday, all day. I liked the person he was over the phone. But, I had this feeling that something was off. In person, it was different. He was more quiet and it felt awkward but I just thought maybe he is shy? After we would hang out for a little bit, he would want to start hooking up. I was okay with it but thought it was kind of odd? I have not had a lot of sexual experiences and if I did, it was someone I was dating or in a serious relationship with. When we would hang out, I kept wondering why couldn’t we just talk and if it mutually leads to that then okay? But it felt like it wasn’t 30 minutes into us hanging out, he was tryin
g to make out. He was always the initiator. Keep in mind, we only ever went to one public outing. The rest was always at my place or his. He definitely strung me along and I was low on his priority list. But, at the time, I had little to no self worth. I thought I deserved it or I could make excuses for it. I didn’t feel confident in the relationship. He started becoming more distant and I kept holding on. Thinking maybe it could work. But I still had that feeling that something was off. That this isn’t what a relationship should be. I was too insecure at the time to trust myself. 

We were suppose to hang out the day after thanksgiving. An hour before, he tried to bail. He wanted to go hang with his cousins. I was crushed. Then, he said I could come over to hang out before he left. Deep down, I knew better but I still went over. He was leaving crumbs and I was taking them. When I got over, none of his roommates where there so I thought we would hang out in the living room. Nope. He took me straight upstairs to his room. We were laying on his bed and I was trying to make small talk. I thought we could watch a movie. He wasn’t saying much. But just enough to keep me there. I felt uncomfortable but thought I was overreacting. He started making out with me. Not romantic at all like he was getting what was “his”. It felt kind of forced. I went along with it. I loved to makeout and it wasn’t unusual but I felt that this time it was different. Clothes started to come off. But, I didn’t want to do more than that. I wanted to actually hang out with him and get to know him more. He tried to go down on me and take my underwear off. I quickly put my hand there to stop him. Both hands. He said “sorry” and then continued to perform oral on me with my underwear still on. He just pushed it to the side. I was confused and numb. I didn’t know what to do. I just let it happen thinking well maybe I want this? I had to keep rationing with myself because I thought if I stopped, he would get mad at me and make me leave. He performed oral a couple of times. Never once asking me if he could. He didn’t speak to me the entire time. Never asking if it was okay. Just doing what he wanted. I didn’t do much to him. I was just uncomfortable and confused by everything. At one point, he inserted his fingers in me. Actually, he forced them. It hurt so bad. The whole situation felt forced. No talking. No stopping. He wanted to get what he wanted out of it. After he was “done”, he got up and got ready. Barley talking to me. Basically rushed me out of his house to go hang with his cousins. It was like well, I got what I wanted so I’m done with you. I felt gross. The drive home, I cried the entire way. I felt used, disrespected and humiliated. But, at the same time I didn’t know why I was crying? I wanted this? Right? I went over there. I didn’t say no? But I didn’t say yes either. I also put my hands to stop and he ignored it. 

I didn’t talk to him that entire weekend. I kept ignoring him.  I didn’t understand why I didn’t want to talk to him? But something made me want nothing to do with him. I was in such denial. He asked me if I was mad at him after a couple of days  and I said that I didn’t think this was going to work. Sent this long text and said I felt used. He said that I was cool coming over there first. I told him I didn’t feel right about the situation. He said, “okay sorry.” And that was it. 

The few months after, I drank a lot. I would drink to numb it all out. It was getting to the point, I would drink to blackout. I would then have suicidal thoughts. The sad thing is, I would still try to talk  and reach out to him. I guess trying to make sense of it all? Or make it all seem okay. Thinking that it could help. I finally stopped after a while. I had this uneasy feeling and just wanted nothing to do with him. I was confused about my feelings towards him.

A couple of months later, I had a full blown mental breakdown. It was a lot of other things building up but that was the breaking point. I haven’t touched, kissed or dated anyone since him. I thought for so long something was wrong with me. I felt numb and closed off to all feelings towards sex and relationships. It took me two years and countless of other women’s stories to realize that what happened that night was not consensual. He never once asked me if it was okay, if I was okay, if this is what I wanted. He only cared about himself. He forced all of that on me. Taking my vulnerability and my care for him and using it for his own advantage. I’m still processing the hurt it caused me. Doubting myself and thinking I asked for it. Or it wasn’t a big deal. I will say, that situation, taught me the value of my self worth. I am going to therapy and working on the trauma it caused. I am working on realizing that it was not consensual. That how I acted was a way to survive and protect myself. That the numbness, confusion, guilt and denial are normal. I am working on realizing it wasn’t my fault. And how I deserved so much better. How there is a guy out there who will love and respect me. And not be a selfish asshole. And how consent in a relationship, is the most important things for BOTH people involved.","oglu9l sexualassault Coming to Terms hmsmith6 /r/sexualassault/comments/oglu9l/coming_to_terms/ A couple of years ago, I was dating this guy. We had such a great texting relationship. Talked everyday, all day. I liked the person he was over the phone. But, I had this feeling that something was off. In person, it was different. He was more quiet and it felt awkward but I just thought maybe he is shy? After we would hang out for a little bit, he would want to start hooking up. I was okay with it but thought it was kind of odd? I have not had a lot of sexual experiences and if I did, it was someone I was dating or in a serious relationship with. When we would hang out, I kept wondering why couldn’t we just talk and if it mutually leads to that then okay? But it felt like it wasn’t 30 minutes into us hanging out, he was tryin
g to make out. He was always the initiator. Keep in mind, we only ever went to one public outing. The rest was always at my place or his. He definitely strung me along and I was low on his priority list. But, at the time, I had little to no self worth. I thought I deserved it or I could make excuses for it. I didn’t feel confident in the relationship. He started becoming more distant and I kept holding on. Thinking maybe it could work. But I still had that feeling that something was off. That this isn’t what a relationship should be. I was too insecure at the time to trust myself. 

We were suppose to hang out the day after thanksgiving. An hour before, he tried to bail. He wanted to go hang with his cousins. I was crushed. Then, he said I could come over to hang out before he left. Deep down, I knew better but I still went over. He was leaving crumbs and I was taking them. When I got over, none of his roommates where there so I thought we would hang out in the living room. Nope. He took me straight upstairs to his room. We were laying on his bed and I was trying to make small talk. I thought we could watch a movie. He wasn’t saying much. But just enough to keep me there. I felt uncomfortable but thought I was overreacting. He started making out with me. Not romantic at all like he was getting what was “his”. It felt kind of forced. I went along with it. I loved to makeout and it wasn’t unusual but I felt that this time it was different. Clothes started to come off. But, I didn’t want to do more than that. I wanted to actually hang out with him and get to know him more. He tried to go down on me and take my underwear off. I quickly put my hand there to stop him. Both hands. He said “sorry” and then continued to perform oral on me with my underwear still on. He just pushed it to the side. I was confused and numb. I didn’t know what to do. I just let it happen thinking well maybe I want this? I had to keep rationing with myself because I thought if I stopped, he would get mad at me and make me leave. He performed oral a couple of times. Never once asking me if he could. He didn’t speak to me the entire time. Never asking if it was okay. Just doing what he wanted. I didn’t do much to him. I was just uncomfortable and confused by everything. At one point, he inserted his fingers in me. Actually, he forced them. It hurt so bad. The whole situation felt forced. No talking. No stopping. He wanted to get what he wanted out of it. After he was “done”, he got up and got ready. Barley talking to me. Basically rushed me out of his house to go hang with his cousins. It was like well, I got what I wanted so I’m done with you. I felt gross. The drive home, I cried the entire way. I felt used, disrespected and humiliated. But, at the same time I didn’t know why I was crying? I wanted this? Right? I went over there. I didn’t say no? But I didn’t say yes either. I also put my hands to stop and he ignored it. 

I didn’t talk to him that entire weekend. I kept ignoring him.  I didn’t understand why I didn’t want to talk to him? But something made me want nothing to do with him. I was in such denial. He asked me if I was mad at him after a couple of days  and I said that I didn’t think this was going to work. Sent this long text and said I felt used. He said that I was cool coming over there first. I told him I didn’t feel right about the situation. He said, “okay sorry.” And that was it. 

The few months after, I drank a lot. I would drink to numb it all out. It was getting to the point, I would drink to blackout. I would then have suicidal thoughts. The sad thing is, I would still try to talk  and reach out to him. I guess trying to make sense of it all? Or make it all seem okay. Thinking that it could help. I finally stopped after a while. I had this uneasy feeling and just wanted nothing to do with him. I was confused about my feelings towards him.

A couple of months later, I had a full blown mental breakdown. It was a lot of other things building up but that was the breaking point. I haven’t touched, kissed or dated anyone since him. I thought for so long something was wrong with me. I felt numb and closed off to all feelings towards sex and relationships. It took me two years and countless of other women’s stories to realize that what happened that night was not consensual. He never once asked me if it was okay, if I was okay, if this is what I wanted. He only cared about himself. He forced all of that on me. Taking my vulnerability and my care for him and using it for his own advantage. I’m still processing the hurt it caused me. Doubting myself and thinking I asked for it. Or it wasn’t a big deal. I will say, that situation, taught me the value of my self worth. I am going to therapy and working on the trauma it caused. I am working on realizing that it was not consensual. That how I acted was a way to survive and protect myself. That the numbness, confusion, guilt and denial are normal. I am working on realizing it wasn’t my fault. And how I deserved so much better. How there is a guy out there who will love and respect me. And not be a selfish asshole. And how consent in a relationship, is the most important things for BOTH people involved.",gasstationkween@0,1,/r/sexualassault/comments/oglu9l/coming_to_terms/,hmsmith6,"Thank you for your support. I feel the same about looking at this thread. I feel so supported and less alone. But, I hate how many people have went through this. I am still working on acknowledging that this wasn't my fault. Or didn't ask for this. I am very sorry you went through something similar. I am wishing you the best and sending you so much support!","i’m so sorry you went through this. i sometimes come to this thread to feel less alone, but then i just get so sad that so many others have felt how i’ve felt because i would ever wish this on anybody. so i really, truly feel for you. it’s also taken me a lot to accept freezing as a response when i feel like i “let” it happen to me. but like you said, it’s survival. it wasn’t anything you asked for, deserved, or owed him",2
vofm8d,sexualassault,The time i was sa'd...TW!!,"TW!...to be honest, i don't know is this is considered sexual assault but i think it is. So ill say, uh back when i was i think in kindergarten, i don't remember how old i was i just know i was really young. It was my mom's friend's daughter... At first, she would show me a lot of porn and weird sexual stuff on her computer and i didn't know what it was cause i was young but i know i didn't like it. After she did that, she did end up getting caught one time cause her brother walked in the room and seen it on her computer, at first i remember thinking like ""maybe she won't do it because she got in trouble"". but i was wrong, and she OfCourse did it again, she showed me a lot more porn and at this point i wanted to tell my mom, but she said keep it as a secret. After a week or so, because it was a long time when she did this, she began asking me if i wanted to play mom and dad with her and me myself didn't know anything cause i was literally a child... But i said yes anyways and she started to touch my chest and says like ""its ok this was grown up's do"". i was just scared for my life cause i didn't know what was going on i was laying there on her bed as she was just touching me in places i didn't want her to. She would do this for a while until she moved houses but after that i wanted to tell my mom but i didn't so I've always kept it a secret until now...Till this day, that will always traumatize me. I am now 16yrs old and i still get ptsd from it...","vofm8d sexualassault The time i was sa'd...TW!! ilovegreenday_ /r/sexualassault/comments/vofm8d/the_time_i_was_sadtw/ TW!...to be honest, i don't know is this is considered sexual assault but i think it is. So ill say, uh back when i was i think in kindergarten, i don't remember how old i was i just know i was really young. It was my mom's friend's daughter... At first, she would show me a lot of porn and weird sexual stuff on her computer and i didn't know what it was cause i was young but i know i didn't like it. After she did that, she did end up getting caught one time cause her brother walked in the room and seen it on her computer, at first i remember thinking like ""maybe she won't do it because she got in trouble"". but i was wrong, and she OfCourse did it again, she showed me a lot more porn and at this point i wanted to tell my mom, but she said keep it as a secret. After a week or so, because it was a long time when she did this, she began asking me if i wanted to play mom and dad with her and me myself didn't know anything cause i was literally a child... But i said yes anyways and she started to touch my chest and says like ""its ok this was grown up's do"". i was just scared for my life cause i didn't know what was going on i was laying there on her bed as she was just touching me in places i didn't want her to. She would do this for a while until she moved houses but after that i wanted to tell my mom but i didn't so I've always kept it a secret until now...Till this day, that will always traumatize me. I am now 16yrs old and i still get ptsd from it...",HappyCanape@0,1,/r/sexualassault/comments/vofm8d/the_time_i_was_sadtw/,ilovegreenday_,yeah and thx for the support,"Tbh sounds like rape and I hope you’re doing better, clearly must have been quite traumatic. This shouldn’t happen to any kid",1
nfewcc,sexualassault,Groped by my brother please help me - was this sexual assault?,"Hi there. I’m not sure if this is the right place to post this but I’m looking for help, advice, and for someone to just hear me.

I’m a 21 year old female and my brother is three years older than me. My siblings and I all have a very close bond that means a lot to me; my family is the most important facet of my life and I think that’s important to clarify given what’s happened.

My brother flew to my hometown and we’re both staying at my parents’ house for the week along with the rest of my nuclear family. We always have such an enjoyable time amongst my sister, brother and I and we’re all very close. We’re siblings, so let me clarify that we all normally sleep in the same bed when he visits or vice versa (normally due to a lack of beds honestly). This time he slept in my bed with just me, and I didn’t see anything wrong with this as he’s my brother and we’ve slept alone before with nothing weird.

Last night I woke up to him groping me. I had absolutely no idea what to do or say, so like an idiot, I sat there and hoped he would stop (let me clarify: I did not want this nor did I consent to it). It only progressed further and he ended up starting to finger me, and still I sat there hoping he’d stop. He eventually did stop, and he nudged me “awake” (I was awake) and I immediately started sobbing. He stopped all action thankfully and I think he apologized. We talked it over and I think he agreed it would never happen again unless I condoned it (first of all: no? Wtf? I’m never going to condone it and I told him that). 

But at this point things are obviously very different between us. I can’t look at him the same and that genuinely upsets me so I’m just trying to forget. On top of that, I am so completely disgusted with myself. I did not want any of that (the groping) to happen, so why didn’t I speak up? Because had I spoken up, or swatted his hand away when I first woke up, it wouldn’t have escalated to this point. I know I didn’t speak up because I was hoping it wasn’t really happening, and I feared acknowledging it would make it real, but if I didn’t want it to happen, why didn’t I say so.

I’m just disgusted with myself at this point. I don’t mean for this to be a pity party for myself, so please offer me any advice or criticisms. I’ll really appreciate it because I can’t tell anyone about this. Thank you.",,MakDaTanuki@0,1,https://www.reddit.com/r/sexualassault/comments/nfewcc/groped_by_my_brother_please_help_me_was_this/,candyb00bz,"Thank you so much, you have made me feel so much better I can’t tell you how much I appreciate your feedback and advice","Im so so sorry this happened to you. This was 100% assault And i cant critique you on anything. A lot of people thin there is only fight or flight but there are others called Freeze and Fawn. And freezing up is a 100% normal response you did what your body told you would keep you safest and there is no helping that or judging that. Though i would like to point out you said you cant tell anybody but i think, (if it is safe that is) you should tell your sister to keep her safe and or someone like a very close friend so you can have someone to talk to and help you in person through the healing process.",2
l14psf,sexualassault,Is this sexual assault?,My cousin grabbed me and covered my head under the covers till the point of I can't breathe and put his hands in my underwear touching my private area and pulled his underwear down to cum.,l14psf sexualassault Is this sexual assault? Quen2001 /r/sexualassault/comments/l14psf/is_this_sexual_assault/ My cousin grabbed me and covered my head under the covers till the point of I can't breathe and put his hands in my underwear touching my private area and pulled his underwear down to cum.,Coff33bun@4,5,/r/sexualassault/comments/l14psf/is_this_sexual_assault/,Quen2001,Great idea and thank you I seriously appreciate it cuz it really affected me it didn't happen once but multiple times before,"Unfortunately, I've met many of these type of people. I developed a thicker skin over time but not thick enough that I don't have to then work through these incidents with my therapist.

I suggest focusing on yourself as well and how you're dealing with what's happened. 

I'm not quite sure how reporting it to the authorities can help but as I said in a comment before, maybe if you did you'll scare an admission out so maybe it's worth looking into.",1
1amlii0,sexualassault,Am I a victim of r/sa or neither?,I had a bf who I was v sexually active with but one day things were just different. Me and him where in the living room after watching a movie and his parents weren’t home so I thought it would be the perfect opportunity to give him oral- this led to more making out after and he began pleasuring me with his fingers down there. He asked if we could have s3&gt;&lt; but I said no as I wasn’t comfortable doing so in the moment especially because I thought his parents would be home soon. he said that was fine yet continued to ask and I continued to say no but we continued with everything else. He then told me to bend over which I did but I did so in thinking he was trying to get a better angle in pleasuring me with his hands and trusted him until I realised he was trying to push it in. When I realised what he was doing I let him but really didn’t want too especially after telling him no so many times. I told a friend I got r-ed by him but maybe because I bent over like he asked he assumed that was me giving him permission or something although either way wouldn’t that have been coercion. Let me know please cause it a big accusation to throw around.,1amlii0 sexualassault Am I a victim of r/sa or neither? Bucktoothasaincows /r/sexualassault/comments/1amlii0/am_i_a_victim_of_rsa_or_neither/ I had a bf who I was v sexually active with but one day things were just different. Me and him where in the living room after watching a movie and his parents weren’t home so I thought it would be the perfect opportunity to give him oral- this led to more making out after and he began pleasuring me with his fingers down there. He asked if we could have s3&gt;&lt; but I said no as I wasn’t comfortable doing so in the moment especially because I thought his parents would be home soon. he said that was fine yet continued to ask and I continued to say no but we continued with everything else. He then told me to bend over which I did but I did so in thinking he was trying to get a better angle in pleasuring me with his hands and trusted him until I realised he was trying to push it in. When I realised what he was doing I let him but really didn’t want too especially after telling him no so many times. I told a friend I got r-ed by him but maybe because I bent over like he asked he assumed that was me giving him permission or something although either way wouldn’t that have been coercion. Let me know please cause it a big accusation to throw around.,Red_X_101@0,1,/r/sexualassault/comments/1amlii0/am_i_a_victim_of_rsa_or_neither/,Bucktoothasaincows,Thank youu,"I’m 50/50 on it being rape or SA.

I’m more towards it being SA than rape, but I’m not sure ",2
1gsebmn,sexualassault,Election results have me triggered,"I’m sure many of you have been triggered this last week. I started remembering when I was 17 years old, I was on a school bus coming back from a basketball game, when one of my classmates/players had come over to me. I was doing the stats for games since I had severely injured my shoulder the previous year.  My classmate then pulled out his dick and shoved it in my face.  I had pushed and punched him to get off of me. The rest of my peers laughed and was humiliated. The shitty thing is that no one said anything.  People just laughed about it. I grew up in a really small school, where my class size was 42 students.  I know there is nothing I can do now, since I’m now 39 years old.  But was this considered sexual assault? ","1gsebmn sexualassault Election results have me triggered SnooDoodles8526 /r/sexualassault/comments/1gsebmn/election_results_have_me_triggered/ I’m sure many of you have been triggered this last week. I started remembering when I was 17 years old, I was on a school bus coming back from a basketball game, when one of my classmates/players had come over to me. I was doing the stats for games since I had severely injured my shoulder the previous year.  My classmate then pulled out his dick and shoved it in my face.  I had pushed and punched him to get off of me. The rest of my peers laughed and was humiliated. The shitty thing is that no one said anything.  People just laughed about it. I grew up in a really small school, where my class size was 42 students.  I know there is nothing I can do now, since I’m now 39 years old.  But was this considered sexual assault? ",Thamnophisgirl@0,1,/r/sexualassault/comments/1gsebmn/election_results_have_me_triggered/,SnooDoodles8526,"Thankfully, I have therapy on Monday.","Yes. SA and specifically, sexual intimidation.",1
yav6h9,sexualassault,I am a survivor.,"2.5 years ago, I was sexually assaulted by a guy. We had been talking for 1 month and someday we spontaneously decided to get a room to spend some time together. I knew sex could happen, but I would never have imagined that this would turn out being one of the worst experiences of my life. I initially consented to having sex and later on, as he was asking me to do things I didn’t want to, I say no. He disrespected my NO and did what he wanted with my body. I just went along with it. I was scared and I wanted it to be over. I was stuck with him for the night - it was awful. The next day, as I left him, I blocked him. 

I felt so ashamed of myself for years for not fighting that night. I felt ashamed for allowing my body to be disrespected, though it wasn’t my mistake. No one deserves this. 

No means no and everything’s that’s not an enthusiastic YES is a no. It’s gonna be okay - healing takes time, but we’ll get there.","yav6h9 sexualassault I am a survivor. SpicyPataka /r/sexualassault/comments/yav6h9/i_am_a_survivor/ 2.5 years ago, I was sexually assaulted by a guy. We had been talking for 1 month and someday we spontaneously decided to get a room to spend some time together. I knew sex could happen, but I would never have imagined that this would turn out being one of the worst experiences of my life. I initially consented to having sex and later on, as he was asking me to do things I didn’t want to, I say no. He disrespected my NO and did what he wanted with my body. I just went along with it. I was scared and I wanted it to be over. I was stuck with him for the night - it was awful. The next day, as I left him, I blocked him. 

I felt so ashamed of myself for years for not fighting that night. I felt ashamed for allowing my body to be disrespected, though it wasn’t my mistake. No one deserves this. 

No means no and everything’s that’s not an enthusiastic YES is a no. It’s gonna be okay - healing takes time, but we’ll get there.",Unusual-lover-300@0,1,/r/sexualassault/comments/yav6h9/i_am_a_survivor/,SpicyPataka,Thank you so much for your kind words 🤍 You’re amazing!,"You are strong babe. 

You have nothing to be ashamed of. 

Theres fight, flight and freeze response. Freeze is a completely natural response. You have done nothing wrong. Sometimes it takes time for you to even realize that something wrong happened. 

You are strong. Strong enough to share your story. You are helping others by validating their experience. Take your time. Heal at your pace. And thank you. Thank you for sharing your story. Sending good vibes your way.",3
1ghylt9,TwoXChromosomes,How is this SA?,"It was 1- 2 AM. I (18f) was in bed until I heard someone open my door and saw it was a guy who lives in the same flat of me. I said ""you're in the wrong room"" as he stumbled in and kind of freaked out when I saw him holding his dick. I grabbed his arm and tried pulling him out but he literally wouldn't budge and he was starting to stand in front of my bed as if he was about to pee on it while holding his dick. When I tried pulling away again, he collapsed on my bed. I went to the office to get the people to remove him and they said that his whole front including his hair was covered in ""water"" they believe. My whole sheets and pillows were wet but when I smelled them, it smelled like sin and it honestly made me gag. The smell is still burning in my nose.

I understand that it was unintentional since he was stupidly drunk but ew.

I told some people about it but they disagreed with me when I said I don’t believe it’s SA since he was drunk and only thought my room was his, right?","1ghylt9 TwoXChromosomes How is this SA? No-Debate607 /r/TwoXChromosomes/comments/1ghylt9/how_is_this_sa/ It was 1- 2 AM. I (18f) was in bed until I heard someone open my door and saw it was a guy who lives in the same flat of me. I said ""you're in the wrong room"" as he stumbled in and kind of freaked out when I saw him holding his dick. I grabbed his arm and tried pulling him out but he literally wouldn't budge and he was starting to stand in front of my bed as if he was about to pee on it while holding his dick. When I tried pulling away again, he collapsed on my bed. I went to the office to get the people to remove him and they said that his whole front including his hair was covered in ""water"" they believe. My whole sheets and pillows were wet but when I smelled them, it smelled like sin and it honestly made me gag. The smell is still burning in my nose.

I understand that it was unintentional since he was stupidly drunk but ew.

I told some people about it but they disagreed with me when I said I don’t believe it’s SA since he was drunk and only thought my room was his, right?",SnooDrawings1480@0,1,/r/TwoXChromosomes/comments/1ghylt9/how_is_this_sa/,No-Debate607,"I agree, he was pretty much sleep walking and thought my bed was a toilet in his own room without considering I’m there","Gross? Yes.  Rude? Yes. Inappropriate? Yes.  Sexual assault? No. 

If he touched you or hell peed or ejaculated on you, it would be SA. The most i would consider it is indecent exposure.",4
zbhccn,TwoXChromosomes,Has anyone been sexually assaulted by a friend before? How did you deal with it?,"TLDR: friend May have sexually assaulted me, I unexpectedly miss him, wondering if It’s possible to forgive him without blaming myself for what happened, or if maybe I should take responsibility?

Hi Reddit— I’ve been struggling with this a lot recently and would really appreciate some more female perspectives on this. Im 21F and a college student. In October I was sexually assaulted once by a stranger (in the elevator to my apartment). The door closed and he just grabbed me and started kissing and touching me while I tried to push him off. This incident disturbed me but I feel like I was able to dismiss it as a freak accident/traumatic one-off that wouldn’t happen again. 

But then later in the month me and my then-best friend, Matt (21M) were smoking weed and listening to music. He also knew what I had been going through earlier the semester (the sexual assault and also a new diagnosis of bipolar I after I had my first manic episode). We have a prior sexual history in the spring, but a few months back explicitly agreed that our relationship should be strictly platonic going forward. 

We are sitting close together and I’m really high so I’m falling asleep. I keep falling asleep and he notices that. My head is on his shoulder and he puts his face close to mine and says “is this a bad idea?” And I respond yes, I don’t think we should (kiss). He replies “maybe just one little kiss?” I don’t say anything and then he kisses me. He puts his arms around me and starts touching me. The whole time, my body is tense and anxious. I don’t do anything but eventually I untangle myself and go to my room. I started crying and kicked him out of my house. 

Im just wondering if this is assault or just a grey area? My other best friend Jen (22F) says it is (assault) and that she refuses to speak to him ever again. She encouraged me to do the same. Matt’s roommate, Ori (21M) says he “supports whatever I want to do”. 

I spoke to Matt once since the incident and basically just cried a lot and felt super upset and said I wasn’t sure if I could be friends with him ever again. He profusely apologized multiple times and  said he understands if we can never be friends again, but that he would always welcome me back into his life if that’s something I ever wanted. He switched out of a class that we both shared. 

Sometimes I really miss him and I wonder if I can look past my hurt and I wonder if he really did anything that bad. I wonder if it was assault and if I could have voiced my discomfort better. Like I wonder how much of it is my fault. It’s so hard because I really am so upset but I don’t feel 100% justified, and I miss him. 

How do you deal with a friend in a situation like this? Would you even categorize it as assault? Idk. Just really depressed even though it happened over a month ago I still think about it every day.","zbhccn TwoXChromosomes Has anyone been sexually assaulted by a friend before? How did you deal with it? No-Ease6011 /r/TwoXChromosomes/comments/zbhccn/has_anyone_been_sexually_assaulted_by_a_friend/ TLDR: friend May have sexually assaulted me, I unexpectedly miss him, wondering if It’s possible to forgive him without blaming myself for what happened, or if maybe I should take responsibility?

Hi Reddit— I’ve been struggling with this a lot recently and would really appreciate some more female perspectives on this. Im 21F and a college student. In October I was sexually assaulted once by a stranger (in the elevator to my apartment). The door closed and he just grabbed me and started kissing and touching me while I tried to push him off. This incident disturbed me but I feel like I was able to dismiss it as a freak accident/traumatic one-off that wouldn’t happen again. 

But then later in the month me and my then-best friend, Matt (21M) were smoking weed and listening to music. He also knew what I had been going through earlier the semester (the sexual assault and also a new diagnosis of bipolar I after I had my first manic episode). We have a prior sexual history in the spring, but a few months back explicitly agreed that our relationship should be strictly platonic going forward. 

We are sitting close together and I’m really high so I’m falling asleep. I keep falling asleep and he notices that. My head is on his shoulder and he puts his face close to mine and says “is this a bad idea?” And I respond yes, I don’t think we should (kiss). He replies “maybe just one little kiss?” I don’t say anything and then he kisses me. He puts his arms around me and starts touching me. The whole time, my body is tense and anxious. I don’t do anything but eventually I untangle myself and go to my room. I started crying and kicked him out of my house. 

Im just wondering if this is assault or just a grey area? My other best friend Jen (22F) says it is (assault) and that she refuses to speak to him ever again. She encouraged me to do the same. Matt’s roommate, Ori (21M) says he “supports whatever I want to do”. 

I spoke to Matt once since the incident and basically just cried a lot and felt super upset and said I wasn’t sure if I could be friends with him ever again. He profusely apologized multiple times and  said he understands if we can never be friends again, but that he would always welcome me back into his life if that’s something I ever wanted. He switched out of a class that we both shared. 

Sometimes I really miss him and I wonder if I can look past my hurt and I wonder if he really did anything that bad. I wonder if it was assault and if I could have voiced my discomfort better. Like I wonder how much of it is my fault. It’s so hard because I really am so upset but I don’t feel 100% justified, and I miss him. 

How do you deal with a friend in a situation like this? Would you even categorize it as assault? Idk. Just really depressed even though it happened over a month ago I still think about it every day.",dizzydance@0,1,/r/TwoXChromosomes/comments/zbhccn/has_anyone_been_sexually_assaulted_by_a_friend/,No-Ease6011,"Thanks for this comment. It does resonate with me, I also had maybe one or two close female friends in high school and that was it. I didn’t start exploring other kinds of relationships until college. And I also obviously struggle with setting/enforcing boundaries. 
Yeah. I think it’s a combination of what you said. I do miss matt in very specific ways and we were friends for a long time (2+ years). But  I also feel generally lonely and I’m also insecure and uncertain that I will be able to form similarly close and rewarding friendships in the future.","I've never dealt with sexual assault from a friend like this &amp; I feel like you'll hopefully get more feedback from people who have. What you are feeling is completely valid though, and you're not overreacting. 

As someone (37F) who remembers her early twenties well (and was also diagnosed as bipolar then)... that period of my life was *rough* for me emotionally. Looking back on that time, *everything* seemed a lot like you describe it. I kept letting people in and out of my life that were very unhealthy for me. In hindsight, I wish I had cut more people put of my life earlier who were making me miserable. I was very insecure and felt lucky that people ""put up with me"", so I wasn't very good at seting healthy boundaries.

I don't know if this resonates at all with you, but I only had one or two close friends in high school (who were female), and didn't date until college. I think some of the social skills most people learn in high school, I didn't get to until college. Therapy and meds helped a bit. Mostly it was just *time* though. Graduating college (no more all nighters and constant academic stress), a stable job, stable routine (sleep, eating, etc habits), and a stable and healthy relationship. 

I think the question I'd ask myself is... do you want Matt back in your life, or just *someome* back in life because you feel lonely? If you decide to keep the door closed on this friendship... try to keep in mind that there are amazing people that are going to come into your life that you haven't met yet! Sometimes closing a door on one unhealthy relationship can make room for a new healthy one.",1
1blfgbq,sexualassault,I was inappropriately touched at a bar by women.,"This happened over a year ago.

I was standing, minding my own business, and two women physically grabbed my ass from behind pretty hard, at the point to where it kinda send me flying. It surprised the shit out of me. I didn’t know the two women at all. 

I was sadly teased by some of my family members over the situation, too.  

I’ve asked my friends and people if this is sexual assault or sexual harassment, and I keep getting answers for both.

Was this sexual assault?","1blfgbq sexualassault I was inappropriately touched at a bar by women. Sovereigntyranny /r/sexualassault/comments/1blfgbq/i_was_inappropriately_touched_at_a_bar_by_women/ This happened over a year ago.

I was standing, minding my own business, and two women physically grabbed my ass from behind pretty hard, at the point to where it kinda send me flying. It surprised the shit out of me. I didn’t know the two women at all. 

I was sadly teased by some of my family members over the situation, too.  

I’ve asked my friends and people if this is sexual assault or sexual harassment, and I keep getting answers for both.

Was this sexual assault?",Connect-Tackle-4654@0,1,/r/sexualassault/comments/1blfgbq/i_was_inappropriately_touched_at_a_bar_by_women/,Sovereigntyranny,"Thank you.

They didn’t ask at all, they just did it.","If they didn't ask, yes. ",3
1iv26kt,sexualassault,My father masturbated next to me as a child,"
Trigger Warning, Graphic!!! 
Hello, for a Long time i said to myself taht this wasn't sexual assault, because i wasn't touched, then i told my girlfriend about it and sehr asked me to explain it more and when i told her my body twitched the whole time (she hold me) and it was so awful for me. I also offen feared that someone could touch me when i go to sleep and i fehlt very uncomfortable to get in physical contact even with people i liked. Two therapists told me that my father had emototional abused me but i wonder right now if its also kind of sexuality, because in the same time (for Like two years) every night he cuddled with me in spooning position and I know I felt so uncomfortable. I also thought that i felt something behind me moving but when I asked he said it was his belly and I didn't want to check it with my hand. One night I woke up and he masturbated next to me and when I asked what he ist doing he said i should Go to sleep, than he continued. I didn't say anything and waited till he was ready. I feel so bad writig about this. Is this sexual assault or can something like this even be traumatic?","1iv26kt sexualassault My father masturbated next to me as a child salonos /r/sexualassault/comments/1iv26kt/my_father_masturbated_next_to_me_as_a_child/ 
Trigger Warning, Graphic!!! 
Hello, for a Long time i said to myself taht this wasn't sexual assault, because i wasn't touched, then i told my girlfriend about it and sehr asked me to explain it more and when i told her my body twitched the whole time (she hold me) and it was so awful for me. I also offen feared that someone could touch me when i go to sleep and i fehlt very uncomfortable to get in physical contact even with people i liked. Two therapists told me that my father had emototional abused me but i wonder right now if its also kind of sexuality, because in the same time (for Like two years) every night he cuddled with me in spooning position and I know I felt so uncomfortable. I also thought that i felt something behind me moving but when I asked he said it was his belly and I didn't want to check it with my hand. One night I woke up and he masturbated next to me and when I asked what he ist doing he said i should Go to sleep, than he continued. I didn't say anything and waited till he was ready. I feel so bad writig about this. Is this sexual assault or can something like this even be traumatic?",Lbethy@2,3,/r/sexualassault/comments/1iv26kt/my_father_masturbated_next_to_me_as_a_child/,salonos,"Yeah, makes sense!",He absolutely knew he was doing something wrong because he lied about doing it. Noone is so aroused they cant go to a private space to do so.,1
l14psf,sexualassault,Is this sexual assault?,My cousin grabbed me and covered my head under the covers till the point of I can't breathe and put his hands in my underwear touching my private area and pulled his underwear down to cum.,l14psf sexualassault Is this sexual assault? Quen2001 /r/sexualassault/comments/l14psf/is_this_sexual_assault/ My cousin grabbed me and covered my head under the covers till the point of I can't breathe and put his hands in my underwear touching my private area and pulled his underwear down to cum.,Coff33bun@2,3,/r/sexualassault/comments/l14psf/is_this_sexual_assault/,Quen2001,I told someone close to me and she's very helpful I can relate to her but the family just don't listen to the truth and all they do is deny,"I truly hope that you'll find the same support within your family.

Maybe tell the person closest to you first and make them your warrior, someone to fight for you and remind you that NONE of this will EVER be your fault. 

People don't realise how showing even the slightest amount of distrust, even in a facial expression can scar you for life and f up with your recovery. It'll help if there's someone to remind you that YOU MATTER, you ARE trusted and everyone who has a wrong letter to you has 0 ability to show compassion or any emotional maturity for that matter.",1
1og2124,sexualassault,guy put his hand in my underwear  after i told him no.,"So this happened about 2 years ago but it still deeply bothers me til this day. We’ll call this guy “J”. So me and J were dating for about less than a month and we moved pretty quick. I look back it now and see he was only in it for lust. I liked him alot and wanted a genuine relationship with him but all he ever wanted from me was pictures (yk what) and to touch my body in a sexual way. But of course i didnt see that and let it be bc i really liked him and he only was sweet and loving when i did what he wanted.

This is prob tmi but i let him go in my pants and rub my yk but strictly over my underwear. I let him bc like i said he only was sweet after these type of things. Everytime i let him, he would do it and then right away leave me w out saying anything. Anyway, so i only let him do it twice and STRICTLY over my underwear bc i was not comfortable w him going in my underwear and actually touching my yk.

til one day we met up to hang out and he had asked me prior to this if he could yk go in my underwear and do it but i said no and i just made an excuse that i was on my period so i wasn’t comfortable w it (bc i didnt want him to be mad at me but i still told him no and i wasnt comfortable w it)

So we met up and we were sitting tg. After like 2 mins of sitting tg he put his hand in my pants and then into my underwear. During this i kinda just froze up bc keep in mind i JUST told him i wasnt ok w it. So i froze up and just sat there for a second and he was going super low and i was telling him to stop and that he was going rlly low and to js stop. He didnt stop. Eventually after i kept saying to stop and like yelling at him he stopped. Idk why i didnt just take his hand off me i was js like shocked yk i didnt know what to do. After he finally stopped he got up, didnt say anything and just left me there. Later on in the day i had soccer practice so i went home got ready and left to practice.

All i could feel was his hands on me and just replaying what happend in my head. I felt gross and nasty and sick to my stomach. It was so weird like i could feel his hands doing what he did. This still like haunts me to this day and i always think of it and i just feel gross.

Ive never opened up to anyone about this bc im not sure if it was sa. I let him put his hands over my pants n shi but i told him i didnt want him to go into my underwear and when he did w out permission , after i kept yelling at him to stop he wouldnt and when he did he just left me and now i js feel gross and sick thinking abt it.

i dont wanna sound dramatic either and i cant tell if it was sa. i dont wanna open up to ppl ik either in fear ill js get told im overreacting. pls help me is this sa?","1og2124 sexualassault guy put his hand in my underwear  after i told him no. Temporary-Pin-3805 /r/sexualassault/comments/1og2124/guy_put_his_hand_in_my_underwear_after_i_told_him/ So this happened about 2 years ago but it still deeply bothers me til this day. We’ll call this guy “J”. So me and J were dating for about less than a month and we moved pretty quick. I look back it now and see he was only in it for lust. I liked him alot and wanted a genuine relationship with him but all he ever wanted from me was pictures (yk what) and to touch my body in a sexual way. But of course i didnt see that and let it be bc i really liked him and he only was sweet and loving when i did what he wanted.

This is prob tmi but i let him go in my pants and rub my yk but strictly over my underwear. I let him bc like i said he only was sweet after these type of things. Everytime i let him, he would do it and then right away leave me w out saying anything. Anyway, so i only let him do it twice and STRICTLY over my underwear bc i was not comfortable w him going in my underwear and actually touching my yk.

til one day we met up to hang out and he had asked me prior to this if he could yk go in my underwear and do it but i said no and i just made an excuse that i was on my period so i wasn’t comfortable w it (bc i didnt want him to be mad at me but i still told him no and i wasnt comfortable w it)

So we met up and we were sitting tg. After like 2 mins of sitting tg he put his hand in my pants and then into my underwear. During this i kinda just froze up bc keep in mind i JUST told him i wasnt ok w it. So i froze up and just sat there for a second and he was going super low and i was telling him to stop and that he was going rlly low and to js stop. He didnt stop. Eventually after i kept saying to stop and like yelling at him he stopped. Idk why i didnt just take his hand off me i was js like shocked yk i didnt know what to do. After he finally stopped he got up, didnt say anything and just left me there. Later on in the day i had soccer practice so i went home got ready and left to practice.

All i could feel was his hands on me and just replaying what happend in my head. I felt gross and nasty and sick to my stomach. It was so weird like i could feel his hands doing what he did. This still like haunts me to this day and i always think of it and i just feel gross.

Ive never opened up to anyone about this bc im not sure if it was sa. I let him put his hands over my pants n shi but i told him i didnt want him to go into my underwear and when he did w out permission , after i kept yelling at him to stop he wouldnt and when he did he just left me and now i js feel gross and sick thinking abt it.

i dont wanna sound dramatic either and i cant tell if it was sa. i dont wanna open up to ppl ik either in fear ill js get told im overreacting. pls help me is this sa?",Spiritual_Bar339@0,1,/r/sexualassault/comments/1og2124/guy_put_his_hand_in_my_underwear_after_i_told_him/,Temporary-Pin-3805,shortly after that we brokeup and we have no contact at all now. i have him blocked on everything ,"Definitely SA. That's fucked up (so is all SA). I'm assuming you got him out of your life after that, but if for whatever reason you find yourself near him get away quickly.",1
1iv26kt,sexualassault,My father masturbated next to me as a child,"
Trigger Warning, Graphic!!! 
Hello, for a Long time i said to myself taht this wasn't sexual assault, because i wasn't touched, then i told my girlfriend about it and sehr asked me to explain it more and when i told her my body twitched the whole time (she hold me) and it was so awful for me. I also offen feared that someone could touch me when i go to sleep and i fehlt very uncomfortable to get in physical contact even with people i liked. Two therapists told me that my father had emototional abused me but i wonder right now if its also kind of sexuality, because in the same time (for Like two years) every night he cuddled with me in spooning position and I know I felt so uncomfortable. I also thought that i felt something behind me moving but when I asked he said it was his belly and I didn't want to check it with my hand. One night I woke up and he masturbated next to me and when I asked what he ist doing he said i should Go to sleep, than he continued. I didn't say anything and waited till he was ready. I feel so bad writig about this. Is this sexual assault or can something like this even be traumatic?","1iv26kt sexualassault My father masturbated next to me as a child salonos /r/sexualassault/comments/1iv26kt/my_father_masturbated_next_to_me_as_a_child/ 
Trigger Warning, Graphic!!! 
Hello, for a Long time i said to myself taht this wasn't sexual assault, because i wasn't touched, then i told my girlfriend about it and sehr asked me to explain it more and when i told her my body twitched the whole time (she hold me) and it was so awful for me. I also offen feared that someone could touch me when i go to sleep and i fehlt very uncomfortable to get in physical contact even with people i liked. Two therapists told me that my father had emototional abused me but i wonder right now if its also kind of sexuality, because in the same time (for Like two years) every night he cuddled with me in spooning position and I know I felt so uncomfortable. I also thought that i felt something behind me moving but when I asked he said it was his belly and I didn't want to check it with my hand. One night I woke up and he masturbated next to me and when I asked what he ist doing he said i should Go to sleep, than he continued. I didn't say anything and waited till he was ready. I feel so bad writig about this. Is this sexual assault or can something like this even be traumatic?",tronrat@0,1,/r/sexualassault/comments/1iv26kt/my_father_masturbated_next_to_me_as_a_child/,salonos,Thank you!!!,This is horrible I’m so sorry dude your feelings are correct and valid,2
1oeyscs,sexualassault,I don’t know what this was,"I (24f) had a fwb (34m) that turned into a situationship a few months ago. We saw each other like every weekend and while together we had sex a lot and he was rough like slapping me so hard my ears rang, choking me, hair pulling, going hard in kinda an animalistic way, he also had a race kink that i reluctantly went with cuz he would thank me for being so good and just taking everything. Well he was also VERY well endowed as in when he would first put it in it hurt and I’d have to tell him every like 5 minutes that it was going to deep and we needed to change positions. When I said this he was always understanding and change what he was doing. Well one time he was going a usual pace but it was just to deep and uncomfortable so I said hey it’s too deep (as in please move) and he put his hand over my mouth and went harder and told me to just take it. And now that I think about it sometimes when he would go really hard he’d cover my mouth or choke me and maybe it was so I didn’t tell him to stop. Idk I was just thinking about it a lot last night and made me really uneasy, so what do you think is this SA or just nothing","1oeyscs sexualassault I don’t know what this was chillysunset /r/sexualassault/comments/1oeyscs/i_dont_know_what_this_was/ I (24f) had a fwb (34m) that turned into a situationship a few months ago. We saw each other like every weekend and while together we had sex a lot and he was rough like slapping me so hard my ears rang, choking me, hair pulling, going hard in kinda an animalistic way, he also had a race kink that i reluctantly went with cuz he would thank me for being so good and just taking everything. Well he was also VERY well endowed as in when he would first put it in it hurt and I’d have to tell him every like 5 minutes that it was going to deep and we needed to change positions. When I said this he was always understanding and change what he was doing. Well one time he was going a usual pace but it was just to deep and uncomfortable so I said hey it’s too deep (as in please move) and he put his hand over my mouth and went harder and told me to just take it. And now that I think about it sometimes when he would go really hard he’d cover my mouth or choke me and maybe it was so I didn’t tell him to stop. Idk I was just thinking about it a lot last night and made me really uneasy, so what do you think is this SA or just nothing",YourBrotherCarl@0,1,/r/sexualassault/comments/1oeyscs/i_dont_know_what_this_was/,chillysunset,"Oh wow, that’s horrible! Luckily my experience didn’t lead to that intensity…that I remember anyways. But I hope she’s doing much better now and glad to hear she had you to help her through it.","My wife had a very similar experience with her ex.
Same dynamic minus the praise or any actual affection. 

I was helping her think through some of it she couldn't stop thinking about. And it turned out the bulk of the really rough/violent stuff traumatized her, and she had to block it out. 

I kept testing her logic on the things she could remember, and it was actually even more messed up than the bad memories she had come back were

I connected the dots and kinda analyzed some of the events that took place during their 8-month ordeal. And...

He was actually using the sexual torture to mind condition her for sex trafficking. He was a pimp and he was her ex from 3 years before.. he came back, and he broke her. We have at least one instance of him selling her that she at the time didn't even realize was happening. She was in every sense of the word.. owned.

Trauma bonds. Dumbest evolutionary ""advantage""
She couldn't remember the torture and pain because it was too hard to have both perceptions of him being a lover and a sadistic asshole. So if she had seen him later on the street, there were no red flags, no danger signal.. just ""old friend I want to like me"" after 8 months of of sexual assault, torture, degradation, and pain. 
She couldn't keep any of it and be a functioning human even if it would help her learn to avoid it.

Luckily, she hasnt seen or heard of him in 18 years. Fingers crossed🤞cause murder will definitely be the case they give me if he shows his ass.",1
ty8l8t,sexualassault,Is this sexual assault?,"I had a boyfriend in high school and even though now I can’t remember much of it because the memory is so hazy people tell me we were together for 5 months, honestly all I remember is one month the month of the incident. One morning me and him decide to skip class and we were in the theater dressing rooms and we were laying on the couch. He was 18 big buff and so much bigger than me and I was 16 small and scrawny and he got on top of me and starts unzipping my pants. I don’t want to outright say no because I’m getting scared. He starts putting his hand down my pants and I say “oh now is not a good time”, “I’m not shaved and I’m on my period”, he responds by saying “cmon I haven’t had it in a long time”, “don’t you want your first time to be with me?” “Don’t you love me?” And he keeps sticking his hand further down. I want to scream but I can’t get any words out. I try one last time “please no it’s not a good time, I don’t want it” he keeps going and before he gets all the way down I manage to put my feet on his chest and I kick with everything I have. It gets him off of me and he says “what the fuck is wrong with you!”, “You stupid bitch, I just wanted to do something nice”. I’m still laying on the couch my pants unzipped. I felt pale and at the same time no thoughts and every thought is running through my mind. I start thinking how to get out of there. I’m scared what if he kills me if I try to run out of the room. I overpowered him because he wasn’t trying but if he tries to hold me down I’m going to be able to get up. I instead lay there and say “I’m sorry I’m just tired maybe tomorrow.” He doesn’t say anything I keep laying there hoping he doesn’t come back. The bell rings I zip my pants and grab my things as fast as I can and run away. I was never fully touched down there and I don’t know if it’s sexual assault or harassment.","ty8l8t sexualassault Is this sexual assault? kermitcermet /r/sexualassault/comments/ty8l8t/is_this_sexual_assault/ I had a boyfriend in high school and even though now I can’t remember much of it because the memory is so hazy people tell me we were together for 5 months, honestly all I remember is one month the month of the incident. One morning me and him decide to skip class and we were in the theater dressing rooms and we were laying on the couch. He was 18 big buff and so much bigger than me and I was 16 small and scrawny and he got on top of me and starts unzipping my pants. I don’t want to outright say no because I’m getting scared. He starts putting his hand down my pants and I say “oh now is not a good time”, “I’m not shaved and I’m on my period”, he responds by saying “cmon I haven’t had it in a long time”, “don’t you want your first time to be with me?” “Don’t you love me?” And he keeps sticking his hand further down. I want to scream but I can’t get any words out. I try one last time “please no it’s not a good time, I don’t want it” he keeps going and before he gets all the way down I manage to put my feet on his chest and I kick with everything I have. It gets him off of me and he says “what the fuck is wrong with you!”, “You stupid bitch, I just wanted to do something nice”. I’m still laying on the couch my pants unzipped. I felt pale and at the same time no thoughts and every thought is running through my mind. I start thinking how to get out of there. I’m scared what if he kills me if I try to run out of the room. I overpowered him because he wasn’t trying but if he tries to hold me down I’m going to be able to get up. I instead lay there and say “I’m sorry I’m just tired maybe tomorrow.” He doesn’t say anything I keep laying there hoping he doesn’t come back. The bell rings I zip my pants and grab my things as fast as I can and run away. I was never fully touched down there and I don’t know if it’s sexual assault or harassment.",[deleted]@0,1,/r/sexualassault/comments/ty8l8t/is_this_sexual_assault/,kermitcermet,Thank you for the support! and I agree I’m 20 now and will never let a man do that to me ever again.,"What a jerk he was. And I’m being polite. Acting as if you owed him a good time. You deserve to be treated with caring and love, not pressure for sex. That’s just wrong. I’m
Sorry you went through that",2
o7yynv,sexualassault,I experienced some sort of sexual misbehaviour and I don't know if it counts as SA or not,"Hey, I'm 15f and I recently realised that my ex boyfriend (15m) may have sexually assaulted me, I'm really not sure what to label it so help would be greatly appreciated.

The first time we made out, I hated it. It didn't feel good at all, and made me feel sick to my stomach. He kept going in for more and I was so stunned I couldn't say no, and even if I could've I wouldn't have had the heart to as he looked so happy.

After that, whenever we made out he would ask if it was okay, and I would always say yes. I've always been horrible at establishing and enforcing boundaries, and he suffered from extreme anxiety so I didn't want him to overthink anything. However, when making out I would often freeze, and go completely still. He would ask if it was okay and I'd nod, but not react in any other way. 

Sometimes he would double check if it was okay after it had happened, and by then I couldn't have said no as it would have made his anxiety spiral. He'd often go in for a kiss and I'd pull away or shake my head, but then he would go in for another one about a minute later.

Another thing is that he would often talk about having sex, and would talk about buying condoms. I told him I was asexual, and explained what that meant however he still pushed the topic of sex. 

During the relationship, my dad passed away. This was a huge loss for me and I told my ex that I was no longer comfortable with making out, kissing, or hugging. He said he understood, yet often talked about how much he wanted hugs but I wasn't willing to give them to him, making me feel guilty and manipulated. He still talked about sex as a certainty, saying stuff like ""WHEN we have sex"", and I would have to correct him to ""IF we have sex""

I also told my group of friends about how I was planning to move away for college, and let them know they were welcome to come visit, and my ex said something about sharing a bed, knowing full well my mother would go with me and that moving to that place was everything I was working towards and my dream.

All his behaviours made me so sick and uncomfortable, and I feel so violated in my own body. The worst part is I don't think I can even classify it as sexual assault and it might be in some part my fault since I kept telling him it was okay and he probably thought I was consenting. I can't stand wearing revealing clothes anymore, anything brushing my chest feels like his hands and it makes me want to throw up. He keeps pushing to talk to me, and tries to guilt trip me by talking about how much it hurts when you become a burden to your favourite person. 

TL;DR:

Ex boyfriend made me feel sick and violated when making out with me even though I gave him verbal consent multiple times, but my body language was practically screaming ""no"". He often overstepped my boundaries and wouldn't respect that I wasn't comfortable with kissing, hugging, or making out after my father passed away during the relationship. When I talked about moving away, which is my dream and everything I am working towards, he made a joke about sleeping together, knowing full well my mother was going to be there and that I wasn't comfortable with that. He guilt trips me and makes things seem like my fault, saying that it's on me, but I don't think he knows he did this as I gave verbal consent.

Please help, this is fucking me up and I don't know what to do, and what to label it.

Edit: I was of a legal age to give consent, where I live there are 'Romeo and Juliet' laws where consent can be legally given between the ages of 12-15 to someone within two years of age",,[deleted]@0,1,https://www.reddit.com/r/sexualassault/comments/o7yynv/i_experienced_some_sort_of_sexual_misbehaviour/,CatNamedFrog,"Thank you, but the thing is that I did give verbal consent multiple times, however it was not because I genuinely wanted to do those things but because I thought it might be damaging to him if I said no","If you didn't give consent, it's most def SA. No matter what, he seems incredibly toxic and I hope you're in a better place now friend. Sending love &lt;3",1
1edrp34,rape,idk if this counts as rape or sa or not or if it’s even valid,"yesterday/last night i was hooking up with this guy (consensually) and things were going fine until he got super aggressive out of nowhere. this was our first time hooking up and we hadn’t talked about kinks or boundaries or anything yet. at first he was more gentle but out of nowhere he started slapping me, choking me, and grabbing my boobs so hard, it genuinely hurt so badly and still hurts. i was also really drunk at the time and still in pain so he must have been quite aggressive since i have a high pain tolerance and tend to feel a bit numb when i drink too much… i asked him to stop grabbing my boobs like that and he would act all understanding and then just do it again. also at one point he just turned me over and without asking put it in my ass… i’ve never done that before and don’t think i would ever want to it. it hurt so badly and still does. is that normal? and is it normal for guys to do stuff like that?? i told him to stop and he did and apologized. idk how to feel. 
","1edrp34 rape idk if this counts as rape or sa or not or if it’s even valid hkjjkds /r/rape/comments/1edrp34/idk_if_this_counts_as_rape_or_sa_or_not_or_if_its/ yesterday/last night i was hooking up with this guy (consensually) and things were going fine until he got super aggressive out of nowhere. this was our first time hooking up and we hadn’t talked about kinks or boundaries or anything yet. at first he was more gentle but out of nowhere he started slapping me, choking me, and grabbing my boobs so hard, it genuinely hurt so badly and still hurts. i was also really drunk at the time and still in pain so he must have been quite aggressive since i have a high pain tolerance and tend to feel a bit numb when i drink too much… i asked him to stop grabbing my boobs like that and he would act all understanding and then just do it again. also at one point he just turned me over and without asking put it in my ass… i’ve never done that before and don’t think i would ever want to it. it hurt so badly and still does. is that normal? and is it normal for guys to do stuff like that?? i told him to stop and he did and apologized. idk how to feel. 
",[deleted]@0,1,/r/rape/comments/1edrp34/idk_if_this_counts_as_rape_or_sa_or_not_or_if_its/,hkjjkds,thank you. ive been wanting to go to therapy tbh but i dont really have the time for it+the waitlists here are insanely long :(,"That is definitely valid and rape/sa. You are 100% valid, similar things happened to me. He shouldn’t have been so rough with you without taking about it, or put it in your butt without consent. He’s a scum. Even though he stopped that is cool and all but he still did things you weren’t okay with, consent is supposed to be enthusiastic. He shouldn’t have done any of that. You should see a therapist or something of the sort if you are ready.",1
18zyrvu,sexualassault,Was this sexual assault?,"Does it count as sexual assault?

When I was around my prepubescent years and teen years (9-14), I had this maiden around my household. Long story short, she often touched/stroked and pinched my *** probably because she thought I was cute or was being playful, even though it was nothing done with sexual intention. I was young and didn’t have any idea of anything sexual things related, so I never thought anything was wrong with it till I was a teenager. I don’t know if she even knew any better or if she thought it was ok just because that wasn’t her intent, but I’m just curious. Regardless, she did it with full her full consciousness as an adult when I was younger and kept doing it even after I became a teen. When I did become a teen, however, I didn’t exactly bluntly tell her to stop for her to take me seriously and stop touching me like that, but I did tell her to not do it. I didn’t directly say it face to face cause I didn’t wanna create tension over something that had gone on so long, and I told her not to do it more than twice (like I said, not bluntly so, i was too much of a pussy). I sometimes expressed my disgust by saying “ew,” but even then I said it in a tone that was probably unintentionally comedic/unserious. Sexual assault isn’t really talked about too much in my country. I never confronted her very directly about it, but I said what I said, and she kept doing it, even if it didn’t seem to bother me so much or if it didn’t full on traumatize me (tho I did not like it much) since I also was kinda used to it and I knew she had no malicious intents. Does this count as SA or not on her part?","18zyrvu sexualassault Was this sexual assault? Frequent-Silver6212 /r/sexualassault/comments/18zyrvu/was_this_sexual_assault/ Does it count as sexual assault?

When I was around my prepubescent years and teen years (9-14), I had this maiden around my household. Long story short, she often touched/stroked and pinched my *** probably because she thought I was cute or was being playful, even though it was nothing done with sexual intention. I was young and didn’t have any idea of anything sexual things related, so I never thought anything was wrong with it till I was a teenager. I don’t know if she even knew any better or if she thought it was ok just because that wasn’t her intent, but I’m just curious. Regardless, she did it with full her full consciousness as an adult when I was younger and kept doing it even after I became a teen. When I did become a teen, however, I didn’t exactly bluntly tell her to stop for her to take me seriously and stop touching me like that, but I did tell her to not do it. I didn’t directly say it face to face cause I didn’t wanna create tension over something that had gone on so long, and I told her not to do it more than twice (like I said, not bluntly so, i was too much of a pussy). I sometimes expressed my disgust by saying “ew,” but even then I said it in a tone that was probably unintentionally comedic/unserious. Sexual assault isn’t really talked about too much in my country. I never confronted her very directly about it, but I said what I said, and she kept doing it, even if it didn’t seem to bother me so much or if it didn’t full on traumatize me (tho I did not like it much) since I also was kinda used to it and I knew she had no malicious intents. Does this count as SA or not on her part?",Rich_Asparagus_4636@0,1,/r/sexualassault/comments/18zyrvu/was_this_sexual_assault/,Frequent-Silver6212,"Thank you a lot, rlly &lt;3","Yes this is Sexual assault. And she will face charges for this if put in front of a judge.

Also thisnis important: it is not yours ( a child's ) responsibility to say no to being touched there by an adult. It's the adults responsibility to not touch you there no matter the circumstance.
She is disgusting and wrong for this. You are not.",2
1gcau89,sexualassault,"is it considered sexual assault if i never said the word ""stop""?","i said that it was hurting, and then he said ""yeah it hurts, but it hurts in a good way"" as a way to convince me to just endure it so he could finish. and then i didn't respond and just waited for him to finish.","1gcau89 sexualassault is it considered sexual assault if i never said the word ""stop""? Silver-Fuel5927 /r/sexualassault/comments/1gcau89/is_it_considered_sexual_assault_if_i_never_said/ i said that it was hurting, and then he said ""yeah it hurts, but it hurts in a good way"" as a way to convince me to just endure it so he could finish. and then i didn't respond and just waited for him to finish.",Beginning-Force1275@0,1,/r/sexualassault/comments/1gcau89/is_it_considered_sexual_assault_if_i_never_said/,Silver-Fuel5927,"this is very helpful, thank you 🩷","Saying “this hurts” is a pretty common way of trying to say “please stop” when we’re too afraid to actually use those words and it doesn’t take a rocket scientist to figure out what it means. There are almost no activities where “this hurts” doesn’t mean the other person should stop. Even the absence of a yes counts as a no, but you did essentially say no, even if it wasn’t 100% directly. He kept going. He knew what he was doing. This wasn’t your fault.",1
nfj4c4,sexualassault,i feel disgusting (TRIGGER WARNING),"I have been sexually assaulted a few times in my life. I have healed from all of it. however, i have been seeing a new guy and last night we were in my apartment kissing and he was touching me and asked if i wanted to have sex. i said no and he okayed it. we kept kissing and touching eachother, i was really tired and kinda didn’t want to do it but i went with it anyways. he then asked me again later if i wanted to have sex. this time, i paused and thought about it for a minute, like i wanted to but i also didn’t. while i was sitting there pondering it, he gets up and says “i’ll take that as a yes”. my heart sank and he then proceeded to take my clothes off, and i feel so stupid for going with it. i was so scared because he’s much bigger and stronger than me, and i was in shock that he didn’t even wait for me to answer. now, i feel stupid for not standing up to him. i feel like it’s my fault cause i could’ve said no. now all my previous trauma has come back and i’m really triggered. if anyone has read this far, thank you. is this sexual assault?","nfj4c4 sexualassault i feel disgusting (TRIGGER WARNING) clarabethhx /r/sexualassault/comments/nfj4c4/i_feel_disgusting_trigger_warning/ I have been sexually assaulted a few times in my life. I have healed from all of it. however, i have been seeing a new guy and last night we were in my apartment kissing and he was touching me and asked if i wanted to have sex. i said no and he okayed it. we kept kissing and touching eachother, i was really tired and kinda didn’t want to do it but i went with it anyways. he then asked me again later if i wanted to have sex. this time, i paused and thought about it for a minute, like i wanted to but i also didn’t. while i was sitting there pondering it, he gets up and says “i’ll take that as a yes”. my heart sank and he then proceeded to take my clothes off, and i feel so stupid for going with it. i was so scared because he’s much bigger and stronger than me, and i was in shock that he didn’t even wait for me to answer. now, i feel stupid for not standing up to him. i feel like it’s my fault cause i could’ve said no. now all my previous trauma has come back and i’m really triggered. if anyone has read this far, thank you. is this sexual assault?",Ok-Examination3897@0,1,/r/sexualassault/comments/nfj4c4/i_feel_disgusting_trigger_warning/,clarabethhx,i’m so sorry that happened to you as well. it’s so messed up,"similar thing happened to me. he was escalating without checking in and when he would check in, he'd stopped but kept going 60 secs later. He ended up raping me violently, and I was only able to protest after I felt pain. You're trauma responses are normal its not your fault.",1
1ghylt9,TwoXChromosomes,How is this SA?,"It was 1- 2 AM. I (18f) was in bed until I heard someone open my door and saw it was a guy who lives in the same flat of me. I said ""you're in the wrong room"" as he stumbled in and kind of freaked out when I saw him holding his dick. I grabbed his arm and tried pulling him out but he literally wouldn't budge and he was starting to stand in front of my bed as if he was about to pee on it while holding his dick. When I tried pulling away again, he collapsed on my bed. I went to the office to get the people to remove him and they said that his whole front including his hair was covered in ""water"" they believe. My whole sheets and pillows were wet but when I smelled them, it smelled like sin and it honestly made me gag. The smell is still burning in my nose.

I understand that it was unintentional since he was stupidly drunk but ew.

I told some people about it but they disagreed with me when I said I don’t believe it’s SA since he was drunk and only thought my room was his, right?","1ghylt9 TwoXChromosomes How is this SA? No-Debate607 /r/TwoXChromosomes/comments/1ghylt9/how_is_this_sa/ It was 1- 2 AM. I (18f) was in bed until I heard someone open my door and saw it was a guy who lives in the same flat of me. I said ""you're in the wrong room"" as he stumbled in and kind of freaked out when I saw him holding his dick. I grabbed his arm and tried pulling him out but he literally wouldn't budge and he was starting to stand in front of my bed as if he was about to pee on it while holding his dick. When I tried pulling away again, he collapsed on my bed. I went to the office to get the people to remove him and they said that his whole front including his hair was covered in ""water"" they believe. My whole sheets and pillows were wet but when I smelled them, it smelled like sin and it honestly made me gag. The smell is still burning in my nose.

I understand that it was unintentional since he was stupidly drunk but ew.

I told some people about it but they disagreed with me when I said I don’t believe it’s SA since he was drunk and only thought my room was his, right?",realmrcool@2,3,/r/TwoXChromosomes/comments/1ghylt9/how_is_this_sa/,No-Debate607,"I’m from Europe too (UK). And I was defined scared when I saw him come into my room with his dick out and stuff but even then I could sorta rationalise that he’s blackout drunk?

But I was even a bit anxious going back into my room to show the people who were going to remove him where he is and didn’t want to be there when they were removing him. I don’t know why I was being so dramatic since there’s not much he could’ve done while drunk.

But the aftermath, when things came down, I was pissed off and ended up crying and going home since I didn’t have a bed to sleep on and was dealing with other shit.

But I think it’s safe to say that he may pay me back for the damage-","Well, your friends weren't with you that night. The way you told the story sounded to me like you never felt threatened. Maybe you know this guy and knew he's never aggressive, or maybe he was so drunk that you knew he was unable to inflict any physical harm,  maybe you  were  just  not  scared by his wrinkly dick.

Whatever it was that made you feel troubled, it made you mainly experience disgust and annoyance. Maybe your friends would have felt the same if they were in that same situation, or maybe they would have felt very scared.

If someone is telling a story about something that happened to them, we imagine our own story in our head and how it might have been. When I read your story in the first place, my instinct was: some random  drunken guy  forcing himself into my room in the middle of the night with his dick hanging out.  Thats scary a.f. And I'm a 6-foot-tall guy in my mid-30s.

But you didn't feel that way in the situation. I'm from Europe, and I don't know the American law for coercion, but at least in my country, the crime is mainly defined if the victim was feeling threatened and in immediate danger. It doesn't matter if the perpetrator was just joking, drunk, or anything. Bringing you into a situation that made you feel more than just a bit uncomfortable but endangered is for sure a crime in my country. If he only made you feel annoyed, then you might not consider that part a crime, but he still damaged your property and should pay for professional cleaning or replacement.",3
wbthai,rape,I think I was assaulted by my gynecologist,"I had to go to the gynecologist due to health issues in the area, and I was extremely anxious about getting a pelvic exam due to significant sexual trauma. I told her about my trauma, to which she was rather insensitive. I also told her I had severe pain upon penetration and had had it for as long as I can remember. When she examined me, I don't remember if she told me what she was going to do first (which I know might be crucial but I was super disassociated) but she inserted her finger really fast, which immediately triggered a trauma response and I started having a severe panic attack. Then, when she tried to insert the speculum, it was instantly excruciating. I instinctually started clamping my legs shut, which she pried opened and told me to ""just relax"" which triggered me even more. I was shuffling up the chair trying to get away from her but she wouldn't stop and continued to tell me to relax. I couldn't even say no I was so shocked. My legs kept involuntarily closing which she kept fighting. Afterwards she told me I had vaginismus, which she obviously knew fairly early into the exam. I have been significantly traumatised by this experience and an terrified to go back to any gynecologist, which sucks because I really need to get my physical issues sorted. Was this assault or rape? I don't know because I didn't say no but my trauma therapist says it was.","wbthai rape I think I was assaulted by my gynecologist canonell /r/rape/comments/wbthai/i_think_i_was_assaulted_by_my_gynecologist/ I had to go to the gynecologist due to health issues in the area, and I was extremely anxious about getting a pelvic exam due to significant sexual trauma. I told her about my trauma, to which she was rather insensitive. I also told her I had severe pain upon penetration and had had it for as long as I can remember. When she examined me, I don't remember if she told me what she was going to do first (which I know might be crucial but I was super disassociated) but she inserted her finger really fast, which immediately triggered a trauma response and I started having a severe panic attack. Then, when she tried to insert the speculum, it was instantly excruciating. I instinctually started clamping my legs shut, which she pried opened and told me to ""just relax"" which triggered me even more. I was shuffling up the chair trying to get away from her but she wouldn't stop and continued to tell me to relax. I couldn't even say no I was so shocked. My legs kept involuntarily closing which she kept fighting. Afterwards she told me I had vaginismus, which she obviously knew fairly early into the exam. I have been significantly traumatised by this experience and an terrified to go back to any gynecologist, which sucks because I really need to get my physical issues sorted. Was this assault or rape? I don't know because I didn't say no but my trauma therapist says it was.",throwaway87347482@0,1,/r/rape/comments/wbthai/i_think_i_was_assaulted_by_my_gynecologist/,canonell,Thank you for your response. I'm not sure how to bring it up without making her defensive worried about a lawsuit or something because doctors tend to do that rather than take accountability,"Wow, I'm so sorry you were treated like that by a medical professional. She might not have realized what she was inflicting on u but this was sadly retraumatizing for you. You should file a formal complaint against her to make her reflect on her behaviour. I'm so sorry. This sounds horrific. Doctors of all people should know how bainful vaginismus is and how to deal with patients and to announce what they're doing at all times. It's important to let the doctor know about what actually happened due to her behaviour.",1
ldpwsp,rape,"Thinking about my ""uncle""","I've been thinking a lot about some things in my past and idk if this counts as rape but idk


I'm just starting to remember when I was 5-9 I used to have this ""uncle"" (wasn't blood related or by marriage, just a good family friend) who used to babysit me a lot.
I read some one else's post and it made me realize he may have abused me sexually for years.
He used to purposely spill drinks or food on me so he could take my clothes off and wash me with him in the bath with me, I honestly didn't think anything of it because I didn't think someone this close could hurt me I guess? I just remember his hands roaming my body ""washing"" me even tho only my clothes were dirty.. I remember him feeling between my legs and my butt.. I vaguely remember him giving me little kisses on the lips and making me wash him in his privates among other things he made me do..
He never put it in me but is this rape?? could this be why I didn't fight off my attackers when I was raped later on in life? Because I'm psychologically messed up from this?
Like why is this coming back to me now after reading someone's post?? I don't get it.. I don't know why I didn't say anything back then or how I didn't see it was wrong, my parents gave me the talk about not letting strangers touch me but idk why I didn't complain about him until now.. maybe this broke me down and that's why I was raped later in life so maybe it's my fault? 
I'm not even sure what to think anymore I feel sick to my stomach rn..
I'm sorry if you read this I just needed to vent I'm so so sorry if you experienced this too and you are strong and I love you and I'm here for you","ldpwsp rape Thinking about my ""uncle"" AllieAnonymous /r/rape/comments/ldpwsp/thinking_about_my_uncle/ I've been thinking a lot about some things in my past and idk if this counts as rape but idk


I'm just starting to remember when I was 5-9 I used to have this ""uncle"" (wasn't blood related or by marriage, just a good family friend) who used to babysit me a lot.
I read some one else's post and it made me realize he may have abused me sexually for years.
He used to purposely spill drinks or food on me so he could take my clothes off and wash me with him in the bath with me, I honestly didn't think anything of it because I didn't think someone this close could hurt me I guess? I just remember his hands roaming my body ""washing"" me even tho only my clothes were dirty.. I remember him feeling between my legs and my butt.. I vaguely remember him giving me little kisses on the lips and making me wash him in his privates among other things he made me do..
He never put it in me but is this rape?? could this be why I didn't fight off my attackers when I was raped later on in life? Because I'm psychologically messed up from this?
Like why is this coming back to me now after reading someone's post?? I don't get it.. I don't know why I didn't say anything back then or how I didn't see it was wrong, my parents gave me the talk about not letting strangers touch me but idk why I didn't complain about him until now.. maybe this broke me down and that's why I was raped later in life so maybe it's my fault? 
I'm not even sure what to think anymore I feel sick to my stomach rn..
I'm sorry if you read this I just needed to vent I'm so so sorry if you experienced this too and you are strong and I love you and I'm here for you",stub-ur-toe@0,1,/r/rape/comments/ldpwsp/thinking_about_my_uncle/,AllieAnonymous,tysm,"Just because you fail to defend yourself doesn't mean it's your fault. Your ""uncle"" and the other person are garbage people. I have saved someone from being raped before, I will do it again if I need to and I know plenty of others will do the same.",1
la5ew3,sexualassault,I feel like it was my fault (tw description of incident),"It happened a year and a half ago and a few days ago I read through old messages from him where he basically said it wasn’t assault bc I didn’t say no and I’m spiralling bc of it. Like it was still nonconsensual, I know that. I didn’t reciprocate any of his actions and then he took off my pants (I don’t remember that but I remember putting them back on) and when he couldn’t um get it in, he made me give him a blowjob and I really didn’t want to but I did it anyway and just...I could have stopped it if I just hadn’t froze and had been able to say something. I’m feeling a lot of guilt and shame over the way I reacted","la5ew3 sexualassault I feel like it was my fault (tw description of incident) quinnro187 /r/sexualassault/comments/la5ew3/i_feel_like_it_was_my_fault_tw_description_of/ It happened a year and a half ago and a few days ago I read through old messages from him where he basically said it wasn’t assault bc I didn’t say no and I’m spiralling bc of it. Like it was still nonconsensual, I know that. I didn’t reciprocate any of his actions and then he took off my pants (I don’t remember that but I remember putting them back on) and when he couldn’t um get it in, he made me give him a blowjob and I really didn’t want to but I did it anyway and just...I could have stopped it if I just hadn’t froze and had been able to say something. I’m feeling a lot of guilt and shame over the way I reacted",[deleted]@0,1,/r/sexualassault/comments/la5ew3/i_feel_like_it_was_my_fault_tw_description_of/,quinnro187,"At one point, he told me to relax. He claimed he didn’t see any cues I was upset but he told me to relax so he knew something was wrong and just...didn’t care","I am so sorry that this happened to you. 

First of all, you should not be ashamed of yourself at all. People think that there's always this fight or flight reaction, but the truth is a lot of people just act like deer caught in headlights. You feel like you're unable to stop or say anything, no matter how much you want to fight back.

Secondly, you did not want it, you did not consent in any way. The fact that you gave him a blowjob even though you didn't want to could have been your way of trying to get the incident over and done with. You were pushed and pushed until you gave in, which can be seen as coerced consent. Whether he sees it or not, that is sexual assault.
And finally, he must have seen that you were uncomfortable in some way if you were not reciprocating his actions at all. Any respectable person would pick up on that instantly and put a stop to it, or at least ask if you wanted it to continue and I'm assuming that he didn't do that.
This is NOT your fault. This is on him and him alone.",1
1c8knl6,sexualassault,Storytime,"I believe I've been sexually assaulted. Story time.... I (16f) was texting with a (20m)that I knew from work. He invited me over to smoke and I agreed. Looking back I realized that he must've taken some of our chat sexual even though I had no intentions of being sexual. The ""sexual"" comments I'm talking about would be how I said I would shower and get ready and I take it he must of thought I was freshening up and getting prepared for sex. If I had known he wanted to hook up I definitely wouldn't have gone but me being stupid and naive I thought we were gonna have a chill smoke sesh and that's it yk. So anyway he pays for my Uber over to his apartment and takes me to his room. At this point we're talking and chilling smoking nic while he rolls and prepares the blunt. It's ready so we start smoking and he goes ""do you know how to do a ghost?"" I answered no and he's like ""come over let me show you."" After he says that I go from sitting on a chair across him to sitting right next to him in his bed. Right when I got next to him he starts touching all over me sexually. I start getting nervous and uncomfortable. I try to push myself away from him but he pulls me in and continues on with sexual touch. I said ""I don't think I can do this"" and instead of stopping he pulls me closer and kisses me. That's when I got really uncomfortable and told him I'm not ready for this. He says ""please it'll be alright"" ""c'mon you just look so good."" I tell him I don't think I can do this and still he doesn't stop. He starts taking off my shirt and I felt so uncomfortable I pulled my shirt right back on.  He continues trying to pursuade me and once again I say I don't want to but he pressed me against himself and kisses me again and tries taking off my shirt again. I was really uncomfortable and finally after multiple failed attempts to convince me to sleep with him he lets me go. I sit across from him just staring at him because it was hard to process what just happened. As I sit across from him he ""apologizes."" He says ""my bad, my bad"". He hands me the blunt and I stayed until it was finished. It just felt so awkward and I didn't know how to leave because I was just processing how this actually happened.Also if anyone is wondering yes he knew I was 16 and with every move I kept saying things like""I'm only 16"" and ""but I'm a lot younger than you"" ""I can't do this I'm 16""etc. Reminder he was 20 and knew I was 16 even before going to his place as I told him though text. The whole time he was kissing me, fondling me, taking off my shirt I continuously told him Im 16 and it doesn't seem right. He continued on and said he doesn't care and that I'm ""mature."" He said he was close enough and can sometimes have a ""teenage mindset"" so it's not a big deal. I felt straight violated. I was completely shocked. When I finally leave his apartment he hugs me out the door and looks at me and goes ""we're cool right, you're not going to tell anyone and no one's going to know."" I tell him I won't say anything. Does this count as SA even though we didn't end up having sex. Also it's kind of my fault for going to his place in the first place like what was I expecting? I'm also scared now. We go to the same job and as of right now it's only been a couple days and we haven't seen each other at work yet. Everything is weird now. I don't know if I should report him. Im sure he'd get fired if I could provide valid proof and I would be able to. I'm scared though what he could do if that happened though. He also has my address since he sent an Uber there to pick me up. It's scary that he would be okay hooking up with a 16 yr old. Let's say I did want to go through with it and someone found out that would ruin his life because that's literally a statutory rape charge. Should I report him or just continue living like he didn't do what he did to me. I probably won't because I'm genuinely scared of him. ","1c8knl6 sexualassault Storytime sillygirlkkkkkk /r/sexualassault/comments/1c8knl6/storytime/ I believe I've been sexually assaulted. Story time.... I (16f) was texting with a (20m)that I knew from work. He invited me over to smoke and I agreed. Looking back I realized that he must've taken some of our chat sexual even though I had no intentions of being sexual. The ""sexual"" comments I'm talking about would be how I said I would shower and get ready and I take it he must of thought I was freshening up and getting prepared for sex. If I had known he wanted to hook up I definitely wouldn't have gone but me being stupid and naive I thought we were gonna have a chill smoke sesh and that's it yk. So anyway he pays for my Uber over to his apartment and takes me to his room. At this point we're talking and chilling smoking nic while he rolls and prepares the blunt. It's ready so we start smoking and he goes ""do you know how to do a ghost?"" I answered no and he's like ""come over let me show you."" After he says that I go from sitting on a chair across him to sitting right next to him in his bed. Right when I got next to him he starts touching all over me sexually. I start getting nervous and uncomfortable. I try to push myself away from him but he pulls me in and continues on with sexual touch. I said ""I don't think I can do this"" and instead of stopping he pulls me closer and kisses me. That's when I got really uncomfortable and told him I'm not ready for this. He says ""please it'll be alright"" ""c'mon you just look so good."" I tell him I don't think I can do this and still he doesn't stop. He starts taking off my shirt and I felt so uncomfortable I pulled my shirt right back on.  He continues trying to pursuade me and once again I say I don't want to but he pressed me against himself and kisses me again and tries taking off my shirt again. I was really uncomfortable and finally after multiple failed attempts to convince me to sleep with him he lets me go. I sit across from him just staring at him because it was hard to process what just happened. As I sit across from him he ""apologizes."" He says ""my bad, my bad"". He hands me the blunt and I stayed until it was finished. It just felt so awkward and I didn't know how to leave because I was just processing how this actually happened.Also if anyone is wondering yes he knew I was 16 and with every move I kept saying things like""I'm only 16"" and ""but I'm a lot younger than you"" ""I can't do this I'm 16""etc. Reminder he was 20 and knew I was 16 even before going to his place as I told him though text. The whole time he was kissing me, fondling me, taking off my shirt I continuously told him Im 16 and it doesn't seem right. He continued on and said he doesn't care and that I'm ""mature."" He said he was close enough and can sometimes have a ""teenage mindset"" so it's not a big deal. I felt straight violated. I was completely shocked. When I finally leave his apartment he hugs me out the door and looks at me and goes ""we're cool right, you're not going to tell anyone and no one's going to know."" I tell him I won't say anything. Does this count as SA even though we didn't end up having sex. Also it's kind of my fault for going to his place in the first place like what was I expecting? I'm also scared now. We go to the same job and as of right now it's only been a couple days and we haven't seen each other at work yet. Everything is weird now. I don't know if I should report him. Im sure he'd get fired if I could provide valid proof and I would be able to. I'm scared though what he could do if that happened though. He also has my address since he sent an Uber there to pick me up. It's scary that he would be okay hooking up with a 16 yr old. Let's say I did want to go through with it and someone found out that would ruin his life because that's literally a statutory rape charge. Should I report him or just continue living like he didn't do what he did to me. I probably won't because I'm genuinely scared of him. ",Significant_Ad_9664@0,1,/r/sexualassault/comments/1c8knl6/storytime/,sillygirlkkkkkk,Yeah I wonder how many underage girls he tried to get with and if he actually went though with it. It's scary to think about,"Honey you need to report this man cause he was trying to pressure you and it was sexual assault. He’s 20 and wanting to get with you knowing well that you’re only 16, he’s a predator and he uses all the methods of grooming. Hopefully you get the help you need and I’m sorry this happened to you :(",1
15v25n8,sexualassault,I don’t know if I was sexually assaulted or not,"Additional Flairs: Rant, Need Advice, Was this Sexual Assault?

Hi, I am in desperate need of advice and help and I’ve never told anyone this because i feel so much shame and guilt.

I (16m) had several sexual experiences when I was 6 years old up until I was around 8 or 9. The sexual activity involved kissing and oral sex with me giving and receiving it. I don’t really know how it started but it was with a “family friend” who was 4 years older than me (so he would have been 10 when we first did it).

The issue is that I was reciprocal to the sexual activity and sometimes even initiated it which makes me feel so disgusted because what 6 year old does that? I also did not really know what sex was and the importance of it; I guess the only reason why I did not stop was because it “felt good”. I am also very disgusted with this “family friend” because the maturity and intellectual difference between a 6 and 10 year old is quite great and he continued to pursue sexual activity with me until he was around 12/13. This topic has never been brought up between us to this day.

Also, not only has this experience caused damage to my mental health but it has affected me physically because from the sexual activity, I received oral herpes and genital herpes from him which has ultimately hindered me from pursing relationships and plummeted my self esteem. There is not one day were I don’t think about what happened and think what if. I hate myself for giving me this life long disease that is so undesirable and disgusting.

I guess I am asking for advice on how to move forward with this. I cannot talk to family members because they are massively homophobic and I know there is no cure for herpes but is there some medication available that may treat symptoms? Also how do pursue romantic relationships in the future with this disease? 

Sorry for rambling and asking so many questions I really needed to get this off my chest after so many years of hiding it.","15v25n8 sexualassault I don’t know if I was sexually assaulted or not Throwaway-983762 /r/sexualassault/comments/15v25n8/i_dont_know_if_i_was_sexually_assaulted_or_not/ Additional Flairs: Rant, Need Advice, Was this Sexual Assault?

Hi, I am in desperate need of advice and help and I’ve never told anyone this because i feel so much shame and guilt.

I (16m) had several sexual experiences when I was 6 years old up until I was around 8 or 9. The sexual activity involved kissing and oral sex with me giving and receiving it. I don’t really know how it started but it was with a “family friend” who was 4 years older than me (so he would have been 10 when we first did it).

The issue is that I was reciprocal to the sexual activity and sometimes even initiated it which makes me feel so disgusted because what 6 year old does that? I also did not really know what sex was and the importance of it; I guess the only reason why I did not stop was because it “felt good”. I am also very disgusted with this “family friend” because the maturity and intellectual difference between a 6 and 10 year old is quite great and he continued to pursue sexual activity with me until he was around 12/13. This topic has never been brought up between us to this day.

Also, not only has this experience caused damage to my mental health but it has affected me physically because from the sexual activity, I received oral herpes and genital herpes from him which has ultimately hindered me from pursing relationships and plummeted my self esteem. There is not one day were I don’t think about what happened and think what if. I hate myself for giving me this life long disease that is so undesirable and disgusting.

I guess I am asking for advice on how to move forward with this. I cannot talk to family members because they are massively homophobic and I know there is no cure for herpes but is there some medication available that may treat symptoms? Also how do pursue romantic relationships in the future with this disease? 

Sorry for rambling and asking so many questions I really needed to get this off my chest after so many years of hiding it.",Broken_doll4@0,1,/r/sexualassault/comments/15v25n8/i_dont_know_if_i_was_sexually_assaulted_or_not/,Throwaway-983762,"hey there thank you for replying.

I never really considered if he was also a victim but it also may have been he just received coldsores from an outside source (e.g. him kissing a school gf who had it at the time) although im not completely dismissing your point, he very well could have also been a victim of SA before me to which im very disturbed and saddened about.

also he may be in denial about his sexual orientation because hes against gay people (at least people associated with him being gay) despite his past and has constantly talked down to me because im “not man enough” or im “too feminine”

An additional note is that me and siblings were exposed to inappropriate content that showed topics such as masterbation from a very young age which lead to the coping of said behaviours. ig maybe he saw sex from a video or movie or something and wanted to test it out??? idk

honestly this whole situation is too much for me but i think my next steps are to visit a sexual health doctor and see what can be done and to visit a therapist when i start working","&gt;I received oral herpes and genital herpes from him

If this boy gave this to YOU . Then he was a victim of oral  r\*pe ( or more )  then at some point  poss as well . And would say this was why he was also involving you in sex activity  . As He ***himself was also a victim*** of SA &amp; r\*pe from most likely an adult at some point or  it was on-going. NO child gets a STD without sex attack usually at such  a VERY young age   ( so  he started with you as a very young child also ) getting you involved . This is most likely the reason why he got you involved ( as he also ***thought it was normal to do ) as he himself was being sex attacked*** &amp; was just repeating the behaviours  with you  ( As NOPe at that age he would NOT have had ANY idea what  he was doing either in regards to sex  ( so yep he would of been also a child victim at some point ) or was being sex attacked reg also . Which **makes him a victim** ( of CSA &amp; r\*Pe ) &amp; was also a **sex abuser** of another child as well . His fault ( &amp; also not ) as this boy was also so young . 

It can happen when a victim also becomes a **NOT knowing abuser** also ( causing a ***cycle of abuse to start*** to occur like this )  btw children ( you may not have also been the only child forced or coursed into it by him . Where another child is involved  ( COCSA) in sex activity ( where they should NOT have been at all )  it can make both victim's &amp; abusers of other children  ( eg- you also could of gone on to abuse other kids ) or got them involved to do it ( as it can have this effect to like it &amp; want others involved in it also )  . **He would NOT have understood  at all** ( just like you NOT to do it )  At 10. He was VERY much a young abused child as well.

&gt;The issue is that I was reciprocal to the sexual activity and sometimes even initiated it which makes me feel so disgusted because what 6 year old does that? I also did not really know what sex was and the importance of it; I guess the only reason why I did not stop was because it “felt good”.

This often can happen where the victim's become interested in how it makes them feel ( eg- sex is meant to feel good but just **NOT at that age** ) . NO one under 16 should ever be having ANY kind of sex activity . As yep the mind is in NO way ready to handle it . It leaves the child or teen in truama instead from it . So yep the instigating of it &amp; joining in can occur with kids into to sex activity at a WAY to young of a age  .

It should never have occurred but did . It cannot be changed now . Kids exposed to sex activity or porn at a very young age ( can become addicted to the activities of it ) just like an adult . They then can't handle it &amp; become out of control with it ( eg- seek it out , look for it &amp; enjoy it ) leaving them in a hyperarousal state of the want for it . That is  one of the ramifications of it eg- to leave the child in a vulnerable , confused state from it . As their mind &amp; body can crave it but they also can hate it also at the same time as well. Causing the shame &amp; guilt associated with it . As kids grow up &amp; then comes to terms with what they have done &amp; it always then causes on-going mental issues.

With boys also engaging in same sex activities it can also cause on-going sexual ID orientation issues also . As they have engaged in sex activity with the same sex when ( they mighen have even been that way orientated ) to begin with ( as yep it was coursed or was forced on them to engage in the sex activities ) . Again another layer of mental issues then for the person. NOt to also mention you have the issue also that this was someone in the family also . ( when it is also someone YOU know ) that causes also then again yet another layer of issues for the child / teen victim ) .

&gt;I am also very disgusted with this “family friend” because the maturity and intellectual difference between a 6 and 10 year old is quite great and he continued to pursue sexual activity with me until he was around 12/13.

Again NO 10 yr old is responsible either ( It might have been from abuse or watching porn ) maybe . He at that age **would NOT have understood the ramifications** of it  at all ( way to young ) . When older he would of ( maybe over 12)  MOST kids don't understand mentally it is even wrong by 12 ( till they get sex ed ) poss . It might have dawned it was wrong to do to you , Or to get you involved ( or he really might have been oblivious to it ) .But that still doesn't take away from your pain by him into it to you . It should NOT have occurred but NO he wouldn't have understood NOT to also do it to you at that age of 10.

But by then it was to late for you both . YOu were use to doing it tog by then ( there was coercion being used at first but then yes you would seem then have been also involved from what you said ( it happens at times ) where they child gets to use to it &amp; does &amp; come to enjoy it also ( when they should NOT in any way ) NOT your fault at that age at  all . And would of both sought it yes it out NOT knowing or understanding why it should not be occurring . By 13  he might have known ( but NOt all do though ) . If a victim himself from abuse he might have been TOLD  it was normal . And yep that is enough to f\*ck up a young person's mind to think it is ok .

&gt;I know there is no cure for herpes but is there some medication available that may treat symptoms? Also how do pursue romantic relationships in the future with this disease?

Yes a DR can help you with treatment for it . By 16 ( depending where you live ) you should be able to seek treatment without your parents being notified . Ask the DR ( if they have to tell your parents or not ) at 16 . Then you can get treatment or ask the questions you need to from them . But also remember this was NOT your fault you were a child when you got it . YOu had NO say in it , &amp; NO control over getting it either. Just like the other boy prob also had NO say in having it . ( it was also prob forced on him as well ) .

YOu do **have a moral &amp; health obligation to inform a partner of your herpes ( before you have intimacy or sex with them )** It is a STD  . As no NOT everyone would want it ( &amp; should NOT be given it )  **without talking about it FIRST before sex activity ( you do OWE them that )**  . A condom being used can help to prevent cross -infection . Read up on it online much info nowdays about it to prevent spreading it to a potential partner. Many do have relo's with someone ( &amp; their partner does NOT have it &amp; they just use protection &amp; precautions to prevent spreading it to them ) .  But **YOU do have a moral &amp; health obligation to NOT give it to someone else knowing this**   ( as all it requires is communication with a potential new  partner  )  about it ( they then they can decide for themselves or not to be with you )  sexually / intimately ( not to tell someone ) is lying .

But it can be managed nowdays much better for people with it. And many people do live with it . And you can also always date someone with it ( &amp; not have to worry about giving it to them ) . It is VERY common ( but is NOT harmless ) . It is a long life condition currently . So hense why you are obligated to tell someone first before having sex with them ( to prevent them getting it ) just like ANY STD  .",1
1ep4ju4,sexualassault,was this sa w/ my boyfriend?,"i (15f) was in a relationship with a guy (17m) for a couple months. often when we’d make out i’d want to stop and said so, and he’d guilt trip me into continuing or just not let me go until i gave in. 

other times his hands would wander if ykwim and when i stopped him or made him pull away he would just go back, when i was clearly saying no.

otherwise he was rly good to me and now i’m wondering if i’m being dramatic or what cause i’ve never experienced this before","1ep4ju4 sexualassault was this sa w/ my boyfriend? Famous_Wishbone_7292 /r/sexualassault/comments/1ep4ju4/was_this_sa_w_my_boyfriend/ i (15f) was in a relationship with a guy (17m) for a couple months. often when we’d make out i’d want to stop and said so, and he’d guilt trip me into continuing or just not let me go until i gave in. 

other times his hands would wander if ykwim and when i stopped him or made him pull away he would just go back, when i was clearly saying no.

otherwise he was rly good to me and now i’m wondering if i’m being dramatic or what cause i’ve never experienced this before",nurseclementine@2,3,/r/sexualassault/comments/1ep4ju4/was_this_sa_w_my_boyfriend/,Famous_Wishbone_7292,yess i have a friend to support me thank you so much :) just came as a surprise because i didn’t clock it till now that that was what happened,It is very normal to be confused and overwhelming. Do you have a support system? Close friends or family?,2
nnx8ve,rape,I dont know If I was raped. It's hurting my mind.,"I had an ex in Finland about 4 years ago. In the 4 visits I made he coerced me into giving him a blowjob. I said no, i dont want to so many fucking times. He told me I owed him. I was scared. Scared he would kick me out in a country I didn't know. He was all I had at the time.

On a few occasions I would be playing a game in the living room, he'd be playing a game in his bedroom. He'd turn it all off and sit next to me and stare at me. I knew he wanted to have sex. I'd feel uncomfortable with him watching me so I'd turn it all off and go in his room with him. I'd curl up in a ball and look sad in the hopes he'd called it off himself cos I was too afraid to. But he wouldn't. He'd push me and push me. ""do you want me to lick you?"" ""finger you?"" to which I always responded with no. We'd have uncomfortable silences for minutes on the bed. In the end I'd say let's just get it over with. I'd turn around and let him prone bone me. I have issues with the entrance to my Vagina so sex at the start is extremely painful. He'd do his thing. One time he asked me to switch positions. I said no. Everything else we tried really hurt me. In response to that he shoved his penis inside of me and I think it hit my cervix. It really hurt. He said it was to show me that prone bone can hurt me too. 

How can anyone still want to have sex with anyone who is clearly upset about it and just told you to get it over with. I wouldnt have sex with someone who just wants it to get over with. They clearly don't want it. There's clearly a reason they haven't verbally said no.

But in the end.. I didn't say no. But I also think I made it somewhat clear I wasn't enjoying what was happening. Im so confused. I think im  suffering from PTSD. I'm currently on a long waiting list for the only free therapy in my town. Any opinions?","nnx8ve rape I dont know If I was raped. It's hurting my mind. Totobyafrica97 /r/rape/comments/nnx8ve/i_dont_know_if_i_was_raped_its_hurting_my_mind/ I had an ex in Finland about 4 years ago. In the 4 visits I made he coerced me into giving him a blowjob. I said no, i dont want to so many fucking times. He told me I owed him. I was scared. Scared he would kick me out in a country I didn't know. He was all I had at the time.

On a few occasions I would be playing a game in the living room, he'd be playing a game in his bedroom. He'd turn it all off and sit next to me and stare at me. I knew he wanted to have sex. I'd feel uncomfortable with him watching me so I'd turn it all off and go in his room with him. I'd curl up in a ball and look sad in the hopes he'd called it off himself cos I was too afraid to. But he wouldn't. He'd push me and push me. ""do you want me to lick you?"" ""finger you?"" to which I always responded with no. We'd have uncomfortable silences for minutes on the bed. In the end I'd say let's just get it over with. I'd turn around and let him prone bone me. I have issues with the entrance to my Vagina so sex at the start is extremely painful. He'd do his thing. One time he asked me to switch positions. I said no. Everything else we tried really hurt me. In response to that he shoved his penis inside of me and I think it hit my cervix. It really hurt. He said it was to show me that prone bone can hurt me too. 

How can anyone still want to have sex with anyone who is clearly upset about it and just told you to get it over with. I wouldnt have sex with someone who just wants it to get over with. They clearly don't want it. There's clearly a reason they haven't verbally said no.

But in the end.. I didn't say no. But I also think I made it somewhat clear I wasn't enjoying what was happening. Im so confused. I think im  suffering from PTSD. I'm currently on a long waiting list for the only free therapy in my town. Any opinions?",Secret-Bunch4@0,1,/r/rape/comments/nnx8ve/i_dont_know_if_i_was_raped_its_hurting_my_mind/,Totobyafrica97,Thank you. You've made me things in a different way. Thank you so much,"You were raped. He manipulated you to do it and as you mentioned you were uncomfortable and didn't want it. ""Let's just get it over with"" is a clear thought all victims of rape experience and it shows how you just wanted it done and over with. You didn't want it. You said no multiple times to him when he wanted to touch you, he KNEW you didn't want it but still did it anyway. I'm very sorry for your experience and no one deserves to be treated the way you were. Saying no is such a hard thing for rape victims but your body language towards him clearly showed that you didn't want it and that you were uncomfortable and he knew all this but still did it. I want you to know that saying 'no' to your rapist is such a hard thing and it's completely normal. You were raped and i'm truly sorry for your experience.",1
uyeja2,sexualassault,I cant tell if it was SA or not,"So when I was young, my very good friend asked to kiss me and I started saying no but they began guilt tripping and gaslighting me. I was genuinely scared of what he would do so I agreed. Though it was quite traumatic, I technically gave him consent so I always thought it was just a bad experience and not SA but recently I told this story to a friend and they say other wise. Just want some clarification.","uyeja2 sexualassault I cant tell if it was SA or not fruitywitch13 /r/sexualassault/comments/uyeja2/i_cant_tell_if_it_was_sa_or_not/ So when I was young, my very good friend asked to kiss me and I started saying no but they began guilt tripping and gaslighting me. I was genuinely scared of what he would do so I agreed. Though it was quite traumatic, I technically gave him consent so I always thought it was just a bad experience and not SA but recently I told this story to a friend and they say other wise. Just want some clarification.",Due-Situation4183@0,1,/r/sexualassault/comments/uyeja2/i_cant_tell_if_it_was_sa_or_not/,fruitywitch13,"Ok thank you, that really helps. Also about the whole kissing thing, there was more that happened but I can’t think too much about it without crying so I just left it.","Consent must be enthusiastic, uncoerced, unforced, lucid, and informed. Guilt tripping and gas lighting are coersion and a type of force, if you felt pressured into it then it certainly wasn't enthusiastic, and given you say you were young I'd wager you weren't informed at the time. That's for sure not consent. As for whether it was sexual kissing isn't generally seen as sexual, but it certainly can be and it was definitely assault, so I think it's safe to say this would be considered a form of sexual assault. Sorry this happened to you. If you have any more questions be sure to ask. Have a great week.",3
1gi7ufd,sexualassault,My bf touched my inappropriately in my sleep,"Last night I woke up to my bf putting my hand on his erect genitals. I was shocked, but didn’t open my eyes because I wanted to see how far he’d go. When he realized that my hand is limp (from sleeping) he gave up and decided to fondle my breasts, lift my shirt and put his hand in my pyjama pants, and tried to touch me inappropriately. That’s when I pretended to finally wake up and asked him angrily what the heck he’s doing. He was surprised, and said that he just touched me once (as if that justified it). He got up, and was upset with me. He said that my reaction implied that he’s a pervert, when he’s actually not. He said that I was sweating a lot in my sleep, so he thought I had a fever and he was checking my body? Idk. Didn’t make much sense to me. But I didn’t wanna say much further because I did actually wake up earlier, but pretended to be asleep to see what he’d do. So it’s kind of my fault, that it happened. But would this be considered sexual assault? I don’t think he’s a pervert like he said, but it definitely made me feel kinda violated. ","1gi7ufd sexualassault My bf touched my inappropriately in my sleep jbbg11000 /r/sexualassault/comments/1gi7ufd/my_bf_touched_my_inappropriately_in_my_sleep/ Last night I woke up to my bf putting my hand on his erect genitals. I was shocked, but didn’t open my eyes because I wanted to see how far he’d go. When he realized that my hand is limp (from sleeping) he gave up and decided to fondle my breasts, lift my shirt and put his hand in my pyjama pants, and tried to touch me inappropriately. That’s when I pretended to finally wake up and asked him angrily what the heck he’s doing. He was surprised, and said that he just touched me once (as if that justified it). He got up, and was upset with me. He said that my reaction implied that he’s a pervert, when he’s actually not. He said that I was sweating a lot in my sleep, so he thought I had a fever and he was checking my body? Idk. Didn’t make much sense to me. But I didn’t wanna say much further because I did actually wake up earlier, but pretended to be asleep to see what he’d do. So it’s kind of my fault, that it happened. But would this be considered sexual assault? I don’t think he’s a pervert like he said, but it definitely made me feel kinda violated. ",Jolly-Scientist1479@2,3,/r/sexualassault/comments/1gi7ufd/my_bf_touched_my_inappropriately_in_my_sleep/,jbbg11000,"That’s very well said, thank you for that analogy and your advice! 💕","It’s hard to let go sometimes 💚 
It’s great that you can see these flags. It’s hard to take action but I trust that you’ll be able to do it for you, if you reach out for help like you’ve done. 
I try to remember: you want to teach you that you can trust *you*. You don’t need to trust his sweet words. Others’ words can be pretty like a bad dress can be pretty - you can ask you, does it really fit? Do you want to choose to wear it again, all of it, not just the pretty parts? You can trust that feeling.",2
15ighgm,sexualassault,Was this SA?,"Was this SA?

So I had something happen and I’m not sure if it’s SA. this will be a longer post so thank you in advance to anyone who reads all of this. 

So I found a guy on tinder who asked if I wanted to come over and make out, he did not mention anything else. I have ZERO experience, so I figured it’s time I start branching out (I’m a 23yo female). But I am not ready to have sex yet as I want to ease into it 

So I go over and we start kissing on his couch but things escalated very quickly. He starts kissing very aggressively, unbuttoning my shirt and removing my bra, and just starts throwing me around a bit. After a few minutes of this he then says “we’re taking this to the bedroom” and by this point my mind was in a million places so I just went with it. Not even sure why I did. When we get on his bed he starts fondling me in various places and is getting closer to my “area.” He then goes to unbutton my pants and that’s where I told him I wasn’t ready for that. He 100% respected that and thanked me for telling him,  but things still got more aggressive after that. He begins biting in various areas, putting his fingers in my mouth, choking me a little bit, and grinding on my area (had we both not been wearing pants, it may as well have been sex, as I could feel his erection on me). I did not say no to any of this, but in hindsight, I was not comfortable with this at all. And I’m not sure why it was so easy for me to say no to taking off my pants but not these other things. And in the heat of the moment, I’m not even sure if I was thinking that I was uncomfortable. I think I was just trying to process what was even happening. Almost like I was dumbfounded. I was expecting to come over, maybe watch a movie, cuddle, and makeout at the end. Nothing more because he didn’t *mention* anything more (does making out = having sex?? Genuine question because I wasn’t under that impression). 

There’s a few reasons why I’m confused on if this is SA or not.
-there seems to be varying definitions for SA

-He totally respected the one boundary I put up, had I put up more I’m sure he would’ve done the same for them too

-I am not sure why I didn’t say no. But thinking back, I think I was pretty scared. I just didn’t recognize it in the moment. I’m not sure why, I’m guessing my adrenaline was pumping or something. 

-he never mentioned doing any of those things, he only mentioned making out when we matched on tinder. Had I known he wanted all those other things, I wouldn’t have gone (remember I have no experience and want to ease into it)

-I put myself in that situation, I went along with it, and I don’t think he was trying to abuse me based on how he responded to the boundary I set up. I don’t know why I didn’t say no to more, I truly don’t. 

-I still can’t tell if I liked it. My body certainly did based on how it was responding, but I think in every other aspect it was not my cup of tea (I wasn’t mentally prepared for it, I wasn’t ready to give up that much of myself to someone yet, I feel really weird and kinda sad/scared about the whole situation now that it’s been a few days, etc). 

These reasons listed are just arguments in my head as to why this is or isn’t SA. I just want to understand what happened… just trying to process this so I’d appreciate others’ takes on this. 

Thank you to anyone who took the time to read all this. I’ve never had anything like this happen and I just want to understand and process it. Thank you truly","15ighgm sexualassault Was this SA? HumbleAssistant9830 /r/sexualassault/comments/15ighgm/was_this_sa/ Was this SA?

So I had something happen and I’m not sure if it’s SA. this will be a longer post so thank you in advance to anyone who reads all of this. 

So I found a guy on tinder who asked if I wanted to come over and make out, he did not mention anything else. I have ZERO experience, so I figured it’s time I start branching out (I’m a 23yo female). But I am not ready to have sex yet as I want to ease into it 

So I go over and we start kissing on his couch but things escalated very quickly. He starts kissing very aggressively, unbuttoning my shirt and removing my bra, and just starts throwing me around a bit. After a few minutes of this he then says “we’re taking this to the bedroom” and by this point my mind was in a million places so I just went with it. Not even sure why I did. When we get on his bed he starts fondling me in various places and is getting closer to my “area.” He then goes to unbutton my pants and that’s where I told him I wasn’t ready for that. He 100% respected that and thanked me for telling him,  but things still got more aggressive after that. He begins biting in various areas, putting his fingers in my mouth, choking me a little bit, and grinding on my area (had we both not been wearing pants, it may as well have been sex, as I could feel his erection on me). I did not say no to any of this, but in hindsight, I was not comfortable with this at all. And I’m not sure why it was so easy for me to say no to taking off my pants but not these other things. And in the heat of the moment, I’m not even sure if I was thinking that I was uncomfortable. I think I was just trying to process what was even happening. Almost like I was dumbfounded. I was expecting to come over, maybe watch a movie, cuddle, and makeout at the end. Nothing more because he didn’t *mention* anything more (does making out = having sex?? Genuine question because I wasn’t under that impression). 

There’s a few reasons why I’m confused on if this is SA or not.
-there seems to be varying definitions for SA

-He totally respected the one boundary I put up, had I put up more I’m sure he would’ve done the same for them too

-I am not sure why I didn’t say no. But thinking back, I think I was pretty scared. I just didn’t recognize it in the moment. I’m not sure why, I’m guessing my adrenaline was pumping or something. 

-he never mentioned doing any of those things, he only mentioned making out when we matched on tinder. Had I known he wanted all those other things, I wouldn’t have gone (remember I have no experience and want to ease into it)

-I put myself in that situation, I went along with it, and I don’t think he was trying to abuse me based on how he responded to the boundary I set up. I don’t know why I didn’t say no to more, I truly don’t. 

-I still can’t tell if I liked it. My body certainly did based on how it was responding, but I think in every other aspect it was not my cup of tea (I wasn’t mentally prepared for it, I wasn’t ready to give up that much of myself to someone yet, I feel really weird and kinda sad/scared about the whole situation now that it’s been a few days, etc). 

These reasons listed are just arguments in my head as to why this is or isn’t SA. I just want to understand what happened… just trying to process this so I’d appreciate others’ takes on this. 

Thank you to anyone who took the time to read all this. I’ve never had anything like this happen and I just want to understand and process it. Thank you truly",Typical-End-4720@0,1,/r/sexualassault/comments/15ighgm/was_this_sa/,HumbleAssistant9830,"I appreciate that. I guess it’s that I didn’t specifically say no to the other things he did, I only said no to the pants coming off so I feel like I sort of allowed the other stuff to happen in a way. But thank you, I appreciate you taking the time to read this and comment",I hope you never see him again. If you said no once and felt pressured to do something sexual then it wasn't consensual. Im sorry this happened. Also just because he respected something one time doesnt mean he will continue to.,2
m8o4wn,sexualassault,Was i sexually assaulted?,"Some time ago me and my friends decided to have a drink. Obviously looking back at it, it was a very dumb choice, however I did learn my lesson.

After a couple of shots i got pretty drunk but thankfully I was still decently aware of what was happening around me. I got all funny and giggly and the next thing I remember was my friend laying on top of me. At first I didn't try pushing him off, mainly because of how intoxicated I was. After showering me with compliments and telling me how beautiful I was, he pressed his lips onto mine. I didn't really ask him to kiss me, but I was in a position where I couldn't really refuse.

I really tried to convince myself that I enjoyed it, that this is how my first kiss was supposed to look like, even though I didn't really find it pleasant. After I sobered up a little I immediately started panicking. I realized what just happened to me and I was full on sobbing. He tried to get me to drink some more but I refused. I just kept spilling the drinks he gave me onto the ground. Whenever I tried to contact my mom, he ripped the phone out of my hands.

The day after that happened I thought it was a silly little mistake. I thought that if I really didn't want to be kissed i could've just said no. But after talking to my other friends about what happened, all of them told me that I got taken advantage of. Yes, it's true that drinking was my stupid decision to make, but I never thought that someone I trusted would be trying to get in my pants while I was under the influence. I'm still very conflicted about what happened, so please tell me, was it sexual assault?","m8o4wn sexualassault Was i sexually assaulted? tulsajesusfreaksss /r/sexualassault/comments/m8o4wn/was_i_sexually_assaulted/ Some time ago me and my friends decided to have a drink. Obviously looking back at it, it was a very dumb choice, however I did learn my lesson.

After a couple of shots i got pretty drunk but thankfully I was still decently aware of what was happening around me. I got all funny and giggly and the next thing I remember was my friend laying on top of me. At first I didn't try pushing him off, mainly because of how intoxicated I was. After showering me with compliments and telling me how beautiful I was, he pressed his lips onto mine. I didn't really ask him to kiss me, but I was in a position where I couldn't really refuse.

I really tried to convince myself that I enjoyed it, that this is how my first kiss was supposed to look like, even though I didn't really find it pleasant. After I sobered up a little I immediately started panicking. I realized what just happened to me and I was full on sobbing. He tried to get me to drink some more but I refused. I just kept spilling the drinks he gave me onto the ground. Whenever I tried to contact my mom, he ripped the phone out of my hands.

The day after that happened I thought it was a silly little mistake. I thought that if I really didn't want to be kissed i could've just said no. But after talking to my other friends about what happened, all of them told me that I got taken advantage of. Yes, it's true that drinking was my stupid decision to make, but I never thought that someone I trusted would be trying to get in my pants while I was under the influence. I'm still very conflicted about what happened, so please tell me, was it sexual assault?",off_the_wall_gaming@0,1,/r/sexualassault/comments/m8o4wn/was_i_sexually_assaulted/,tulsajesusfreaksss,"You're absolutely right, I have no interest in talking to my ""friend"" ever again, however I'm still trying to fully process the whole incident and getting the reassurance that what happened wasn't right at all really helps me with that.","Def assult oc some kind.
Edit: I feel its importa t to say this, if a guy is gling to jump you when ypu are not in a position to give consent he isnt ""just being dumb because hes drunk"" hes assaulting you and thinks its ok. 
If he waited for you to be drunk to start kissing you, its a good shot that his goal was to do this or more all along. Predaters get you messed up then try stuff with you. Real men get you messed up and ypu are completly safe from any kind of assult because they dont think ""hey nows my chance to grab some ass"" they think ""i will keep her safe"" its not about opportunity. I wouldnt spend any time with this guy anymore, but what do i know, im not a girl.",1
1ghylt9,TwoXChromosomes,How is this SA?,"It was 1- 2 AM. I (18f) was in bed until I heard someone open my door and saw it was a guy who lives in the same flat of me. I said ""you're in the wrong room"" as he stumbled in and kind of freaked out when I saw him holding his dick. I grabbed his arm and tried pulling him out but he literally wouldn't budge and he was starting to stand in front of my bed as if he was about to pee on it while holding his dick. When I tried pulling away again, he collapsed on my bed. I went to the office to get the people to remove him and they said that his whole front including his hair was covered in ""water"" they believe. My whole sheets and pillows were wet but when I smelled them, it smelled like sin and it honestly made me gag. The smell is still burning in my nose.

I understand that it was unintentional since he was stupidly drunk but ew.

I told some people about it but they disagreed with me when I said I don’t believe it’s SA since he was drunk and only thought my room was his, right?","1ghylt9 TwoXChromosomes How is this SA? No-Debate607 /r/TwoXChromosomes/comments/1ghylt9/how_is_this_sa/ It was 1- 2 AM. I (18f) was in bed until I heard someone open my door and saw it was a guy who lives in the same flat of me. I said ""you're in the wrong room"" as he stumbled in and kind of freaked out when I saw him holding his dick. I grabbed his arm and tried pulling him out but he literally wouldn't budge and he was starting to stand in front of my bed as if he was about to pee on it while holding his dick. When I tried pulling away again, he collapsed on my bed. I went to the office to get the people to remove him and they said that his whole front including his hair was covered in ""water"" they believe. My whole sheets and pillows were wet but when I smelled them, it smelled like sin and it honestly made me gag. The smell is still burning in my nose.

I understand that it was unintentional since he was stupidly drunk but ew.

I told some people about it but they disagreed with me when I said I don’t believe it’s SA since he was drunk and only thought my room was his, right?",Square_Sink7318@0,1,/r/TwoXChromosomes/comments/1ghylt9/how_is_this_sa/,No-Debate607,I agree 😖,Oooh that’s nasty but not sexual assault imo. Pissual assault for sure.,2
kdqu7e,rape,Was I sexually assaulted?,"I’m posting on here because I’m too embarrassed to genuinely ask a friend or family member. This happened a year ago and while I am no longer in contact with this person I still get really anxious and nervous when I think about what happened or I see someone who resembles him. A year ago, I started talking to this guy who happened to be in one of my classes. He seemed really charming, shy, funny and before long we planned to meet up for coffee then go back to his place. Everything was going alright, he drove us to his place and went downstairs to watch a movie and just talk and get to know each other better. Before long we started kissing and making out at first I did enjoy it but the longer it went on..the more uncomfortable I got. He began pulling my hair so hard while he kissed me I had tears in my eyes. Eventually he kept kissing me and I stopped kissing him back hoping he might take that as a hint to stop. Although, he didn’t and I never said no. I suggested we just watch a movie hoping things would stop altogether. That lasted for 20 minutes, until he quickly got on top of me and held me down to make out once again and fondle my breasts and bum. I laid there, not kissing him and screaming on the inside, he began whispering into my ear (gross things I do not wish to share.) After everything he dropped me off at my car. And asked “you won’t ditch me right? And completely ghost me?” I lied and said no. I sat in my car for an hour sobbing because I was so confused as to what happened. He knew he did something wrong because he texted me that night and apologized for being overly horny and asked if we could restart. I ignored him, whatever happened made me so uncomfortable I couldn’t just forget and restart our relationship. 1 week later on New Year’s Eve he drunk texted and called me, (I never picked up) leaving a voicemail telling me he loves me and he wants a relationship and that he’s so sorry. I blocked him the next morning. A couple months later I started seeing another guy (we currently have been dating for 10 months) him and I were making out and he pulled me down to playfully kiss me. I absolutely snapped and started crying. I confessed about my encounter with the other guy months before, and he apologized and comforted me. I just wanted a sincere opinion from someone on here, as I stated before I’m too ashamed to mention this to my friends or family. Thank you for taking the time to read this.","kdqu7e rape Was I sexually assaulted? Yeet_this_bitch /r/rape/comments/kdqu7e/was_i_sexually_assaulted/ I’m posting on here because I’m too embarrassed to genuinely ask a friend or family member. This happened a year ago and while I am no longer in contact with this person I still get really anxious and nervous when I think about what happened or I see someone who resembles him. A year ago, I started talking to this guy who happened to be in one of my classes. He seemed really charming, shy, funny and before long we planned to meet up for coffee then go back to his place. Everything was going alright, he drove us to his place and went downstairs to watch a movie and just talk and get to know each other better. Before long we started kissing and making out at first I did enjoy it but the longer it went on..the more uncomfortable I got. He began pulling my hair so hard while he kissed me I had tears in my eyes. Eventually he kept kissing me and I stopped kissing him back hoping he might take that as a hint to stop. Although, he didn’t and I never said no. I suggested we just watch a movie hoping things would stop altogether. That lasted for 20 minutes, until he quickly got on top of me and held me down to make out once again and fondle my breasts and bum. I laid there, not kissing him and screaming on the inside, he began whispering into my ear (gross things I do not wish to share.) After everything he dropped me off at my car. And asked “you won’t ditch me right? And completely ghost me?” I lied and said no. I sat in my car for an hour sobbing because I was so confused as to what happened. He knew he did something wrong because he texted me that night and apologized for being overly horny and asked if we could restart. I ignored him, whatever happened made me so uncomfortable I couldn’t just forget and restart our relationship. 1 week later on New Year’s Eve he drunk texted and called me, (I never picked up) leaving a voicemail telling me he loves me and he wants a relationship and that he’s so sorry. I blocked him the next morning. A couple months later I started seeing another guy (we currently have been dating for 10 months) him and I were making out and he pulled me down to playfully kiss me. I absolutely snapped and started crying. I confessed about my encounter with the other guy months before, and he apologized and comforted me. I just wanted a sincere opinion from someone on here, as I stated before I’m too ashamed to mention this to my friends or family. Thank you for taking the time to read this.",elleg247@0,1,/r/rape/comments/kdqu7e/was_i_sexually_assaulted/,Yeet_this_bitch,"I’m so sorry you’re going through that, I completely understand how stomach churning it is even months afterwards. I appreciate you responding to my post, it’s quite saddening to hear that other people are going through a similar thing as me but it makes me feel less alone. Sending you lots of love","i'm currently going through the same thing except we had sex too. i was so uncomfortable and in the moments leading up to it, i kept telling myself to stop panicking. it ended in me making up an excuse to leave and i blocked him. when i told my friend she said i was raped. it gets more graphic though i wont go into details.",2
18u6t6i,sexualassault,can i message RAINN about this,so im a 14 year old boy and a few months ago i had sex twice with a 29 year old man and its been really bothering me and i dont know how to feel about it and im really confused and i dont know what to feel or how to feel and im just lost and the whole experience has been making me feel like trash. i dont even know if it counts as SA bc ive been SA'd before but this is kind of weighing on me and i didnt know if this is something i could message them about or if it was just a service for people going through serious stuff,18u6t6i sexualassault can i message RAINN about this Ok_Comfortable4454 /r/sexualassault/comments/18u6t6i/can_i_message_rainn_about_this/ so im a 14 year old boy and a few months ago i had sex twice with a 29 year old man and its been really bothering me and i dont know how to feel about it and im really confused and i dont know what to feel or how to feel and im just lost and the whole experience has been making me feel like trash. i dont even know if it counts as SA bc ive been SA'd before but this is kind of weighing on me and i didnt know if this is something i could message them about or if it was just a service for people going through serious stuff,hermione_Z@2,3,/r/sexualassault/comments/18u6t6i/can_i_message_rainn_about_this/,Ok_Comfortable4454,okay good to know. tysm&lt;3,It's totally fine to use it even months or years later if you feel like you need to talk over emotions! I have done it before and have been warmly welcomed doing so. It doesn't need to be an immediate crisis to qualify.,9
1hv4zdy,meToo,Was this SA?,"So l've been in a relationship with a girl who has bpd. We had alot of ups and downs but one of them took place when we were having sex. I've never went raw and came inside a woman before, so the sex was great for both of us. Nearing the end I was getting close to climaxing and I heard once my girlfriend say, ""I need to go pee."" I said, I'm almost there hold on, and then 30 secs later I finished.
After the fact she went to the bathroom and came back and she was looking sad, so I asked what was wrong, and she said I had just SA'd her. Since I didn't know and she was saying u did that I was devastated because I thought we were just having sex and what u did was normal. After she said that she understands that I wasn't aware and she forgives me and for me not to do it again. Let me preface that in my position I only heard her say that once, my girlfriend said many months after that she said she said that multiple times, in which I didn't remember because I clearly remember her saying it once, but because of her bpd and chances of splitting and constant fights cause because it was one of our memories was right, I started doubting my own memory and just went with what she said.

The thing is that we moved on from it and had great times as a couple. It's only after I broke up with her she found the need to tell a couple of my friends that I SA'd her during the relationship causing me to lose one really close friend. The other two said they understood that it wasn't on purpose and stayed friends with me. After the fact she said that to my friends I wanted to ask her about an experience that she did to me. After her bringing it back up, it made me think about a time before I did that to her. When I realized she did that to me first. I asked my ex girlfriend now ""Can you answer honestly? I'm not trying to say this just because you are saying this to my friends but, that time when you steadied me and was trying to put my dick raw inside and I was saying no and pulled away, and you kept trying to persuade me to go raw, and I gave in and did it for 1 minute, was that SA?"" Mind you this was before the first event I mentioned. She said ""No it isn't, that's just something couples do, I'm sorry if I made you uncomfortable though.

I beat myself up alot over this, and some friends are telling me that my girlfriend SA'd me and I didn't.
They told me She was coercing me and tried forcing me in her which is SA. But I still think I did because I didn't listen the first time. I need clarity, and if what she did to me first was SA, and if what I did to her was SA.

","1hv4zdy meToo Was this SA? Ok-Sugar959 /r/meToo/comments/1hv4zdy/was_this_sa/ So l've been in a relationship with a girl who has bpd. We had alot of ups and downs but one of them took place when we were having sex. I've never went raw and came inside a woman before, so the sex was great for both of us. Nearing the end I was getting close to climaxing and I heard once my girlfriend say, ""I need to go pee."" I said, I'm almost there hold on, and then 30 secs later I finished.
After the fact she went to the bathroom and came back and she was looking sad, so I asked what was wrong, and she said I had just SA'd her. Since I didn't know and she was saying u did that I was devastated because I thought we were just having sex and what u did was normal. After she said that she understands that I wasn't aware and she forgives me and for me not to do it again. Let me preface that in my position I only heard her say that once, my girlfriend said many months after that she said she said that multiple times, in which I didn't remember because I clearly remember her saying it once, but because of her bpd and chances of splitting and constant fights cause because it was one of our memories was right, I started doubting my own memory and just went with what she said.

The thing is that we moved on from it and had great times as a couple. It's only after I broke up with her she found the need to tell a couple of my friends that I SA'd her during the relationship causing me to lose one really close friend. The other two said they understood that it wasn't on purpose and stayed friends with me. After the fact she said that to my friends I wanted to ask her about an experience that she did to me. After her bringing it back up, it made me think about a time before I did that to her. When I realized she did that to me first. I asked my ex girlfriend now ""Can you answer honestly? I'm not trying to say this just because you are saying this to my friends but, that time when you steadied me and was trying to put my dick raw inside and I was saying no and pulled away, and you kept trying to persuade me to go raw, and I gave in and did it for 1 minute, was that SA?"" Mind you this was before the first event I mentioned. She said ""No it isn't, that's just something couples do, I'm sorry if I made you uncomfortable though.

I beat myself up alot over this, and some friends are telling me that my girlfriend SA'd me and I didn't.
They told me She was coercing me and tried forcing me in her which is SA. But I still think I did because I didn't listen the first time. I need clarity, and if what she did to me first was SA, and if what I did to her was SA.

",HowMusikal@0,1,/r/meToo/comments/1hv4zdy/was_this_sa/,Ok-Sugar959,Thank you for that,"As a woman who has been SA’d multiple times, I sympathize with the situation but no, you did not SA her. 

You guys were enjoying sex, she didn’t say no, she let you finish but had to pee. She didn’t say stop after you asked for a few more seconds to climax. I do understand how BPD can affect how she experiences situations - I wouldn’t necessarily say she’s making up how she feels but SA? Nah. 

I do think she SA’d you, especially if you felt coerced or taken advantage of. Making a decision like that in the heat of the moment already adds pressure to the situation. Your first “no” should’ve been respected.",2
pt9qg6,rape,my boyfriend touched me while he thought i was asleep. Am I a victim?,"first of all: I know even If I was a victim it wouldn’t be rape, it would be sexual abuse. I just dont know what to do I need genuine advice and other subreddits ignored me

this is about my boyfriend. I love him very much and I trust him completely, he is a very sweet guy and would never do anything to me. he always asks for consent and I told him about womans issues and he supports feminism and hates the world because of what happens to woman etc and he is very protective over me. 

however, when we were at the very beginning of our relationship he touched me a few times while he thought i was asleep. 

he just sticked his fingers down there yk, but nothing really happened. just touched me. If I remember correctly we were always both very drunk when it happens but Im not sure (we were still very awkward at that time and just kissed) 

I remember feeling like „woah this is nice“ but also like wtf Im half asleep. 

one time, a friend also slept in a bed with us and we were all very drunk (his friend couldnt make it home so he slept with us) and then he put his hands down my pants and I said „stop your friend is here thats weird“ and he didnt stop, then I told him like seriously no and he stopped. 

i told him that and my bf said that he doesnt even know why he did that and he definitely didnt want to take advantage of me bcs I was asleep, but he admitted that he thinks he thought i was asleep at that time. he apologized and told me that it was in fact super weird. 

I dont feel like a victim, especially not at that time (i even joked about it) but now that i think about it I do have a weird gut feeling.","pt9qg6 rape my boyfriend touched me while he thought i was asleep. Am I a victim? rubycatcherintherye /r/rape/comments/pt9qg6/my_boyfriend_touched_me_while_he_thought_i_was/ first of all: I know even If I was a victim it wouldn’t be rape, it would be sexual abuse. I just dont know what to do I need genuine advice and other subreddits ignored me

this is about my boyfriend. I love him very much and I trust him completely, he is a very sweet guy and would never do anything to me. he always asks for consent and I told him about womans issues and he supports feminism and hates the world because of what happens to woman etc and he is very protective over me. 

however, when we were at the very beginning of our relationship he touched me a few times while he thought i was asleep. 

he just sticked his fingers down there yk, but nothing really happened. just touched me. If I remember correctly we were always both very drunk when it happens but Im not sure (we were still very awkward at that time and just kissed) 

I remember feeling like „woah this is nice“ but also like wtf Im half asleep. 

one time, a friend also slept in a bed with us and we were all very drunk (his friend couldnt make it home so he slept with us) and then he put his hands down my pants and I said „stop your friend is here thats weird“ and he didnt stop, then I told him like seriously no and he stopped. 

i told him that and my bf said that he doesnt even know why he did that and he definitely didnt want to take advantage of me bcs I was asleep, but he admitted that he thinks he thought i was asleep at that time. he apologized and told me that it was in fact super weird. 

I dont feel like a victim, especially not at that time (i even joked about it) but now that i think about it I do have a weird gut feeling.",Connect_Peanut_7308@0,1,/r/rape/comments/pt9qg6/my_boyfriend_touched_me_while_he_thought_i_was/,rubycatcherintherye,"thanks for your concern and advice! just to clarify things, we‘ve been together for 2 years and we spend A LOT of time together. he has never been abusive or even loud to me in any way. he treats me like a princess and he did apologize and says that it was wrong and weird and abusive. He really loves me he always asks for consent and when I smoke weed he even said he will not have sex with me because I’m not sober. he even told me that he I should not send completely nude pics to him bcs I told him a while ago that I’m uncomfortable with sending full nudes. he stopped watching porn for me (trusts me with his phone completely). thats why I’m confused. he is the nicest human being. like he never even screamed at me or anything, and one time he hurt me slightly by accident and he almost started crying because he was so sorry. I talked to him about it today and he said tjat he doesn’t remember everything and he believes that he thought i was asleep but he isnt sure. and he also said that he thinks he was drunk everytime. it didn’t happen often! and he also said he didnt think it just kind of happened and he regrets it and he already said that it is in fact assault. I asked him if I was overreacting and he said no…","He has assaulted you and he will keep taking advantage of you . Being drunk is no excuse. he is disrespectful to you and , he will be doing this to any drunk woman who crashes at his place. I would suggest you to take break from him and seek therapy. You love him and your trust has broken. He didn’t apologize and work on himself instead smartly gaslighted you. If you don’t get out of this relationship it will turn more abusive slowly. So for your own safety and sanity break up earlier  while being surrounded by your close and trust worthy friend and family even though it’s really hard. Never break up with this guy when you are alone.",2
zs6o78,rape,there's no way there's a God bc how could anyone ever just let this stuff keep happening. WASNT ONCE ENOUGH?? WASNT TWICE ENOUGH??? WASNT 3 FUCKING TIMES ENOUGH???? IF THERE IS A GOD I FUCKING HATE HIM AND HE OWES ME AND ANYONE ELSE WHO SUFFERED THIS AN APOLOGY (LONG VENT/RANT/MY STORY IDK),"Tw for drug use. Yall know the subreddit so other triggers (sa rape grooming abuse) mentioned should be expected.

My step dad did stuff to me when I was 14 and 15. Ever since I've been so fucked up. I have disgusting fetishes and date and fuck just about anyone who gives me attention. And if I find someone who doesn't immediately take advantage of my nievety, high drive, and numbness I fall deeply in love with them to the point of obsession and anxious attachment.

Its like I attract these people. My step dad groomed me and molested me as a teen. I used to remember every detail of it. I hated it and I hated even more that it felt good. After he started messing with me I got a high sex drive. I masturbated a lot to the stuff he did to me. Sometimes I wanted him to do it again only to jack off to it just to end up with a full sobbing breakdown after finishing.

 I started trying to talk about it and ended up further getting groomed on the internet by adults getting off to my stories and telling me what they'd do if they were my dad instead, fucking evil pigs. And I put myself in those situations. I knew they were adults I knew I shouldn't have sent pictures I knew I shouldn't have talked to them. I dont know how many people saw my 16 year old body. They always told me how mature I was. I liked the attention. I wanted to be abused more.

I mean I didn't want it but I did. I have no idea how to explain how much I loved and hated men. I do know I always always wanted to be loved. Despite it all but they'd only ever hurt me or degrade and humiliate me.

Fast forward though abusive relationships and exploitative men to September of 2021. I just broke up with a shitty boyfriend that was the nicest one yet. I was just fucking whoever to get over him. I was safe tho. Condoms, meeting up in public first, things like that, well I had a meet up with someone and when we went back to their house I made it clear I was on my period and was planning on doing dinner and going home. He drugged and raped me and I spent the night bc I wasn't conscious enough to drive or get away. I just remember bits and pieces but I remember him saying he had a breeding kink while raping me and telling me he was gonna finish inside me.

I tried to kill myself after that. Ended up in the hospital and psych ward only to be neglected shamed and preached at by everyone there who encountered me. They gave me fucking crayons like a toddler and I kept having to answer stupid questions about why I was there as if anyone else whod been through what I had wouldnt also be. They treated me like a nutcase. I lost 20 lbs in the span of a week from the OD, having my stomach pumped, and not being able to stomach food only to be told I looked better when I got out because I was skinnier by my male coworker (he only thought I was sick he didn't know the details but still).

Some family took me in when they heard about the suicide attempt and I moved 10 hours away from my hometown. I was given the opportunity to go to school. Back to my usual mediocre/shitty hookups. 

Then I met him. I can't briefly describe how much this man changed my life.. He treated me like a person. He cooked for me. He drove me places. He treated me like a human. We were never a serious relationship. I fell in love with him and it was too much knowing he didn't feel the same way and he was just nice so I ended things back in August.

2 weeks after ""breaking up"" with him I was at a get together with a coworker her bf and their roommate who was a guy.

We were drinking and they raped me and took turns. The coworker had long nails and I got lesions inside. It all hurt so bad I just remember screaming. I remember thinking about the guy I just broke up with and how gentle he'd always been with me as if I wasn't just a fuck doll. I remembered being treated like a human. I was targeted by this coworker I know it. She knew my trauma she pretended to empathize with me and be safe just to get me involved in an orgy that I didn't consent to.

In late October I reached out to the guy I had been seeing before and found out he moved across the country in the time we'd been apart. We started talking again and now we're dating. He says he loves me now. He's buying me a plane ticket to fly me there for valentines day. He was devastated abt hearing what happened hes been nothing but nice and now I'm his girlfriend. Ive never been treated like this. He talks about how beautiful I am. He tells me he loves me and misses me. He hates the people that did these things to me. I love him so much he sees me as a person. He cares about me. He makes sure I drink water. Isn't that funny? He asks me to text him when I get home. He says he wished he knew he loved me sooner. I just hope this doesn't get taken away bc I know who I am. I know that predators know im prey and I know that if this ends ill end up back where I always do.


All that aside idk what I was hoping for in sharing this. Just to get it all out I guess. Im emotional today. I started out typing this angry and sad and now I'm just reminded of how much happier and safer I feel with my boyfriend.

 All I ever wanted was to be loved. I desperately wish I could go back though. I wish I could've gotten out. I wish I didn't end up the way I did. I dont believe in virginity I think its a gross concept but I wish I'd saved it for the guy im with now. Sex with him is how its supposed to be. I wish I hadn't slept with so many people who hurt me and my body. I wish that I could've been shown how to love myself sooner. Because I love myself now. There's so many things I wish I could change. My boyfriend loves me the way a man is supposed to love a woman. I wish I'd know this feeling sooner. Because up until now id only ever been a little girl loved by a man and then a victim used by evil people. Now im a woman loved by a man who treats me like a person deserving of respect and dignity.

I just hope that God, the universe, higher power or whatever doesn't take this away from me. The rug has been pulled out from under me so many times. I dont think my heart can take it one more time. Not when im finally learning to heal again. Ending this as a prayer to whoever is in charge of making things happen. Please don't take this away from me. I just want to live and be loved.","zs6o78 rape there's no way there's a God bc how could anyone ever just let this stuff keep happening. WASNT ONCE ENOUGH?? WASNT TWICE ENOUGH??? WASNT 3 FUCKING TIMES ENOUGH???? IF THERE IS A GOD I FUCKING HATE HIM AND HE OWES ME AND ANYONE ELSE WHO SUFFERED THIS AN APOLOGY (LONG VENT/RANT/MY STORY IDK) the__adelaide_parade /r/rape/comments/zs6o78/theres_no_way_theres_a_god_bc_how_could_anyone/ Tw for drug use. Yall know the subreddit so other triggers (sa rape grooming abuse) mentioned should be expected.

My step dad did stuff to me when I was 14 and 15. Ever since I've been so fucked up. I have disgusting fetishes and date and fuck just about anyone who gives me attention. And if I find someone who doesn't immediately take advantage of my nievety, high drive, and numbness I fall deeply in love with them to the point of obsession and anxious attachment.

Its like I attract these people. My step dad groomed me and molested me as a teen. I used to remember every detail of it. I hated it and I hated even more that it felt good. After he started messing with me I got a high sex drive. I masturbated a lot to the stuff he did to me. Sometimes I wanted him to do it again only to jack off to it just to end up with a full sobbing breakdown after finishing.

 I started trying to talk about it and ended up further getting groomed on the internet by adults getting off to my stories and telling me what they'd do if they were my dad instead, fucking evil pigs. And I put myself in those situations. I knew they were adults I knew I shouldn't have sent pictures I knew I shouldn't have talked to them. I dont know how many people saw my 16 year old body. They always told me how mature I was. I liked the attention. I wanted to be abused more.

I mean I didn't want it but I did. I have no idea how to explain how much I loved and hated men. I do know I always always wanted to be loved. Despite it all but they'd only ever hurt me or degrade and humiliate me.

Fast forward though abusive relationships and exploitative men to September of 2021. I just broke up with a shitty boyfriend that was the nicest one yet. I was just fucking whoever to get over him. I was safe tho. Condoms, meeting up in public first, things like that, well I had a meet up with someone and when we went back to their house I made it clear I was on my period and was planning on doing dinner and going home. He drugged and raped me and I spent the night bc I wasn't conscious enough to drive or get away. I just remember bits and pieces but I remember him saying he had a breeding kink while raping me and telling me he was gonna finish inside me.

I tried to kill myself after that. Ended up in the hospital and psych ward only to be neglected shamed and preached at by everyone there who encountered me. They gave me fucking crayons like a toddler and I kept having to answer stupid questions about why I was there as if anyone else whod been through what I had wouldnt also be. They treated me like a nutcase. I lost 20 lbs in the span of a week from the OD, having my stomach pumped, and not being able to stomach food only to be told I looked better when I got out because I was skinnier by my male coworker (he only thought I was sick he didn't know the details but still).

Some family took me in when they heard about the suicide attempt and I moved 10 hours away from my hometown. I was given the opportunity to go to school. Back to my usual mediocre/shitty hookups. 

Then I met him. I can't briefly describe how much this man changed my life.. He treated me like a person. He cooked for me. He drove me places. He treated me like a human. We were never a serious relationship. I fell in love with him and it was too much knowing he didn't feel the same way and he was just nice so I ended things back in August.

2 weeks after ""breaking up"" with him I was at a get together with a coworker her bf and their roommate who was a guy.

We were drinking and they raped me and took turns. The coworker had long nails and I got lesions inside. It all hurt so bad I just remember screaming. I remember thinking about the guy I just broke up with and how gentle he'd always been with me as if I wasn't just a fuck doll. I remembered being treated like a human. I was targeted by this coworker I know it. She knew my trauma she pretended to empathize with me and be safe just to get me involved in an orgy that I didn't consent to.

In late October I reached out to the guy I had been seeing before and found out he moved across the country in the time we'd been apart. We started talking again and now we're dating. He says he loves me now. He's buying me a plane ticket to fly me there for valentines day. He was devastated abt hearing what happened hes been nothing but nice and now I'm his girlfriend. Ive never been treated like this. He talks about how beautiful I am. He tells me he loves me and misses me. He hates the people that did these things to me. I love him so much he sees me as a person. He cares about me. He makes sure I drink water. Isn't that funny? He asks me to text him when I get home. He says he wished he knew he loved me sooner. I just hope this doesn't get taken away bc I know who I am. I know that predators know im prey and I know that if this ends ill end up back where I always do.


All that aside idk what I was hoping for in sharing this. Just to get it all out I guess. Im emotional today. I started out typing this angry and sad and now I'm just reminded of how much happier and safer I feel with my boyfriend.

 All I ever wanted was to be loved. I desperately wish I could go back though. I wish I could've gotten out. I wish I didn't end up the way I did. I dont believe in virginity I think its a gross concept but I wish I'd saved it for the guy im with now. Sex with him is how its supposed to be. I wish I hadn't slept with so many people who hurt me and my body. I wish that I could've been shown how to love myself sooner. Because I love myself now. There's so many things I wish I could change. My boyfriend loves me the way a man is supposed to love a woman. I wish I'd know this feeling sooner. Because up until now id only ever been a little girl loved by a man and then a victim used by evil people. Now im a woman loved by a man who treats me like a person deserving of respect and dignity.

I just hope that God, the universe, higher power or whatever doesn't take this away from me. The rug has been pulled out from under me so many times. I dont think my heart can take it one more time. Not when im finally learning to heal again. Ending this as a prayer to whoever is in charge of making things happen. Please don't take this away from me. I just want to live and be loved.",Hot-Pepper-071295@0,1,/r/rape/comments/zs6o78/theres_no_way_theres_a_god_bc_how_could_anyone/,the__adelaide_parade,"Thank you for the advice and kind words I do appreciate it. I have an idea of how I should be trying to manage things but it still makes things hard. Trauma makes everything hard dude. Im sure you know since you're here too but still. Idk id like to get help but my therapists and drs have hurt me in the past. That in itself makes it just one more layer you know? But gulenuinely, thank you.","I'm so sorry dear, you went through a roller coaster of a trauma and it'll haunt you unless you take a professional's help on how to deal with this.

You need to therapy to in order to make yourself able to heal about what happened and how to protect yourself from situations like these. And under no circumstances, will you ever attempt to take your life.

You're still beautiful. I won't say forget your past but learn from it. Let it be your guidance for your future not the reason of your fall. Please without therapy you can't learn to move on or heal and learn to avoid situations where predators are waiting to prey on you.

Lastly try to focus on completing your school and getting a degree. Make a future and keep your focus on that. Go on journey of self-discovery and learn about your likes and dislike, for example your hobbies. Apart from completing education, learn to keep yourself busy with your hobbies.

I'm not at all saying that it would be easy. It would be hard and rocky road but you can cross it. I hope you understand that working on yourself can help you achieve happiness in life.
Lots of hugs for you dear.

PS: Don't respond to creepy and triggering messages or dms.",5
1ghylt9,TwoXChromosomes,How is this SA?,"It was 1- 2 AM. I (18f) was in bed until I heard someone open my door and saw it was a guy who lives in the same flat of me. I said ""you're in the wrong room"" as he stumbled in and kind of freaked out when I saw him holding his dick. I grabbed his arm and tried pulling him out but he literally wouldn't budge and he was starting to stand in front of my bed as if he was about to pee on it while holding his dick. When I tried pulling away again, he collapsed on my bed. I went to the office to get the people to remove him and they said that his whole front including his hair was covered in ""water"" they believe. My whole sheets and pillows were wet but when I smelled them, it smelled like sin and it honestly made me gag. The smell is still burning in my nose.

I understand that it was unintentional since he was stupidly drunk but ew.

I told some people about it but they disagreed with me when I said I don’t believe it’s SA since he was drunk and only thought my room was his, right?","1ghylt9 TwoXChromosomes How is this SA? No-Debate607 /r/TwoXChromosomes/comments/1ghylt9/how_is_this_sa/ It was 1- 2 AM. I (18f) was in bed until I heard someone open my door and saw it was a guy who lives in the same flat of me. I said ""you're in the wrong room"" as he stumbled in and kind of freaked out when I saw him holding his dick. I grabbed his arm and tried pulling him out but he literally wouldn't budge and he was starting to stand in front of my bed as if he was about to pee on it while holding his dick. When I tried pulling away again, he collapsed on my bed. I went to the office to get the people to remove him and they said that his whole front including his hair was covered in ""water"" they believe. My whole sheets and pillows were wet but when I smelled them, it smelled like sin and it honestly made me gag. The smell is still burning in my nose.

I understand that it was unintentional since he was stupidly drunk but ew.

I told some people about it but they disagreed with me when I said I don’t believe it’s SA since he was drunk and only thought my room was his, right?",tacotanya@1,2,/r/TwoXChromosomes/comments/1ghylt9/how_is_this_sa/,No-Debate607,"I’m so sorry that happened. But yeah, he was impossible to move from my bed too. I’ll talk to him about it and get the money for the damage (hopefully)

I was just confused on why I was in the wrong for not seeing it as sexual assault and not wanting to put him in jail for that 😭","My ex had “issues” with alcohol, and one night he stumbled home, got into bed reeking of alcohol, then no more than 5 minutes later, stood up, walked a few feet to the corner of the room and peed all over my dresser full of clothes. The whole time I was yelling his name and trying to move him towards the bathroom, but he wouldn’t budge and then realized that would probably make more of a mess than the corner where he was. 

A person in that state has no understanding or control over what they are doing. He also had no recollection of what he did the next day. Not sure if you have already done this but - if you haven’t spoken to him about the incident, you may want to let him know what he did, while I don’t condone any of this behavior whatsoever, he may just cover the costs to replace your belongings because it is the right thing to do. My ex was a completely different person when he was sober. Too bad it wasn’t that often, that is why he is my ex. :/",3
llfv69,sexualassault,I didn't realise I was assaulted until I told somebody else what happened.,"About a year and a half a go I matched with this guy, J, on a dating app. We messaged for a bit and then met up at a bar for drinks. He was really charming and had this way about him that just made you feel attractive and wanted. We kissed a few times and throughout the date he kept pressuring me to go back to his place but I refused. Instead I went home but we continued to message for another week or so until we arranged a second date. 

This time we went out for lunch, J was once again extremely charming, paid for my food and told me he missed me. I agreed to go back to his place after lunch and he led me upstairs to his bedroom. We kissed again and he pushed me down on his bed. I told him firmly that I would not have sex with him so instead he said ""how about a shirt for a shirt?"" Before I could answer J took off his shirt and tried to take off mine. I struggled against him but then he tried to make me feel guilty, like my silence had somehow consented to his bargain. He pulled off my shirt and unhooked my bra. He kept kissing me and touching me, calling me sexy and making it seem like I wanted it.

He then grabbed my hand and put it down his pants asking me to touch him. He removed the rest of his clothes and the next thing I was taking him in my mouth. He tried to undo my belt and touch me between my legs but I grabbed his hand and managed to push him off. I put my top back on, he helped me put my necklace on, gently kissing my neck. I got an uber home and that was that. 

Shortly after I was talking to my housemate, H, about what happened with the last guy I dated. I told him this story, in my mind I believed it wasn't assault- he hadn't raped me or anything. H pointed out that I didn't consent to what he did to me. I think my brain as a way of coping with what happened made me believe it was normal, that somehow I wanted it. Looking back I now see that I said 'no' multiple times and was coerced into it. 

I'm glad H made me aware of what happened, telling someone made me realise that it was serious and no matter what happened, everyone's assault story is valid regardless of severity.","llfv69 sexualassault I didn't realise I was assaulted until I told somebody else what happened. gia_99 /r/sexualassault/comments/llfv69/i_didnt_realise_i_was_assaulted_until_i_told/ About a year and a half a go I matched with this guy, J, on a dating app. We messaged for a bit and then met up at a bar for drinks. He was really charming and had this way about him that just made you feel attractive and wanted. We kissed a few times and throughout the date he kept pressuring me to go back to his place but I refused. Instead I went home but we continued to message for another week or so until we arranged a second date. 

This time we went out for lunch, J was once again extremely charming, paid for my food and told me he missed me. I agreed to go back to his place after lunch and he led me upstairs to his bedroom. We kissed again and he pushed me down on his bed. I told him firmly that I would not have sex with him so instead he said ""how about a shirt for a shirt?"" Before I could answer J took off his shirt and tried to take off mine. I struggled against him but then he tried to make me feel guilty, like my silence had somehow consented to his bargain. He pulled off my shirt and unhooked my bra. He kept kissing me and touching me, calling me sexy and making it seem like I wanted it.

He then grabbed my hand and put it down his pants asking me to touch him. He removed the rest of his clothes and the next thing I was taking him in my mouth. He tried to undo my belt and touch me between my legs but I grabbed his hand and managed to push him off. I put my top back on, he helped me put my necklace on, gently kissing my neck. I got an uber home and that was that. 

Shortly after I was talking to my housemate, H, about what happened with the last guy I dated. I told him this story, in my mind I believed it wasn't assault- he hadn't raped me or anything. H pointed out that I didn't consent to what he did to me. I think my brain as a way of coping with what happened made me believe it was normal, that somehow I wanted it. Looking back I now see that I said 'no' multiple times and was coerced into it. 

I'm glad H made me aware of what happened, telling someone made me realise that it was serious and no matter what happened, everyone's assault story is valid regardless of severity.",[deleted]@2,3,/r/sexualassault/comments/llfv69/i_didnt_realise_i_was_assaulted_until_i_told/,gia_99,Thank you so much 😊,Ok good hopefully he’s change or at least recognized he did wrong.  I hope you find a great partner or someone who treats you like you should.,1
jl0eix,rape,Is this considered sexual assault?,"Trigger warning: detailed events of possible sexual assault

I think about this more than I would like to, and I have never talked about it with anyone because it was so long ago.

When I was 16 (F) I had my first kiss with this guy (17) and I was over the moon because I had been wanting to get my first kiss over with. At this age I was experimenting with porn videos and masturbation so I was horny. One night we were snap chatting and he asked me if we could hang out again soon. I agreed and he started talking about kissing, and having sex. In the moment I said I would. When we hung out next I quickly told him I no longer wanted to do that and I wasn’t ready. He said that I couldn’t go back on my word because I already told him yes. We were similar builds so I could’ve easily fought back but I didn’t. He stripped me down, and then pulled his pants down. He asked me to touch his penis but I refused because I was honestly revolted and extremely anxious. After asking him to stop and saying I didn’t want to be told me to stop worrying and just enjoy it. He slipped his penis inside of me, but I remember not feeling anything. I don’t know if maybe it just didn’t go inside of me, but I remember him thrusting and him finishing inside of his condom. After he ran to the bathroom and I texted me mom to pick me up immediately. Was this considered rape? I never talked to him again, I never told anyone, I just think about it to myself and wonder if I was raped or if I am just plying victim.","jl0eix rape Is this considered sexual assault? Anxious-Increase-248 /r/rape/comments/jl0eix/is_this_considered_sexual_assault/ Trigger warning: detailed events of possible sexual assault

I think about this more than I would like to, and I have never talked about it with anyone because it was so long ago.

When I was 16 (F) I had my first kiss with this guy (17) and I was over the moon because I had been wanting to get my first kiss over with. At this age I was experimenting with porn videos and masturbation so I was horny. One night we were snap chatting and he asked me if we could hang out again soon. I agreed and he started talking about kissing, and having sex. In the moment I said I would. When we hung out next I quickly told him I no longer wanted to do that and I wasn’t ready. He said that I couldn’t go back on my word because I already told him yes. We were similar builds so I could’ve easily fought back but I didn’t. He stripped me down, and then pulled his pants down. He asked me to touch his penis but I refused because I was honestly revolted and extremely anxious. After asking him to stop and saying I didn’t want to be told me to stop worrying and just enjoy it. He slipped his penis inside of me, but I remember not feeling anything. I don’t know if maybe it just didn’t go inside of me, but I remember him thrusting and him finishing inside of his condom. After he ran to the bathroom and I texted me mom to pick me up immediately. Was this considered rape? I never talked to him again, I never told anyone, I just think about it to myself and wonder if I was raped or if I am just plying victim.",BitesWhenBitten@0,1,/r/rape/comments/jl0eix/is_this_considered_sexual_assault/,Anxious-Increase-248,Thank you for saying this. I’ve been trying to tell myself this for a long time,"That is absolutely rape. There are lots of reasons survivors choose to fight or not to fight in the moment, but it's irrelevant. You said stop. You said you didn't want to. He overrode your wishes. You are not making it out to be more than what it is.",1
1h8zict,sexualassault,Is it possible for sexual assault to occur without an abuser?,"I’ve been trying to figure out my situation and I know I have trauma related to sexual things but there wasn’t a perpetrator. For context my trauma is due to viewing pornography at to young of an age the earliest I can remember seeing that stuff is a 9 years old. No one showed it to me, it was just due to my parents not paying enough attention to what I saw on the internet. I don’t even know if this could even be considered sexual assault or abuse but it seems like no one has an experience like this so it feels kinda lonely. Could anyone tell me if this is considered SA or not?

EDIT: 12/12/2024
After going through my memories and trying to remember the first time I was exposed to inappropriate content, I believe it is due to an ex friend showing me or being told to search it up. At this point due to my bad memory idk what to think.

EDIT#2: 12/14/2024
I’ve been trying to remember more and so far I’ve discovered that whatever started this happened when I was around 10 years old, not 9. I’ve also figured out that the most likely reason I was exposed to nsfw content was from an ex friend either showing me or telling me to look it up. He was around the same age as me so I don’t know if that makes any difference. Also I unfortunately don’t remember his name so I can’t exactly look for him and ask him questions. There is also I struggle to remember much prior to the year 2015 although I have a few memories here and there during the period of time between 2012-2015. I wish I could remember more.","1h8zict sexualassault Is it possible for sexual assault to occur without an abuser? hunterwasused /r/sexualassault/comments/1h8zict/is_it_possible_for_sexual_assault_to_occur/ I’ve been trying to figure out my situation and I know I have trauma related to sexual things but there wasn’t a perpetrator. For context my trauma is due to viewing pornography at to young of an age the earliest I can remember seeing that stuff is a 9 years old. No one showed it to me, it was just due to my parents not paying enough attention to what I saw on the internet. I don’t even know if this could even be considered sexual assault or abuse but it seems like no one has an experience like this so it feels kinda lonely. Could anyone tell me if this is considered SA or not?

EDIT: 12/12/2024
After going through my memories and trying to remember the first time I was exposed to inappropriate content, I believe it is due to an ex friend showing me or being told to search it up. At this point due to my bad memory idk what to think.

EDIT#2: 12/14/2024
I’ve been trying to remember more and so far I’ve discovered that whatever started this happened when I was around 10 years old, not 9. I’ve also figured out that the most likely reason I was exposed to nsfw content was from an ex friend either showing me or telling me to look it up. He was around the same age as me so I don’t know if that makes any difference. Also I unfortunately don’t remember his name so I can’t exactly look for him and ask him questions. There is also I struggle to remember much prior to the year 2015 although I have a few memories here and there during the period of time between 2012-2015. I wish I could remember more.",Ok_Meat2513@2,3,/r/sexualassault/comments/1h8zict/is_it_possible_for_sexual_assault_to_occur/,hunterwasused,"Oh, okay. Thank you.😊",No that is completely okay. I think a lot of people here haven’t experienced SA themselves so I think it is fine,1
tzfapg,sexualassault,was i sexually assaulted?,"i (f23) had been chatting with a co worker (m29) for a week or so consistently on the phone and he would always tell me that im cute and pretty and smart and that we should hang out. i just got out of a fwb type deal (1st ever, never had a real bf or anything) so i wasnt really looking for anything in particular but he was sweet and honestly i liked having someone give me that kind of attention. I picked him up one night after work and went for a little drive. at one point he touched my arm and said we should pull over. i instinctively said why and he said to talk and i went with it. we talked for a while but when i was speaking he randomly grabbed my hands (not rough)  and interrupted me by kissing me. i didnt really know what to do and once again i just went with it. this happened a couple of times, he would ask me questions and when i was speaking he would make out with me. my brain felt pretty cloudy, i was thinking about how to get out of the situation. i didnt like that he didnt ask if it was okay for him to touch me, let alone kiss me. he started touching my chest and my thighs and kissing my neck. i felt just numb and i didnt know what to do. he put his mouth on my chest and had me sit on his lap. he grabbed my hips so we were grinding and making out and all i could think was that i did not want to have sex with him. after a while i thankfully saw headlights and a nice police lady came up and gave us a warning. i gave her a look and she knew we would be leaving and made sure i was okay without him noticing. afterwards i texted him that i really am in no position to be in a relationship like that right now and he apologized and said he hoped i wasnt uncomfortable and didnt hate him. i cried the whole way over to my friends house because i felt like i was a slut and did something wrong and didnt know how to get myself out of that situation. my best friend (m22) said it was not okay for him not to ask me and that it sounded like he took advantage of me. is he right? am i just being over dramatic? no wrong answers i just dont know how to feel about it.

edit: i stopped the kissing every time and intentionally didnt make eye contact, and kept my hands in my lap until he put me on his lap.","tzfapg sexualassault was i sexually assaulted? Grouchy_Artist_5042 /r/sexualassault/comments/tzfapg/was_i_sexually_assaulted/ i (f23) had been chatting with a co worker (m29) for a week or so consistently on the phone and he would always tell me that im cute and pretty and smart and that we should hang out. i just got out of a fwb type deal (1st ever, never had a real bf or anything) so i wasnt really looking for anything in particular but he was sweet and honestly i liked having someone give me that kind of attention. I picked him up one night after work and went for a little drive. at one point he touched my arm and said we should pull over. i instinctively said why and he said to talk and i went with it. we talked for a while but when i was speaking he randomly grabbed my hands (not rough)  and interrupted me by kissing me. i didnt really know what to do and once again i just went with it. this happened a couple of times, he would ask me questions and when i was speaking he would make out with me. my brain felt pretty cloudy, i was thinking about how to get out of the situation. i didnt like that he didnt ask if it was okay for him to touch me, let alone kiss me. he started touching my chest and my thighs and kissing my neck. i felt just numb and i didnt know what to do. he put his mouth on my chest and had me sit on his lap. he grabbed my hips so we were grinding and making out and all i could think was that i did not want to have sex with him. after a while i thankfully saw headlights and a nice police lady came up and gave us a warning. i gave her a look and she knew we would be leaving and made sure i was okay without him noticing. afterwards i texted him that i really am in no position to be in a relationship like that right now and he apologized and said he hoped i wasnt uncomfortable and didnt hate him. i cried the whole way over to my friends house because i felt like i was a slut and did something wrong and didnt know how to get myself out of that situation. my best friend (m22) said it was not okay for him not to ask me and that it sounded like he took advantage of me. is he right? am i just being over dramatic? no wrong answers i just dont know how to feel about it.

edit: i stopped the kissing every time and intentionally didnt make eye contact, and kept my hands in my lap until he put me on his lap.",TeeDee101@0,1,/r/sexualassault/comments/tzfapg/was_i_sexually_assaulted/,Grouchy_Artist_5042,thank you for your comments. i thought i was going crazy for feeling so sick and humiliated about the situation. it really made me question when he asked if i hated him unless he felt something was wrong too. i appreciate your validation,"You were sexually assaulted. He should have asked you if you were willing to do anything and he didn't. You also gave him non verbal feedback that his actions weren't wanted when you were stopping the kissing and didn't actively participate. 
Please don't doubt the trauma of your ordeal. Think about it, why did he later tell you that he hoped you you weren't uncomfortable and that you didn't hate him? Why did he feel the need to tell you that? Because he *knew* what he did. You think that guys can't tell when someone is feeling it? They can sense discomfort and therefore move with awareness when assaulting someone. I'm so sorry. Please disregard the commenter below. They might just be misinformed and naïve. You WERE assaulted. Think about how dirty you felt, how you needed the help of that police lady - if you were consenting, why would you feel that way? I'm so sorry",1
voz00b,sexualassault,Boyfriend’s best friend sexually coerced me,"TW: S*icide, will be fairly graphic

TLDR: My boyfriend’s suicidal best friend forced himself on me but doesn’t seem to think he did, then attempted suicide and is planning on it again. I don’t want to hurt anyone else and want to carry the burden myself. 

My boyfriend was hosting drinks at his place and one of his best friends who I’ve never talked to before (spends most of the year in another city for uni) stayed till the end. This guy also has a girlfriend. We were having fun conversation about irony and continued after everyone was long gone and my boyfriend had headed to bed, telling us to go to his flatmates room to chat. We did, and watched some YouTube videos. 

Halfway through a video I went to puke, then came back and resumed the video. However this time the friend got closer, I thought it was because it was cold, but slowly started groping me. I’m super socially anxious and the world’s worst people pleaser, but I still found the strength to tell him to stop. I was so proud of this until I didn’t. He’d then say something like “Sorry, you’re right, you’re right, let’s turn it down a couple notches”. This cycle went on and on, at least 10 times and potentially up to 20 or more. Each time I tried to come up with something to stop him. I know I should’ve probably run away at some point, but I was scared of upsetting him because I knew about his mental health issues and his previous suicide attempts. I hate myself so much for not running.

I tried so hard, I told him I could step out for him to jerk off, I could invite my boyfriend because he’d had a crush on my boyfriend and my boyfriend mentioned that he’s the only friend he’d be comfortable having a threesome with, I tried blowing my stinky puke breath in his face, telling him I’m gross, telling him I couldn’t, we couldn’t do this to my boyfriend or his girlfriend, pushing him off, so many things. Then he was on me and in me and I just hoped it’d end ASAP. 

As soon as he finished, while still on me and in me, he told me he was planning on killing himself in a couple days, or even that very night. I tried comforting him and convincing him not to as well as I could, but apparently it wasn’t enough. He crashed his dad’s car and was hospitalised. In between this he also asked me why I did it, as if he thought I wanted what happened. I didn’t want him to hate himself more so didn’t really say anything. I also was still confused as to whether giving up and not fighting back harder was my fault or not, which I’m still very mixed up about. I keep thinking it’s me avoiding responsibility, but I simultaneously know I was very clear that I didn’t want it. He was also very drunk, so that probably explained the... dubious consent? Another thing that makes me think this might have been assault is he mentioned doing something horrible that was worse than the worst thing I could think of to an ex, who I know has been previously assaulted by a partner. He told me to keep what we did a secret, which I agreed to because it would ruin a lot of lives if this came out.


I went to the hospital to visit him the next morning with my boyfriend, but only he could see him due to covid restrictions. He didn’t tell my boyfriend a thing. My boyfriend has previously said that he’d never talk to me again if I slept with one of his friends, which is fair, and I really don’t want that to happen. I don’t want his relationship with the friend ruined either, because they’ve both been the only source of support for each other through suicidal times and as I said, the friend is still actively suicidal. The friend’s girlfriend is another obvious person who would be hurt. 

I opened up to some people about what happened, some say it’s best to keep quiet about it while others are telling me I have to tell my boyfriend and maybe even the police. 

I’m very scared, I don’t know what to do. I don’t know if it was assault. I’m pretty sure it is, but that’s heavy and I don’t want to hurt people involved or have someone who’s life is at stake to get in trouble and add another reason to his wanting to die. Some friends are telling me I shouldn’t care about him after what he’s done, but it’s so blurry and I can’t be certain it was assault because I keep doubting myself. However, I know that if I had a friend who was in this situation I’d tell them it was.

Was this sexual assault? Do I tell my boyfriend? If I do, how? Do I tell the police? Please help me.","voz00b sexualassault Boyfriend’s best friend sexually coerced me helpmesospls /r/sexualassault/comments/voz00b/boyfriends_best_friend_sexually_coerced_me/ TW: S*icide, will be fairly graphic

TLDR: My boyfriend’s suicidal best friend forced himself on me but doesn’t seem to think he did, then attempted suicide and is planning on it again. I don’t want to hurt anyone else and want to carry the burden myself. 

My boyfriend was hosting drinks at his place and one of his best friends who I’ve never talked to before (spends most of the year in another city for uni) stayed till the end. This guy also has a girlfriend. We were having fun conversation about irony and continued after everyone was long gone and my boyfriend had headed to bed, telling us to go to his flatmates room to chat. We did, and watched some YouTube videos. 

Halfway through a video I went to puke, then came back and resumed the video. However this time the friend got closer, I thought it was because it was cold, but slowly started groping me. I’m super socially anxious and the world’s worst people pleaser, but I still found the strength to tell him to stop. I was so proud of this until I didn’t. He’d then say something like “Sorry, you’re right, you’re right, let’s turn it down a couple notches”. This cycle went on and on, at least 10 times and potentially up to 20 or more. Each time I tried to come up with something to stop him. I know I should’ve probably run away at some point, but I was scared of upsetting him because I knew about his mental health issues and his previous suicide attempts. I hate myself so much for not running.

I tried so hard, I told him I could step out for him to jerk off, I could invite my boyfriend because he’d had a crush on my boyfriend and my boyfriend mentioned that he’s the only friend he’d be comfortable having a threesome with, I tried blowing my stinky puke breath in his face, telling him I’m gross, telling him I couldn’t, we couldn’t do this to my boyfriend or his girlfriend, pushing him off, so many things. Then he was on me and in me and I just hoped it’d end ASAP. 

As soon as he finished, while still on me and in me, he told me he was planning on killing himself in a couple days, or even that very night. I tried comforting him and convincing him not to as well as I could, but apparently it wasn’t enough. He crashed his dad’s car and was hospitalised. In between this he also asked me why I did it, as if he thought I wanted what happened. I didn’t want him to hate himself more so didn’t really say anything. I also was still confused as to whether giving up and not fighting back harder was my fault or not, which I’m still very mixed up about. I keep thinking it’s me avoiding responsibility, but I simultaneously know I was very clear that I didn’t want it. He was also very drunk, so that probably explained the... dubious consent? Another thing that makes me think this might have been assault is he mentioned doing something horrible that was worse than the worst thing I could think of to an ex, who I know has been previously assaulted by a partner. He told me to keep what we did a secret, which I agreed to because it would ruin a lot of lives if this came out.


I went to the hospital to visit him the next morning with my boyfriend, but only he could see him due to covid restrictions. He didn’t tell my boyfriend a thing. My boyfriend has previously said that he’d never talk to me again if I slept with one of his friends, which is fair, and I really don’t want that to happen. I don’t want his relationship with the friend ruined either, because they’ve both been the only source of support for each other through suicidal times and as I said, the friend is still actively suicidal. The friend’s girlfriend is another obvious person who would be hurt. 

I opened up to some people about what happened, some say it’s best to keep quiet about it while others are telling me I have to tell my boyfriend and maybe even the police. 

I’m very scared, I don’t know what to do. I don’t know if it was assault. I’m pretty sure it is, but that’s heavy and I don’t want to hurt people involved or have someone who’s life is at stake to get in trouble and add another reason to his wanting to die. Some friends are telling me I shouldn’t care about him after what he’s done, but it’s so blurry and I can’t be certain it was assault because I keep doubting myself. However, I know that if I had a friend who was in this situation I’d tell them it was.

Was this sexual assault? Do I tell my boyfriend? If I do, how? Do I tell the police? Please help me.",TheBeanBagger@0,1,/r/sexualassault/comments/voz00b/boyfriends_best_friend_sexually_coerced_me/,helpmesospls,"Thank you so much for responding. I think after some time I’m slowly grasping that his life isn’t my responsibility, but it still terrifies me that his death may be on my conscience. There’s just so many people who’d get hurt in this equation when I could potentially deal with this myself...","Definitely tell your boyfriend, he needs to know what this scumbag did to you and I know it sounds harsh considering his circumstances but at a point there’s no reason to care, especially towards someone who violated and took advantage of you. You’re not responsible for his actions, you’re not responsible for what he does or thinks. You can’t let this scumbag loose and protected because of your sympathy. See it for what it is and try your best to view it from a logical stand point.

If things happen that shift to you being the problem and for whatever reason your boyfriend sides or doesn’t believe you then please do yourself a favor and let him go. 

You shouldn’t have to sacrifice your time and effort into someone who doesn’t deserve nor warrant it. This POS is only using that crutch to keep you from exposing him and it’s working. Rest assure that whatever he decides to do with his life is up to him and I know it sounds harsh but you’ve got to ignore that and listen to yourself. 

I do apologize if I sound harsh, it’s just horrible how much this douche is using and exploiting your weakness to better and keep himself off of trouble. Please tell your boyfriend and hopefully he advocates for you because this kind of shit should not stand and no matter what they say or threaten to do, ignore it because that’s how he’s getting to you. 

Listen to yourself and listen to how you’re feeling, I know you’re doubting yourself but you gotta let what he is saying away from what you feel. I hope you decide on what’s best for you, wishing you luck.",3
1ezx0cb,sexualassault,"It was my fault, I’m 16 and he was 38 ","I’m a 16yo gay male, I really wanted to just be able to say I wasn’t a virgin. I met him online and I gave him the address to a nearby church parking lot to meet up at. I feel so stupid. I got in his car and I got scared. He immediately pushed my head down and pulled out his penis, I didn’t say no, I didn’t even try to get out, he just grabbed me and I let him. I don’t know if I was assaulted, I don’t wanna go to the police or anything because it was my fault. Afterwards he asked how old I was because I left it off my profile, he said I looked young, I told him it was because I had recently turned 18. I was so scared when he asked. Thank god he let me out and I walked home with the taste of him in my mouth. I didn’t cry on the walk home, I knew it felt wrong but I just felt disgusted. Don’t ever do what I did, it’s been 2 weeks and I still feel gross, I got lucky I didn’t get murdered or something, I don’t know if I got assaulted but I know it should’ve never happened.","1ezx0cb sexualassault It was my fault, I’m 16 and he was 38  Hungry-Sir7868 /r/sexualassault/comments/1ezx0cb/it_was_my_fault_im_16_and_he_was_38/ I’m a 16yo gay male, I really wanted to just be able to say I wasn’t a virgin. I met him online and I gave him the address to a nearby church parking lot to meet up at. I feel so stupid. I got in his car and I got scared. He immediately pushed my head down and pulled out his penis, I didn’t say no, I didn’t even try to get out, he just grabbed me and I let him. I don’t know if I was assaulted, I don’t wanna go to the police or anything because it was my fault. Afterwards he asked how old I was because I left it off my profile, he said I looked young, I told him it was because I had recently turned 18. I was so scared when he asked. Thank god he let me out and I walked home with the taste of him in my mouth. I didn’t cry on the walk home, I knew it felt wrong but I just felt disgusted. Don’t ever do what I did, it’s been 2 weeks and I still feel gross, I got lucky I didn’t get murdered or something, I don’t know if I got assaulted but I know it should’ve never happened.",peachberry22@0,1,/r/sexualassault/comments/1ezx0cb/it_was_my_fault_im_16_and_he_was_38/,Hungry-Sir7868,Thanks I didn’t realize how widespread this was before this post,It was not your fault. These losers know EXACTLY what they are doing. Give yourself some time to process this all. I know it's hard but I recommend therapy. It really helps.,1
190cn9f,sexualassault,Was this sexual assault?,"This is about my father. It's difficult to remember because of the memory issues from the other ways he abused me, but I'll put what I can recall. For context, my family was extremist Indian Muslims, and they believed women are meant to be married off and bear children and take care of the house. Once I got around high school age, my dad started to ""play husband"" with me. He would touch and tease me in ways I was uncomfortable with, such as touching or poking my sides or pulling me to him. When I wouldn't enjoy this, he would get mad and say what I'll do when my future husband does these things and I have to learn to be teasing. Sometimes he would pin me down and kiss or lick me despite my struggling. He also suggest I learn to belly dance for my future, called me sexy, always noticed my boobs even in the baggiest clothing, and continued to have me lay with his head in his lap like I would as a kid. I'm not sure what he did when I was younger, though I do remember him hitting my butt and pinching my thighs when I was really young. I've been coping with some of this through a character who is a CSA and abuse victim (Anthy from Revolutionary Girl Utena if you're wondering), but I wonder if it's right for me to as I might not be a CSA victim, and the grooming and SA I received from another person didn't happen until I was 18. What do you all think? Thank you so much.","190cn9f sexualassault Was this sexual assault? Sunny_The_Sassy /r/sexualassault/comments/190cn9f/was_this_sexual_assault/ This is about my father. It's difficult to remember because of the memory issues from the other ways he abused me, but I'll put what I can recall. For context, my family was extremist Indian Muslims, and they believed women are meant to be married off and bear children and take care of the house. Once I got around high school age, my dad started to ""play husband"" with me. He would touch and tease me in ways I was uncomfortable with, such as touching or poking my sides or pulling me to him. When I wouldn't enjoy this, he would get mad and say what I'll do when my future husband does these things and I have to learn to be teasing. Sometimes he would pin me down and kiss or lick me despite my struggling. He also suggest I learn to belly dance for my future, called me sexy, always noticed my boobs even in the baggiest clothing, and continued to have me lay with his head in his lap like I would as a kid. I'm not sure what he did when I was younger, though I do remember him hitting my butt and pinching my thighs when I was really young. I've been coping with some of this through a character who is a CSA and abuse victim (Anthy from Revolutionary Girl Utena if you're wondering), but I wonder if it's right for me to as I might not be a CSA victim, and the grooming and SA I received from another person didn't happen until I was 18. What do you all think? Thank you so much.",throwaway-acc-1989@0,1,/r/sexualassault/comments/190cn9f/was_this_sexual_assault/,Sunny_The_Sassy,Thank you &lt;33,Him kissing you and licking you is definitely sexual assault. I’m sorry that you had to go through that ❤️,1
kq1dir,sexualassault,Does this count as sexual assault?,"I (f24), have been struggling with this ever since it happened and I went through the title IX process at my college. I’m much better now, but I still get anxiety around men. 

I’ll keep the details limited, but the long story of it all is that a classmate of mine kept me in his car, wouldn’t take me home, put his hands all over me, tried to get me to lay down with him over and over again. Then, when, (after an hour), he finally decided I got to go home, he pinned me against his car, fondled and groped me all over the place, and made out with my neck. All while I was trying to push him off. I never directly used the word no, (I have anxiety), but I made it clear that I didn’t want it, that I was tired and he needed to take me home, and then, when he had me pinned against the car, I tried to push him off the entire time. My school, (a private college), thought it serious enough to go through the title-IX process, but my brain tells me it wasn’t actually sexual assault.

For reference, I was raised very Christian, and still hold on to my faith now, (I’m not saying that my upbringing was bad, btw!) But up until that point, other then being catcalled I hadn’t had any “suggestive” interaction with anyone. Could this be why I found it so traumatic? Apologies if this is ridiculous but I can’t really talk to people about it, so I thought I’d post it on here.","kq1dir sexualassault Does this count as sexual assault? nocturnalasshole /r/sexualassault/comments/kq1dir/does_this_count_as_sexual_assault/ I (f24), have been struggling with this ever since it happened and I went through the title IX process at my college. I’m much better now, but I still get anxiety around men. 

I’ll keep the details limited, but the long story of it all is that a classmate of mine kept me in his car, wouldn’t take me home, put his hands all over me, tried to get me to lay down with him over and over again. Then, when, (after an hour), he finally decided I got to go home, he pinned me against his car, fondled and groped me all over the place, and made out with my neck. All while I was trying to push him off. I never directly used the word no, (I have anxiety), but I made it clear that I didn’t want it, that I was tired and he needed to take me home, and then, when he had me pinned against the car, I tried to push him off the entire time. My school, (a private college), thought it serious enough to go through the title-IX process, but my brain tells me it wasn’t actually sexual assault.

For reference, I was raised very Christian, and still hold on to my faith now, (I’m not saying that my upbringing was bad, btw!) But up until that point, other then being catcalled I hadn’t had any “suggestive” interaction with anyone. Could this be why I found it so traumatic? Apologies if this is ridiculous but I can’t really talk to people about it, so I thought I’d post it on here.",ImpartialBlueberry@0,1,/r/sexualassault/comments/kq1dir/does_this_count_as_sexual_assault/,nocturnalasshole,"Thank you so much, it takes a weight off my shoulders to hear that",First I want to say how sorry I am that this happened to you. Yes. It is most definitely assault,2
1ai8kay,rape,Adhd bf doesn't hear consent...,"
I'm 24, my boyfriend is 28 diagnosed with ADHD and medicated. 
And i've been raped several times in our 1year relationship...
My boyfriend has a really bad form of ADHD and it's really hard for him to be present sometimes, and he also can get overwhelmed by how many emotions are going inside.

I would say we've had 5 ""incidents"" untill now ... 
2 when we were high and he pushed a bit but i couldn't manage to say no during so i got a bit numb (which are grey areas)
We are content creators, once when i didn't want to continue a blowjob anymore after 45min of filming, i said i didn't want to continue anymore, he didn't get it, he was emerged into filming, felt bad about making me do that for so long and felt like it would have been all for nothing without a cum shot so continued not realising it wasn't consensual
Once he was horny, i said no, told him that i didn't want anything to happen, fell asleep and woke up with him touching me, i said no again but was super drowsy fell back asleep, to wake up again still being touched saying no again. The memory is blurry but it went back and forth again like that a bunch untill he backed down
Once i was doing content sexting with a guy, he wanted to film me doing that and him participating when i wasn't filming for the sexting. He was inside me just for a few seconds before in btw filming. But i realised i wasnt into it and a few minutes after when he asked if he could do it and film it I told him i wanted nothing to do with another camera and wasn't into doing anything but the sexting. And when i was in doggy style filming for the sexting not seeing, he pushed his dick inside while filming with his camera, i ended being shocked needing a few seconds, to say stop again, and just then he realised it wasn't consensual and stopped (i was hurt inside) he was too focused in his head wanting to film his thing to realise that i had say no

I wanted to post on the adhd sub because i'm not sure people not familiar with adhd can understand how adhd can fuck with your brain and on what you're focused on, that it's hard to detach, on how much you're present etc... It doesn't excuse it we agreee but it explains 
Please believe me if i didn't stop this relationship untill now it's because i know he never meant anything and every time in our relationship except those, when i said no he stopped right away never questioning why. 
However we have a problems because those time happened. And even if it was traumatic for him to wake up not understanding wtf happened because his brain didn't compute my no and suddenly be facing rape, for me i don't have words to describe how it is to be a rape victim over and over ...
And up to now most of our conversations even just after the last rape have been about him, about how he feels, about making me understand that he had never meant it to happen, that he is traumatized by what he has done. Which i understand and empathyze
Today i told him that I don't know how to move past it anymore .... That I'm tired about the conversation being about him when i'm the victim, and that i need the conversation to be about me. Unfortunately he gets triggered because he doesn't know how to live with what he has done, cannot face it so he gets frustrated, overwelmed and that's when he snaps, shut down and his empathy becomes shady, he started saying some stuff such as : but i agreed in the past to be sexual with him when i was sexting for our page, that we should work together on it not happening again, that they were accidents, that i didn't say no again when he ask if he could just film for 1min, that i should maybe say no more clearly or repeat it to help him
I got really hurt and left the house 

This is the text message i got a few hours after: ""I get all fucking triggered because I also experienced trauma from this, and I just want us to come together about it and mourn together. Yet you feel like you want to make it all about you, or that there's nothing for you to do about it towards me. That I'm just a dick and to go get checked. I feel really fucking alone about it. And me saying this doesn't invalidate your experience or your trauma, but it's definitely not kind towards me. If someone kills someone completely on accident, even if they're let go from responsibilities about it. They can still get PTSD and be fucked up about it. And I'm fucked up about it, and forced back into the memory and forced to bend over backwards to claim full responsibility. It's a fucking nightmare. And this is me trying my best to communicate with you earlier and not shut down for fucking days.""

I understand that he is traumatized, I don't want to take that out, and I think he should talk about it with someone, i indeed recommended therapy, because i have suffered, suffered even more from all the conversations being about him, and can't be there for him right now especially when i only got some sorries drown by shady consent concept comments. I want to be recognised for the victim i am and i want him to be there for me finally otherwise i don't know how to rebuild anything...

Rape that happen in a relationship are really complicated and adhd doesn't help
And i'm just very disturbed right now by his reaction, that his pain is taking so much over that he is having such a shitty reaction... That i know he doesn't mean but still

I have no idea how to handle things, I can't be around someone making it about him but it just sucks to have adhd destroying a relationship like that. 

EDIT 08/02 (hope you will see it): thank you so much for all your support people, thank you so much for having red everything and taken time to answer, thank you so much for your validation, and for all the support i'm still getting. He lost me 6 days ago when i confronted him on the last rape that happened 12 days ago to ask him to have the conversation about me and take responsibility, that he got triggered and not ok. I haven't let him in my apartment since, he has to come back and take his stuff tomorrow when a friend will be able to be there. It's been really hard because i have barely slept in days, i'm traumatized, and through texts he kept deflecting, making it about his trauma, putting everything on me or on his neurodivergence, until he basically was like I think you're too sensitive and over reacting, i have blocked him for now. I have reached out to friends, i have sent a distress message to many psychologists and i'm having an appointment today, but having also your support on Reddit while i was spiraling (still am) those last 6 days has been amazing for me. So thank you very much you've helped me a lot. And you keep helping ","1ai8kay rape Adhd bf doesn't hear consent... Dsdvt /r/rape/comments/1ai8kay/adhd_bf_doesnt_hear_consent/ 
I'm 24, my boyfriend is 28 diagnosed with ADHD and medicated. 
And i've been raped several times in our 1year relationship...
My boyfriend has a really bad form of ADHD and it's really hard for him to be present sometimes, and he also can get overwhelmed by how many emotions are going inside.

I would say we've had 5 ""incidents"" untill now ... 
2 when we were high and he pushed a bit but i couldn't manage to say no during so i got a bit numb (which are grey areas)
We are content creators, once when i didn't want to continue a blowjob anymore after 45min of filming, i said i didn't want to continue anymore, he didn't get it, he was emerged into filming, felt bad about making me do that for so long and felt like it would have been all for nothing without a cum shot so continued not realising it wasn't consensual
Once he was horny, i said no, told him that i didn't want anything to happen, fell asleep and woke up with him touching me, i said no again but was super drowsy fell back asleep, to wake up again still being touched saying no again. The memory is blurry but it went back and forth again like that a bunch untill he backed down
Once i was doing content sexting with a guy, he wanted to film me doing that and him participating when i wasn't filming for the sexting. He was inside me just for a few seconds before in btw filming. But i realised i wasnt into it and a few minutes after when he asked if he could do it and film it I told him i wanted nothing to do with another camera and wasn't into doing anything but the sexting. And when i was in doggy style filming for the sexting not seeing, he pushed his dick inside while filming with his camera, i ended being shocked needing a few seconds, to say stop again, and just then he realised it wasn't consensual and stopped (i was hurt inside) he was too focused in his head wanting to film his thing to realise that i had say no

I wanted to post on the adhd sub because i'm not sure people not familiar with adhd can understand how adhd can fuck with your brain and on what you're focused on, that it's hard to detach, on how much you're present etc... It doesn't excuse it we agreee but it explains 
Please believe me if i didn't stop this relationship untill now it's because i know he never meant anything and every time in our relationship except those, when i said no he stopped right away never questioning why. 
However we have a problems because those time happened. And even if it was traumatic for him to wake up not understanding wtf happened because his brain didn't compute my no and suddenly be facing rape, for me i don't have words to describe how it is to be a rape victim over and over ...
And up to now most of our conversations even just after the last rape have been about him, about how he feels, about making me understand that he had never meant it to happen, that he is traumatized by what he has done. Which i understand and empathyze
Today i told him that I don't know how to move past it anymore .... That I'm tired about the conversation being about him when i'm the victim, and that i need the conversation to be about me. Unfortunately he gets triggered because he doesn't know how to live with what he has done, cannot face it so he gets frustrated, overwelmed and that's when he snaps, shut down and his empathy becomes shady, he started saying some stuff such as : but i agreed in the past to be sexual with him when i was sexting for our page, that we should work together on it not happening again, that they were accidents, that i didn't say no again when he ask if he could just film for 1min, that i should maybe say no more clearly or repeat it to help him
I got really hurt and left the house 

This is the text message i got a few hours after: ""I get all fucking triggered because I also experienced trauma from this, and I just want us to come together about it and mourn together. Yet you feel like you want to make it all about you, or that there's nothing for you to do about it towards me. That I'm just a dick and to go get checked. I feel really fucking alone about it. And me saying this doesn't invalidate your experience or your trauma, but it's definitely not kind towards me. If someone kills someone completely on accident, even if they're let go from responsibilities about it. They can still get PTSD and be fucked up about it. And I'm fucked up about it, and forced back into the memory and forced to bend over backwards to claim full responsibility. It's a fucking nightmare. And this is me trying my best to communicate with you earlier and not shut down for fucking days.""

I understand that he is traumatized, I don't want to take that out, and I think he should talk about it with someone, i indeed recommended therapy, because i have suffered, suffered even more from all the conversations being about him, and can't be there for him right now especially when i only got some sorries drown by shady consent concept comments. I want to be recognised for the victim i am and i want him to be there for me finally otherwise i don't know how to rebuild anything...

Rape that happen in a relationship are really complicated and adhd doesn't help
And i'm just very disturbed right now by his reaction, that his pain is taking so much over that he is having such a shitty reaction... That i know he doesn't mean but still

I have no idea how to handle things, I can't be around someone making it about him but it just sucks to have adhd destroying a relationship like that. 

EDIT 08/02 (hope you will see it): thank you so much for all your support people, thank you so much for having red everything and taken time to answer, thank you so much for your validation, and for all the support i'm still getting. He lost me 6 days ago when i confronted him on the last rape that happened 12 days ago to ask him to have the conversation about me and take responsibility, that he got triggered and not ok. I haven't let him in my apartment since, he has to come back and take his stuff tomorrow when a friend will be able to be there. It's been really hard because i have barely slept in days, i'm traumatized, and through texts he kept deflecting, making it about his trauma, putting everything on me or on his neurodivergence, until he basically was like I think you're too sensitive and over reacting, i have blocked him for now. I have reached out to friends, i have sent a distress message to many psychologists and i'm having an appointment today, but having also your support on Reddit while i was spiraling (still am) those last 6 days has been amazing for me. So thank you very much you've helped me a lot. And you keep helping ",Lost_Essay_9871@0,1,/r/rape/comments/1ai8kay/adhd_bf_doesnt_hear_consent/,Dsdvt,"Thank you very much for your message it's much appreciated
I'm really sorry you've been through that too

Really it can't be hyper focus ? Why ?","Firstly, I'm so sorry for what you've gone through. 

Secondly, you are the victim here, not him. If he feels bad, good, he should. There is no excuse or justification for what's he's been doing to you, and he absolutely doesn't get to be angry about you wanting to talk about how it makes YOU feel. 

My first boyfriend also had really bad ADHD, and had similar ""problems"" with consent. I stayed for 4 years too long after the first incident, and it just kept happening. And similar to your story, he'd always make it about how bad he felt and how it was adhd's fault and so on. 

After I left him I started therapy, and it took her months to get through to me that not listening to consent IS NOT an ADHD thing. There's hyper focus, and this isn't that. My ex used his ADHD to manipulate me, and make himself the victim. And your story sounds so SO familiar to the things he did. 

I'm so so sorry you're going through this, but you're absolutely in the right here. You've done nothing wrong.",1
1jx63va,sexualassault,First time I told this,"I'm 18 now but when this happened I was like 9 or 10. I never talked about it to anyone, I had brushed it off because it wasn't nothing too serious. It was my cousin, a year younger than me, he was also a friend that me and my siblings hung out with. 

After his death in 2023 I've been having mixed feelings and thinking about the situation. I started to feel angry and upset that everyone was saying how good of a person he was. All of that just brought back memories. I keep telling myself it wasn't that bad what he did since it wasn't too graphic. 

When it happened my brother was there. Me and my cousin were wrestling and had me in a headlock and I'm not talking about the rest. My brother told him to stop but he wouldn't. I feel upset my brother didn't help more, I understand why he didn't but it still hurts that he didn't do more. I have no hard feelings against my brother.

I don't know how to deal with anger over someone that's dead","1jx63va sexualassault First time I told this CurrencyFuture7432 /r/sexualassault/comments/1jx63va/first_time_i_told_this/ I'm 18 now but when this happened I was like 9 or 10. I never talked about it to anyone, I had brushed it off because it wasn't nothing too serious. It was my cousin, a year younger than me, he was also a friend that me and my siblings hung out with. 

After his death in 2023 I've been having mixed feelings and thinking about the situation. I started to feel angry and upset that everyone was saying how good of a person he was. All of that just brought back memories. I keep telling myself it wasn't that bad what he did since it wasn't too graphic. 

When it happened my brother was there. Me and my cousin were wrestling and had me in a headlock and I'm not talking about the rest. My brother told him to stop but he wouldn't. I feel upset my brother didn't help more, I understand why he didn't but it still hurts that he didn't do more. I have no hard feelings against my brother.

I don't know how to deal with anger over someone that's dead",Starfury7-Jaargen@0,1,/r/sexualassault/comments/1jx63va/first_time_i_told_this/,CurrencyFuture7432,"Yeah, I just feel like I should be sad because others are, and I feel guilty for being angry. Everyone was so upset about his death. I wanted to feel sad the same way others did, but I didn't. I'm not glad he is dead or anything  but just hearing everyone saying how he was a good person triggers me.","It can be difficult. Everyone makes it seem like you should be sad, which makes you feel guilty that part of you is angry at him still or happy he is gone.

Also, it can leave you unsatisfied because you want him to feel your anger still.

I don't know which of these you feel, but he did something he shouldn't, and it hurts, you. You don't have to pretend it wasn't much because it was a lot to you. 

Do what is healthy for you, and don't feel you have to conform to other's expectations.",1
16v21ky,sexualassault,I can’t tell if I was sexually abused/assaulted in the past but now I cry during sex,"I, 21F, was in a 4 year relationship with my ex. We dated when I was 15-16 and he was 17-18. When we dated, 4 months into it, he wanted sex and while I tried to tell him I wasn’t ready, he kept insisting. It wasn’t until our first Valentine’s Day, when he decided to just go for it and just take my virginity. I tried to tell him no but he told me to “shh” and I just went along with it because I was scared of what he was gonna do. After that, our relationship was just sex. Some days I wouldn’t be in the mood, and he wouldn’t care. Other days he would be more rough. Never really cared if I came, or was in the mood. As most guys do, ya know? For years we had sex every time we saw each other. Sometimes I liked it. I was dumb and thought this was just our relationship dynamic. One time I even asked if we could just take a break from sex but he couldn’t go through with it. I was too “irresistible”. I was told he r@ped me, by my therapist but I can’t believe it. That’s a different story.

Eitherway, our relationship was purely sex and some emotion. I broke up with him (it didn’t end great) and I was told he said shit about me and my new bf. How he “got more than what he’s getting” and how he at least “got to tap that”… But I’m with my current boyfriend who is so kind to me and gentle and always asks if I like something. 

But I cried twice during sex and I don’t know why. One time because he was really gentle with me and my ex kinda wasn’t like that and I got emotional and cried mid-session. The second time I was in the mood, we were doing things, but out of no where I panicked and started to cry. Both instances, the session stopped and I was comforted and we didn’t do anything after. I’ve been with my now bf for a year now but I don’t know why that happens. I don’t want to believe my ex sexually abused me, and I don’t even think it’s like that but my therapist said the r word and now I cry during sex and I’m just so lost. Was I just used? Or sexually abused? I don’t know.","16v21ky sexualassault I can’t tell if I was sexually abused/assaulted in the past but now I cry during sex finest_literature /r/sexualassault/comments/16v21ky/i_cant_tell_if_i_was_sexually_abusedassaulted_in/ I, 21F, was in a 4 year relationship with my ex. We dated when I was 15-16 and he was 17-18. When we dated, 4 months into it, he wanted sex and while I tried to tell him I wasn’t ready, he kept insisting. It wasn’t until our first Valentine’s Day, when he decided to just go for it and just take my virginity. I tried to tell him no but he told me to “shh” and I just went along with it because I was scared of what he was gonna do. After that, our relationship was just sex. Some days I wouldn’t be in the mood, and he wouldn’t care. Other days he would be more rough. Never really cared if I came, or was in the mood. As most guys do, ya know? For years we had sex every time we saw each other. Sometimes I liked it. I was dumb and thought this was just our relationship dynamic. One time I even asked if we could just take a break from sex but he couldn’t go through with it. I was too “irresistible”. I was told he r@ped me, by my therapist but I can’t believe it. That’s a different story.

Eitherway, our relationship was purely sex and some emotion. I broke up with him (it didn’t end great) and I was told he said shit about me and my new bf. How he “got more than what he’s getting” and how he at least “got to tap that”… But I’m with my current boyfriend who is so kind to me and gentle and always asks if I like something. 

But I cried twice during sex and I don’t know why. One time because he was really gentle with me and my ex kinda wasn’t like that and I got emotional and cried mid-session. The second time I was in the mood, we were doing things, but out of no where I panicked and started to cry. Both instances, the session stopped and I was comforted and we didn’t do anything after. I’ve been with my now bf for a year now but I don’t know why that happens. I don’t want to believe my ex sexually abused me, and I don’t even think it’s like that but my therapist said the r word and now I cry during sex and I’m just so lost. Was I just used? Or sexually abused? I don’t know.",[deleted]@0,1,/r/sexualassault/comments/16v21ky/i_cant_tell_if_i_was_sexually_abusedassaulted_in/,finest_literature,"Thank you for the response. I have been trying to understand what happened in those 4 years because to be honest it all feels like a blur. Just sex and hurt but it was so normalized to me, it wasn’t until my current bf and therapist said it was R or assault that I’m just so confused. I need to hear the correct terminology for what happened so thank you for your feedback I greatly appreciate it.","i would absolutely categorize what your ex did as abuse. it truly breaks my heart that you were manipulated into thinking it was ok, and i’m here to tell you it wasn’t. so glad you’re in therapy though! keep that up!!

i was raped 4 years ago and still get panic attacks or cry during sex. sometimes it’s because of fear, but other times it’s because that sense of safety with someone who actually respects you and asks for consent is so overwhelming. the man you’re with now is treating you with the gentleness you deserve and it’s going to take time to accept and be comfortable with that. just be open with him about this, as you’re ready. he sounds like he’s more than willing to walk with you in the healing journey

i will also say your therapist maybe should not have introduced the word “rape” before you did. talk to them about how that’s affecting you and see if they can approach it a different way.",1
1fgxpqq,rape,Triggered after being off of BC,My BC in general made me more moody. But to an extent I think it stabilized me a bit since I take a different medication that can kinda make my mood spike up and down. I was triggered for the first time since since I stopped last night and it scared the hell out of me. I had an anxiety attack. I was seeing intrusive imagery just flashing through my brain. I couldn't make it stop. I felt so helpless. I think it was just a lot of emotion to feel after immediately stopping a mood altering medication. I'm hoping it's not that bad moving forward since it wasn't that bad when I started the BC. It's just on my mind,1fgxpqq rape Triggered after being off of BC DontcheckSR /r/rape/comments/1fgxpqq/triggered_after_being_off_of_bc/ My BC in general made me more moody. But to an extent I think it stabilized me a bit since I take a different medication that can kinda make my mood spike up and down. I was triggered for the first time since since I stopped last night and it scared the hell out of me. I had an anxiety attack. I was seeing intrusive imagery just flashing through my brain. I couldn't make it stop. I felt so helpless. I think it was just a lot of emotion to feel after immediately stopping a mood altering medication. I'm hoping it's not that bad moving forward since it wasn't that bad when I started the BC. It's just on my mind,[deleted]@0,1,/r/rape/comments/1fgxpqq/triggered_after_being_off_of_bc/,DontcheckSR,Ya it's been a wild ride lol ultimately the pros of stopping my BC out-weigh the cons. I was just genuinely caught off guard at how severe the reaction. I'll survive. Just hoping it doesn't take long to readjust,Sorry your feeling that way meds can do that tho sadly,1
k8w7ml,sexualassault,I don't know if it counts as assault,"I've been really confused about what happened three weeks ago. I was very drunk after hanging with some friends. By the end of the night it was me and two other guy friends. We all live in student buildings and get dinner together at the Uni building. 

I have kissed them both in the past, just drunk innocent making out. The one friend I had done more with, but we hadn't had sex. 

At the end of the night I don't remember how I got back to the accommodation. One minute we were drinking in a garden then I was in my one friend's room and we were having sex.

I passed out in the middle of it. I woke up and he's still going. I didn't say anything. I just let him finish whatever he was doing. It was about 4 in the morning and I got up to leave. He walked me home.

I got up the next morning in serious pain. I was bleeding for the next two days. I haven't really spoke about it to anyone.

I mentioned it to a friend. I said that I fell asleep during sex and he carried on, didn't say who it was or how long ago it happened, just that I had experienced that in the past. My friend said it sounded 'rapeish' and I should talk to someone. I asked him not to talk to anyone about it, because I need to figure it out myself first. He accepted that and hasn't spoke if it since, which I'm grateful for.

I'm just confused. I don't think it's assault, I made a mistake and I regret it. But something in my head keeps saying that what happened wasn't right. He's my friend and he isn't the person to assault someone, let alone me. 

I don't know what I want to achieve by posting this here... if its validation that it was just a mistake I made after I drank to much. I can't talk to anyone in my life about it because I can't admit it to my family and I don't want to ask my friends in case it is and then they make me do something about it. 

I think I just need someone to tell me it was fine or not... then I can stop thinking about what happened and focus on moving on from it.

Thank you

Bean","k8w7ml sexualassault I don't know if it counts as assault bean180222 /r/sexualassault/comments/k8w7ml/i_dont_know_if_it_counts_as_assault/ I've been really confused about what happened three weeks ago. I was very drunk after hanging with some friends. By the end of the night it was me and two other guy friends. We all live in student buildings and get dinner together at the Uni building. 

I have kissed them both in the past, just drunk innocent making out. The one friend I had done more with, but we hadn't had sex. 

At the end of the night I don't remember how I got back to the accommodation. One minute we were drinking in a garden then I was in my one friend's room and we were having sex.

I passed out in the middle of it. I woke up and he's still going. I didn't say anything. I just let him finish whatever he was doing. It was about 4 in the morning and I got up to leave. He walked me home.

I got up the next morning in serious pain. I was bleeding for the next two days. I haven't really spoke about it to anyone.

I mentioned it to a friend. I said that I fell asleep during sex and he carried on, didn't say who it was or how long ago it happened, just that I had experienced that in the past. My friend said it sounded 'rapeish' and I should talk to someone. I asked him not to talk to anyone about it, because I need to figure it out myself first. He accepted that and hasn't spoke if it since, which I'm grateful for.

I'm just confused. I don't think it's assault, I made a mistake and I regret it. But something in my head keeps saying that what happened wasn't right. He's my friend and he isn't the person to assault someone, let alone me. 

I don't know what I want to achieve by posting this here... if its validation that it was just a mistake I made after I drank to much. I can't talk to anyone in my life about it because I can't admit it to my family and I don't want to ask my friends in case it is and then they make me do something about it. 

I think I just need someone to tell me it was fine or not... then I can stop thinking about what happened and focus on moving on from it.

Thank you

Bean",Silent_okra_dokey@0,1,/r/sexualassault/comments/k8w7ml/i_dont_know_if_it_counts_as_assault/,bean180222,"We don't talk as much as we did before but I still see him. He's in my circle of friends. 

Makes me nervous that he told the others that we had sex, I didn't say anything about it so they all think it was normal, casual, drunk sex. 

I want to talk to a friend about it but they know him, they're his friends too... and I don't want to ruin anything for anyone. So feels like talking about it will cause more problems than if I don't. The problem is I know I should say something if it was assault. And now its a little circle of overthinking what to do about it.","I am sorry this happened to you. 

With normal, consentual sex, you don't hurt the next morning and you don't bleed for 2 days. 

It is understandable that this is upsetting to you. Your friend (ex friend?) betrayed your trust.",2
1ozi9ii,TwoXChromosomes,Is this considered SA or just a misunderstanding?,"I’ll try to keep it short. About three months ago, my friends and I met a group of guys on a night out. Since then, we’ve been partying together almost every weekend. One friend, L, is now with one of them. Another friend, H, has been on-and-off with a guy we’ll call J, he’s been trying to date her, but she keeps giving mixed signals.

Last weekend, I went out with L, her boyfriend, and J. H wasn’t there. J is the only one who lives alone near town, so we all slept at his place. L and her boyfriend took his bed, and J and I were supposed to sleep on opposite ends of his L-shaped couch.

My hand ended up next to his head, and he started kissing it. After a while, he moved to lie next to me. I changed into pajamas, came back, and lay down in the same spot, this time putting my leg over him. He started caressing my leg, then between my legs, and eventually inside my pants, touching my clit.

The next day, I panicked about what H would think. I told my girl group what happened but said I didn’t really want it. L told J, and I found out he felt terrible and cried because he thought I wanted it based on my body language. I then asked L to tell him I did want it.

But honestly, I don’t fully know what I wanted. It happened quickly, and I didn’t have time to think, even though I did put my leg over him. But i enjoyed it somehow. He never asked, but he believed he had non-verbal consent. Would you say this was SA, or just a sad misunderstanding?","1ozi9ii TwoXChromosomes Is this considered SA or just a misunderstanding? NoReality4528 /r/TwoXChromosomes/comments/1ozi9ii/is_this_considered_sa_or_just_a_misunderstanding/ I’ll try to keep it short. About three months ago, my friends and I met a group of guys on a night out. Since then, we’ve been partying together almost every weekend. One friend, L, is now with one of them. Another friend, H, has been on-and-off with a guy we’ll call J, he’s been trying to date her, but she keeps giving mixed signals.

Last weekend, I went out with L, her boyfriend, and J. H wasn’t there. J is the only one who lives alone near town, so we all slept at his place. L and her boyfriend took his bed, and J and I were supposed to sleep on opposite ends of his L-shaped couch.

My hand ended up next to his head, and he started kissing it. After a while, he moved to lie next to me. I changed into pajamas, came back, and lay down in the same spot, this time putting my leg over him. He started caressing my leg, then between my legs, and eventually inside my pants, touching my clit.

The next day, I panicked about what H would think. I told my girl group what happened but said I didn’t really want it. L told J, and I found out he felt terrible and cried because he thought I wanted it based on my body language. I then asked L to tell him I did want it.

But honestly, I don’t fully know what I wanted. It happened quickly, and I didn’t have time to think, even though I did put my leg over him. But i enjoyed it somehow. He never asked, but he believed he had non-verbal consent. Would you say this was SA, or just a sad misunderstanding?",piterisonfire@0,1,/r/TwoXChromosomes/comments/1ozi9ii/is_this_considered_sa_or_just_a_misunderstanding/,NoReality4528,"Yes it just stopped, he caressed my clit for like 5 minutes and then he stopped and went to sleep on my side of the couch","Seems like it was just two people fooling around and some heavy misunderstanding on the part where you communicated it to the group. By what you just told us in the post, the ""I didn't even wanted it"" comment seems more like it's something aimed at H, so that they don't feel like you went for someone that they could be interested in.

And the situation just stopped after you guys started interacting? It just stopped and you guys went to sleep on your separate sides?",0
k5scuz,sexualassault,I really don’t know how to feel right now. (M17),"So I’ve just recently (several months ago) got out of an abusive relationship (I’m a male if it means anything). She was extremely emotionally and mentally abusive to me, and the three years I’ve spent with her were seriously the worst years of my life. We had several very uncomfortable sexual experiences. My really close friends all recently have been telling me that I’ve basically been raped and/or assaulted but I felt the need to get some more opinions as I kind of just am conflicted.

Instance 1: I was at a close friend of mines house, with a big group of my friends as well as the girl in question. We’re all watching a movie, and all of a sudden she stands up and goes “Hey, is it okay if we fuck in your bathroom,” without asking me anything at all. My friend says something along the lines of “oh uhhhh... I mean I guess so.” Needless to say I was extremely embarrassed and quite obviously didn’t want to do it. The bathroom was right across the hall from where all my friends were, so I felt even more uncomfortable. She literally grabbed my hand and dragged me to the bathroom and she just started taking her clothes off and told me to take off mine. We started doing sexual things and I really wasn’t into it and she was hurting me, all the while I could hear my friends joking about it outside.

Instance 2: I was at the same friends house actually, but this time me and a few of the others were smoking marijuana- she wasn’t. She decides to ask him the same question but I wasn’t able to hear her this time. Out of nowhere she grabs my hand and just drags me to his basement and she asks for sex. I told her that I was feeling extremely anxious and on the edge of a panic attack, and I sat down and breathed for a minute. After her bothering me for a while I caved and agreed to do it. I just remember really not liking it the whole time but was extremely scared and I didn’t want to say anything. I knew that she would yell at me and tell all of my friends if I refused. Shes told extremely private sexual details to my friends before, so I was in a constant state of fear of her humiliating me again.

Both times I was extremely scared to say anything to her because I was afraid that she would manipulate my whole friend group into hating me (she did that extremely frequently whenever I voiced a problem I had in the relationship) or try to flip it on me. And I don’t think this really counts but we had many other bad sexual experiences too. Ones where I consented she would wait until I was on the brink of climax and then just tell me she didn’t want anything to do with it and literally told me to just masturbate in the bathroom if I wanted to. This happened multiple times and it was extremely humiliating even though I had originally consented. To be honest I think the fact that I consented made it worse because she just made me feel like a fucking idiot and ashamed of myself.

Was I sexually assaulted or molested or anything like that? I just really don’t know how to take it. My relationship with sex (and relationships in general) has completely changed. I’m honestly terrified of it and am worried that I will never heal. I For some reason I feel that if I had something to call it, it would make me feel at least a little bit of closure about it. I don’t really talk to anybody about it because It’s humiliating and every time I brought it up it kind of became like- “Haha dude you literally got molested.” I’m also terrified of seeing her or anything about her, even references to her or seeing pictures of her actually makes me sick.

These past few months have been hell for me. I’ve become more depressed than ever, felt extremely suicidal, and have been relying on drugs to cope. I always bottle shit up, and even if I don’t get any response it felt good to get off my chest.

Any response will be appreciated, thank you. And thank you for reading.",,linx14@2,3,https://www.reddit.com/r/sexualassault/comments/k5scuz/i_really_dont_know_how_to_feel_right_now_m17/,TheNightOwl1720,"I really wish I had broken it off even sooner, but I am happy that it’s over too. Thank you for the encouragement. I am trying to look into therapy.",I’m glad you broke it off and I’m glad it happened sooner then later. Things do change over time and get better. I do recommend therapy if you can. I wish you all the best! You’ve learned some red flags keep an eye out for them for the next relationship! But don’t worry about that until you want to again! May you heal from this!,3
l1tvhd,sexualassault,Was this sexual assault?,"When I was 14, I got in a relationship with a guy who was older than me by only a few weeks. At 15, he started touching me even though I was resistant and I couldn't tell anyone because I was scared they'd blame me. He would bruise my chest because of how hard he was going even though I told him to slow down, and he would touch me down there as hard as possible. He would also made me touch him. I finally got the courage to brake up with him a few months ago at 16(fat shamed me after forcing me to eat something but that was just the last straw) but since then I've been thinking about it constantly. I feel like it was my fault for because of refusing entirely but I was scared he would tell and make it look like he was victimized. I still haven't told any one and if I do it will probably be my friend since she already knows I went through a lot because of him. So is this sexual assault?

Edit: forgot to add. Towards the end of our relationship I felt like i was being objectified. I would ask to cuddle and he would say that he'd prefer touching me instead. That's all he wanted and all he talked about. He could see I was in pain and I also would tell him but I guess that meant nothing to him.","l1tvhd sexualassault Was this sexual assault? hhazelnut7 /r/sexualassault/comments/l1tvhd/was_this_sexual_assault/ When I was 14, I got in a relationship with a guy who was older than me by only a few weeks. At 15, he started touching me even though I was resistant and I couldn't tell anyone because I was scared they'd blame me. He would bruise my chest because of how hard he was going even though I told him to slow down, and he would touch me down there as hard as possible. He would also made me touch him. I finally got the courage to brake up with him a few months ago at 16(fat shamed me after forcing me to eat something but that was just the last straw) but since then I've been thinking about it constantly. I feel like it was my fault for because of refusing entirely but I was scared he would tell and make it look like he was victimized. I still haven't told any one and if I do it will probably be my friend since she already knows I went through a lot because of him. So is this sexual assault?

Edit: forgot to add. Towards the end of our relationship I felt like i was being objectified. I would ask to cuddle and he would say that he'd prefer touching me instead. That's all he wanted and all he talked about. He could see I was in pain and I also would tell him but I guess that meant nothing to him.",Liznix0-0@0,1,/r/sexualassault/comments/l1tvhd/was_this_sexual_assault/,hhazelnut7,I know,Damn what a bad bf.,1
1lqqzco,Molested,18F Does it count as SA? Can he be prosecuted? Am I screwed up beyond hope or can my issue be treated? (It's a bit long & graphic),"**\*First of all, I've been working up the courage to write this for 2 weeks. When I start to think about it, I get angry and when I get angry I feel I have to unload everything. For 5 years I had nobody to talk to and I'm like an unclogged faucet now. So I'll try to keep it coherent but sorry in advance if I fail...\***

I was born in Eastern Europe but my mother married a persian man when I was 12 and we first moved to Dubai, then to his home town of Tehran.

For the first year, while we were in Dubai all was fine but he would just look at me when I wore shorts around the house, maybe pick me up, play with my arms, touch my leg or my belly in a friendly playful way, nothing too weird... or so I thought.

Then just a few weeks after we move to Tehran with his family (he is a doctor and his family is very rich) he gives me my fist ""gyno exam"". My mom saw nothing wrong with that. He undressed me himself, he made jokes about my body, made fun of my thin pubic hair, ""played"" with my breasts to check for breast cancer and massaged my clitoris to see if ""everything works down there"". My mom would come and go from the room at will, she was OK with it and she was laughing alongside him. At one point she comes and gives me a kiss on the forehead saying that what's happening is perfectly normal, every girl goes through the ""gyno exam"". I didn't know much then and they both seemed so relaxed and natural so I believed her.

Then for the next few weeks he would randomly touch me around the house, lift up my top, catch me in wrestling holds, being playful as always but this time it was more than just ""play"" because he was groping my butt and my boobs and making fun of my body.

I told my mom about it but she said I was exagerrating, that he is a doctor and that I am a kid and it's normal behavior on his part because he loves me and he gave us these riches when he could have chosen any other woman to marry.

At one point he caught me walking around the house (I was wearing hoodies and sweatpants just to not provoke him in any way) and he lifted up my hoodie. Then the T-shirt underneath. He was very patient and didn't say a word. I thought he'll make fun of my body again but he lifted them up and started kissing my breasts. I initially froze but then he bit my nipple and it ""woke me up"" and I started to scream for mom, I didn't care about anything at that point...

I go to my mom crying and she sends me to my room, then she has a fight with him. He ends up hitting her and threatening to send us packing back to our home country. It was the happiest I've ever been in that house. Not because my mom was getting slapped, but because I would get to go back to my real home.

Then my mom comes to me and I hug her and wipe away her tears and tell her it's gonna be fine but she slaps me and tells me Amir is a good man and what he did to me is OK and that I will be a woman soon and this is just how things are in his culture and if I don't want to end up on the street I should be a good daughter to him.

After this, what followed were 4-5 years of regular ""playtime"" with Amir. My mom would go shopping for groceries and then he would come to my room and would ""play doctor"" with me, undress me and look at my naked body for a long time, kiss me everywhere, make me play videogames naked while he told me how beautiful I was, how I am his princess while he touched me like I was a piece of furniture...

The only times I would get any nice words out of Amir were when I was naked in front of him.

Then he would buy me gifts and sweets and I welcomed the sweets because I wanted to become fat and unattractive for him. I even put on 10 extra kg but then I lost them when I grew in height. It didn't matter to him. Once a week or once every 2 weeks he was at my door.

He never penetrated me. Only rarely did he take it out but didn't make me touch it or shove it in my face, he would get upset if I even looked at it. I could never get an acknowledgement from mom but I think that was like a deal they made. My mom looks away and he doesn't go too far. That or he simply found enough enjoyment from looks, touches and kisses. Maybe he just had a thing for virgins and he didn't want to ""spoil"" me. Or more cynically, he wanted to marry me off as a virgin.

Only one time he tried to have actual sex with me, I was almost 18 and he took it out and I felt it on my thighs, then he started to spread my legs but I figured out what was going on and I grabbed it myself and held on to it tight, said ""no, please"", started to stroke him, then it went soft and he left with a weird look on his face.

At 18 the plan was to either get married or go to the UK to study. I of course chose to go to the UK, only after I got my passport I left the country and with the help of a few relatives I am now on my own in Europe. No college, no money from back home, they have no idea where I am and what I am doing. I am finally free.

**The Aftermath:**

Ever since coming to Europe I feel a void inside of me. What I used to dread I now... yearn for. Not intellectually, but somehow physically and... emotionally. I haven't told anyone this but for months I lurked on cam sites like Omegle and showed my body to men, especially to older men. I used to just lie there and play on my phone naked and let them do their thing and I would feel get a sense of purpose and fulfillment out of it but it was short lived. Every morning I would wake up crying and regretting it.

I'm off cam sites now, haven't done anything like that in like a month but every older man I see I have this crazy unhealthy desire for them to slowly undress me and just... look at me and tell me how beautiful I am.

I've sincerely considered becoming a professional cam model although my dream is to go to law school. I was the top student in my class, I have a high IQ, I know I am meant for a career. I also know I'm all kinds of fucked up and I struggle to fight these urges but the more I fight, the more depressed I get.

**I now have a few questions:**

1. Should I hate my mother or did she just... make the best of the cards she was dealt? I went through all the stages with her. I hated her, I tried to understand her, I just didn't think of her for a while... but now she is again in my thoughts and I can't help but miss her. Should I?
2. Does what he did to me classify as rape? Was it SA? Does doing it to me for 5 years make it worse, legally? Could my mother be considered his accomplice? If I try to get him prosecuted, will it automatically get her in trouble too?
3. He has both Iranian citizenship and EU citizenship. I live in the EU. He often travels to the EU. Should I report it? Will it get him in any kind of trouble here in the EU if everything happened in Iran?
4. What the hell is wrong with me? Why was I getting naked on Omegle? Is it hypersexuality? I am not sexual. I'm still a virgin, never even kissed a boy, I feel no need to invite guys into my life, I find some cute but I can't even imagine being with them... so what is it? Did I develop a kind of narcissism? What kind of a therapist do I need to see for my issue?

**If you read all of it and/or are considering helping me with advice or even with a kind word, thank you!**","1lqqzco Molested 18F Does it count as SA? Can he be prosecuted? Am I screwed up beyond hope or can my issue be treated? (It's a bit long & graphic) PersianDelinquent06 /r/Molested/comments/1lqqzco/18f_does_it_count_as_sa_can_he_be_prosecuted_am_i/ **\*First of all, I've been working up the courage to write this for 2 weeks. When I start to think about it, I get angry and when I get angry I feel I have to unload everything. For 5 years I had nobody to talk to and I'm like an unclogged faucet now. So I'll try to keep it coherent but sorry in advance if I fail...\***

I was born in Eastern Europe but my mother married a persian man when I was 12 and we first moved to Dubai, then to his home town of Tehran.

For the first year, while we were in Dubai all was fine but he would just look at me when I wore shorts around the house, maybe pick me up, play with my arms, touch my leg or my belly in a friendly playful way, nothing too weird... or so I thought.

Then just a few weeks after we move to Tehran with his family (he is a doctor and his family is very rich) he gives me my fist ""gyno exam"". My mom saw nothing wrong with that. He undressed me himself, he made jokes about my body, made fun of my thin pubic hair, ""played"" with my breasts to check for breast cancer and massaged my clitoris to see if ""everything works down there"". My mom would come and go from the room at will, she was OK with it and she was laughing alongside him. At one point she comes and gives me a kiss on the forehead saying that what's happening is perfectly normal, every girl goes through the ""gyno exam"". I didn't know much then and they both seemed so relaxed and natural so I believed her.

Then for the next few weeks he would randomly touch me around the house, lift up my top, catch me in wrestling holds, being playful as always but this time it was more than just ""play"" because he was groping my butt and my boobs and making fun of my body.

I told my mom about it but she said I was exagerrating, that he is a doctor and that I am a kid and it's normal behavior on his part because he loves me and he gave us these riches when he could have chosen any other woman to marry.

At one point he caught me walking around the house (I was wearing hoodies and sweatpants just to not provoke him in any way) and he lifted up my hoodie. Then the T-shirt underneath. He was very patient and didn't say a word. I thought he'll make fun of my body again but he lifted them up and started kissing my breasts. I initially froze but then he bit my nipple and it ""woke me up"" and I started to scream for mom, I didn't care about anything at that point...

I go to my mom crying and she sends me to my room, then she has a fight with him. He ends up hitting her and threatening to send us packing back to our home country. It was the happiest I've ever been in that house. Not because my mom was getting slapped, but because I would get to go back to my real home.

Then my mom comes to me and I hug her and wipe away her tears and tell her it's gonna be fine but she slaps me and tells me Amir is a good man and what he did to me is OK and that I will be a woman soon and this is just how things are in his culture and if I don't want to end up on the street I should be a good daughter to him.

After this, what followed were 4-5 years of regular ""playtime"" with Amir. My mom would go shopping for groceries and then he would come to my room and would ""play doctor"" with me, undress me and look at my naked body for a long time, kiss me everywhere, make me play videogames naked while he told me how beautiful I was, how I am his princess while he touched me like I was a piece of furniture...

The only times I would get any nice words out of Amir were when I was naked in front of him.

Then he would buy me gifts and sweets and I welcomed the sweets because I wanted to become fat and unattractive for him. I even put on 10 extra kg but then I lost them when I grew in height. It didn't matter to him. Once a week or once every 2 weeks he was at my door.

He never penetrated me. Only rarely did he take it out but didn't make me touch it or shove it in my face, he would get upset if I even looked at it. I could never get an acknowledgement from mom but I think that was like a deal they made. My mom looks away and he doesn't go too far. That or he simply found enough enjoyment from looks, touches and kisses. Maybe he just had a thing for virgins and he didn't want to ""spoil"" me. Or more cynically, he wanted to marry me off as a virgin.

Only one time he tried to have actual sex with me, I was almost 18 and he took it out and I felt it on my thighs, then he started to spread my legs but I figured out what was going on and I grabbed it myself and held on to it tight, said ""no, please"", started to stroke him, then it went soft and he left with a weird look on his face.

At 18 the plan was to either get married or go to the UK to study. I of course chose to go to the UK, only after I got my passport I left the country and with the help of a few relatives I am now on my own in Europe. No college, no money from back home, they have no idea where I am and what I am doing. I am finally free.

**The Aftermath:**

Ever since coming to Europe I feel a void inside of me. What I used to dread I now... yearn for. Not intellectually, but somehow physically and... emotionally. I haven't told anyone this but for months I lurked on cam sites like Omegle and showed my body to men, especially to older men. I used to just lie there and play on my phone naked and let them do their thing and I would feel get a sense of purpose and fulfillment out of it but it was short lived. Every morning I would wake up crying and regretting it.

I'm off cam sites now, haven't done anything like that in like a month but every older man I see I have this crazy unhealthy desire for them to slowly undress me and just... look at me and tell me how beautiful I am.

I've sincerely considered becoming a professional cam model although my dream is to go to law school. I was the top student in my class, I have a high IQ, I know I am meant for a career. I also know I'm all kinds of fucked up and I struggle to fight these urges but the more I fight, the more depressed I get.

**I now have a few questions:**

1. Should I hate my mother or did she just... make the best of the cards she was dealt? I went through all the stages with her. I hated her, I tried to understand her, I just didn't think of her for a while... but now she is again in my thoughts and I can't help but miss her. Should I?
2. Does what he did to me classify as rape? Was it SA? Does doing it to me for 5 years make it worse, legally? Could my mother be considered his accomplice? If I try to get him prosecuted, will it automatically get her in trouble too?
3. He has both Iranian citizenship and EU citizenship. I live in the EU. He often travels to the EU. Should I report it? Will it get him in any kind of trouble here in the EU if everything happened in Iran?
4. What the hell is wrong with me? Why was I getting naked on Omegle? Is it hypersexuality? I am not sexual. I'm still a virgin, never even kissed a boy, I feel no need to invite guys into my life, I find some cute but I can't even imagine being with them... so what is it? Did I develop a kind of narcissism? What kind of a therapist do I need to see for my issue?

**If you read all of it and/or are considering helping me with advice or even with a kind word, thank you!**",Key_Animal_564@0,1,/r/Molested/comments/1lqqzco/18f_does_it_count_as_sa_can_he_be_prosecuted_am_i/,PersianDelinquent06,"I just now saw this, for some reason Reddit didn't notify me when you wrote it. It is sound advice. Thank you. I will go speak to a lawyer specialized in these cases, I understand it is possible to sue them in a civil court and ask for reparations (up until now I spoke to someone that may not have had enough experience).","1. What your mother did was terrible and detestible, but don't hate her. The best way to heal and move forward is to forgive her and let go of resentment for her. She can't be trusted with your well-being so I don't recommend getting close to her to ever become reliant on her, but acknowledge that she is your mother and remember the good things that she has done in your life if there is any good you appreciate in her. It isn't wrong that you miss her and it's good you still care for her just again, don't trust her to become reliant on her anymore. If you can take steps to let go of any hatred you harbor for her that will mean a lot for you to heal and move forward from the past trauma.

2. It was sexual abuse. The fact that it happened once was criminal 5 years is all the more justice that person deserves for his evil. Your mother is considered an accomplice for knowing it was going on and willingly allowing and enabling it to happen. I don't know the laws in your country, but both of them are guilty of the abuse you suffered. I don't think it will automatically get your mother in trouble to report it unless you intentionally share details about your mother's role in the abuse because she does bear responsibility, but it's up to you id you share those details. It is possible for you to only focus on charges against him if that is what you want to do.

3. I think you should report it. I believe he will still be prosecuted if you report it even if it happened in another country since he is an EU citizen. 

4. Traumatic and premature sexual experience has a deep effect on people especially at young ages. There was some damage done to your soul from the abuse you suffered and it pulled you to some unhealthy ways to cope. Your experience isn't uncommonly. Many people who are abused develope some unhealthy kinks that they don't want to have. Somehow it is your mind trying to bear with the trauma you faced. It is good to face your trauma and pain head on and seek to heal and that will help with those unhealthy pulls. I don't know of any kinds of psychiatrists to recommend, but I can say you should find people who can guide you in deep self reflection to face your past, accept that it happened, forgive those who wronged you and let go of the hurt and resentment so you can heal and move forward. It's not an easy process but finding someone who can help work with you through that kind of process is ideal.",1
tm72mr,sexualassault,Was I sexually assaulted?,"This happened when I was 18, I spent every weekend at my ex boyfriend’s house, and he always wanted a bj when we were alone, if I didn’t give him one he would be upset. One night, when we were having sex, I was on top and said “my legs are tired” he pushed me to the other side of the bed and was on top of me saying that I was a piece of shit, I didn’t tell him to stop because I knew he would be angrier, but I was feeling terrible and wanted it to end, so i said “if you want i can end it with a bj”, he just yelled me to shut up. I just want to know if it is considered sexual assault, because that is how I feel, but I don’t want to label it something that maybe wasn’t. Thank you for your time.","tm72mr sexualassault Was I sexually assaulted? MoneyMysterious1665 /r/sexualassault/comments/tm72mr/was_i_sexually_assaulted/ This happened when I was 18, I spent every weekend at my ex boyfriend’s house, and he always wanted a bj when we were alone, if I didn’t give him one he would be upset. One night, when we were having sex, I was on top and said “my legs are tired” he pushed me to the other side of the bed and was on top of me saying that I was a piece of shit, I didn’t tell him to stop because I knew he would be angrier, but I was feeling terrible and wanted it to end, so i said “if you want i can end it with a bj”, he just yelled me to shut up. I just want to know if it is considered sexual assault, because that is how I feel, but I don’t want to label it something that maybe wasn’t. Thank you for your time.",LikeALoneRanger@1,2,/r/sexualassault/comments/tm72mr/was_i_sexually_assaulted/,MoneyMysterious1665,"It damaged me a lot, but not just that situation, the fact that he was always insulting me and making sure I knew he could replace me in any moment, I lost my self esteem and lost trust in every relationship I had after, because in my head I was only a sex toy that didn’t deserve love. Right now, my self esteem is really low, although it happened 5 years ago, but is a long process of healing and you have to start by living yourself before you love someone else, and for me, that has been the hardest, You can send me a message if you want to talk, would be happy to help.","Sorry if this is a dumb question or too personal, but how did it damage your self-worth?  I've dealt with something similar and I keep turning in my head if it really did affect me the way I feel it did.",2
yfoiuj,sexualassault,is this sa?,"TW
i remember me and my friend were hanging out smoking and drinkin. this boy i went to school with, ahmad, came over and brought more alcohol. i know i shouldnt have drank it but i did anyway. the rest i dont really remember. i was sitting on the couch and he was fingering me and i was slipping in and out of reality (not sure if i was blacking out or going unconscious). my friend was trying to get him off of me saying that i was too drunk, but he didnt listen. the next thing i remember it we were in my wash room and he was trying to kiss me and i kept pushing him away. he kept telling me he was getting an uber but there were no signs of him leaving. eventually he took out a condom and i kept telling him i didnt want to have sex, but he insisted because “he already opened the condom”. i knew he wasnt going to leave until we did it so i just went along with it. i hate myself for that. as soon as it started happening my friend walked in and told me that my mom was awake. he left after that. i hurt myself right afterwards. i blame myself ( i know this isnt as bad as other stories ive heard but it still bothers me, and it was 3 years ago)","yfoiuj sexualassault is this sa? No_Pair178 /r/sexualassault/comments/yfoiuj/is_this_sa/ TW
i remember me and my friend were hanging out smoking and drinkin. this boy i went to school with, ahmad, came over and brought more alcohol. i know i shouldnt have drank it but i did anyway. the rest i dont really remember. i was sitting on the couch and he was fingering me and i was slipping in and out of reality (not sure if i was blacking out or going unconscious). my friend was trying to get him off of me saying that i was too drunk, but he didnt listen. the next thing i remember it we were in my wash room and he was trying to kiss me and i kept pushing him away. he kept telling me he was getting an uber but there were no signs of him leaving. eventually he took out a condom and i kept telling him i didnt want to have sex, but he insisted because “he already opened the condom”. i knew he wasnt going to leave until we did it so i just went along with it. i hate myself for that. as soon as it started happening my friend walked in and told me that my mom was awake. he left after that. i hurt myself right afterwards. i blame myself ( i know this isnt as bad as other stories ive heard but it still bothers me, and it was 3 years ago)",[deleted]@0,1,/r/sexualassault/comments/yfoiuj/is_this_sa/,No_Pair178,"thank you, i needed clarification",Yes. you told him no and you don’t even remember all of it.,3
z46uz8,sexualassault,i feel so dirty and worthless,"so i was SAed by my cousin a year and a half ago, and although it wasn’t that bad, he still did something without my consent. he hugged me tightly and showed my ass to some old guy on Omegle just to see that guy jerk off, and i obviously never consented to this. 

i just feel so awful because throughout the years, he has called me names and other awful things and we have gotten into pretty bad arguments which resulted in us not wanting to do with one another and never speaking again, then we become cool again and hang out. he even posted a tik tok where he hates hanging out with his cousins from his dad’s side (which would be me and my sisters) and likes hanging out with his cousins from his mom’s side of the family. 

my dumbass still wants to hang out with him even tho he’s shown that him and his family clearly want nothing to do with me. i want to hang out with him because he’s fun to hang around and makes things entertaining. 

my mom’s side of the family have made it clear that they do not give a fuck about me, my siblings, and my parents. they value my cousin and his family more and they treat them with respect meanwhile they kinda don’t really do that with us. his parents are also pos’s and the both of them don’t really like us. both of his parents talk shit about me and other people with no remorse. 

i have brought this up to my parents, in which both of them had different reactions. my mom was more calm whereas my dad was angry about it. even though he is my mom’s nephew, she believed me and told me to not hang out with him anymore. as for my dad, he also believed me, but was more angry about it. he called me names and even talked shit about him (as per usual) but he believed me and told me to not hang out with him anymore. he already hates them anyway lol. 

forgot to note, but he admitted to it 3 months after the situation, and he said it was because he was “desperate”. then a month afterwards when i brought it up Infront of our uncle, he denied it and called me a liar.","z46uz8 sexualassault i feel so dirty and worthless Alternative-Cat9174 /r/sexualassault/comments/z46uz8/i_feel_so_dirty_and_worthless/ so i was SAed by my cousin a year and a half ago, and although it wasn’t that bad, he still did something without my consent. he hugged me tightly and showed my ass to some old guy on Omegle just to see that guy jerk off, and i obviously never consented to this. 

i just feel so awful because throughout the years, he has called me names and other awful things and we have gotten into pretty bad arguments which resulted in us not wanting to do with one another and never speaking again, then we become cool again and hang out. he even posted a tik tok where he hates hanging out with his cousins from his dad’s side (which would be me and my sisters) and likes hanging out with his cousins from his mom’s side of the family. 

my dumbass still wants to hang out with him even tho he’s shown that him and his family clearly want nothing to do with me. i want to hang out with him because he’s fun to hang around and makes things entertaining. 

my mom’s side of the family have made it clear that they do not give a fuck about me, my siblings, and my parents. they value my cousin and his family more and they treat them with respect meanwhile they kinda don’t really do that with us. his parents are also pos’s and the both of them don’t really like us. both of his parents talk shit about me and other people with no remorse. 

i have brought this up to my parents, in which both of them had different reactions. my mom was more calm whereas my dad was angry about it. even though he is my mom’s nephew, she believed me and told me to not hang out with him anymore. as for my dad, he also believed me, but was more angry about it. he called me names and even talked shit about him (as per usual) but he believed me and told me to not hang out with him anymore. he already hates them anyway lol. 

forgot to note, but he admitted to it 3 months after the situation, and he said it was because he was “desperate”. then a month afterwards when i brought it up Infront of our uncle, he denied it and called me a liar.",[deleted]@7,8,/r/sexualassault/comments/z46uz8/i_feel_so_dirty_and_worthless/,Alternative-Cat9174,"these Asian households man🥲 

also, wanna just PM about this instead?",i’m indian. same here.,1
v3hktm,meToo,just venting,"So... My cousin raped my almost every day for about a year when i was in kindergarten. Two years. This has impacted me to this day. I m now finishing ninth grade. Have went through a lot of psychologists, non helped. I am suicidal and am self harming partly because of this. every few days i get flashbacks of him saying things like ""if you don't do this, I'll tell a bunch of lies about you!"" Or ""don't tell anyone, or else!"" And him just telling me in great detail how sex works and just making me do it. It was in my grandma's house. While no one noticed he would say something like ""let's go play in grandma's room"" and this was code for let's go have sex. Every time i tried to say no, he just became angry. I didn't know how to stand up for myself so i just went along with it. Now, we meet a lot on family gatherings.","v3hktm meToo just venting im_just_a_kat_ /r/meToo/comments/v3hktm/just_venting/ So... My cousin raped my almost every day for about a year when i was in kindergarten. Two years. This has impacted me to this day. I m now finishing ninth grade. Have went through a lot of psychologists, non helped. I am suicidal and am self harming partly because of this. every few days i get flashbacks of him saying things like ""if you don't do this, I'll tell a bunch of lies about you!"" Or ""don't tell anyone, or else!"" And him just telling me in great detail how sex works and just making me do it. It was in my grandma's house. While no one noticed he would say something like ""let's go play in grandma's room"" and this was code for let's go have sex. Every time i tried to say no, he just became angry. I didn't know how to stand up for myself so i just went along with it. Now, we meet a lot on family gatherings.",[deleted]@0,1,/r/meToo/comments/v3hktm/just_venting/,im_just_a_kat_,"Thank you so much, and i looove this advice!! U and ur dog sound like two cutie pies!!","First, I hope you are now safe.  It is important that he is out of your life.

My heart goes out to you.

In the meantime, vent away.  there is nothing wrong with it and good people are here to listen.

I wil share this.  When I was your age I made sure everyday to have one thing to look forward to.  It was usually alone time with my dog.  I would talk to her and pet her, and I found it very relaxing.  It wasn't much and I don't think it would work for everyone, but it helped me get through some tough years.",1
x2lsga,sexualassault,Is this sexual assault?,"This happened a little while ago but I still think about it sometimes so I want to know if it’s sexual assault or if I’m just overreacting a bit.

I was talking with a group of guys. One of them was known for being a bit creepy and had touched my boobs in the past without my consent, but everyone else got over it and thought he was a cool guy so I didn’t want to be the only one stuck on that. He had been trying to convince me to have sex with him for awhile, sometimes using blackmail. Anyway we were just having a normal conversation about school, nothing sexual at all, until he grabbed the back of my head and pushed my face down onto his (hard) penis and held it there for a bit. He first tried to make my eyes close to it so I could see it, then put my mouth area on it and moved my head back and forth to rub it and sort of masturbate using my head. Keep in mind he did have pants on. I did try to take my head off but he was way stronger than me, I didn’t say much except asking him to let go because I was in a lot of shock since it just happened out of nowhere. He started saying I could feel his dick and then showed off to his friends about it. They all seemed a bit weirded out and told him he probably shouldn’t do things like that.

So yeah, is that sexual assault or is it not a big deal?","x2lsga sexualassault Is this sexual assault? Nomintspls /r/sexualassault/comments/x2lsga/is_this_sexual_assault/ This happened a little while ago but I still think about it sometimes so I want to know if it’s sexual assault or if I’m just overreacting a bit.

I was talking with a group of guys. One of them was known for being a bit creepy and had touched my boobs in the past without my consent, but everyone else got over it and thought he was a cool guy so I didn’t want to be the only one stuck on that. He had been trying to convince me to have sex with him for awhile, sometimes using blackmail. Anyway we were just having a normal conversation about school, nothing sexual at all, until he grabbed the back of my head and pushed my face down onto his (hard) penis and held it there for a bit. He first tried to make my eyes close to it so I could see it, then put my mouth area on it and moved my head back and forth to rub it and sort of masturbate using my head. Keep in mind he did have pants on. I did try to take my head off but he was way stronger than me, I didn’t say much except asking him to let go because I was in a lot of shock since it just happened out of nowhere. He started saying I could feel his dick and then showed off to his friends about it. They all seemed a bit weirded out and told him he probably shouldn’t do things like that.

So yeah, is that sexual assault or is it not a big deal?",jasmine-jones@0,1,/r/sexualassault/comments/x2lsga/is_this_sexual_assault/,Nomintspls,Thank you :),That’s definitely sexual assault. I’m really sorry you had to go through that.,1
1gcau89,sexualassault,"is it considered sexual assault if i never said the word ""stop""?","i said that it was hurting, and then he said ""yeah it hurts, but it hurts in a good way"" as a way to convince me to just endure it so he could finish. and then i didn't respond and just waited for him to finish.","1gcau89 sexualassault is it considered sexual assault if i never said the word ""stop""? Silver-Fuel5927 /r/sexualassault/comments/1gcau89/is_it_considered_sexual_assault_if_i_never_said/ i said that it was hurting, and then he said ""yeah it hurts, but it hurts in a good way"" as a way to convince me to just endure it so he could finish. and then i didn't respond and just waited for him to finish.",ValuableGuava9804@0,1,/r/sexualassault/comments/1gcau89/is_it_considered_sexual_assault_if_i_never_said/,Silver-Fuel5927,thank you 🩷,"The absence of no (or stop for that matter) does not mean yes.

A lack of resistance does not mean consent.",1
1oecpi7,sexualassault,Was I sexually assaulted as a child?,"So when I was 14 I used to hang out with a man ( he was mid 20s). I thought he was cool and felt sad that he always seemed to be alone. People used to make fun of him and I didn’t know why. Well one night we hanged out ( it was really dark out as it was winter) we kissed but then he used to put his hands down my pants. I didn’t feel comfortable, I didn’t feel aroused at all. I also felt that he was aroused because I used to sit on his lap and felt that he was hard  when he would touch my vagina.

One night, he tried to get me to follow him into a field and it was a very dark and I luckily said no. I don’t know if he was planning to rape me that night but I’m guessing he was as he mentioned wanting to have sex with me a lot but I was scared to have sex with him.

I’m much older now (late 20s) and feel sick even typing this. I reported the man when I was in school to the nspcc  but nothing came of it. 

Was I abused? 
 ","1oecpi7 sexualassault Was I sexually assaulted as a child? Material_Gift_8277 /r/sexualassault/comments/1oecpi7/was_i_sexually_assaulted_as_a_child/ So when I was 14 I used to hang out with a man ( he was mid 20s). I thought he was cool and felt sad that he always seemed to be alone. People used to make fun of him and I didn’t know why. Well one night we hanged out ( it was really dark out as it was winter) we kissed but then he used to put his hands down my pants. I didn’t feel comfortable, I didn’t feel aroused at all. I also felt that he was aroused because I used to sit on his lap and felt that he was hard  when he would touch my vagina.

One night, he tried to get me to follow him into a field and it was a very dark and I luckily said no. I don’t know if he was planning to rape me that night but I’m guessing he was as he mentioned wanting to have sex with me a lot but I was scared to have sex with him.

I’m much older now (late 20s) and feel sick even typing this. I reported the man when I was in school to the nspcc  but nothing came of it. 

Was I abused? 
 ",hippybitty@0,1,/r/sexualassault/comments/1oecpi7/was_i_sexually_assaulted_as_a_child/,Material_Gift_8277,I just wanted to hear it from someone. Because I thought I was just being dramatic. This man still tries to add me on socials and I block him every time. I should’ve went to the police at the time and it’s too late now because this happened at least 14 years ago. ,"So sorry this happened to you, yes you were sexually assaulted and molested.",3
la5ew3,sexualassault,I feel like it was my fault (tw description of incident),"It happened a year and a half ago and a few days ago I read through old messages from him where he basically said it wasn’t assault bc I didn’t say no and I’m spiralling bc of it. Like it was still nonconsensual, I know that. I didn’t reciprocate any of his actions and then he took off my pants (I don’t remember that but I remember putting them back on) and when he couldn’t um get it in, he made me give him a blowjob and I really didn’t want to but I did it anyway and just...I could have stopped it if I just hadn’t froze and had been able to say something. I’m feeling a lot of guilt and shame over the way I reacted",,[deleted]@0,1,https://www.reddit.com/r/sexualassault/comments/la5ew3/i_feel_like_it_was_my_fault_tw_description_of/,quinnro187,"At one point, he told me to relax. He claimed he didn’t see any cues I was upset but he told me to relax so he knew something was wrong and just...didn’t care","I am so sorry that this happened to you. 

First of all, you should not be ashamed of yourself at all. People think that there's always this fight or flight reaction, but the truth is a lot of people just act like deer caught in headlights. You feel like you're unable to stop or say anything, no matter how much you want to fight back.

Secondly, you did not want it, you did not consent in any way. The fact that you gave him a blowjob even though you didn't want to could have been your way of trying to get the incident over and done with. You were pushed and pushed until you gave in, which can be seen as coerced consent. Whether he sees it or not, that is sexual assault.
And finally, he must have seen that you were uncomfortable in some way if you were not reciprocating his actions at all. Any respectable person would pick up on that instantly and put a stop to it, or at least ask if you wanted it to continue and I'm assuming that he didn't do that.
This is NOT your fault. This is on him and him alone.",1
1p0dzrc,rape,Is it still SA if you felt okay while it was happening?,"I (23F) hooked up with a guy (32M -- though his Tinder profile said 29 lol) who was essentially a stranger to me as I had just met him that day on Tinder. Not a very good idea, I know, but my mental health has been very bad lately and then all of a sudden this day I suddenly felt impulsive and really wanted to have a night out. 

So, we went out for drinks. The vibes were weird because the conversation between us flowed well, but at the same time, he said a couple of weird things that bothered me, so much that at one point I was seriously considering excusing myself to the restroom (at the bar) and trying to escape lol. 

We ended up at my apartment. I don't recall exactly how that happened, as in I'm not sure if I invited him up or if he asked first or what... 

By this point I was mildly intoxicated. But I still remember most of the night, except for some chunks that are missing.

Anyway, first we were making out in the living room and I remember asking if he wanted to  go to the couch. I don't remember his answer to this but I know that we were on the couch for a little bit because I found my jeans there the next day, lol. 

Then we were in my bedroom, making out on my bed. I think I was still enjoying it at this point. But I'm unsure if at any point I actually *wanted* to have sex. Anyway, he had sex , first he went down on me briefly then PIV. Luckily he asked if I had a condom and I did. I felt like I was enjoying it during. So to me, everything is more or less fine up until this point (although I don't recall much communication/any verbal consent, so that kinda sucks, also he was kinda rough especially for the first time)

However, not long after this, we were cuddling in bed and kissing a bit and he asked if I wanted to do it a second time. And this part I remember very clearly -- I said ***""No, I don't want to do it again, sorry, I'm kinda tired""***  I remember that he was standing at the foot of the bed and I was still sitting on my bed when I said this cause I remember looking up at him. Then at one point my sweet dog came into the room and sat with me on the bed and I was petting her for a bit. But then the guy went ""I have an idea"" and walked out of my bedroom. I wasn't sure what he was doing at this point, but he ended up calling my dog so she would leave the bedroom, then he came back in and closed the door behind him. I still didn't feel scared or anything, but I remember wishing he would leave and my dog could come back instead lol. Anyway, after this I think we were standing, probably kissing near the foot of my bed, then he pushed me, quite hard, back onto the bed, and flipped me over. I still didn't feel scared, I was basically just thinking ""*ugh. this again. i don't want to.*"" But I didn't say anything, except for saying ""*Wait*"" just before he was about to penetrate me so I could give him another condom\* (my last one).

So yeah, this continued for somewhere between 5 and 10 minutes I'd say. I think we switched positions a couple times, but I know it both began and ended with me on my stomach face down. Eventually, I decided I'd had enough because it was starting to hurt a lot (+ I was getting a slight panicky feeling), so I asked him to stop. And very luckily, he did -- meaning he didn't cum in me (this time). 

I honestly didn't think much of it at the time. But the next day I woke up feeling just very... icky. (that was 2 days ago) and since then i've just been feeling progressively worse and worse mentally, both in general and because of the situation. i don't really feel sad or angry, i mostly just feel numb. also a bit despairing/hopeless, but that's for other reasons as well. 

i don't know what to do. i suspect that this situation would indeed be classified as sexual assault (that's without even mentioning the condom thing, which is a whole other thing, but whatever). but i also feel like i'm overreacting, that the situation that happened wasn't bad enough to warrant how i'm acting and feeling right now (eg. i've been avoiding my bedroom ever since, as well as my bathroom because there's a mirror in it + not showering or showing my skin because i don't want to see my face or my body because it will just remind me that it is an object of lust of men, etc...). i've also not been eating much, not been to any of my classes since, and got blackout drunk both last night and the night before (but the last one isn't that unusual for me aha).

i don't want to tell anyone about it, except maybe my therapist / psych nurse whom i see tomorrow. people's reactions are too unpredictable and i just don't want to risk that.

  
***TL;DR -- I had sex with a stranger and I didn't consent to it, but I didn't physically resist and initially felt fine during it, but now I don't, which makes me feel like I'm overreacting.*** ","1p0dzrc rape Is it still SA if you felt okay while it was happening? depressy_capricorn /r/rape/comments/1p0dzrc/is_it_still_sa_if_you_felt_okay_while_it_was/ I (23F) hooked up with a guy (32M -- though his Tinder profile said 29 lol) who was essentially a stranger to me as I had just met him that day on Tinder. Not a very good idea, I know, but my mental health has been very bad lately and then all of a sudden this day I suddenly felt impulsive and really wanted to have a night out. 

So, we went out for drinks. The vibes were weird because the conversation between us flowed well, but at the same time, he said a couple of weird things that bothered me, so much that at one point I was seriously considering excusing myself to the restroom (at the bar) and trying to escape lol. 

We ended up at my apartment. I don't recall exactly how that happened, as in I'm not sure if I invited him up or if he asked first or what... 

By this point I was mildly intoxicated. But I still remember most of the night, except for some chunks that are missing.

Anyway, first we were making out in the living room and I remember asking if he wanted to  go to the couch. I don't remember his answer to this but I know that we were on the couch for a little bit because I found my jeans there the next day, lol. 

Then we were in my bedroom, making out on my bed. I think I was still enjoying it at this point. But I'm unsure if at any point I actually *wanted* to have sex. Anyway, he had sex , first he went down on me briefly then PIV. Luckily he asked if I had a condom and I did. I felt like I was enjoying it during. So to me, everything is more or less fine up until this point (although I don't recall much communication/any verbal consent, so that kinda sucks, also he was kinda rough especially for the first time)

However, not long after this, we were cuddling in bed and kissing a bit and he asked if I wanted to do it a second time. And this part I remember very clearly -- I said ***""No, I don't want to do it again, sorry, I'm kinda tired""***  I remember that he was standing at the foot of the bed and I was still sitting on my bed when I said this cause I remember looking up at him. Then at one point my sweet dog came into the room and sat with me on the bed and I was petting her for a bit. But then the guy went ""I have an idea"" and walked out of my bedroom. I wasn't sure what he was doing at this point, but he ended up calling my dog so she would leave the bedroom, then he came back in and closed the door behind him. I still didn't feel scared or anything, but I remember wishing he would leave and my dog could come back instead lol. Anyway, after this I think we were standing, probably kissing near the foot of my bed, then he pushed me, quite hard, back onto the bed, and flipped me over. I still didn't feel scared, I was basically just thinking ""*ugh. this again. i don't want to.*"" But I didn't say anything, except for saying ""*Wait*"" just before he was about to penetrate me so I could give him another condom\* (my last one).

So yeah, this continued for somewhere between 5 and 10 minutes I'd say. I think we switched positions a couple times, but I know it both began and ended with me on my stomach face down. Eventually, I decided I'd had enough because it was starting to hurt a lot (+ I was getting a slight panicky feeling), so I asked him to stop. And very luckily, he did -- meaning he didn't cum in me (this time). 

I honestly didn't think much of it at the time. But the next day I woke up feeling just very... icky. (that was 2 days ago) and since then i've just been feeling progressively worse and worse mentally, both in general and because of the situation. i don't really feel sad or angry, i mostly just feel numb. also a bit despairing/hopeless, but that's for other reasons as well. 

i don't know what to do. i suspect that this situation would indeed be classified as sexual assault (that's without even mentioning the condom thing, which is a whole other thing, but whatever). but i also feel like i'm overreacting, that the situation that happened wasn't bad enough to warrant how i'm acting and feeling right now (eg. i've been avoiding my bedroom ever since, as well as my bathroom because there's a mirror in it + not showering or showing my skin because i don't want to see my face or my body because it will just remind me that it is an object of lust of men, etc...). i've also not been eating much, not been to any of my classes since, and got blackout drunk both last night and the night before (but the last one isn't that unusual for me aha).

i don't want to tell anyone about it, except maybe my therapist / psych nurse whom i see tomorrow. people's reactions are too unpredictable and i just don't want to risk that.

  
***TL;DR -- I had sex with a stranger and I didn't consent to it, but I didn't physically resist and initially felt fine during it, but now I don't, which makes me feel like I'm overreacting.*** ",SubstantialBag7218@0,1,/r/rape/comments/1p0dzrc/is_it_still_sa_if_you_felt_okay_while_it_was/,depressy_capricorn,"thank you &lt;3 luckily i was already receiving therapy/psychiatric care, and i've told them what happened and they've been very supportive and helpful :)",This is definitely SA and I believe this is one of the most common forms of SA. I am so sorry for you. You should definitely seek some support if you feel like it. You don’t have to file a police report but take care of yourself ❤️,1
oeu37z,sexualassault,Am I considered a victim?,"Went to a guy’s place with the intent of just chilling. We talked beforehand that’s the only thing we were going to do. Eventually we started to cuddle and make out. I told him 5-6x that “no, I didn’t want to go below the belt” but eventually gave in and my pants came off. Perhaps he was getting mixed signals cause I was saying no but my body wasn’t matching that. He started to finger me and my body was responding positively. He also stopped to ask a couple times if i wanted to stop and I said no. I don’t exactly feel like a victim. It felt like I changed my mind after my pants came off. When I told my friend what happened, he insisted it was sexual assault, that I was in denial, and that I was taking the situation too light. Im not sure what to think because I didn’t fight back and liked it. I feel weak. A part of me recognizes this could be sexual assault but I feel consent was there and I need to take some responsibility for not pushing him away afterwards. I’ve had no sexual experience prior to this. I talked to the guy after and he felt bad about pants coming off even though I didn’t want it to, but genuinely thought I was having a good time. It didn’t even occur to me until my friend said it. 

Am I victim that was coerced or was it a case of changing mind?",,Scarscantstopme@0,1,https://www.reddit.com/r/sexualassault/comments/oeu37z/am_i_considered_a_victim/,Anxious_Effort,"My friend has known girls who have been sexually assaulted so that’s likely why he’s reacting the way he is. At the same time, he might be perceiving me as somewhat of an idiot for not recognizing this an assault or siding with me. The more I think about this, the more I realize this is assault but I feel like I need to take some responsibility for the mix signals.","Try not to let your friend convince you one way or the other, they are likely coming from a place of their own experiences and that is clouding what they think of your experience. It sounds a bit like you may have given consent considering he asked if you wanted to stop and you said no. Ultimately, only you know what you did and said and how you feel about it now. And, like you said, you feel consent was there, so trust in your thoughts and beliefs and not what a friend is trying to convince you.",1
jwwi2x,sexualassault,a confusing newly un-repressed memory,"about a week ago, a random memory came up from two years ago, and i'm unsure whether it counts as sexual assault or not.

about a day before the incident i recalled, a girl slapped my bottom  because she does that as a ""joke"" to her friends. i told her to stop. the next day i was standing in the shallow end of the pool with my swim team, and she snuck her hand behind me and reached up to touch my crotch.

was this sexual assault? i know it was definitely messed up and a huge invasion, but it doesn't seem serious enough to be termed assault.","jwwi2x sexualassault a confusing newly un-repressed memory chlorinatedgay /r/sexualassault/comments/jwwi2x/a_confusing_newly_unrepressed_memory/ about a week ago, a random memory came up from two years ago, and i'm unsure whether it counts as sexual assault or not.

about a day before the incident i recalled, a girl slapped my bottom  because she does that as a ""joke"" to her friends. i told her to stop. the next day i was standing in the shallow end of the pool with my swim team, and she snuck her hand behind me and reached up to touch my crotch.

was this sexual assault? i know it was definitely messed up and a huge invasion, but it doesn't seem serious enough to be termed assault.",[deleted]@0,1,/r/sexualassault/comments/jwwi2x/a_confusing_newly_unrepressed_memory/,chlorinatedgay,fair point,In some states grouping is considered sexual assault. Either way what she did  is predatory,1
p8wigt,rape,I finally reported it and told my parents. My dad is angry with me for not reporting sooner and I’m depressed because he’s right.,"My dad is angry with me for not reporting this the day it happened or after (in September 2020). He said, “Think of all the girls he’s hurt since then because you let him get away with it.”

I can’t stop thinking about it. I can’t stop worrying. I reported it three days ago and the officer was off work the next two days and I still haven’t heard from the detective. I’m sick with worry that my abuser is currently hurting others. I don’t know why but i assumed he only hurt me. He assaulted and abused me many more times and told me he loved me while he was inside me on a different occasion during consensual sex but after slapping me hard without my approval, and said, “You’re gonna come fuck me in the park by my house anytime I want now. Right?”

One time he jammed himself into me without warning and I sobbed from the pain but he kept going on top of me and didn’t stop. One time he slapped me over and over again, wagged his finger at me, his face shaking in anger, telling me, “I can do whatever I want, got it?” Over and over because I said we need a condom before we start.

There were several times where I would say “Wait” as he was about to enter me and he would enter anyway and say “Wait for what?”

One time I met up for what I thought would be exciting sex but he was in a bad mood and started kissing my neck and I wasn’t feeling it and pulled away but he started fingering me and pushed me on my back and I kept talking, kept asking what was wrong, saying “wait” and he finally said, “SHUT UP!” so angrily, his face shaking, and he told me, “say I can fuck you” and I was scared so I complied.  I blacked out during, don’t remember any of it. He had to wake me up and asked why I was panting nervously like a dog. 

He is a predator. I let him get away. If I hadn’t texted my friends the day of the first assault, and if they didn’t show up, I wonder if he would have fully raped my vagina (he forced me to give oral when I didn’t consent to it and slammed my head on him repeatedly and lay on top of me asking over and over for sex even though I kept shaking my head and saying I can’t). I wonder if he would have ghosted me. I wonder if he only became nice after to keep me from reporting it. He did say he was paranoid and scared I would because I said I would call the cops while my friends drove to us.

I didn’t because we smoked marijuana and I was afraid to get arrested.

I’m so depressed. I feel worse now that I’ve accepted it was sexual assault and he is a predator. I felt sad before throughout our hookups because I thought I loved him and that he was wounded and didn’t mean to hurt me. But this? This reality I’ve finally faced? Hits me like a ton of bricks and I understand why I wanted to pretend we were in a passionate affair. But if I were a normal person, I would have reported him and moved on by now and saved other women.

I told the girl he’s currently hooking up with and she said “I’m sorry your boundaries were crossed, I know him and he’s a dumbass.”

Being a dumbass doesn’t excuse what he did to my body and mind and I don’t think he’s dumb at all. He knew what he was doing and he enjoyed it. The assault I reported, The one that happened at my house, I went t my room to escape him because he kept asking over and over and laying on top of me asking for sex even as I said no, and he came to my room and forced me to give oral and slammed my head on him. He didn’t respect my safe space but he knows how important a safe space is since once he told me he always designates a space space at parties for people t calm down when high. 

Lately I wish I wasn’t born, life is such a joke. I don’t want to be here. I’m not sure what I believe but my religious upbringing is the only reason I haven’t killed myself yet. The tiny chance hell exists terrifies me.","p8wigt rape I finally reported it and told my parents. My dad is angry with me for not reporting sooner and I’m depressed because he’s right. [deleted] /r/rape/comments/p8wigt/i_finally_reported_it_and_told_my_parents_my_dad/ My dad is angry with me for not reporting this the day it happened or after (in September 2020). He said, “Think of all the girls he’s hurt since then because you let him get away with it.”

I can’t stop thinking about it. I can’t stop worrying. I reported it three days ago and the officer was off work the next two days and I still haven’t heard from the detective. I’m sick with worry that my abuser is currently hurting others. I don’t know why but i assumed he only hurt me. He assaulted and abused me many more times and told me he loved me while he was inside me on a different occasion during consensual sex but after slapping me hard without my approval, and said, “You’re gonna come fuck me in the park by my house anytime I want now. Right?”

One time he jammed himself into me without warning and I sobbed from the pain but he kept going on top of me and didn’t stop. One time he slapped me over and over again, wagged his finger at me, his face shaking in anger, telling me, “I can do whatever I want, got it?” Over and over because I said we need a condom before we start.

There were several times where I would say “Wait” as he was about to enter me and he would enter anyway and say “Wait for what?”

One time I met up for what I thought would be exciting sex but he was in a bad mood and started kissing my neck and I wasn’t feeling it and pulled away but he started fingering me and pushed me on my back and I kept talking, kept asking what was wrong, saying “wait” and he finally said, “SHUT UP!” so angrily, his face shaking, and he told me, “say I can fuck you” and I was scared so I complied.  I blacked out during, don’t remember any of it. He had to wake me up and asked why I was panting nervously like a dog. 

He is a predator. I let him get away. If I hadn’t texted my friends the day of the first assault, and if they didn’t show up, I wonder if he would have fully raped my vagina (he forced me to give oral when I didn’t consent to it and slammed my head on him repeatedly and lay on top of me asking over and over for sex even though I kept shaking my head and saying I can’t). I wonder if he would have ghosted me. I wonder if he only became nice after to keep me from reporting it. He did say he was paranoid and scared I would because I said I would call the cops while my friends drove to us.

I didn’t because we smoked marijuana and I was afraid to get arrested.

I’m so depressed. I feel worse now that I’ve accepted it was sexual assault and he is a predator. I felt sad before throughout our hookups because I thought I loved him and that he was wounded and didn’t mean to hurt me. But this? This reality I’ve finally faced? Hits me like a ton of bricks and I understand why I wanted to pretend we were in a passionate affair. But if I were a normal person, I would have reported him and moved on by now and saved other women.

I told the girl he’s currently hooking up with and she said “I’m sorry your boundaries were crossed, I know him and he’s a dumbass.”

Being a dumbass doesn’t excuse what he did to my body and mind and I don’t think he’s dumb at all. He knew what he was doing and he enjoyed it. The assault I reported, The one that happened at my house, I went t my room to escape him because he kept asking over and over and laying on top of me asking for sex even as I said no, and he came to my room and forced me to give oral and slammed my head on him. He didn’t respect my safe space but he knows how important a safe space is since once he told me he always designates a space space at parties for people t calm down when high. 

Lately I wish I wasn’t born, life is such a joke. I don’t want to be here. I’m not sure what I believe but my religious upbringing is the only reason I haven’t killed myself yet. The tiny chance hell exists terrifies me.",Wisdom_Pen@0,1,/r/rape/comments/p8wigt/i_finally_reported_it_and_told_my_parents_my_dad/,[deleted],This gives me comfort.  Thank you,"Also as a Theologian I can tell you that Hell os not in the Bible and was made up by the church borrowing heavily from Greco-Roman myth.

Jesus references the Jewish concept of Sheol (basically death but no consciousness just non-existence) and Gehinnom (a place that physically exists not an afterlife) but never Hell.

There is a parable that closely resembles hell but most scholars believe he was using the Greco-Roman concept of Phlegethon as an allegory not a statement of legitimate belief in it’s existence.

But don’t kill yourself you have thousands of days left on this Earth each with a 50% chance to be a great day those odds should not be ignored.

I know it hurts believe me but I am in great pain too but I know it’s not rational and just my heart not my head talking so you have to try to overcome it and then one day down the road you won’t have to try anymore because life will of gotten better.",2
1ho1glf,sexualassault,Did my dad SA me or am i overreacting?,"
Yeah so my dad (40M) keeps on touching me (15M), i’ve told him to stop in the past yet he wont. He keeps on doing it again and again. 

(This wasnt r*pe, he just touches me in intimate places without my consent.) 

I’ve never realized that my dad SA’d me, until a friend of mine on discord mentioned she was a victim, when she said SA, i thought she meant rape, but she taught me that SA doesnt always have to be rape. 

Following this event, i started researching and remembering what he does, and alot of the shit dad does to me is wierd.

E.G: 

1. Argument between my dad and sister get heated, I intervene and defend so he doesnt hurt my sister (he’s abusive), so the most logical thing he can do is start beating me infront of the whole family while grabbing my chest (i used to be fat so i had man boobs) and pinching. 

2. I’m in the kitchen grabbing water, dad slaps my ass claiming “he was trying to slap my thigh.” The “normal” ass rubs, touches and hits. 

3. Just being a creep in general, i’ve caught him staring at my armpits when i’m asleep (caught him when i woke up), staying in my room even tho i need to put on some clothes after coming out of the shower, and barging into my room while changing and not leaving. 

Context: we’re borh Egyptian/Australian living in the UAE, he’s a “VERY” religious person and I’m trying to get closer to my religion but he weaponizes it and now i struggle to find faith. I cant call the police so i dont risk us getting deported. I have lots of info and stories on my situation on other posts. 

Was this SA or am i overreacting?","1ho1glf sexualassault Did my dad SA me or am i overreacting? A-H-Moussa /r/sexualassault/comments/1ho1glf/did_my_dad_sa_me_or_am_i_overreacting/ 
Yeah so my dad (40M) keeps on touching me (15M), i’ve told him to stop in the past yet he wont. He keeps on doing it again and again. 

(This wasnt r*pe, he just touches me in intimate places without my consent.) 

I’ve never realized that my dad SA’d me, until a friend of mine on discord mentioned she was a victim, when she said SA, i thought she meant rape, but she taught me that SA doesnt always have to be rape. 

Following this event, i started researching and remembering what he does, and alot of the shit dad does to me is wierd.

E.G: 

1. Argument between my dad and sister get heated, I intervene and defend so he doesnt hurt my sister (he’s abusive), so the most logical thing he can do is start beating me infront of the whole family while grabbing my chest (i used to be fat so i had man boobs) and pinching. 

2. I’m in the kitchen grabbing water, dad slaps my ass claiming “he was trying to slap my thigh.” The “normal” ass rubs, touches and hits. 

3. Just being a creep in general, i’ve caught him staring at my armpits when i’m asleep (caught him when i woke up), staying in my room even tho i need to put on some clothes after coming out of the shower, and barging into my room while changing and not leaving. 

Context: we’re borh Egyptian/Australian living in the UAE, he’s a “VERY” religious person and I’m trying to get closer to my religion but he weaponizes it and now i struggle to find faith. I cant call the police so i dont risk us getting deported. I have lots of info and stories on my situation on other posts. 

Was this SA or am i overreacting?",justrobyynnn@0,1,/r/sexualassault/comments/1ho1glf/did_my_dad_sa_me_or_am_i_overreacting/,A-H-Moussa,"Tysm, really &lt;3","I'd say no you're not overreacting this is very creepy of him

I don't know if the cops will take it seriously if you go to them since you live in an arab country where people aren't as open minded to those things 

Obviously he's gonna keep doing those things so find ways to avoid them until you're an adult or if he does something really extreme go to the cops, he'll get deported but you won't",2
s2eutp,sexualassault,My ex did something to me while she was drunk but I’m not sure if I should call it sexual assault because it wasn’t that bad,"Apologies, this is kinda long and complex.

Last February, I (21F) drove my ex (21F) home from the bars where she’d been drinking with friends. She was pretty drunk so I kept an eye on her at home. I got her water and food, held her hair while she puked, put her to bed (for context, we had separate bedrooms), etc. We usually always kissed before bed, but she’d just thrown up so I didn’t want to. I guess she really wanted her kisses though because I heard her in the bathroom brushing her teeth after I’d put her to bed. 

I got out of my bed to see what was up and she came to my room. Next thing I knew we were making out (I’m not sure who initiated, but if I did it was only to get her to go to bed and leave me alone). She gave me a seductive look and closed the door behind her, pushing me playfully towards my bed. She didn’t ask me if I wanted to get in bed with her, but it was implied she wanted something sexual. I didn’t want to do anything, but I sat on the edge of my bed because I didn’t want to turn her down and make her feel undesirable.

She pushed me back so I was flat on the mattress, climbing onto me and pinning my wrists down so I couldn’t move. Pinning and restraining weren’t unusual in our sexual interactions, but we always asked before doing that sorta stuff. I really felt trapped at this point. She started kissing me roughly and grinding her hips into mine. I started struggling a little because I didn’t like it, but she didn’t seem to notice. She started giving me a painful hickey and I’d had enough so I pushed her. She finally got the signal and stopped.

She asked what was wrong and I just said I was too tired to have sex or make out. I was afraid she’d feel awful if I told her I felt like she’d violated me. She could tell I was feeling more than I let on and apologized. I reassured her I was okay and convinced her to go to bed because I wanted to be alone. The next day we talked about what happened. She apologized, I forgave her, and buried my feelings so she wouldn’t feel so bad. 8 months later, we broke up because I thought my sexuality had changed from bi to straight. I’m realizing now I probably just couldn’t stand being with her after what she did. 

Anyways, does this sound like sexual assault? I always doubt myself because I was in a relationship with her, she did something we’d done before, she stopped once I signaled I wasn’t interested, she wouldn’t have done this sober, there wasn’t any penetration, and I moved on from it quickly like nothing ever happened. I feel like I’m blowing it out of proportion, but I can’t deny that it impacted me.","s2eutp sexualassault My ex did something to me while she was drunk but I’m not sure if I should call it sexual assault because it wasn’t that bad fiery_baptism /r/sexualassault/comments/s2eutp/my_ex_did_something_to_me_while_she_was_drunk_but/ Apologies, this is kinda long and complex.

Last February, I (21F) drove my ex (21F) home from the bars where she’d been drinking with friends. She was pretty drunk so I kept an eye on her at home. I got her water and food, held her hair while she puked, put her to bed (for context, we had separate bedrooms), etc. We usually always kissed before bed, but she’d just thrown up so I didn’t want to. I guess she really wanted her kisses though because I heard her in the bathroom brushing her teeth after I’d put her to bed. 

I got out of my bed to see what was up and she came to my room. Next thing I knew we were making out (I’m not sure who initiated, but if I did it was only to get her to go to bed and leave me alone). She gave me a seductive look and closed the door behind her, pushing me playfully towards my bed. She didn’t ask me if I wanted to get in bed with her, but it was implied she wanted something sexual. I didn’t want to do anything, but I sat on the edge of my bed because I didn’t want to turn her down and make her feel undesirable.

She pushed me back so I was flat on the mattress, climbing onto me and pinning my wrists down so I couldn’t move. Pinning and restraining weren’t unusual in our sexual interactions, but we always asked before doing that sorta stuff. I really felt trapped at this point. She started kissing me roughly and grinding her hips into mine. I started struggling a little because I didn’t like it, but she didn’t seem to notice. She started giving me a painful hickey and I’d had enough so I pushed her. She finally got the signal and stopped.

She asked what was wrong and I just said I was too tired to have sex or make out. I was afraid she’d feel awful if I told her I felt like she’d violated me. She could tell I was feeling more than I let on and apologized. I reassured her I was okay and convinced her to go to bed because I wanted to be alone. The next day we talked about what happened. She apologized, I forgave her, and buried my feelings so she wouldn’t feel so bad. 8 months later, we broke up because I thought my sexuality had changed from bi to straight. I’m realizing now I probably just couldn’t stand being with her after what she did. 

Anyways, does this sound like sexual assault? I always doubt myself because I was in a relationship with her, she did something we’d done before, she stopped once I signaled I wasn’t interested, she wouldn’t have done this sober, there wasn’t any penetration, and I moved on from it quickly like nothing ever happened. I feel like I’m blowing it out of proportion, but I can’t deny that it impacted me.",Fiery1997@0,1,/r/sexualassault/comments/s2eutp/my_ex_did_something_to_me_while_she_was_drunk_but/,fiery_baptism,"I tend to blame myself for negative events and traumas in my life and its hard to accept that someone I care so much about could’ve hurt me. But your response was helpful because you helped me realize labeling it as an assault isn’t as important as how it made me feel and the long term impact it had on me. Anyways, thank you.","Hey you have every right to feel the way you do also sexual assault does occur in relationships as well , your significant other does not own your body just because you’re in a relationship with them . There is also many forms of sexual assault . She  crossed a boundary &amp; made you feel violated .",1
1ghcl9i,sexualassault,Is this SA?,"So my boyfriend (now ex) was cuddling with me in bed and he started slowly moving his hand down and then rubbed my dick through my pants, moved his hand and rubbed my underwater and then finally started touching my dick itself, I did not consent to this but did not say anything as I was shocked.

I went to the university police and he got removed from my room and banned from coming back on campus and I broke up with him

Did I take it too far? Did he actually SA me? Thank you! ","1ghcl9i sexualassault Is this SA? Intelligent-Doctor56 /r/sexualassault/comments/1ghcl9i/is_this_sa/ So my boyfriend (now ex) was cuddling with me in bed and he started slowly moving his hand down and then rubbed my dick through my pants, moved his hand and rubbed my underwater and then finally started touching my dick itself, I did not consent to this but did not say anything as I was shocked.

I went to the university police and he got removed from my room and banned from coming back on campus and I broke up with him

Did I take it too far? Did he actually SA me? Thank you! ",mary-janeex@0,1,/r/sexualassault/comments/1ghcl9i/is_this_sa/,Intelligent-Doctor56,"Thank you, I’ve been stewing over this all day, but I am doing a bit better, have scheduled a meeting with my RA and the Title IX office to get me further support as I navigate this event. I am so fortunate to have a group of people who care so deeply about me on campus. :)",that was definitely assault and you did the right thing!,1
1h93ecx,sexualassault,My boyfriend forced my head down while I was giving,"Hey guys, I'm reposting this in hopes of responses this time. I really am conflicted and I don't know what this is considered. If it's sexual assault, I didn't say no, so how would he know? If it's rape, which I really don't know because technically I consented to give at first, I again didn't say no. But once I started getting my head pushed I wanted out. 

My (16f) boyfriend (17m) visited me about one week ago. Before this, we talked about our boundaries on call many times and one of mine was for him to not push my head down if I'm giving, because I don't like gagging, choking, and I most definitely didn't want to throw up. His priority was to not hurt me and keep me safe.

Anyways fast forward to the visit, we lost our virginity to each other that moment. We both consented, however, in the beginning when I was giving, he kept pushing my head down. I didn't verbally say no or tell him to stop while in the act because 1. I didn't want to ruin the mood, and 2. he drove so far. But I kept raising my head so I could gather myself and breathe. Each time seconds after, he would tell me to keep going and push my head up and down again. I was just waiting for that moment to be over, and when it did end, I avoided being in that position again. We continued and I consented to everything else. It's just that one part that keeps haunting me. 

When I talked to him about it he was extremely apologetic and he said he forgot about that one but that wasn't an excuse and it was his fault. That was reasonable I think because I did set a lot of boundaries. He was just really sorry. I have a history with SA so I'm shaken. He's the only one I opened up to and he promised to never do bad things to me. He's still extremely apologetic and he says he really didn't mean to and he feels terrible. But it took me a lot to reach that point where I'm comfortable to do those sort of things with him. What is this considered?","1h93ecx sexualassault My boyfriend forced my head down while I was giving Upbeat_Anxiety_4852 /r/sexualassault/comments/1h93ecx/my_boyfriend_forced_my_head_down_while_i_was/ Hey guys, I'm reposting this in hopes of responses this time. I really am conflicted and I don't know what this is considered. If it's sexual assault, I didn't say no, so how would he know? If it's rape, which I really don't know because technically I consented to give at first, I again didn't say no. But once I started getting my head pushed I wanted out. 

My (16f) boyfriend (17m) visited me about one week ago. Before this, we talked about our boundaries on call many times and one of mine was for him to not push my head down if I'm giving, because I don't like gagging, choking, and I most definitely didn't want to throw up. His priority was to not hurt me and keep me safe.

Anyways fast forward to the visit, we lost our virginity to each other that moment. We both consented, however, in the beginning when I was giving, he kept pushing my head down. I didn't verbally say no or tell him to stop while in the act because 1. I didn't want to ruin the mood, and 2. he drove so far. But I kept raising my head so I could gather myself and breathe. Each time seconds after, he would tell me to keep going and push my head up and down again. I was just waiting for that moment to be over, and when it did end, I avoided being in that position again. We continued and I consented to everything else. It's just that one part that keeps haunting me. 

When I talked to him about it he was extremely apologetic and he said he forgot about that one but that wasn't an excuse and it was his fault. That was reasonable I think because I did set a lot of boundaries. He was just really sorry. I have a history with SA so I'm shaken. He's the only one I opened up to and he promised to never do bad things to me. He's still extremely apologetic and he says he really didn't mean to and he feels terrible. But it took me a lot to reach that point where I'm comfortable to do those sort of things with him. What is this considered?",MavenBrodie@0,1,/r/sexualassault/comments/1h93ecx/my_boyfriend_forced_my_head_down_while_i_was/,Upbeat_Anxiety_4852,"no i didnt give permission, i previously told him i dont want that to happen","Did you ask or give permission? Did he ask for permission? Did he get a yes?

Then it's automatically a no",9
sjvarw,rape,Is this SA or rape?,"I (23F) was 5 years together with my Ex, our first Time was him undressing me and then having sex with me. He didn‘t asked if I would be comfortable with this and i don‘t remember saying no..
I was very shy, desperate to be loved and felt frozen, he stopped after a while bc he noticed that I didn‘t enjoyed it. We never talked about it.

I woke up a lot of times bc I felt him touching me, trying to force more or his stuff on my shorts..
I always tried to push him away but sometimes i couldn‘t do more bc i was on sleeping pills.
He always said he was asleep, looking sad and saying things like „what do you exept me to do when i‘m asleep, wake me up“, even when i told him that i felt raped..
I felt really guilty talking with him about the things he did to me while „asleep“ and startet sleeping on my back and wearing longer shorts I could tie bc I was afraid.

Since I‘m in a new relationship with someone who ALWAYS asks my consent to everything, the memories came flooding in, flashbacks happend and after a long talk I broke down. My partner can‘t believe that my ex was asleep and I questioned it ALWAYS but felt really guilty for thinking bad about him.
But I think I was not only sexually assaulted but maybe also raped and since my breakdown my mental health is spiraling down. I don‘t know what to think or feel and am desperate for objectiv opinions.","sjvarw rape Is this SA or rape? mariemariemango /r/rape/comments/sjvarw/is_this_sa_or_rape/ I (23F) was 5 years together with my Ex, our first Time was him undressing me and then having sex with me. He didn‘t asked if I would be comfortable with this and i don‘t remember saying no..
I was very shy, desperate to be loved and felt frozen, he stopped after a while bc he noticed that I didn‘t enjoyed it. We never talked about it.

I woke up a lot of times bc I felt him touching me, trying to force more or his stuff on my shorts..
I always tried to push him away but sometimes i couldn‘t do more bc i was on sleeping pills.
He always said he was asleep, looking sad and saying things like „what do you exept me to do when i‘m asleep, wake me up“, even when i told him that i felt raped..
I felt really guilty talking with him about the things he did to me while „asleep“ and startet sleeping on my back and wearing longer shorts I could tie bc I was afraid.

Since I‘m in a new relationship with someone who ALWAYS asks my consent to everything, the memories came flooding in, flashbacks happend and after a long talk I broke down. My partner can‘t believe that my ex was asleep and I questioned it ALWAYS but felt really guilty for thinking bad about him.
But I think I was not only sexually assaulted but maybe also raped and since my breakdown my mental health is spiraling down. I don‘t know what to think or feel and am desperate for objectiv opinions.",howtobeakoala@0,1,/r/rape/comments/sjvarw/is_this_sa_or_rape/,mariemariemango,"I‘m so confused about all of this..
In my country it is only rape if you say no",That's rape,1
1hwn8rs,rape,Did anyone else’s rapist not realise he raped you?,"This is driving me crazy. It feels so invalidating. I confronted my rapist years later about how much he traumatised me and he freaked out. He kept saying he’s a good person so there is no way he raped me (I hadn’t even brought that word up, he did) and that I should
use the word SA instead. He understands now that what he did was wrong but back then he didn’t know how consent worked and he didn’t realise that I didn’t consent. He asked me if I consider him a rapist and when I didn’t answer he started yelling at me “tell me I’m not a rapist, say it, say it, say it” I felt intimidated but stayed quiet. The fact is he still slept with me without my consent. It was horrible, I was so scared. I froze and dissociated, lying there just waiting for it to be over. His intentions in that moment don’t change that. ","1hwn8rs rape Did anyone else’s rapist not realise he raped you? radfem22 /r/rape/comments/1hwn8rs/did_anyone_elses_rapist_not_realise_he_raped_you/ This is driving me crazy. It feels so invalidating. I confronted my rapist years later about how much he traumatised me and he freaked out. He kept saying he’s a good person so there is no way he raped me (I hadn’t even brought that word up, he did) and that I should
use the word SA instead. He understands now that what he did was wrong but back then he didn’t know how consent worked and he didn’t realise that I didn’t consent. He asked me if I consider him a rapist and when I didn’t answer he started yelling at me “tell me I’m not a rapist, say it, say it, say it” I felt intimidated but stayed quiet. The fact is he still slept with me without my consent. It was horrible, I was so scared. I froze and dissociated, lying there just waiting for it to be over. His intentions in that moment don’t change that. ",Starfury7-Jaargen@0,1,/r/rape/comments/1hwn8rs/did_anyone_elses_rapist_not_realise_he_raped_you/,radfem22,True. It’s always about him. In the end he even tried to twist it and make himself the victim. He said I used him by letting him do it to me to hurt myself and he didn’t consent to be used as a knife in my own self harm?,"&gt;tell me I’m not a rapist, say it, say it, say it

And there is the problem. He still demands what he wants without considering others.",13
s269zf,sexualassault,Was it SA or a miscommunication?,"When I (f,23)  was a sophmore in college, my husband (m,24), who was my boyfriend at the time, continued intercourse after I told him to stop.
We were already in the process of immensing it after I initially consented and then I wanted to stop and told him to stop.
Idk if he thought I was just saying to be bratty (as tmi, I tend to be that way during intercourse) or if he just didn't want to. 
Either way, he is larger than I am so I couldn't get him off of me, so I just froze.

What happened? Was this SA?

I still love him and I even got married to him after. Every once in awhile the feelings associated with it pop back up and I am able to push it down right away, but some reason its just bothering me because I am so confused about it.
I do forgive him and want to be with him still and nothing like that has ever happened since, so it has me questioning what really happened.","s269zf sexualassault Was it SA or a miscommunication? throwawayhahahoohoo /r/sexualassault/comments/s269zf/was_it_sa_or_a_miscommunication/ When I (f,23)  was a sophmore in college, my husband (m,24), who was my boyfriend at the time, continued intercourse after I told him to stop.
We were already in the process of immensing it after I initially consented and then I wanted to stop and told him to stop.
Idk if he thought I was just saying to be bratty (as tmi, I tend to be that way during intercourse) or if he just didn't want to. 
Either way, he is larger than I am so I couldn't get him off of me, so I just froze.

What happened? Was this SA?

I still love him and I even got married to him after. Every once in awhile the feelings associated with it pop back up and I am able to push it down right away, but some reason its just bothering me because I am so confused about it.
I do forgive him and want to be with him still and nothing like that has ever happened since, so it has me questioning what really happened.",Electronic_Spring_14@2,3,/r/sexualassault/comments/s269zf/was_it_sa_or_a_miscommunication/,throwawayhahahoohoo,"I wanted to give an explanation. I did say stop more than once.
And then shut down and disengaged bc I didnt know what to do.
I talked to my therapist about it and actually was able to talk to my husband about it after much thought.

I was surprised by his reaction.
He didnt make me feel bad or try to defend himself. He was shocked and apologized, he did misread the situation - but never made me feel like my concerns about what happened to me were invalid. He felt guilty, but did it in a way that was so understanding and validating to me.
It still sucks that it happened, but we are working on communicating better when it comes to sex now to prevent things like this from happening again.","Because she also said they had a bratty dynamic going. Which means that in the past, stop might not be stop. If this was established in there previous times together, then, you need a safe word. A word that cannot be mistaken for playful brattiness",2
m6jhtv,meToo,"My story, what have I experienced?"," 

Hello Reddit and the amazing people here,

I have a story to tell. I have many things that have happened to me (20 F) and I honestly don't know where to start. When I was, I want to say 14 or 15, I started dating this guy from my class, it started so amazingly, but it then changed. The potential emotional abuse aside (I say potential since I have not processed it fully yet and I don't want to say that unless I am 100% sure), there are a lot of things I wish I haven't done. And here are some of the key things I want to hear what you guys think of.

It started with making out, which was okay. But after a while, he started to ask me for photos of my private parts. I remember feeling shocked, and I swiftly said no. However, to me, his response was not what I expected. He started saying he was sorry, and that he felt like he was a terrible human being. While he apologised, he proceeds to give me the cold treatment. Because when he gets angry, he always gives me the cold treatment, to quote on quote ""let me learn"". So I was in this situation where I felt so frustrated. Where I felt like I don't want to this, but then he is saying he is sorry but not really. Long story short, I gave him. What follows was every day, I had to send him 3 pictures, of my private parts, every day. At this point in time, we have not been having sex.

After dating for a while, it escalated. He gets overly jealous, and calling me names, calling me a slut when I hang out with male friends, sometimes claiming that I had sex with them. I can't remember much about how exactly I agreed to, at least at the time felt like I did voluntarily to sex. I remember bits of it, I believe to the best of my ability, that we had an argument, and there was this other girl that was ""offering he virginity"" to him? Of course, I now believe that that ""girl"" didn't exist, for the simple reason that they typed surprisingly similar (just my speculation). After that situation, my memory has a gap (it has been a long time now), and I remember him saying something like ""no police is going to check your hymen"" after I said that having sex before 18 was illegal, and then somehow we were going to have sex. I dont remember saying no, I didn't say much about how I felt about everything he asked me to do, but somehow, just somehow, when I think about me in his room, or when I am trying to sleep, I have this inescapable imagine of him on top me, it makes me so very uncomfortable. After our first time, I feel like every time he gets angry with me, I would rush to him and offer sex. That seemed to be the only way to stop the silent treatment. Again, I didn't say no, but I feel such immense shame, I felt like a prostitute.

I can't tell if I remember correctly, but I feel like one time he recorded the sex on his phone for his personal enjoyment, he did not ask how I felt about that. He forced me to have oral sex, it wasn't physical, I can't remember much now. I feel like I didn't really want to do it, because now when I do things to my current boyfriend, completely voluntarily, I would still feel like my body wasn't there.

So this is a mind dump of everything I can remember. So, my question is, would my experience, based on my fragmented memory be sexual coercion? Am I exaggerating things here?","m6jhtv meToo My story, what have I experienced? Necessary_Station733 /r/meToo/comments/m6jhtv/my_story_what_have_i_experienced/  

Hello Reddit and the amazing people here,

I have a story to tell. I have many things that have happened to me (20 F) and I honestly don't know where to start. When I was, I want to say 14 or 15, I started dating this guy from my class, it started so amazingly, but it then changed. The potential emotional abuse aside (I say potential since I have not processed it fully yet and I don't want to say that unless I am 100% sure), there are a lot of things I wish I haven't done. And here are some of the key things I want to hear what you guys think of.

It started with making out, which was okay. But after a while, he started to ask me for photos of my private parts. I remember feeling shocked, and I swiftly said no. However, to me, his response was not what I expected. He started saying he was sorry, and that he felt like he was a terrible human being. While he apologised, he proceeds to give me the cold treatment. Because when he gets angry, he always gives me the cold treatment, to quote on quote ""let me learn"". So I was in this situation where I felt so frustrated. Where I felt like I don't want to this, but then he is saying he is sorry but not really. Long story short, I gave him. What follows was every day, I had to send him 3 pictures, of my private parts, every day. At this point in time, we have not been having sex.

After dating for a while, it escalated. He gets overly jealous, and calling me names, calling me a slut when I hang out with male friends, sometimes claiming that I had sex with them. I can't remember much about how exactly I agreed to, at least at the time felt like I did voluntarily to sex. I remember bits of it, I believe to the best of my ability, that we had an argument, and there was this other girl that was ""offering he virginity"" to him? Of course, I now believe that that ""girl"" didn't exist, for the simple reason that they typed surprisingly similar (just my speculation). After that situation, my memory has a gap (it has been a long time now), and I remember him saying something like ""no police is going to check your hymen"" after I said that having sex before 18 was illegal, and then somehow we were going to have sex. I dont remember saying no, I didn't say much about how I felt about everything he asked me to do, but somehow, just somehow, when I think about me in his room, or when I am trying to sleep, I have this inescapable imagine of him on top me, it makes me so very uncomfortable. After our first time, I feel like every time he gets angry with me, I would rush to him and offer sex. That seemed to be the only way to stop the silent treatment. Again, I didn't say no, but I feel such immense shame, I felt like a prostitute.

I can't tell if I remember correctly, but I feel like one time he recorded the sex on his phone for his personal enjoyment, he did not ask how I felt about that. He forced me to have oral sex, it wasn't physical, I can't remember much now. I feel like I didn't really want to do it, because now when I do things to my current boyfriend, completely voluntarily, I would still feel like my body wasn't there.

So this is a mind dump of everything I can remember. So, my question is, would my experience, based on my fragmented memory be sexual coercion? Am I exaggerating things here?",[deleted]@0,1,/r/meToo/comments/m6jhtv/my_story_what_have_i_experienced/,Necessary_Station733,"That is a interesting thing to consider. I am not too sure, but from what I remembered, he dislike his dad because he felt like he doesn’t understand his mum. I remember he felt like he was the only one taking care of her","Did you ever observe his parents’ relationship? Usually, guys are mimicking that.",1
10sk9sp,sexualassault,is this sexual assault?,"When I was maybe 6 or 7 my brother (who's a couple years older than me) would play make believe games where he had is dick out. I don't honestly remember how many of the games went, just that they went on for awhile, usually he was doing something with his dick, and then they suddenly stopped. Then I have a memory of him daring me to touch his dick but idk if that actually happened. And he masturbated in front of me when we were kids. Idk I'm freaking out rn, I feel really uncomfortable with what happened.","10sk9sp sexualassault is this sexual assault? newusername118 /r/sexualassault/comments/10sk9sp/is_this_sexual_assault/ When I was maybe 6 or 7 my brother (who's a couple years older than me) would play make believe games where he had is dick out. I don't honestly remember how many of the games went, just that they went on for awhile, usually he was doing something with his dick, and then they suddenly stopped. Then I have a memory of him daring me to touch his dick but idk if that actually happened. And he masturbated in front of me when we were kids. Idk I'm freaking out rn, I feel really uncomfortable with what happened.",[deleted]@2,3,/r/sexualassault/comments/10sk9sp/is_this_sexual_assault/,newusername118," I'm just kinda freaking out, I don't know what to do","Okay, that's good you are taking the steps to get help. If you need anyone to talk to or vent I'm here . Feel free to message me.",1
1h2gyku,sexualassault,Was this SA? Mom on me.,"
Was This Sexual Assault?
Around 2 years ago, i was taking a nap in my bed before we went out as a family. I was you know, snoozing or atleast trying to when my mom comes into my room and sits next to me, i move away as im not comfortable with her. ( shes abused me before. ) she moves closer and eventually on top of me. I wake up and start yelling for her to get off me. Shes around 400lb and was crushing me. She presses her crotch against my rear and starts to do grinding motions, i cant move, im screaming. Yelling at her please stop, please get off. She starts huffing and puffing, telling me to calm down. She does this for around 5 mins, im crying. After she gets off me. Leaves and says "" i dont love her. ""

Bonus: when i vented about this in my notes app she snuck through my phone and found it, she said she would never do such a thing as she was abused sexually as a child. She told me she was just playing, yet i begged for her to get off. I have no idea what a normal relationship is like with a mother, shes abused me, its never been normal. Please help, im so lost even to this day.","1h2gyku sexualassault Was this SA? Mom on me. Top_Tour_4296 /r/sexualassault/comments/1h2gyku/was_this_sa_mom_on_me/ 
Was This Sexual Assault?
Around 2 years ago, i was taking a nap in my bed before we went out as a family. I was you know, snoozing or atleast trying to when my mom comes into my room and sits next to me, i move away as im not comfortable with her. ( shes abused me before. ) she moves closer and eventually on top of me. I wake up and start yelling for her to get off me. Shes around 400lb and was crushing me. She presses her crotch against my rear and starts to do grinding motions, i cant move, im screaming. Yelling at her please stop, please get off. She starts huffing and puffing, telling me to calm down. She does this for around 5 mins, im crying. After she gets off me. Leaves and says "" i dont love her. ""

Bonus: when i vented about this in my notes app she snuck through my phone and found it, she said she would never do such a thing as she was abused sexually as a child. She told me she was just playing, yet i begged for her to get off. I have no idea what a normal relationship is like with a mother, shes abused me, its never been normal. Please help, im so lost even to this day.",Brave_Opportunity404@0,1,/r/sexualassault/comments/1h2gyku/was_this_sa_mom_on_me/,Top_Tour_4296,"No, whats worse is that im also supposed to be her caretaker.","I'm so sorry that happened to you. Sadly yes that's SA , you cried for her to stop and she continued for 5 minutes adding to the fact she's your mother. She took advantage of you. I know it's hard to regionze how unhealthy and healthy relationships with family could be , but to me this a cut and dry case.       


I'm really sorry,  wish you're atleast away from her ? ",3
powbfa,sexualassault,I was a child witness of sexual assult. How do I move on as an adult?,"When I turned 7, my elder brother became a legal adult, at 18. When he was in his early twenties, we had a teenage cousin (and her family) move into our home. Over time, my brother and my teenage cousin started having a secret, sexual relationship.

I saw them a few times in the act: her sitting his lap, dirty dancing,  touching (in private or in public). They would do this in front of me with no boundaries. I was forced to keep it a secret. Even when the adults figured it out, they told me the same. (I found out their relationship was sexual when I overheard the adults talking to them about what to do if my cousin got pregnant.)

I intuitively felt it was wrong at that age but had no authority to do/say anything. I was burdened with this knowledge and I started getting in trouble at school at that age and I never knew why I was acting up or zoning out. (Started sleep-walking and had major, unaddressed stress/anxiety.) I felt helpless that I couldn’t do or say anything and I assumed both my cousin and brother were old enough to know what they were doing. And at that age, everyone was an adult.

Now that I am an adult, I realize my cousin was only 15 at the time. She was a child. And I’ve long since gone no-contact with my brother which he is angry about but I don’t think he knows I did this because of this “family secret.” No one ever talks about it. TBH, I don’t talk to my cousin either. We drifted apart right after her family moved out of our home. I assume they moved out because of this fiasco.

I’m angry, and confused and I want to know if this is considered sexual assault on my end, having been a child and a witness. Or would it have another name? It’s plagued me and my thoughts for a long time and sometimes affects how intimate I feel in my current relationships. i.e., it crosses my mind and I completely shut down intimately and don’t want to go any further. 

I don't know how to find closure from this past trauma. I've been advised to take journaling more seriously but I feel guilt over not doing something or speaking up. I wonder if volunteer work for SA and DV survivors would be a more proactive solution.","powbfa sexualassault I was a child witness of sexual assult. How do I move on as an adult? t4rowa111ay /r/sexualassault/comments/powbfa/i_was_a_child_witness_of_sexual_assult_how_do_i/ When I turned 7, my elder brother became a legal adult, at 18. When he was in his early twenties, we had a teenage cousin (and her family) move into our home. Over time, my brother and my teenage cousin started having a secret, sexual relationship.

I saw them a few times in the act: her sitting his lap, dirty dancing,  touching (in private or in public). They would do this in front of me with no boundaries. I was forced to keep it a secret. Even when the adults figured it out, they told me the same. (I found out their relationship was sexual when I overheard the adults talking to them about what to do if my cousin got pregnant.)

I intuitively felt it was wrong at that age but had no authority to do/say anything. I was burdened with this knowledge and I started getting in trouble at school at that age and I never knew why I was acting up or zoning out. (Started sleep-walking and had major, unaddressed stress/anxiety.) I felt helpless that I couldn’t do or say anything and I assumed both my cousin and brother were old enough to know what they were doing. And at that age, everyone was an adult.

Now that I am an adult, I realize my cousin was only 15 at the time. She was a child. And I’ve long since gone no-contact with my brother which he is angry about but I don’t think he knows I did this because of this “family secret.” No one ever talks about it. TBH, I don’t talk to my cousin either. We drifted apart right after her family moved out of our home. I assume they moved out because of this fiasco.

I’m angry, and confused and I want to know if this is considered sexual assault on my end, having been a child and a witness. Or would it have another name? It’s plagued me and my thoughts for a long time and sometimes affects how intimate I feel in my current relationships. i.e., it crosses my mind and I completely shut down intimately and don’t want to go any further. 

I don't know how to find closure from this past trauma. I've been advised to take journaling more seriously but I feel guilt over not doing something or speaking up. I wonder if volunteer work for SA and DV survivors would be a more proactive solution.",Lower_Salamander4493@0,1,/r/sexualassault/comments/powbfa/i_was_a_child_witness_of_sexual_assult_how_do_i/,t4rowa111ay,"Oh yes, you're right. In the moment, I wasn't thinking of the meaning between assault and abuse. I meant to ask if was abusive. 

Thank you for reading my story.","While assault requires physical touch, what you experienced is still absolutely sexual abuse. I’m so sorry you had to witness that.",3
1of4mkm,sexualassault,Is this sexual assault ?,"  went on a date yesterday that turned really uncomfortable and a bit scary. It made me realize that if I ever ended up in another situation like that, I don’t have anyone I could reach out to for help — no friends, family, or coworkers I could call or text to fake an emergency so I could leave safely.

I know this is a strange thing to ask, but if anyone here would be willing to be that person I could message in the future — just to call or text me so I have an excuse to get out of a bad situation in the future  — I’d really appreciate it. (i.e: help me fake an “emergency”
 so  I can urgently leave).   I’m usually independent, but this made me realize how alone I actually am.","1of4mkm sexualassault Is this sexual assault ? SeaLawfulness3530 /r/sexualassault/comments/1of4mkm/is_this_sexual_assault/   went on a date yesterday that turned really uncomfortable and a bit scary. It made me realize that if I ever ended up in another situation like that, I don’t have anyone I could reach out to for help — no friends, family, or coworkers I could call or text to fake an emergency so I could leave safely.

I know this is a strange thing to ask, but if anyone here would be willing to be that person I could message in the future — just to call or text me so I have an excuse to get out of a bad situation in the future  — I’d really appreciate it. (i.e: help me fake an “emergency”
 so  I can urgently leave).   I’m usually independent, but this made me realize how alone I actually am.",Ill-Ad7331@0,1,/r/sexualassault/comments/1of4mkm/is_this_sexual_assault/,SeaLawfulness3530,"Yeah, that’s a good idea but the thing is is in the parking lot later when I was in the car, I tried yelling for help when he took my phone and people were  just ignoring me",Tip: you can signal a waitress/hostess or bartender and they will very very often make up an emergency for you to escape.,1
121uy0w,sexualassault,Is it possible for a male to be sexually assaulted by a stripper?,"This may get rambling so I apologize. Last weekend, I was with a friend and 3 guys I do not know well. I got blackout drunk, to the point of having withdrawals for 3 days. While blacked out went to a strip club and on auto pilot I followed them in. 

Upon realizing it was a strip club i left and circled the block looking for my friend who was driving to no avail. I went back in, and found one of the guys I was with and was able to call my friend with his phone but my friend would not pick me up.

This is the last real “memory of the night I remember”

At one point I have a flash memory of a stripper taking to me and trying to lead me through the club and asking me to pay $400 for a dance.

I remember saying no and nothing else after that.

I found I was charged well over $400 on my debit card but have no memory after that. 

If she in fact took me back and charged me for whatever she was talking about, was I sexually assaulted? If I was not in the autopilot state of mind I was in there is no way I would have consented to any private dance, let alone for that price.

I am trying to process what happened, and hoping to save my marriage of less than 6 months. 

Please help.","121uy0w sexualassault Is it possible for a male to be sexually assaulted by a stripper? spacedropper88 /r/sexualassault/comments/121uy0w/is_it_possible_for_a_male_to_be_sexually/ This may get rambling so I apologize. Last weekend, I was with a friend and 3 guys I do not know well. I got blackout drunk, to the point of having withdrawals for 3 days. While blacked out went to a strip club and on auto pilot I followed them in. 

Upon realizing it was a strip club i left and circled the block looking for my friend who was driving to no avail. I went back in, and found one of the guys I was with and was able to call my friend with his phone but my friend would not pick me up.

This is the last real “memory of the night I remember”

At one point I have a flash memory of a stripper taking to me and trying to lead me through the club and asking me to pay $400 for a dance.

I remember saying no and nothing else after that.

I found I was charged well over $400 on my debit card but have no memory after that. 

If she in fact took me back and charged me for whatever she was talking about, was I sexually assaulted? If I was not in the autopilot state of mind I was in there is no way I would have consented to any private dance, let alone for that price.

I am trying to process what happened, and hoping to save my marriage of less than 6 months. 

Please help.",AvailableStrategy640@0,1,/r/sexualassault/comments/121uy0w/is_it_possible_for_a_male_to_be_sexually/,spacedropper88,"Another thing I failed to mention, there’s a good chance I have some sort of VD.",There’s no way of knowing what she did to you but if you were passed out drunk it’s very possible she just targeted you for your money. Why get sexual with a guy if you can just take the money without having to?,3
rz2qqm,TwoXChromosomes,I didn't say no or try to stop him so why did I start crying and want to leave?,"I went to a very new bf's house tonight and by the end I asked if I could leave and drove home sobbing. I never said no or pushed him away or did anything to stop him so why did I get so upset like he did anything wrong?

I got out of an awful very long relationship nearly a year ago. Outside of everything else that was wrong with the relationship, he also coerced me into sex and physical things for the majority of the time despite knowing I didn't want to. I heard over and over again that I was a problem because normal couples have sex, he can't be with someone who doesn't want regular sex, he'll leave me, show some enthusiasm, act like I want it, if I loved him I would want to have sex, and many more. I dealt with it by grinning and bearing it and trying to get it over with as soon as possible. I often cried during and after. He acted surprise to find this despite me always being tense and quiet and limiting how much and where he touched me and never initiating and in general not wanting to be physical with him. Idk how it could have possibly been missed. He accused me of being asexual and made me feel broken as a woman. I started to feel like I might be.

I met a very very kind, sweet, and caring man from online dating about 2 months ago and within the last couple days we had the whole exclusivity and relationship talk so now he's my boyfriend I suppose. He invited me over to his place and things were going well no problem but at one point I asked how he thought things were going. He gave a very lukewarm tone and answered with ""good"". I jokingly said that wasn't very enthusiastic and he said he didn't get enthusiastic about things. It made me feel badly to be honest. I went way out of my comfort zone to go to his house and he didn't even really prepare anything. I don't know what I should have expected but all he did was start kissing me. We essentially just made out in the dark with a few comments here and there. 

After his comment ruined my happy mood he just went back to kissing me but my body language changed entirely. I grit my teeth and did not kiss back, I closed my hands into fists, and crossed my arms over my chest. Things got really really awkward because he started to rub me on my lower abdomen for like awhile. I take it he thought he was in the general vagina region but it was not anywhere close to being between my legs. I didn't say anything to him kissing me or the weird attempted stomach fingering but it was very uncomfortable. I laid there silently and not moving so I guess he understood I wasn't going to be finishing from that. He then moved behind me like a big spoon and fell asleep. I started thinking and it really upset me he could miss such obvious discomfort from me. I started to cry and tried peeling his arms off me but he woke up and grabbed me again. I just wanted to get out and go home while he was asleep but if he woke up he just kept pulling me towards him in different ways, kissing me more, telling me he loved me, asking if I was okay, etc. I eventually asked to go to the bathroom and he was going to take me but I grabbed all my things and asked to leave instead. He was clearly very tired but asked me what was wrong and asked me to talk to him. I wasn't in a good state and just wanted to leave. He hugged me and walked me to my car outside and told me to get home safe. I drove home very slowly sobbing the entire way.

In his defense it was night, the lights were off, and he had no glasses on to see me clearly. I already have bad communication skills and I don't know why I couldn't just say to stop. He would have immediately. He's made it clear he wants me to anytime I'm uncomfortable and he's always been extremely patient with me in every way. Other than this, I can't say I've had remotely any issue with him. But right now I feel like I never want to see him again. I also feel like this is something deeply wrong with me. How can I have a normal relationship and physical experiences if I can't say no then want to bail and disappear on the guy when he did nothing wrong? Even if I never see him again couldn't this just happen again with another guy? I know I'm not okay. I can't act like a victim when there are real sexual assault victims who fight tooth and nail against their attackers. I know I have no excuse to cry. I don't know what to do. I just want to be in a happy and normal relationship with a good man who loves and respects me.","rz2qqm TwoXChromosomes I didn't say no or try to stop him so why did I start crying and want to leave? blueberrybuttercream /r/TwoXChromosomes/comments/rz2qqm/i_didnt_say_no_or_try_to_stop_him_so_why_did_i/ I went to a very new bf's house tonight and by the end I asked if I could leave and drove home sobbing. I never said no or pushed him away or did anything to stop him so why did I get so upset like he did anything wrong?

I got out of an awful very long relationship nearly a year ago. Outside of everything else that was wrong with the relationship, he also coerced me into sex and physical things for the majority of the time despite knowing I didn't want to. I heard over and over again that I was a problem because normal couples have sex, he can't be with someone who doesn't want regular sex, he'll leave me, show some enthusiasm, act like I want it, if I loved him I would want to have sex, and many more. I dealt with it by grinning and bearing it and trying to get it over with as soon as possible. I often cried during and after. He acted surprise to find this despite me always being tense and quiet and limiting how much and where he touched me and never initiating and in general not wanting to be physical with him. Idk how it could have possibly been missed. He accused me of being asexual and made me feel broken as a woman. I started to feel like I might be.

I met a very very kind, sweet, and caring man from online dating about 2 months ago and within the last couple days we had the whole exclusivity and relationship talk so now he's my boyfriend I suppose. He invited me over to his place and things were going well no problem but at one point I asked how he thought things were going. He gave a very lukewarm tone and answered with ""good"". I jokingly said that wasn't very enthusiastic and he said he didn't get enthusiastic about things. It made me feel badly to be honest. I went way out of my comfort zone to go to his house and he didn't even really prepare anything. I don't know what I should have expected but all he did was start kissing me. We essentially just made out in the dark with a few comments here and there. 

After his comment ruined my happy mood he just went back to kissing me but my body language changed entirely. I grit my teeth and did not kiss back, I closed my hands into fists, and crossed my arms over my chest. Things got really really awkward because he started to rub me on my lower abdomen for like awhile. I take it he thought he was in the general vagina region but it was not anywhere close to being between my legs. I didn't say anything to him kissing me or the weird attempted stomach fingering but it was very uncomfortable. I laid there silently and not moving so I guess he understood I wasn't going to be finishing from that. He then moved behind me like a big spoon and fell asleep. I started thinking and it really upset me he could miss such obvious discomfort from me. I started to cry and tried peeling his arms off me but he woke up and grabbed me again. I just wanted to get out and go home while he was asleep but if he woke up he just kept pulling me towards him in different ways, kissing me more, telling me he loved me, asking if I was okay, etc. I eventually asked to go to the bathroom and he was going to take me but I grabbed all my things and asked to leave instead. He was clearly very tired but asked me what was wrong and asked me to talk to him. I wasn't in a good state and just wanted to leave. He hugged me and walked me to my car outside and told me to get home safe. I drove home very slowly sobbing the entire way.

In his defense it was night, the lights were off, and he had no glasses on to see me clearly. I already have bad communication skills and I don't know why I couldn't just say to stop. He would have immediately. He's made it clear he wants me to anytime I'm uncomfortable and he's always been extremely patient with me in every way. Other than this, I can't say I've had remotely any issue with him. But right now I feel like I never want to see him again. I also feel like this is something deeply wrong with me. How can I have a normal relationship and physical experiences if I can't say no then want to bail and disappear on the guy when he did nothing wrong? Even if I never see him again couldn't this just happen again with another guy? I know I'm not okay. I can't act like a victim when there are real sexual assault victims who fight tooth and nail against their attackers. I know I have no excuse to cry. I don't know what to do. I just want to be in a happy and normal relationship with a good man who loves and respects me.",Stephreads@0,1,/r/TwoXChromosomes/comments/rz2qqm/i_didnt_say_no_or_try_to_stop_him_so_why_did_i/,blueberrybuttercream,I'd never been to his house and he has several roommates I assume he didn't want me walking into someone's room. We didn't have to walk through any of the house to get to his room so I never knew where anything was,"I’m sorry, he was going to take you to the bathroom? In what world is that not weird? 
This was a strange night. It seems he invited you over for sex. When he didn’t get it, I think he pretended to be asleep, hoping you’d fall asleep and he could get you into sex at that point. 
This isn’t how you’re supposed to feel. The minute you feel uncomfortable, you should leave. Trust yourself.",6
1o2cy9d,sexualassault,Idk how to feel as a guy,"This started when I was on leave from the army during July, so I was at a party and a girl I knew was really fuckin drunk. She wanted someone to cry and talk to and I listened to her and when she started sobbing, I held her hand. Then she became unhinged, grabbed my ass, inner thigh, chest. Bit my chest, neck, arm, and left marks and tried kissing and making out with me and askin to kiss me like actually a hundred fuckin times when I said no. All this happened when I had to keep stopping her from falling over. She did all this periodically through the night. I tried avoiding her but she was lowkey kinda helpless.

The next morning I texted her and she kept saying sorry and begging me not to say this to anyone. Kept almost crying when I told her I wanted to talk about this to some people. She seemed unstable so I haven’t even told a soul. She had a bf too btw :/

This happened a couple months ago and idk what do you call that without making a big deal of it. I ignored it for a long time but now it’s coming back and it’s bothering me. I feel really hurt. Is this sexual assault if I’m a guy? Ik she didn’t know what she was doing but I never knew anyone who acted like this in an any state. Please help what do I even call this, and what should I do. Should I talk about this with my friends who also happen to know her. This feeling has been hurting me really badly these last few days.","1o2cy9d sexualassault Idk how to feel as a guy ohhellno49 /r/sexualassault/comments/1o2cy9d/idk_how_to_feel_as_a_guy/ This started when I was on leave from the army during July, so I was at a party and a girl I knew was really fuckin drunk. She wanted someone to cry and talk to and I listened to her and when she started sobbing, I held her hand. Then she became unhinged, grabbed my ass, inner thigh, chest. Bit my chest, neck, arm, and left marks and tried kissing and making out with me and askin to kiss me like actually a hundred fuckin times when I said no. All this happened when I had to keep stopping her from falling over. She did all this periodically through the night. I tried avoiding her but she was lowkey kinda helpless.

The next morning I texted her and she kept saying sorry and begging me not to say this to anyone. Kept almost crying when I told her I wanted to talk about this to some people. She seemed unstable so I haven’t even told a soul. She had a bf too btw :/

This happened a couple months ago and idk what do you call that without making a big deal of it. I ignored it for a long time but now it’s coming back and it’s bothering me. I feel really hurt. Is this sexual assault if I’m a guy? Ik she didn’t know what she was doing but I never knew anyone who acted like this in an any state. Please help what do I even call this, and what should I do. Should I talk about this with my friends who also happen to know her. This feeling has been hurting me really badly these last few days.",SoThisIsHowItEnds-@0,1,/r/sexualassault/comments/1o2cy9d/idk_how_to_feel_as_a_guy/,ohhellno49,Thank you so much bud that helped a lot,"It seems like it might be sexual assault to me. When you said no and she kept doing it she was ignoring your lack of consent. I’m sorry this happened that sounds like a really stressful situation. If you feel like you need to tell someone, do. It’s unfair on you as well as to her bf! Once again, I’m sorry. That’s a horrible situation to be in ❤️",2
188zad7,sexualassault,Is this sa,"Throughout the years my aunt used to act very strange around me she would come up behind me and touch my as or slap it or chase me round the room even and my parents just thought it was funny and a joke but I said I didn't like it and she still continued 
Is this sa?","188zad7 sexualassault Is this sa No-Highlight959 /r/sexualassault/comments/188zad7/is_this_sa/ Throughout the years my aunt used to act very strange around me she would come up behind me and touch my as or slap it or chase me round the room even and my parents just thought it was funny and a joke but I said I didn't like it and she still continued 
Is this sa?",[deleted]@2,3,/r/sexualassault/comments/188zad7/is_this_sa/,No-Highlight959,I was also sa by my dad so I wanted to know what kind this is so I could report it,"Absolutely. Being family is no excuse. For her to do that more when your parents weren't around, it seems like she was very aware that it was inappropriate. I'm sorry this happened to you!",1
m30joo,sexualassault,I think I was sexually assaulted again by my boyfriend,"I've already had a couple 'bad experiences' with guys, and I never actually realized it right after it happened, and I'm also not sure right now. I've been together with this guy for a month now, and am terrified of the thought of sex because of trauma, so I let him know 2 weeks into the relationship (when he asked me how much I wanted to wait with it) that I'd prefer to wait a couple months. 


Yesterday he slept over. I was trying to make it clear I didn't want anything to happen tonight other than sleeping but I still have a hard time with words and especially with the word 'no' as it was ignored many times already. We went to sleep and I just couldn't fall asleep and so couldn't he but I still pretended to be asleep because I didn't want to talk and I was a little stressed. I don't know if he knew I was awake or not but in the middle of the night I felt his hand creeping close to my butt and breasts, and then actually touching them through my clothes. Later on I felt him slide his hand under my t-shirt slowly.


(I let him know before that I didn't like him touching, or slapping my ass/breasts because it made me uncomfortable and feel like an object.)


I moved his hand away and pulled my t-shirt down multiple times to send him a message that I didn't want his hand there. Each time he waited a bit and put it back like nothing happened and kept slowly moving it closer and closer over time.


The next thing I knew I was feeling like I was lying next to my rapist from 2 years ago and had a hard time holding my tears back. I felt like I was being used and disrespected again. I eventually excused myself to the bathroom where I let a couple tears out and then went back.


I didn't count it as sexual assault but I looked it up and a website said 'unwanted sexual touching' also could be counted as sexual assault. But, I'm still a little unsure: is this sexual assault? Thank you for reading!","m30joo sexualassault I think I was sexually assaulted again by my boyfriend queerasf /r/sexualassault/comments/m30joo/i_think_i_was_sexually_assaulted_again_by_my/ I've already had a couple 'bad experiences' with guys, and I never actually realized it right after it happened, and I'm also not sure right now. I've been together with this guy for a month now, and am terrified of the thought of sex because of trauma, so I let him know 2 weeks into the relationship (when he asked me how much I wanted to wait with it) that I'd prefer to wait a couple months. 


Yesterday he slept over. I was trying to make it clear I didn't want anything to happen tonight other than sleeping but I still have a hard time with words and especially with the word 'no' as it was ignored many times already. We went to sleep and I just couldn't fall asleep and so couldn't he but I still pretended to be asleep because I didn't want to talk and I was a little stressed. I don't know if he knew I was awake or not but in the middle of the night I felt his hand creeping close to my butt and breasts, and then actually touching them through my clothes. Later on I felt him slide his hand under my t-shirt slowly.


(I let him know before that I didn't like him touching, or slapping my ass/breasts because it made me uncomfortable and feel like an object.)


I moved his hand away and pulled my t-shirt down multiple times to send him a message that I didn't want his hand there. Each time he waited a bit and put it back like nothing happened and kept slowly moving it closer and closer over time.


The next thing I knew I was feeling like I was lying next to my rapist from 2 years ago and had a hard time holding my tears back. I felt like I was being used and disrespected again. I eventually excused myself to the bathroom where I let a couple tears out and then went back.


I didn't count it as sexual assault but I looked it up and a website said 'unwanted sexual touching' also could be counted as sexual assault. But, I'm still a little unsure: is this sexual assault? Thank you for reading!",-OutOfThisHereWorld-@0,1,/r/sexualassault/comments/m30joo/i_think_i_was_sexually_assaulted_again_by_my/,queerasf,Thank you for the feedback! I really can't even stand to look at him since it happened.,"This is definitely. You kept saying no and he kept doing it, not to mention it triggered some past tramua. This is a huge fucking red flag.",1
1cpc8v8,sexualassault,Is it sexual assault? I don't know help please...,"TW for alcohol abuse, domestic abuse mentioning, and also it happening to a child.

So I was in elementary school, if your in the UK its known as Primary school. (at the time I identified as female but I identify as male now.) and it was late at night. I don't remember if it was a weekend or school day, but I was awake ad I was supposed to be asleep. My brother was asleep, and my mom was out either with friends or at work. My dad (about 31 at the time) climbed into my bed and hugged me from behind...and then his hands drifted to my chest and kinda sat on it...and I had this weird, uncomfortable, feeling in my gut that something really bad was gonna happen... Also he was definitely drunk I could smell the beer on his breath and I vividly remember the smell...he was intoxicated alot at the time as a way to cope with depression and bpd. But that's a side note. I asked him to get on of my bed because I was uncomfortable, he asked why, I just told him ""please just get out please"" and it took me another 2 tries to get him to leave, and after he got up he came up behind me and said ""your just like your mother."" Then he stormed out and slammed the door behind him and we never brought it up. I never mentioned it to anyone. I thought it was a normal experience. But I'm starting to question that...he was very abusive anyway, manipulating my family, getting drunk, mentally and physically abusing us...so I don't know anymore...but is it really that bad to be considered sexual assault? He was drunk, so it probably isn't a big deal, right?

Is it really SA?

Update: I told my mom a week ago, and she just today made me tell him about it. I knew it would go horribly since in the past he mentally and physically abused me, and when they divorced and I didn't wanna come over he said that he apologized and I needed to get over it. and it went just as I expected. Gaslighting me and even trying to gaslight my mom into believing I was making it up, and saying that it was a year ago and I needed to get over it because it was in the past. he keeps saying I'm A child and if I wanna act like an adult then I should get over it. at this point even if he apologizes, I'm not gonna forgive him. even if he ""changes"" I'm not gonna forgive him and as soon as I'm 18 and out of my house I'm blocking him. but, that's awhile from now, so wish me luck. please give me advice I'm still confused and this doesn't feel good mentally, and is affecting my already bad mental health.

  
Update 2:

its been like a few years..wow!!! um, so, I blocked him. he kept trying to gaslight me and I was tired of it. so I told him it was late and I was gonna sleep, and if he didn't stop messaging me I'd block him. and he didnt. so I did. alot of my family protested and tried to get me to unblock him, but I stayed strong. Now, I'm about to enter highschool, I've been through alot of therapy, had alot of self discovery, and I'm much better! I've also fully accepted my bi-sexuality with him out of the house, and every day except that I'm A trans guy more and more. This post let me vent out alot of anxiety, which I really needed. I don't know if anyone from before will see this, but thank you. For everytning. People who gave me advice, upvotes, all of it! I haven't fully healed, but I will eventually. And I'm glad that I had this when I needed it most. Thank you all.","1cpc8v8 sexualassault Is it sexual assault? I don't know help please... Rei80813 /r/sexualassault/comments/1cpc8v8/is_it_sexual_assault_i_dont_know_help_please/ TW for alcohol abuse, domestic abuse mentioning, and also it happening to a child.

So I was in elementary school, if your in the UK its known as Primary school. (at the time I identified as female but I identify as male now.) and it was late at night. I don't remember if it was a weekend or school day, but I was awake ad I was supposed to be asleep. My brother was asleep, and my mom was out either with friends or at work. My dad (about 31 at the time) climbed into my bed and hugged me from behind...and then his hands drifted to my chest and kinda sat on it...and I had this weird, uncomfortable, feeling in my gut that something really bad was gonna happen... Also he was definitely drunk I could smell the beer on his breath and I vividly remember the smell...he was intoxicated alot at the time as a way to cope with depression and bpd. But that's a side note. I asked him to get on of my bed because I was uncomfortable, he asked why, I just told him ""please just get out please"" and it took me another 2 tries to get him to leave, and after he got up he came up behind me and said ""your just like your mother."" Then he stormed out and slammed the door behind him and we never brought it up. I never mentioned it to anyone. I thought it was a normal experience. But I'm starting to question that...he was very abusive anyway, manipulating my family, getting drunk, mentally and physically abusing us...so I don't know anymore...but is it really that bad to be considered sexual assault? He was drunk, so it probably isn't a big deal, right?

Is it really SA?

Update: I told my mom a week ago, and she just today made me tell him about it. I knew it would go horribly since in the past he mentally and physically abused me, and when they divorced and I didn't wanna come over he said that he apologized and I needed to get over it. and it went just as I expected. Gaslighting me and even trying to gaslight my mom into believing I was making it up, and saying that it was a year ago and I needed to get over it because it was in the past. he keeps saying I'm A child and if I wanna act like an adult then I should get over it. at this point even if he apologizes, I'm not gonna forgive him. even if he ""changes"" I'm not gonna forgive him and as soon as I'm 18 and out of my house I'm blocking him. but, that's awhile from now, so wish me luck. please give me advice I'm still confused and this doesn't feel good mentally, and is affecting my already bad mental health.

  
Update 2:

its been like a few years..wow!!! um, so, I blocked him. he kept trying to gaslight me and I was tired of it. so I told him it was late and I was gonna sleep, and if he didn't stop messaging me I'd block him. and he didnt. so I did. alot of my family protested and tried to get me to unblock him, but I stayed strong. Now, I'm about to enter highschool, I've been through alot of therapy, had alot of self discovery, and I'm much better! I've also fully accepted my bi-sexuality with him out of the house, and every day except that I'm A trans guy more and more. This post let me vent out alot of anxiety, which I really needed. I don't know if anyone from before will see this, but thank you. For everytning. People who gave me advice, upvotes, all of it! I haven't fully healed, but I will eventually. And I'm glad that I had this when I needed it most. Thank you all.",Mindless-Ad4069@2,3,/r/sexualassault/comments/1cpc8v8/is_it_sexual_assault_i_dont_know_help_please/,Rei80813,"She keeps asking me to talk with him about it, which I'm worried about doing since he's known for manipulating people so well that they'd question themselves. and even with me knowing he's gonna turn it on me, and being scared because I'd rather not confront my abuser (and I guess possibly assaulter) she still says I have too.","She's right about the relationship, After all, you only have one parents. She react nicely by being worried, did you have speak more about all of that with her?
 Your dad never did anything like that After? He was probably too affected emotionally...",1
rm58vi,sexualassault,Need help making sense of a situation that happened between me and husband.,"I guess I just need help really. This happened last night before bed and I just need help making sense of it. 

 It's kind of long.
 The other day my partner and I were cuddling and they wanted to kiss/touch on my breast, I said I wasn't sure and they tried any way. I ended up saying I didn't like the sensation and we stopped. Later in the evening I say I'm not feeling sexual so I'm down for cuddling but that's all I want. Once it's time for cuddling they end up rubbing my leg because I get leg cramps. From my perspective they initiate sexual touches and I refuse both times. Later when confronted they said that they only heard me say I wasn't sure and one no. I explain how I felt violated and that my wants were being ignored. They apologize and we had serious talks and it seems to be going well. 
Fast forward to today where I let it be know that I Iove and care for them but I'm not feeling sex right now. We've always had a great sex life but right now I feel that other intimacies are missing. I then tell them I really want to focus on nonsexual intimacies right now, they seemed disappointed but say they understand. We agree to cuddle and keep it PG. We kiss some and I try to leave it at that. They then start kissing on my neck in ways that feel very sexual. Nibbling, sucking, even moving toward my chest to bite some.
At this point I just feel panicked so I don't do anything. I mention I can't breath and they reposition us to where they are lying over me directing everything. I can feel they are hard and there is some connection as they are on top. The kisses get more intimate and their hands move to my neck holding me and manuviouring me. 

At this point I think I've checked out. I feel outside my body like I'm somewhere else looking in. I just feel scared and trapped. Im mad I didn't say no, but I also felt like I had said numerous times I wasn't feeling sexual and it seemed like it was getting ignored so would this time matter?  I got scared and panicked. 
It continues for a bit more and finally he moves off, goes to the bathroom for a while, and it's over. 
I got so trapped and so overwhelmed I couldn't stop stimming. 
Later when we get into bed they grab my breast one last time and ask to make out but I say I'm tired, our kid sleeps with us sometimes so luckily it could not go further. 

I guess I just need help. I feel bad and violated and scared but also detached. 
I don't know if my history with sexual assault is making this a trigger? If this was just them trying for nonsexual intimacy? 
Or am I just in a bad headspace and seeing this unclearly? 
I just feel numb but also mad at myself. 

I just want to leave and take some time because I feel so wrong but it's right before the holidays and I don't know if what I'm feeling is appropriate. 

Any advice or insight would be much appreciated!","rm58vi sexualassault Need help making sense of a situation that happened between me and husband. throwaway192993o /r/sexualassault/comments/rm58vi/need_help_making_sense_of_a_situation_that/ I guess I just need help really. This happened last night before bed and I just need help making sense of it. 

 It's kind of long.
 The other day my partner and I were cuddling and they wanted to kiss/touch on my breast, I said I wasn't sure and they tried any way. I ended up saying I didn't like the sensation and we stopped. Later in the evening I say I'm not feeling sexual so I'm down for cuddling but that's all I want. Once it's time for cuddling they end up rubbing my leg because I get leg cramps. From my perspective they initiate sexual touches and I refuse both times. Later when confronted they said that they only heard me say I wasn't sure and one no. I explain how I felt violated and that my wants were being ignored. They apologize and we had serious talks and it seems to be going well. 
Fast forward to today where I let it be know that I Iove and care for them but I'm not feeling sex right now. We've always had a great sex life but right now I feel that other intimacies are missing. I then tell them I really want to focus on nonsexual intimacies right now, they seemed disappointed but say they understand. We agree to cuddle and keep it PG. We kiss some and I try to leave it at that. They then start kissing on my neck in ways that feel very sexual. Nibbling, sucking, even moving toward my chest to bite some.
At this point I just feel panicked so I don't do anything. I mention I can't breath and they reposition us to where they are lying over me directing everything. I can feel they are hard and there is some connection as they are on top. The kisses get more intimate and their hands move to my neck holding me and manuviouring me. 

At this point I think I've checked out. I feel outside my body like I'm somewhere else looking in. I just feel scared and trapped. Im mad I didn't say no, but I also felt like I had said numerous times I wasn't feeling sexual and it seemed like it was getting ignored so would this time matter?  I got scared and panicked. 
It continues for a bit more and finally he moves off, goes to the bathroom for a while, and it's over. 
I got so trapped and so overwhelmed I couldn't stop stimming. 
Later when we get into bed they grab my breast one last time and ask to make out but I say I'm tired, our kid sleeps with us sometimes so luckily it could not go further. 

I guess I just need help. I feel bad and violated and scared but also detached. 
I don't know if my history with sexual assault is making this a trigger? If this was just them trying for nonsexual intimacy? 
Or am I just in a bad headspace and seeing this unclearly? 
I just feel numb but also mad at myself. 

I just want to leave and take some time because I feel so wrong but it's right before the holidays and I don't know if what I'm feeling is appropriate. 

Any advice or insight would be much appreciated!",bbdoublechin@0,1,/r/sexualassault/comments/rm58vi/need_help_making_sense_of_a_situation_that/,throwaway192993o,Thank you so much for the advice and all the links! They were incredibly helpful and give me a lot of insight.,"&gt;Later when confronted they said that they only heard me say I wasn't sure and one no.

That is two clear instances of you setting boundaries. It sounds like your partner is holding onto some pretty toxic ideas around consent. This doesn't mean your partner is a bad person- society conditions people to think a ""no"" or ""I'm not sure"" means ""convince me."" It takes a lot of conscious work to undo that conditioning and replace it with healthy communication and the respect of boundaries.

From your perspective as a SA survivor, I imagine it seems like you have been incredibly clear, which makes the violation feel so much worse. Those feelings are completely valid. However, what seems clear and obvious to you as a survivor might seem completely alien and confusing to your partner, because they don't have the same frame of reference and have a hard time empathizing or understanding.

There are some really great beginner resources out there about how to communicate with someone who has experienced SA, as well as the basics of how consent works and how to set and respect boundaries. I will link some of my favourites below.

When you are in a long term relationship with someone (even if that relationship is not romantic or sexual), you make a commitment to do the hard work necessary to make sure the other person feels safe, comfortable, and happy with you. Your partner has made this commitment to you, and while it will not be an easy process for either of you, you both owe it to yourselves and your future relationships (again, including friendships) to work on these skills and build something stronger together.

If couples counseling is an option, I highly recommend it. If not, therapy for yourself might help you to identify the root of what you're feeling, as well as skills and resources to help talk about it in ways that are constructive. There are also plenty of good free resources on moving on from assault if cost is a barrier.

Good resources:

VIDEO: Empathy vs Sympathy (how to help and not help someone who has disclosed something painful): https://youtu.be/KZBTYViDPlQ

ARTICLE: Helping a Survivor of Sexual Assault https://www.wm.edu/offices/wellness/counselingcenter/students/sexualassault/index.php

WEBSITE: Consent, Communication, and Confidence Toolkits (very accessible way to learn the basics of consent, how to communicate boundaries, and being confident in sexual situations, with concrete examples and explanations) https://rasara.org/consent-toolkit

ARTICLE: Tips for Talking with Survivors of Sexual Assault https://www.rainn.org/articles/tips-talking-survivors-sexual-assault

BOOK: The Body Keeps the Score (AMAZING read about how trauma works- a phenomenal resource to help you realize your reactions and feelings are normal, and ways that people have been able to move forward) https://www.amazon.ca/dp/0143127748/ref=cm_sw_r_apan_glt_i_FYC1X6B2FG8RJH8CJ3FK?_encoding=UTF8&amp;psc=1

What your partner did was not okay, and you have every right to feel upset and violated. I truly hope that the two of you are able to learn and grow from this experience to build a stronger and healthier relationship. ❤️",2
1g7glvs,sexualassault,Is this SA?,"If a guy gets you intoxicated with the intention of having sex with you , is it rape? Other times he was just really pushy and always wanted me drunk ... but that night he got me completely plastered in hopes I'd have sex with him ...
Was it sexual assault? I wanted to sleep it off in my car but he took me to his pickup ... and yeah ... things progressed. My phone broke as well and I was lost. He wasn't being very nice or willing to help bc he wanted sex and I guess at first I didn't agree to it ? Idk. But is a guy getting you absolutely plastered with the intention of having sex with you is it rape? ","1g7glvs sexualassault Is this SA? Visible_Voice_8131 /r/sexualassault/comments/1g7glvs/is_this_sa/ If a guy gets you intoxicated with the intention of having sex with you , is it rape? Other times he was just really pushy and always wanted me drunk ... but that night he got me completely plastered in hopes I'd have sex with him ...
Was it sexual assault? I wanted to sleep it off in my car but he took me to his pickup ... and yeah ... things progressed. My phone broke as well and I was lost. He wasn't being very nice or willing to help bc he wanted sex and I guess at first I didn't agree to it ? Idk. But is a guy getting you absolutely plastered with the intention of having sex with you is it rape? ",Kooky_Fail6013@0,1,/r/sexualassault/comments/1g7glvs/is_this_sa/,Visible_Voice_8131,"I don’t expose my
Real identity … so I don’t care. ","Can’t BELIEVE this is the shit you’re posting and then coming at me, you know everyone can see this right?",1
u4f5k5,rape,Vaginal exam / raped - TW,"I was raped 4 weeks ago. Just yesterday I was called in for my 4 weeks STD screen check up. 

I said I was still bleeding on/off vaginally and I assumed it was just stress. I have an IUD so I thought it was spotting. The Std screen nurse who knew about the rape was lovely and said she wasn’t trained in contraception and I had to see a different nurse for that. 

So she booked me in to that nurse and I changed room. I assumed they’d have a handover chat. 

Before I knew it the new nurse (who also had a student with her) wanted to look at my cervix and do an internal exam. I felt so out of control all over again.

Again I just went along with it. Stripped off and laid there. Let her do the exam. It was sooo painful and both the nurses were looking at me as the trained one taught the student. 

The speculum was so painful and I’ve spent all day feeling sore and triggered I guess. Or like I’m dizzy. I can’t stop thinking about how I just do what I’m told and I don’t challenge anyone. It led me to being raped and now I’m all messed up and having vaginal pain again because it feels all in spasm.

I don’t have a question really. I just needed to say it. I start therapy next week I think.","u4f5k5 rape Vaginal exam / raped - TW ProfessionalSelf3117 /r/rape/comments/u4f5k5/vaginal_exam_raped_tw/ I was raped 4 weeks ago. Just yesterday I was called in for my 4 weeks STD screen check up. 

I said I was still bleeding on/off vaginally and I assumed it was just stress. I have an IUD so I thought it was spotting. The Std screen nurse who knew about the rape was lovely and said she wasn’t trained in contraception and I had to see a different nurse for that. 

So she booked me in to that nurse and I changed room. I assumed they’d have a handover chat. 

Before I knew it the new nurse (who also had a student with her) wanted to look at my cervix and do an internal exam. I felt so out of control all over again.

Again I just went along with it. Stripped off and laid there. Let her do the exam. It was sooo painful and both the nurses were looking at me as the trained one taught the student. 

The speculum was so painful and I’ve spent all day feeling sore and triggered I guess. Or like I’m dizzy. I can’t stop thinking about how I just do what I’m told and I don’t challenge anyone. It led me to being raped and now I’m all messed up and having vaginal pain again because it feels all in spasm.

I don’t have a question really. I just needed to say it. I start therapy next week I think.",TheYellowRose@2,3,/r/rape/comments/u4f5k5/vaginal_exam_raped_tw/,ProfessionalSelf3117,Yes. I’m ok at the time. I suck it up and get on with it like all women. And then I just collapse after. I’ll see if I can do that x,"Can you ask to have the other nurse with you next time? If not, you should consider disclosing that you are easily triggered by gynecological examinations and need some support during them. I'm not sure there are alternative procedures for these kind of exams.",2
kdqu7e,rape,Was I sexually assaulted?,"I’m posting on here because I’m too embarrassed to genuinely ask a friend or family member. This happened a year ago and while I am no longer in contact with this person I still get really anxious and nervous when I think about what happened or I see someone who resembles him. A year ago, I started talking to this guy who happened to be in one of my classes. He seemed really charming, shy, funny and before long we planned to meet up for coffee then go back to his place. Everything was going alright, he drove us to his place and went downstairs to watch a movie and just talk and get to know each other better. Before long we started kissing and making out at first I did enjoy it but the longer it went on..the more uncomfortable I got. He began pulling my hair so hard while he kissed me I had tears in my eyes. Eventually he kept kissing me and I stopped kissing him back hoping he might take that as a hint to stop. Although, he didn’t and I never said no. I suggested we just watch a movie hoping things would stop altogether. That lasted for 20 minutes, until he quickly got on top of me and held me down to make out once again and fondle my breasts and bum. I laid there, not kissing him and screaming on the inside, he began whispering into my ear (gross things I do not wish to share.) After everything he dropped me off at my car. And asked “you won’t ditch me right? And completely ghost me?” I lied and said no. I sat in my car for an hour sobbing because I was so confused as to what happened. He knew he did something wrong because he texted me that night and apologized for being overly horny and asked if we could restart. I ignored him, whatever happened made me so uncomfortable I couldn’t just forget and restart our relationship. 1 week later on New Year’s Eve he drunk texted and called me, (I never picked up) leaving a voicemail telling me he loves me and he wants a relationship and that he’s so sorry. I blocked him the next morning. A couple months later I started seeing another guy (we currently have been dating for 10 months) him and I were making out and he pulled me down to playfully kiss me. I absolutely snapped and started crying. I confessed about my encounter with the other guy months before, and he apologized and comforted me. I just wanted a sincere opinion from someone on here, as I stated before I’m too ashamed to mention this to my friends or family. Thank you for taking the time to read this.","kdqu7e rape Was I sexually assaulted? Yeet_this_bitch /r/rape/comments/kdqu7e/was_i_sexually_assaulted/ I’m posting on here because I’m too embarrassed to genuinely ask a friend or family member. This happened a year ago and while I am no longer in contact with this person I still get really anxious and nervous when I think about what happened or I see someone who resembles him. A year ago, I started talking to this guy who happened to be in one of my classes. He seemed really charming, shy, funny and before long we planned to meet up for coffee then go back to his place. Everything was going alright, he drove us to his place and went downstairs to watch a movie and just talk and get to know each other better. Before long we started kissing and making out at first I did enjoy it but the longer it went on..the more uncomfortable I got. He began pulling my hair so hard while he kissed me I had tears in my eyes. Eventually he kept kissing me and I stopped kissing him back hoping he might take that as a hint to stop. Although, he didn’t and I never said no. I suggested we just watch a movie hoping things would stop altogether. That lasted for 20 minutes, until he quickly got on top of me and held me down to make out once again and fondle my breasts and bum. I laid there, not kissing him and screaming on the inside, he began whispering into my ear (gross things I do not wish to share.) After everything he dropped me off at my car. And asked “you won’t ditch me right? And completely ghost me?” I lied and said no. I sat in my car for an hour sobbing because I was so confused as to what happened. He knew he did something wrong because he texted me that night and apologized for being overly horny and asked if we could restart. I ignored him, whatever happened made me so uncomfortable I couldn’t just forget and restart our relationship. 1 week later on New Year’s Eve he drunk texted and called me, (I never picked up) leaving a voicemail telling me he loves me and he wants a relationship and that he’s so sorry. I blocked him the next morning. A couple months later I started seeing another guy (we currently have been dating for 10 months) him and I were making out and he pulled me down to playfully kiss me. I absolutely snapped and started crying. I confessed about my encounter with the other guy months before, and he apologized and comforted me. I just wanted a sincere opinion from someone on here, as I stated before I’m too ashamed to mention this to my friends or family. Thank you for taking the time to read this.",[deleted]@0,1,/r/rape/comments/kdqu7e/was_i_sexually_assaulted/,Yeet_this_bitch,Thank you so much for your message I truly appreciate it.,"Not saying no, doesn't mean you said yes, especially if you were unresponsive. He knew he hurt you because he apologized later. I'm glad your partner is supportive. Stay safe. This was not your fault.",1
1ghylt9,TwoXChromosomes,How is this SA?,"It was 1- 2 AM. I (18f) was in bed until I heard someone open my door and saw it was a guy who lives in the same flat of me. I said ""you're in the wrong room"" as he stumbled in and kind of freaked out when I saw him holding his dick. I grabbed his arm and tried pulling him out but he literally wouldn't budge and he was starting to stand in front of my bed as if he was about to pee on it while holding his dick. When I tried pulling away again, he collapsed on my bed. I went to the office to get the people to remove him and they said that his whole front including his hair was covered in ""water"" they believe. My whole sheets and pillows were wet but when I smelled them, it smelled like sin and it honestly made me gag. The smell is still burning in my nose.

I understand that it was unintentional since he was stupidly drunk but ew.

I told some people about it but they disagreed with me when I said I don’t believe it’s SA since he was drunk and only thought my room was his, right?","1ghylt9 TwoXChromosomes How is this SA? No-Debate607 /r/TwoXChromosomes/comments/1ghylt9/how_is_this_sa/ It was 1- 2 AM. I (18f) was in bed until I heard someone open my door and saw it was a guy who lives in the same flat of me. I said ""you're in the wrong room"" as he stumbled in and kind of freaked out when I saw him holding his dick. I grabbed his arm and tried pulling him out but he literally wouldn't budge and he was starting to stand in front of my bed as if he was about to pee on it while holding his dick. When I tried pulling away again, he collapsed on my bed. I went to the office to get the people to remove him and they said that his whole front including his hair was covered in ""water"" they believe. My whole sheets and pillows were wet but when I smelled them, it smelled like sin and it honestly made me gag. The smell is still burning in my nose.

I understand that it was unintentional since he was stupidly drunk but ew.

I told some people about it but they disagreed with me when I said I don’t believe it’s SA since he was drunk and only thought my room was his, right?",ArmchairTeaEnthusias@0,1,/r/TwoXChromosomes/comments/1ghylt9/how_is_this_sa/,No-Debate607,Yeah true but I don’t really want to get him arrested or kicked out of his flat since I’m planning on moving out anyway. just to pay me back for destruction of property?,"Just because it’s not SA doesn’t mean there’s nothing to prosecute. 

Trespassing — breaking and entering (nothing has to actually break for this to be charged) — indecent exposure — vandalism — destruction of property",2
tby2s0,sexualassault,Was I sexually assaulted?,So today during gym (about 8:30ish) I was playing this game called pickle ball with my friends. They are friends with this guy that I’m not friends with anymore because he sexually assaulted one of my other friends. He always tries talking to me and talks shit about my friend that he assaulted and thinks I’m his friend bc I act like I’m his friend since he doesn’t leave me alone regardless. (He was told many times by my friend that I don’t want to speak with him.) But today he slapped my ass with the pickle ball racket and it really fucked with my day. I’m severely suicidal (not diagnosed but Ik I am) and this did not help my thoughts at all especially that my gym class is 2nd period out of 9 periods. He also started telling me he has been suicidal and it made my suicidal thoughts even worse just by him mentioning suicide. So was I assaulted and what do I do now?,tby2s0 sexualassault Was I sexually assaulted? sxverus-pxulson /r/sexualassault/comments/tby2s0/was_i_sexually_assaulted/ So today during gym (about 8:30ish) I was playing this game called pickle ball with my friends. They are friends with this guy that I’m not friends with anymore because he sexually assaulted one of my other friends. He always tries talking to me and talks shit about my friend that he assaulted and thinks I’m his friend bc I act like I’m his friend since he doesn’t leave me alone regardless. (He was told many times by my friend that I don’t want to speak with him.) But today he slapped my ass with the pickle ball racket and it really fucked with my day. I’m severely suicidal (not diagnosed but Ik I am) and this did not help my thoughts at all especially that my gym class is 2nd period out of 9 periods. He also started telling me he has been suicidal and it made my suicidal thoughts even worse just by him mentioning suicide. So was I assaulted and what do I do now?,[deleted]@0,1,/r/sexualassault/comments/tby2s0/was_i_sexually_assaulted/,sxverus-pxulson,Would it be sexual harassment?,i mean not everyone views the buttocks as a sexual region.. but i’m preety sure he does if he went out of his way to do it,1
va835y,TwoXChromosomes,Midwife vs OBGYN Doctor for childbirth - anecdotal review,"For my first baby, I just went to the maternity clinic at the hospital that my family doctor referred me to… I didn’t really have a preference or did any research so I just went along with it. It was a rotating service for doctors that work at the hospital and the care was clinical and minimal - It was typically 45 minutes in the waiting room, 5-10 minute appointment, no bedside manner or asking about me, I was just an incubator. I always felt really nervous to ask questions and just did whatever they told me to. 

For my second, I knew early on I wanted to try a different approach and went with a midwife. I’m only 28 weeks along but cannot praise this approach enough. They take their time and make it personal, it’s about me and my experience, they ask me multiple times throughout the appointment if I have any questions, they let me know my options with different tests and what the results mean in a tangible way, there’s always samples of vitamins/supplements/formula/diapers in the office, they let me know that my needs came first… it just is a better overall experience. 

I also want to stress that my first pregnancy had no complications and I had a fairly ‘easy’ natural childbirth so my family doctor said midwife would be a good choice. Both of my sisters had issues and c-section so they chose to stick with an ob. 

I’m in Canada so there was no extra cost either way, midwives have hospital privileges and I’ll still be giving birth at the hospital. They also provide care to me and baby from 8weeks preg-6 weeks postpartum.","va835y TwoXChromosomes Midwife vs OBGYN Doctor for childbirth - anecdotal review Jessy104 /r/TwoXChromosomes/comments/va835y/midwife_vs_obgyn_doctor_for_childbirth_anecdotal/ For my first baby, I just went to the maternity clinic at the hospital that my family doctor referred me to… I didn’t really have a preference or did any research so I just went along with it. It was a rotating service for doctors that work at the hospital and the care was clinical and minimal - It was typically 45 minutes in the waiting room, 5-10 minute appointment, no bedside manner or asking about me, I was just an incubator. I always felt really nervous to ask questions and just did whatever they told me to. 

For my second, I knew early on I wanted to try a different approach and went with a midwife. I’m only 28 weeks along but cannot praise this approach enough. They take their time and make it personal, it’s about me and my experience, they ask me multiple times throughout the appointment if I have any questions, they let me know my options with different tests and what the results mean in a tangible way, there’s always samples of vitamins/supplements/formula/diapers in the office, they let me know that my needs came first… it just is a better overall experience. 

I also want to stress that my first pregnancy had no complications and I had a fairly ‘easy’ natural childbirth so my family doctor said midwife would be a good choice. Both of my sisters had issues and c-section so they chose to stick with an ob. 

I’m in Canada so there was no extra cost either way, midwives have hospital privileges and I’ll still be giving birth at the hospital. They also provide care to me and baby from 8weeks preg-6 weeks postpartum.",MNConcerto@0,1,/r/TwoXChromosomes/comments/va835y/midwife_vs_obgyn_doctor_for_childbirth_anecdotal/,Jessy104,"My sisters had really bad ob experiences where they were not listened to, were sent away multiple times during active labour, one was literally tied down during their c-section, one had 11 ‘dilation checks’ done on her by students and only the nurse spoke up for her, and just angered me like crazy. I can’t imagine how traumatic all of that while you’re just kind of in and out of contractions…","2 births with a nurse midwife one birth with a doctor. All 3 were in a hospital setting. 

All 3 births were physically different but only the birth with the doctor was mentally traumatic. I wasn't listened to, my needs were dismissed, my pain was  dismissed. I was given a ""husband stitch."" All around horrible. Thankfully the husband stitch was corrected with the birth of my 3rd child.

I highly recommend a midwife to any woman.",6
105euk9,sexualassault,Was I assaulted?,"Hello. I’m sorry I’m not really sure how to start this off but I just need some advice because I am really lost right now. I will start off with saying I was not raped, I am aware of that. But here is my story 
My boyfriend is 22, and I am 17 year’s old. We live in California, and the legal age of consent is 18. 
On New Years we were making out and he tried to get me to preform oral on him, at first I was laughing and was like “ not right now” or “ no haha” but he was very pushy and would keep saying things like “ come on it will be fast” “ just put your mouth on it” “ you said you wanted this” “ you wanted it” “ hurry up” “ don’t put your hand on it put your mouth on it” “ I’ll just cum in your mouth and it will be fast” he even had his penis out, and I would cover it with the blankets and say no then he would uncover it and keep on saying those things and more .. honestly I do not remember everything he said because at that point I was just trying to not preform oral on him, he then started to shove my head down like multiple times and I would just move or close my mouth because I didn’t want to do it. He tried to counting even when other people came home and I was still saying no, eventually he stopped and got mad then started saying things like “ you’re all talk” and how now he’s going to have blue balls and he might as well go jerk off in the bathroom. I ended up just laying there for a while because I didn’t really know what to do then about 20 minutes later I went to go talk to someone in the house about it, he started freaking out and was asking me if I was okay and saying that he was sorry, I told him I just wanted to go to sleep and that was all, I kissed him goodnight. 

In the middle of the night at like 5am, we were kissing and then I let him finger me, ( this was the first time we had done this) there was really no “ let me finger you” I didn’t say no, it just happened naturally? I was thinking if I gave him a part of my body that he would feel better and I did feel really bad for not doing what he wanted, at one point throughout the night he asked me if I wanted to put the condoms to use too. Later in the morning he tried breaking up with me due to his flight or fight response, our actually break up was on Tuesday where he said he couldn’t do this anymore and he was not mentally okay, I asked him if he was breaking up with me because he was scared that I was going to open up my mouth and say something about what he did to me.

What I’m asking from all of this is what do I do? Do I tell the police? Am I a victim of anything? Do I have the right to feel a certain way about what happened? I looked into this and it might count as statutory rape, if anyone knows anything about that please let me know.. according to california I am not the legal age to consent for anything with an adult. Thank you, I appreciate all responses","105euk9 sexualassault Was I assaulted? ApprehensiveEdge2095 /r/sexualassault/comments/105euk9/was_i_assaulted/ Hello. I’m sorry I’m not really sure how to start this off but I just need some advice because I am really lost right now. I will start off with saying I was not raped, I am aware of that. But here is my story 
My boyfriend is 22, and I am 17 year’s old. We live in California, and the legal age of consent is 18. 
On New Years we were making out and he tried to get me to preform oral on him, at first I was laughing and was like “ not right now” or “ no haha” but he was very pushy and would keep saying things like “ come on it will be fast” “ just put your mouth on it” “ you said you wanted this” “ you wanted it” “ hurry up” “ don’t put your hand on it put your mouth on it” “ I’ll just cum in your mouth and it will be fast” he even had his penis out, and I would cover it with the blankets and say no then he would uncover it and keep on saying those things and more .. honestly I do not remember everything he said because at that point I was just trying to not preform oral on him, he then started to shove my head down like multiple times and I would just move or close my mouth because I didn’t want to do it. He tried to counting even when other people came home and I was still saying no, eventually he stopped and got mad then started saying things like “ you’re all talk” and how now he’s going to have blue balls and he might as well go jerk off in the bathroom. I ended up just laying there for a while because I didn’t really know what to do then about 20 minutes later I went to go talk to someone in the house about it, he started freaking out and was asking me if I was okay and saying that he was sorry, I told him I just wanted to go to sleep and that was all, I kissed him goodnight. 

In the middle of the night at like 5am, we were kissing and then I let him finger me, ( this was the first time we had done this) there was really no “ let me finger you” I didn’t say no, it just happened naturally? I was thinking if I gave him a part of my body that he would feel better and I did feel really bad for not doing what he wanted, at one point throughout the night he asked me if I wanted to put the condoms to use too. Later in the morning he tried breaking up with me due to his flight or fight response, our actually break up was on Tuesday where he said he couldn’t do this anymore and he was not mentally okay, I asked him if he was breaking up with me because he was scared that I was going to open up my mouth and say something about what he did to me.

What I’m asking from all of this is what do I do? Do I tell the police? Am I a victim of anything? Do I have the right to feel a certain way about what happened? I looked into this and it might count as statutory rape, if anyone knows anything about that please let me know.. according to california I am not the legal age to consent for anything with an adult. Thank you, I appreciate all responses",kqlb700@0,1,/r/sexualassault/comments/105euk9/was_i_assaulted/,ApprehensiveEdge2095,Do you mind if I pm you?,"Hey. I wanna say first of all that I was assaulted a few times at 17 *during* a relationship with a 22 year old. I kept it to myself bc I was a very unhappy teenager who’d experienced worst sexual violence. I’m 28 now but just want you to know this is where I’m coming from here

1) what he did was attempt to rape you. He tried in more than one way: after the first no he should have stopped. But he didn’t he carried on. Ignoring a no is a very clear attempt at SA. He then tried to force you (method 2) and he continued to try coerce you (method 3). 

2) In his rejection, he tried to shame and guilt you into it. That’s method 4 and a hell of a red flag in any relationship. That’s emotionally abusive. You have a right to say no to ANYTHING. Especially intimate things you do with your body. 

3) As a 22 year old, he definitely knows what he’s done and that’s why he tried to make it seem like your fault. That’s also why he was nice to you when you returned after leaving to talk to someone - he cares more about your silence. So if you say okay and/or you’re blaming yourself, you’re too busy to focus on what he’s done *because he wanted to*. 

4) Being 22 can make you horny - just like being 17 - but it doesn’t make you try force someone you care about into a situation they don’t want to be in. There’s never a level of so horny that “no” doesn’t register. 

5) I wanna gently say oral sex doesn’t make it a “lesser” crime. oral sex is still sex and if it’s forced or coerced it’s rape. 

6) Finally I wanna say. I’m glad you feel the fingering happened naturally. You might change your mind about how you feel about that &amp; it’s ok if you enjoyed it. The rest of the shitty behaviour is still shitty. 

But as a teenager who also “traded” access to me/my body to keep others happy or not as upset, I want to express that you were put under a lot of pressure there, and this is also how sexual coercion works. It’s kinda of like bartering for a deal, like, “I can’t give you this but I can give you this” or him intending to get his top thing (penetrative sex with his penis) but settling for something ‘less’ like fingering. 

Except you’re not something to be traded. You’re a whole person with thoughts and feelings and wants and do-not-wants. 

Something that I wish I’d have heard earlier that really helped me understand consent and what had been done to me was, “Absence of a yes is a no.” 

That means unless it’s an enthusiastic yes, it’s a no. All 22 year olds know that. Hell, many of the teens and younger kids in my life do too. 

Consent isn’t modelled properly in life. &amp; this is definitely an area where people - like this guy - hope you won’t learn the truth of the situation so he can get away with whatever he wants. 

I think you’re really brave for trying to talk to people and seeking help. You deserved a lot better. &amp; there’s thousands and thousands of people in california, and some of them will *definitely* treat you better. 

This was attempted rape of a minor using emotional manipulation and coercion. 

If you want to go to the police, you should *absolutely* do that. But a teacher or an adult you trust should be able to help you with that. There’ll be local victim support groups who’ll be able to help you too if you do a Google search. &amp; any assault phone line will be able to give you anonymous advice too. 

Good luck!! + sorry the reply is so long. I’ve just been there and this is what I wish I’d have been told! + keep yourself as safe as you can 💜",1
jquhxt,sexualassault,i didn’t say no while it happened.,"i’m really just looking for answers, a few months back i met up with a guy. when we first started to talk i specifically told him i didn’t want to have sex with him. he said it was fine and that all we could do was smoke watch a movie and hang out. i decided to not smoke with him because i didn’t like event high around people i’m not comfortable with. we were cuddling and he started to rub against me. i ended up pulling away from him and he took my pants and underwear off and started to have sex with me. now i didn’t tell him to no but i never told him yes, i eventually started to cry and he didn’t stop. he only stopped when he got tired. there was no kissing or asking if what he was doing was okay. he tried to do it again and that’s when i fully said no and for him to stop. i ended up crying while getting dressed and on my way back home. he didn’t ask why i left and i just unadded him. now the feeling i had right after wasn’t regret it was more of disgust. and i’ve never felt that way about any guy i’ve slept with. i haven’t really told anyone because i’m not sure if i was or wasn’t sexually assaulted.",,worriedplantparent@0,1,https://www.reddit.com/r/sexualassault/comments/jquhxt/i_didnt_say_no_while_it_happened/,aivull,i always feel like there’s more i could’ve done i was scared because we weren’t in the house alone. thanks for saying this isn’t my fault it makes me feel so much better,"Hey I'm so sorry that happened to you. It's very normal to blame yourself after being assaulted. What he did was not your fault. If you could have stopped the assault, you would have. You did the best you could in a scary situation.",1
1og4u3f,sexualassault,"Help me, I think I am a monster","https://www.reddit.com/r/SuicideWatch/s/xsjtde1St3

Please read all of it before commenting
I am going to therapy soon, don’t bring that up please, I know, I want to get better and fix whatever broken I have.

I posted this because

1 I feel like a monster for downloading that stuff

2 While I am going to therapy, I want many opinions on what I could have as many suggested pocd or addiction or whatever, so i have to get better input to report stuff better

3 why here?
when I talked with people, someone told me that this self perpetuating/loathing ego dystonic cycle is a lot present In victims and it looks pretty obvious for them, I heard many victims of sa forgot their incident, and many told me that I am hypersexual which can stem off that
so I want also input from you guys because although I am not sure, this might be a possibility, hence why the “was this sa”? I don’t know if this sounds like a possibility

And regardless, it’s a possibility that regardless of true or wrong, helps me narrow down stuff, and process things better

Am I unredeemable, or a monster? Can I become a decent guy if I change? I feel horrible for what happened to you, and even for what I am, I feel like I am a molester, please, read, help.","1og4u3f sexualassault Help me, I think I am a monster Ok_Permission5594 /r/sexualassault/comments/1og4u3f/help_me_i_think_i_am_a_monster/ https://www.reddit.com/r/SuicideWatch/s/xsjtde1St3

Please read all of it before commenting
I am going to therapy soon, don’t bring that up please, I know, I want to get better and fix whatever broken I have.

I posted this because

1 I feel like a monster for downloading that stuff

2 While I am going to therapy, I want many opinions on what I could have as many suggested pocd or addiction or whatever, so i have to get better input to report stuff better

3 why here?
when I talked with people, someone told me that this self perpetuating/loathing ego dystonic cycle is a lot present In victims and it looks pretty obvious for them, I heard many victims of sa forgot their incident, and many told me that I am hypersexual which can stem off that
so I want also input from you guys because although I am not sure, this might be a possibility, hence why the “was this sa”? I don’t know if this sounds like a possibility

And regardless, it’s a possibility that regardless of true or wrong, helps me narrow down stuff, and process things better

Am I unredeemable, or a monster? Can I become a decent guy if I change? I feel horrible for what happened to you, and even for what I am, I feel like I am a molester, please, read, help.",waterfallens@0,1,/r/sexualassault/comments/1og4u3f/help_me_i_think_i_am_a_monster/,Ok_Permission5594,"Thank you bro
Really I appreciate it
It’s just that when I see predators being caught, I start crying thinking I am like them
Can I pm you?","hi! psychology uni student here - i'm not a professional but i'm currently studying a huge module on ocd and everything you've said sounds like it fits pocd from what i know of it.

i don't think you're irredeemable at all. my main area of study is personality and morals and frankly i've met a lot of people who i do not believe can be ""redeemed"", and i don't think you're one of them. you didn't hurt anyone, and i think the fact that you acknowledge what's happening, want to get better and are actively seeking help separates you from the monsters you believe you're similar to.",1
1dwtc2u,sexualassault,I dont know if being dramatic or not,"I can't tell if this was sexual assault so I'm posting here to know. So a few weeks a go me and a guy had been speaking he is 23. We met on a game and eventually moved to walking on discord. We planned to meet up and hang out at his house because he lived close to me.

 I didn't really think anything of it at because he had never made sexual comments or advances towards me, but when I met him he got very touchy and was hugging me alot. When we got to his home he asked if I could stay the night and I stupidly said yes because I was excited to see my friend. I obviously didn't bring anything to sleep on so he told me I could sleep in his bed with him. I didn't want to sleep on his couch and I trusted him to keep his distance in the bed. We eventually decided to play his games and we did that for basically the entire time. 

Once it was time for us to sleep I just wore what I had on because I didn't have anything else. When we got in bed my friend started to get closer to me until he had his arms around me and was holding me while he slept. I got kind of uncomfortable so I tried to get his arm off of me and i accidentally woke him up. He couldn't go back to sleep so we started talking 
He somehow got to where he was talking about me and how much I like me. I tried to change the subject be he just kept saying how good I looked and how he wish he could date me. I just turned over and tried to go to sleep, but he got closer to me again and was on my back and had his arms over my waist.

I just ignored him stupidly and tried to go to sleep but again he would stop talking and eventually asked if I would have sex with him I told him no but he kept asking. He eventually grabbed my chest and tried to turn me to him. I kinda freaked out and yelled. And he grabbed me and tried to open my legs. He was holding me and ripped my pants. I told him to stop, and he said that I was being difficult. He pulled down his sweat pants and tried to open my legs again. He forced his hand between them and grabbed my privates. I scratched him and got out from under him I ran out the door and just walked home. Ever since then it just felt like I was imagining it and if it was real that I'm just overreacting and it's not that big of a deal. It's been hard to sleep because of it. And hard to tell if it was assault or if I just overreacted.","1dwtc2u sexualassault I dont know if being dramatic or not ilikecats1700 /r/sexualassault/comments/1dwtc2u/i_dont_know_if_being_dramatic_or_not/ I can't tell if this was sexual assault so I'm posting here to know. So a few weeks a go me and a guy had been speaking he is 23. We met on a game and eventually moved to walking on discord. We planned to meet up and hang out at his house because he lived close to me.

 I didn't really think anything of it at because he had never made sexual comments or advances towards me, but when I met him he got very touchy and was hugging me alot. When we got to his home he asked if I could stay the night and I stupidly said yes because I was excited to see my friend. I obviously didn't bring anything to sleep on so he told me I could sleep in his bed with him. I didn't want to sleep on his couch and I trusted him to keep his distance in the bed. We eventually decided to play his games and we did that for basically the entire time. 

Once it was time for us to sleep I just wore what I had on because I didn't have anything else. When we got in bed my friend started to get closer to me until he had his arms around me and was holding me while he slept. I got kind of uncomfortable so I tried to get his arm off of me and i accidentally woke him up. He couldn't go back to sleep so we started talking 
He somehow got to where he was talking about me and how much I like me. I tried to change the subject be he just kept saying how good I looked and how he wish he could date me. I just turned over and tried to go to sleep, but he got closer to me again and was on my back and had his arms over my waist.

I just ignored him stupidly and tried to go to sleep but again he would stop talking and eventually asked if I would have sex with him I told him no but he kept asking. He eventually grabbed my chest and tried to turn me to him. I kinda freaked out and yelled. And he grabbed me and tried to open my legs. He was holding me and ripped my pants. I told him to stop, and he said that I was being difficult. He pulled down his sweat pants and tried to open my legs again. He forced his hand between them and grabbed my privates. I scratched him and got out from under him I ran out the door and just walked home. Ever since then it just felt like I was imagining it and if it was real that I'm just overreacting and it's not that big of a deal. It's been hard to sleep because of it. And hard to tell if it was assault or if I just overreacted.",Single_Ad_4915@0,1,/r/sexualassault/comments/1dwtc2u/i_dont_know_if_being_dramatic_or_not/,ilikecats1700,"Thank you, I'm just going to figure out how I'm going
Process this. Again, Thank you.","You most definitely were assaulted, and I hate that for you.

I don't believe you imagined it. After one of the things that was done to me, I stumbled to my room and blacked out on the floor, and when I woke up I kind of felt like it was a dream. Even while it was happening, I was super dissociated because what else can you do? What I try to tell people is don't doubt yourself. There are plenty of people who will call you a liar or put the blame on you. Don't let yourself be one of those people.

You were assaulted, and it is not your fault. Please don't see or talk or play with that guy anymore. He's not a friend.",1
1k32yh6,rape,I saw my rapist at the park and we talked like nothing happened,"I got sexually assaulted around three years ago and didn’t realize it was sexual assault until I fully mentally processed the whole thing months afterwards. I was still in high school when it happened and the guy was a basketball player that went to my school. I didn’t know him that well but our friend groups got along. I never reported it. Nobody would believe me anyway. I healed on my own and moved on. 

Recently my friend and I were both back home from college and decided to hang out, get some food take a night walk in our hometown park to catch up. On our way we came across my rapist and one of his friends also hanging out along the same trail. I froze. It was the strangest feeling in the world.

His friend stopped us because he wanted to get my friends number which left me and my rapist to the side alone. He spoke to me like nothing. He smiled and laughed and said “it’s been a while since I’ve seen you.” I just went along with it. I smiled to his face and laughed with him like nothing. I asked how he had been. I was friendly, way more friendly than I should’ve been. We all made friendly banter with each other and eventually me and my friend said our goodbyes and kept walking. 

It’s been about a week or so and I feel like a faker. I can’t stop thinking about the interaction and telling myself, “if he really did rape you, you wouldn’t have been as nice as you were. it was way too easy for you to talk to him, which means it was never rape and you’re just making it up.”
Logically I know that isn’t true. He did assault me. I know it. He had me face down, he humiliated me and took my dignity from me. And then blocked me afterwards so I wouldn’t confront him about it. So I know it really did happen and I’m not making it up by means of common sense. But I still feel awful, like a liar, like I exaggerated everything. Why was it so easy for me to make small talk with someone like that? It shouldn’t have been that easy. 

Anyway. Just looking for some insight ","1k32yh6 rape I saw my rapist at the park and we talked like nothing happened Recent-Ad3080 /r/rape/comments/1k32yh6/i_saw_my_rapist_at_the_park_and_we_talked_like/ I got sexually assaulted around three years ago and didn’t realize it was sexual assault until I fully mentally processed the whole thing months afterwards. I was still in high school when it happened and the guy was a basketball player that went to my school. I didn’t know him that well but our friend groups got along. I never reported it. Nobody would believe me anyway. I healed on my own and moved on. 

Recently my friend and I were both back home from college and decided to hang out, get some food take a night walk in our hometown park to catch up. On our way we came across my rapist and one of his friends also hanging out along the same trail. I froze. It was the strangest feeling in the world.

His friend stopped us because he wanted to get my friends number which left me and my rapist to the side alone. He spoke to me like nothing. He smiled and laughed and said “it’s been a while since I’ve seen you.” I just went along with it. I smiled to his face and laughed with him like nothing. I asked how he had been. I was friendly, way more friendly than I should’ve been. We all made friendly banter with each other and eventually me and my friend said our goodbyes and kept walking. 

It’s been about a week or so and I feel like a faker. I can’t stop thinking about the interaction and telling myself, “if he really did rape you, you wouldn’t have been as nice as you were. it was way too easy for you to talk to him, which means it was never rape and you’re just making it up.”
Logically I know that isn’t true. He did assault me. I know it. He had me face down, he humiliated me and took my dignity from me. And then blocked me afterwards so I wouldn’t confront him about it. So I know it really did happen and I’m not making it up by means of common sense. But I still feel awful, like a liar, like I exaggerated everything. Why was it so easy for me to make small talk with someone like that? It shouldn’t have been that easy. 

Anyway. Just looking for some insight ",KlutzyReveal2970@0,1,/r/rape/comments/1k32yh6/i_saw_my_rapist_at_the_park_and_we_talked_like/,Recent-Ad3080,im sorry that happened to you :(,A similar thing happened to me. 4 years after I was raped I went to a comicon type event and turns out the person my friend invited who I said I didn’t mind if they came was my rapist. (We knew him by different names) We spent the entire day together like nothing happened and I remember feeling like I was manically happy the entire time it felt like just trying to show how happy I am. I hated it and didn’t have a good time that day.,3
1k32yh6,rape,I saw my rapist at the park and we talked like nothing happened,"I got sexually assaulted around three years ago and didn’t realize it was sexual assault until I fully mentally processed the whole thing months afterwards. I was still in high school when it happened and the guy was a basketball player that went to my school. I didn’t know him that well but our friend groups got along. I never reported it. Nobody would believe me anyway. I healed on my own and moved on. 

Recently my friend and I were both back home from college and decided to hang out, get some food take a night walk in our hometown park to catch up. On our way we came across my rapist and one of his friends also hanging out along the same trail. I froze. It was the strangest feeling in the world.

His friend stopped us because he wanted to get my friends number which left me and my rapist to the side alone. He spoke to me like nothing. He smiled and laughed and said “it’s been a while since I’ve seen you.” I just went along with it. I smiled to his face and laughed with him like nothing. I asked how he had been. I was friendly, way more friendly than I should’ve been. We all made friendly banter with each other and eventually me and my friend said our goodbyes and kept walking. 

It’s been about a week or so and I feel like a faker. I can’t stop thinking about the interaction and telling myself, “if he really did rape you, you wouldn’t have been as nice as you were. it was way too easy for you to talk to him, which means it was never rape and you’re just making it up.”
Logically I know that isn’t true. He did assault me. I know it. He had me face down, he humiliated me and took my dignity from me. And then blocked me afterwards so I wouldn’t confront him about it. So I know it really did happen and I’m not making it up by means of common sense. But I still feel awful, like a liar, like I exaggerated everything. Why was it so easy for me to make small talk with someone like that? It shouldn’t have been that easy. 

Anyway. Just looking for some insight ","1k32yh6 rape I saw my rapist at the park and we talked like nothing happened Recent-Ad3080 /r/rape/comments/1k32yh6/i_saw_my_rapist_at_the_park_and_we_talked_like/ I got sexually assaulted around three years ago and didn’t realize it was sexual assault until I fully mentally processed the whole thing months afterwards. I was still in high school when it happened and the guy was a basketball player that went to my school. I didn’t know him that well but our friend groups got along. I never reported it. Nobody would believe me anyway. I healed on my own and moved on. 

Recently my friend and I were both back home from college and decided to hang out, get some food take a night walk in our hometown park to catch up. On our way we came across my rapist and one of his friends also hanging out along the same trail. I froze. It was the strangest feeling in the world.

His friend stopped us because he wanted to get my friends number which left me and my rapist to the side alone. He spoke to me like nothing. He smiled and laughed and said “it’s been a while since I’ve seen you.” I just went along with it. I smiled to his face and laughed with him like nothing. I asked how he had been. I was friendly, way more friendly than I should’ve been. We all made friendly banter with each other and eventually me and my friend said our goodbyes and kept walking. 

It’s been about a week or so and I feel like a faker. I can’t stop thinking about the interaction and telling myself, “if he really did rape you, you wouldn’t have been as nice as you were. it was way too easy for you to talk to him, which means it was never rape and you’re just making it up.”
Logically I know that isn’t true. He did assault me. I know it. He had me face down, he humiliated me and took my dignity from me. And then blocked me afterwards so I wouldn’t confront him about it. So I know it really did happen and I’m not making it up by means of common sense. But I still feel awful, like a liar, like I exaggerated everything. Why was it so easy for me to make small talk with someone like that? It shouldn’t have been that easy. 

Anyway. Just looking for some insight ",someonesweett@0,1,/r/rape/comments/1k32yh6/i_saw_my_rapist_at_the_park_and_we_talked_like/,Recent-Ad3080,thank you&lt;3,"I would probably do the same if I saw my abusers, don't feel that way, it's a common response to be scared and react sympathetically. It doesn't mean you weren't abused it means you need to seek more help",2
1nid1rf,rape,I've been raped by more woman then men and I think there are more female rapists then society lets on,"I have memories of getting forced to give a woman cunnilingus when I was a toddler, and in elementary I was assulted multiple times by a female classmate. 

Last year I had sex with a girl while wasted and she was sober, I didn't consent to it and just lay there coldly and I don't know if that was actually rape but I didn't want it and i didn't consent either. That didn't traumatize and I don't care about it because I was into her, but I didn't like the sex.

And recently I got raped by a guy, and that did traumatize me a lot because he was inside me and shit. And coz it's the most recent and I've been rumanating about it.

And I was traumatized from that girl assulting me in elementary, but I got over it (I wasn't attracted to her and she pissed me off) 

I just think there are more female rapists then society lets on, coz looking at the gender rapist stats is strange because how are there barely any female rapists compared to male ones yet I've been raped by 3 females in my 17 years of life 

Thanks for listening to me ramble about shit 
","1nid1rf rape I've been raped by more woman then men and I think there are more female rapists then society lets on [deleted] /r/rape/comments/1nid1rf/ive_been_raped_by_more_woman_then_men_and_i_think/ I have memories of getting forced to give a woman cunnilingus when I was a toddler, and in elementary I was assulted multiple times by a female classmate. 

Last year I had sex with a girl while wasted and she was sober, I didn't consent to it and just lay there coldly and I don't know if that was actually rape but I didn't want it and i didn't consent either. That didn't traumatize and I don't care about it because I was into her, but I didn't like the sex.

And recently I got raped by a guy, and that did traumatize me a lot because he was inside me and shit. And coz it's the most recent and I've been rumanating about it.

And I was traumatized from that girl assulting me in elementary, but I got over it (I wasn't attracted to her and she pissed me off) 

I just think there are more female rapists then society lets on, coz looking at the gender rapist stats is strange because how are there barely any female rapists compared to male ones yet I've been raped by 3 females in my 17 years of life 

Thanks for listening to me ramble about shit 
",ConsequenceWorldly73@0,1,/r/rape/comments/1nid1rf/ive_been_raped_by_more_woman_then_men_and_i_think/,[deleted],"Thank you, and I'm sorry it happened to you to","Hi!! First of all, i’m really sorry to hear about your experiences. I’m also a rape victim and ik how horrible it feels :/ I truly hope you can find peace and recover, there’s lots of resources out there to help you. About what you mentioned, female rapists definitely do exist but there are still more male ones and that’s not including the amount of people who are too afraid to report their rapist (male or female) so the statistics are kind of hard to work out anyways, but i’d say the gender thing makes sense. Women can absolutely be rapists too and it’s disgusting.",3
jn0zdn,sexualassault,Sexual assult ?,"(Btw I'm a minor and the person was also a minor)
SO: significant other
So me and my SO have been sexting and talking about that stuff. I told them I was uncomfortable with actually having sex bc it made me anxious idk why.i had a sleepover and we were watching a movie and they paused it. They started kissing me. I have never kissed before. I didn't really like it but I thought maybe bc it was my first time I just wasn't used to it. So we kept kissing and I still didn't like it. When we stopped I was zoning out and I think I was depersonalizing. They asked if I was ok but I couldn't say no. I feel guilty for not bc they asked multiple times but I just couldn't. I said yeah bc they seemed to like it so I continued.  It progresses into they taking my hand and having me choke them which I had also never done and I was just confused and didn't have time to process it. I did it but Im not sure I liked it either. They kept trying to take my bra off I would push the strap back up but they didn't pick that up. I didn't say no so they un-straped my bra and they took thier off. We continue to kiss and go back to the movie.i was uncomfortable in between just hoping they wouldn't kiss me again. I was sleeping and finally worked up the courage to say I wanted to sleep. They didn't continue and we both went to bed. They kissed me more in the morning and I was relieved when I got home. Ik they wouldn't do it on purpose if this is sexual assult hence they asking for a yes multiple times. I also am questioning why I didn't like it. Am I asexual or are they a bad kisser or idk ?  I cried afterwards once it hit me. Im just so confused","jn0zdn sexualassault Sexual assult ? Jumpy_Independence94 /r/sexualassault/comments/jn0zdn/sexual_assult/ (Btw I'm a minor and the person was also a minor)
SO: significant other
So me and my SO have been sexting and talking about that stuff. I told them I was uncomfortable with actually having sex bc it made me anxious idk why.i had a sleepover and we were watching a movie and they paused it. They started kissing me. I have never kissed before. I didn't really like it but I thought maybe bc it was my first time I just wasn't used to it. So we kept kissing and I still didn't like it. When we stopped I was zoning out and I think I was depersonalizing. They asked if I was ok but I couldn't say no. I feel guilty for not bc they asked multiple times but I just couldn't. I said yeah bc they seemed to like it so I continued.  It progresses into they taking my hand and having me choke them which I had also never done and I was just confused and didn't have time to process it. I did it but Im not sure I liked it either. They kept trying to take my bra off I would push the strap back up but they didn't pick that up. I didn't say no so they un-straped my bra and they took thier off. We continue to kiss and go back to the movie.i was uncomfortable in between just hoping they wouldn't kiss me again. I was sleeping and finally worked up the courage to say I wanted to sleep. They didn't continue and we both went to bed. They kissed me more in the morning and I was relieved when I got home. Ik they wouldn't do it on purpose if this is sexual assult hence they asking for a yes multiple times. I also am questioning why I didn't like it. Am I asexual or are they a bad kisser or idk ?  I cried afterwards once it hit me. Im just so confused",Alteregokai@0,1,/r/sexualassault/comments/jn0zdn/sexual_assult/,Jumpy_Independence94,Thanks I just really found it confusingThe first day or two of processing was tough but I've kinda processed it now so I'm doing better. I guess I thought the kiss would be really special and me not liking just freaked me out and then continuously  kissing for at least an hour throughout the night  after not liking just wasn't fun or enjoyable.  any advice for telling them I didn't like it without being hurtful?,I think you just weren't ready and you froze. It takes a while to process what's happened and you're not asexual or anything. People need to be ready on their own terms.,1
1ghylt9,TwoXChromosomes,How is this SA?,"It was 1- 2 AM. I (18f) was in bed until I heard someone open my door and saw it was a guy who lives in the same flat of me. I said ""you're in the wrong room"" as he stumbled in and kind of freaked out when I saw him holding his dick. I grabbed his arm and tried pulling him out but he literally wouldn't budge and he was starting to stand in front of my bed as if he was about to pee on it while holding his dick. When I tried pulling away again, he collapsed on my bed. I went to the office to get the people to remove him and they said that his whole front including his hair was covered in ""water"" they believe. My whole sheets and pillows were wet but when I smelled them, it smelled like sin and it honestly made me gag. The smell is still burning in my nose.

I understand that it was unintentional since he was stupidly drunk but ew.

I told some people about it but they disagreed with me when I said I don’t believe it’s SA since he was drunk and only thought my room was his, right?","1ghylt9 TwoXChromosomes How is this SA? No-Debate607 /r/TwoXChromosomes/comments/1ghylt9/how_is_this_sa/ It was 1- 2 AM. I (18f) was in bed until I heard someone open my door and saw it was a guy who lives in the same flat of me. I said ""you're in the wrong room"" as he stumbled in and kind of freaked out when I saw him holding his dick. I grabbed his arm and tried pulling him out but he literally wouldn't budge and he was starting to stand in front of my bed as if he was about to pee on it while holding his dick. When I tried pulling away again, he collapsed on my bed. I went to the office to get the people to remove him and they said that his whole front including his hair was covered in ""water"" they believe. My whole sheets and pillows were wet but when I smelled them, it smelled like sin and it honestly made me gag. The smell is still burning in my nose.

I understand that it was unintentional since he was stupidly drunk but ew.

I told some people about it but they disagreed with me when I said I don’t believe it’s SA since he was drunk and only thought my room was his, right?",Boredwitch13@2,3,/r/TwoXChromosomes/comments/1ghylt9/how_is_this_sa/,No-Debate607,Perhaps? But even when the guys were pulling him out of my room he kept slurring “no this is my room”,Could he have been sleepwalking?,3
1i9db2r,sexualassault,Was it rape?,"I kind of just recently acknowledged an event happened that I think falls under the umbrella of rape, but it feels too extreme of a classification. For context, I was 15 years old when I began dating my first boyfriend. He was one of the most amazing people who could make me laugh and would listen to me whenever I had a family issue, although in hindsight I really do think that I only began dating him because he prioritized me in a way that my dad refused to. Despite how kind he was, he did have a bad habit of pressuring me often into things I wasn’t quite comfortable with. For example, I had my first kiss with him about 3 months after we began dating, which was a direct effect of him asking over and over again over a span of weeks. I will admit I’m a bad people-pleaser, and I felt very responsible for his happiness. Eventually after enough asking and me saying no, I caved. However, I realize that he should’ve never gone through with it, since he literally had to cover my eyes because I was so terrified and frozen. The pressuring and guilting continued for months regarding more significant actions, which I always eventually caved in. The biggest problem was him continuing to ask me on a frequent basis, and then acting completely defeated after I would say no. He would often complain about not feeling “satisfied” in our relationship because of these refusals, which I would take on completely through guilt. However, one thing that I refused to cave on was sex. It was already a taboo topic for me, but I was 15 and didn’t feel ready for it. I had expressed for months that it wasn’t something I would even be willing to consider until I was 18. I have found journals from that time, though, that was trying to plead when he would speak of unhappiness and the possibility of breaking up because of it, saying “I’ve though about trying to comply so that he is happy”. Despite this, I am positive my boundaries were very clear. In May of the following year, he ended up breaking up with me because I refused to have sex with him. He soon returned and said it was the worst mistake he made, although it was still something he would continue to ask about. Then, two weeks later on my 16th birthday, we were in my room, and he was pressing me again. I really felt responsible for his happiness, so, stupidly, I consented to him rubbing down on the vulva, although stated that I wasn’t consenting to sex. Suddenly, as I was pressed against the bed frame, I felt him begin to push inside, which sent a surge of panic through me. I quickly began repeating “no no no” in a distressed manner, and I felt him continue to push inside. What I do remember, though, is that he never pushed all the way in, which makes me question the validity of the occasion. I regained control of my body and pushed him off of me. I began sobbing and curled up in a ball, and he came over immediately to apologize and ask if I was okay. I guess I didn’t really question the occasion and shrugged it off as miscommunication, although it always bugged me in the back of my head. After that, I took on sex as my responsibility in our relationship, as he would typically complain about it being too long since we had engaged in that. That being said, it would often be about 4-5 times a week. He often guilted me into it, and I felt as though I became somebody only useful for sex. Fast forward to January of the next year, and my dad found out about the whole situation. This acted as a catalyst for me to begin questioning the circumstances of the situation, and open it up to the possibility of sexual assault. I confronted him about it, and he at first told me that he didn’t realize he was inside and that he didn’t remember me saying no. However, I didn’t feel as though the “no” was relevant because I very clearly never gave him consent and was obviously distressed. Also, I had made it clear for months that I wouldn’t consent to this. It felt very frustrated because I didn’t want to chalk up something that felt very violating to just a miscommunication or “gray area”. After about 2 hours of talking, he finally admitted that in the moment he was just eager to get the opportunity, was prioritizing and focusing on himself and his own wants, and was ignoring me and what I was saying. This situation has caused significant disruption to my life, resulting in panic attacks and a lot of shame. I feel disgusting for it happening and a lot of self-blame. I feel like I let it get to that point by consenting to lesser things. I should’ve fought back more physically or yelled no louder. Maybe I just want to be a victim. He’s a good person and cared about me, and I don’t think it was out of malicious intent. But I do know that he forced himself inside me on my birthday without my consent, regardless of whether he remembers me saying no. I didn’t give me that respect, nor did he give me respect in the months previous with other boundaries. The other previous actions I did ultimately consent to, so I don’t have anyone else to blame but me. I was just coerced and manipulated, but I said yes. Sex, I never said yes to. But I still love him and I’m not going to press charges. I just feel like I could’ve done more and it wasn’t that bad. If it is rape, it falls in the lesser end of the spectrum because it wasn’t violent or while I was unconscious. I just want my panic and feelings of violation and disgust and shame to be valid. Can someone give me their opinions on what happened?","1i9db2r sexualassault Was it rape? Mindless_Anybody4165 /r/sexualassault/comments/1i9db2r/was_it_rape/ I kind of just recently acknowledged an event happened that I think falls under the umbrella of rape, but it feels too extreme of a classification. For context, I was 15 years old when I began dating my first boyfriend. He was one of the most amazing people who could make me laugh and would listen to me whenever I had a family issue, although in hindsight I really do think that I only began dating him because he prioritized me in a way that my dad refused to. Despite how kind he was, he did have a bad habit of pressuring me often into things I wasn’t quite comfortable with. For example, I had my first kiss with him about 3 months after we began dating, which was a direct effect of him asking over and over again over a span of weeks. I will admit I’m a bad people-pleaser, and I felt very responsible for his happiness. Eventually after enough asking and me saying no, I caved. However, I realize that he should’ve never gone through with it, since he literally had to cover my eyes because I was so terrified and frozen. The pressuring and guilting continued for months regarding more significant actions, which I always eventually caved in. The biggest problem was him continuing to ask me on a frequent basis, and then acting completely defeated after I would say no. He would often complain about not feeling “satisfied” in our relationship because of these refusals, which I would take on completely through guilt. However, one thing that I refused to cave on was sex. It was already a taboo topic for me, but I was 15 and didn’t feel ready for it. I had expressed for months that it wasn’t something I would even be willing to consider until I was 18. I have found journals from that time, though, that was trying to plead when he would speak of unhappiness and the possibility of breaking up because of it, saying “I’ve though about trying to comply so that he is happy”. Despite this, I am positive my boundaries were very clear. In May of the following year, he ended up breaking up with me because I refused to have sex with him. He soon returned and said it was the worst mistake he made, although it was still something he would continue to ask about. Then, two weeks later on my 16th birthday, we were in my room, and he was pressing me again. I really felt responsible for his happiness, so, stupidly, I consented to him rubbing down on the vulva, although stated that I wasn’t consenting to sex. Suddenly, as I was pressed against the bed frame, I felt him begin to push inside, which sent a surge of panic through me. I quickly began repeating “no no no” in a distressed manner, and I felt him continue to push inside. What I do remember, though, is that he never pushed all the way in, which makes me question the validity of the occasion. I regained control of my body and pushed him off of me. I began sobbing and curled up in a ball, and he came over immediately to apologize and ask if I was okay. I guess I didn’t really question the occasion and shrugged it off as miscommunication, although it always bugged me in the back of my head. After that, I took on sex as my responsibility in our relationship, as he would typically complain about it being too long since we had engaged in that. That being said, it would often be about 4-5 times a week. He often guilted me into it, and I felt as though I became somebody only useful for sex. Fast forward to January of the next year, and my dad found out about the whole situation. This acted as a catalyst for me to begin questioning the circumstances of the situation, and open it up to the possibility of sexual assault. I confronted him about it, and he at first told me that he didn’t realize he was inside and that he didn’t remember me saying no. However, I didn’t feel as though the “no” was relevant because I very clearly never gave him consent and was obviously distressed. Also, I had made it clear for months that I wouldn’t consent to this. It felt very frustrated because I didn’t want to chalk up something that felt very violating to just a miscommunication or “gray area”. After about 2 hours of talking, he finally admitted that in the moment he was just eager to get the opportunity, was prioritizing and focusing on himself and his own wants, and was ignoring me and what I was saying. This situation has caused significant disruption to my life, resulting in panic attacks and a lot of shame. I feel disgusting for it happening and a lot of self-blame. I feel like I let it get to that point by consenting to lesser things. I should’ve fought back more physically or yelled no louder. Maybe I just want to be a victim. He’s a good person and cared about me, and I don’t think it was out of malicious intent. But I do know that he forced himself inside me on my birthday without my consent, regardless of whether he remembers me saying no. I didn’t give me that respect, nor did he give me respect in the months previous with other boundaries. The other previous actions I did ultimately consent to, so I don’t have anyone else to blame but me. I was just coerced and manipulated, but I said yes. Sex, I never said yes to. But I still love him and I’m not going to press charges. I just feel like I could’ve done more and it wasn’t that bad. If it is rape, it falls in the lesser end of the spectrum because it wasn’t violent or while I was unconscious. I just want my panic and feelings of violation and disgust and shame to be valid. Can someone give me their opinions on what happened?",ur_average_bigender@2,3,/r/sexualassault/comments/1i9db2r/was_it_rape/,Mindless_Anybody4165,"Thanks, I’ve forgiven him, but I’m not continuing contact with him.","Of course! But people dont rape others on accident. He knew what he was doing. Now i dont know much but I know i forgave the person i mentioned and i told him it too. So maybe this is something you can work through but if he is using you for sex, im not sure. But I hope things turn out for the best for you!",2
189d1mk,sexualassault,Memories keep coming back and idk what to do,"It happened when I was 7 or 8
I didn't say no
He used to make me touch him he never touched me further than my panties
It was every afternoon for some days after which I finally thought it was wrong and stopped 
I can't live with the guilt I am in 
After stopping I didn't tell anyone about it 
After me he found a friend of mine for what I am assuming is the same thing who told on him the exact day 
If I spoke up before he got to her if maybe I just never stopped it wouldn't have gotten to my friend 
At first it was just one scene i remembered vividly 
But now i keep remembering small things back again 
The amount of clothes between him and me 
The smell on my hands afterwards 
The noises he made 
His hand on my body 
His penis being erect from under his cloths and feeling it on my panties 
I feel disgusted 
I feel vile
I feel like I want to skin myself alive 
It's his fault I know
But I could've stopped it
I admired him because he was so much older when I was that age 
I thought that was affection he was showing me 
I thought it was approval he was giving me 
It felt so wrong so disgusting but it felt like I was important 
And that makes me feel even more grossed out about myself 
I don't know who to speak about this 
I don't know how to speak about this 
The worst and most vile part is 
When I suddenly remembered 
I got aroused 
What is wrong with me? 
I got aroused by having flashbacks of my assault 
What kind of a disgusting person am I? 
What kind of a degenerate am I? 
Do I even deserve to call it sexual assault at this point 
It wasnt violent 
I was the one that did the acts 
I get aroused by the memory of it 
Do I even deserve to call that sexual assault?
And the time line is messed up in my head but I think after this incident i (8-9?) while ""playing doctor doctor"" wanted to see another girls(same age) privates and I showed her mine and the showing atleast was done with sexual intensions which makes me conclude I committed cocsa and that just 
I am a terrible person 
Not only did I let a friend be affected by the same thing I did because I didn't want to speak out or let it continue I also furthered it by commitng assault myself 
What do I even do where do I even go from here","189d1mk sexualassault Memories keep coming back and idk what to do AdhesivenessMotor874 /r/sexualassault/comments/189d1mk/memories_keep_coming_back_and_idk_what_to_do/ It happened when I was 7 or 8
I didn't say no
He used to make me touch him he never touched me further than my panties
It was every afternoon for some days after which I finally thought it was wrong and stopped 
I can't live with the guilt I am in 
After stopping I didn't tell anyone about it 
After me he found a friend of mine for what I am assuming is the same thing who told on him the exact day 
If I spoke up before he got to her if maybe I just never stopped it wouldn't have gotten to my friend 
At first it was just one scene i remembered vividly 
But now i keep remembering small things back again 
The amount of clothes between him and me 
The smell on my hands afterwards 
The noises he made 
His hand on my body 
His penis being erect from under his cloths and feeling it on my panties 
I feel disgusted 
I feel vile
I feel like I want to skin myself alive 
It's his fault I know
But I could've stopped it
I admired him because he was so much older when I was that age 
I thought that was affection he was showing me 
I thought it was approval he was giving me 
It felt so wrong so disgusting but it felt like I was important 
And that makes me feel even more grossed out about myself 
I don't know who to speak about this 
I don't know how to speak about this 
The worst and most vile part is 
When I suddenly remembered 
I got aroused 
What is wrong with me? 
I got aroused by having flashbacks of my assault 
What kind of a disgusting person am I? 
What kind of a degenerate am I? 
Do I even deserve to call it sexual assault at this point 
It wasnt violent 
I was the one that did the acts 
I get aroused by the memory of it 
Do I even deserve to call that sexual assault?
And the time line is messed up in my head but I think after this incident i (8-9?) while ""playing doctor doctor"" wanted to see another girls(same age) privates and I showed her mine and the showing atleast was done with sexual intensions which makes me conclude I committed cocsa and that just 
I am a terrible person 
Not only did I let a friend be affected by the same thing I did because I didn't want to speak out or let it continue I also furthered it by commitng assault myself 
What do I even do where do I even go from here",PinkDaisys@6,7,/r/sexualassault/comments/189d1mk/memories_keep_coming_back_and_idk_what_to_do/,AdhesivenessMotor874,I'll keep that in mind thankyou,I am always here to talk to. Just DM me if you ever feel you need support.,1
n6cf2s,rape,Feeling sick,"This is more of a rant/vent. I have no one to talk to about this.

When I was 17 someone close to me, who I thought was a very good friend, raped me. It’s still a massive blur, I remember it all and hate his guts. I then went from being a bubbly outgoing girl to drinking and heavy smoking to escape my thoughts. Fast forward a year and my mother’s friend from school was over and he (40y/o) kissed me, in front of her and she didn’t say anything (guess being 18 she figured I’m an adult so can do what I like) well she goes off to bed and he had too much to drink so he stayed on the sofa. We were all watching a film when she went to bed. This is where one weird kiss turned into him groping me and then on top of me. I didn’t say yes, I didn’t say no. I just figured hey. I guess I’m only good for one thing. The following morning he came into my room and took his penis out and shoved it in my mouth. Shot his load and left. I haven’t seen him since. He tried to contact me and get me to see him. I told him I would tell my mother if he ever messaged me again and it’s been 5 years almost. Thinking about how I let him do that makes me feel sick to my stomach, but at the same time I feel like I let him do it so what right do I have to feel sick about it. I then spent 2 years sleeping with a number of guys because I figured if I was in control I wouldn’t be raped again. I honestly do not know in my heart of hearts if I was raped by my mothers friend or not. Either way. I’m pretty messed up from it all.","n6cf2s rape Feeling sick trasshy7 /r/rape/comments/n6cf2s/feeling_sick/ This is more of a rant/vent. I have no one to talk to about this.

When I was 17 someone close to me, who I thought was a very good friend, raped me. It’s still a massive blur, I remember it all and hate his guts. I then went from being a bubbly outgoing girl to drinking and heavy smoking to escape my thoughts. Fast forward a year and my mother’s friend from school was over and he (40y/o) kissed me, in front of her and she didn’t say anything (guess being 18 she figured I’m an adult so can do what I like) well she goes off to bed and he had too much to drink so he stayed on the sofa. We were all watching a film when she went to bed. This is where one weird kiss turned into him groping me and then on top of me. I didn’t say yes, I didn’t say no. I just figured hey. I guess I’m only good for one thing. The following morning he came into my room and took his penis out and shoved it in my mouth. Shot his load and left. I haven’t seen him since. He tried to contact me and get me to see him. I told him I would tell my mother if he ever messaged me again and it’s been 5 years almost. Thinking about how I let him do that makes me feel sick to my stomach, but at the same time I feel like I let him do it so what right do I have to feel sick about it. I then spent 2 years sleeping with a number of guys because I figured if I was in control I wouldn’t be raped again. I honestly do not know in my heart of hearts if I was raped by my mothers friend or not. Either way. I’m pretty messed up from it all.",Wolf_Dreamer@0,1,/r/rape/comments/n6cf2s/feeling_sick/,trasshy7,Thank you,"Consent was not specifically given, therefore it was rape.  You were just too worn down to fight back.  Its not your fault.",2
o0j4ce,sexualassault,"I'm not sure if I was raped; I enjoyed it, he's my friend.","TRIGGER WARNING: Descriptive content.

Hi - here's the short story (I'm really confused):

I recently reconnected (as friends) with a guy I used to have sexual relations with (friends with benefits situation). I went over to his house last night. We were in bed, ready to fall asleep. We started cuddling and making out - which I liked. I had a shirt and a thong on, he went to pull the thong off when I grabbed his hands and said ""No, leave those on. I don't think we're going to have sex tonight. I'm not on birth control anymore."" He said okay, and left them half off. (We had not had sex since our FWB situation ended months ago). We continued to make out, he pulled his boxers partly down, which I thought was just for sensation reasons. He leaned back over top of me, we continued kissing, it was hot, and then suddenly he stuck his dick in me - fast, without asking. I was shocked, if the lights were on, that shock would have been clearly evident on my face. For a moment, I remember thinking in my head ""what the fuck just happened"", as we were still making out and he continued to fuck me. I was already turned on, and I still was aroused, so I went with it. I didn't say anything. He still did not ask. We continued to have rough sex, which I really enjoyed and actively participated in.

My question is, is this rape? I enjoyed it. But I didn't consent. I didn't want to have sex, but at the same time, I was sexually aroused and wanted him - even though I didn't, which is why I didn't consent. But then I just continued on and decided to have sex and go with my feelings of arousal because the decision to have sex was already made for me.

He's a good person, and I'm not saying any of this to paint a bad image of him. I'm just really confused, and I'm not even sure if I should talk to him about this, or (if I do) how I should go about doing so.

Thanks in advance for reading this, and offering your opinions everyone. &lt;3","o0j4ce sexualassault I'm not sure if I was raped; I enjoyed it, he's my friend. Various-Committee-11 /r/sexualassault/comments/o0j4ce/im_not_sure_if_i_was_raped_i_enjoyed_it_hes_my/ TRIGGER WARNING: Descriptive content.

Hi - here's the short story (I'm really confused):

I recently reconnected (as friends) with a guy I used to have sexual relations with (friends with benefits situation). I went over to his house last night. We were in bed, ready to fall asleep. We started cuddling and making out - which I liked. I had a shirt and a thong on, he went to pull the thong off when I grabbed his hands and said ""No, leave those on. I don't think we're going to have sex tonight. I'm not on birth control anymore."" He said okay, and left them half off. (We had not had sex since our FWB situation ended months ago). We continued to make out, he pulled his boxers partly down, which I thought was just for sensation reasons. He leaned back over top of me, we continued kissing, it was hot, and then suddenly he stuck his dick in me - fast, without asking. I was shocked, if the lights were on, that shock would have been clearly evident on my face. For a moment, I remember thinking in my head ""what the fuck just happened"", as we were still making out and he continued to fuck me. I was already turned on, and I still was aroused, so I went with it. I didn't say anything. He still did not ask. We continued to have rough sex, which I really enjoyed and actively participated in.

My question is, is this rape? I enjoyed it. But I didn't consent. I didn't want to have sex, but at the same time, I was sexually aroused and wanted him - even though I didn't, which is why I didn't consent. But then I just continued on and decided to have sex and go with my feelings of arousal because the decision to have sex was already made for me.

He's a good person, and I'm not saying any of this to paint a bad image of him. I'm just really confused, and I'm not even sure if I should talk to him about this, or (if I do) how I should go about doing so.

Thanks in advance for reading this, and offering your opinions everyone. &lt;3",Ok-Examination3897@1,2,/r/sexualassault/comments/o0j4ce/im_not_sure_if_i_was_raped_i_enjoyed_it_hes_my/,Various-Committee-11,"The best way I can describe the my brain processing throughout the moments of 1) me saying no, 2) him sticking it in, 3) me thinking ""what the fuck just happened"", and then 4) proceeding to carry on with it and just go ahead like everything is fine is kind of like my brain just ""switched gears"".

Like:

Option 1 - not having sex, what I wanted, was out of the question because he already put his dick in me. So then I had the choice of either

Option 2 - push him off of me and tell him that was not okay, which would have undoubtedly been awkward at least, and scary at worst; OR

Option 3 - carry on. 

And since I was already aroused, it was already in, he was already continuing to have sex with me, our mouths were already kissing, was the 'Path of Least Resistence' and so I went with that one. 

To sum all that up, this is along the lines of what my thought process was like: 

""If I push him off of me because he just stuck his dick in me without my consent, then I automatically am accpeting and admitting that what just occured was unconsentual penetration and sex, in other words, rapen. BUT, if I just ""go with the flow"" of what's already in progress then hey, it's not that bit of a deal - besides, I've been enjoying everything else so far, right? Why not carry on.""

Also, I already mentioned in another reply that I have issues standing up for myself, especially in situations like this, so that's something I need to work on. And I need to talk to him about this as well.

But yeah, I think that's kind of how my brain processes the situation in the moment. Hopefully that kind of makes sense. Maybe others can relate. I don't think that was the right way to go about things, but it was like a flight-or-fight, instinctive, kind of response that I had like 2 seconds to make.",Doesn’t negate the fact that she did not consent first. It’s still very much rape. Many survivors appease their rapists during rape or get turned on during the act. It’s uncontrollable,2
wm4bz6,rape,was i sexually assaulted? please help,"A friend (female) and I (female) had a few drinks last night. Neither of us were drunk, but we both were tipsy. She started trying to kiss me, which I was initially okay with, but she kept going and trying to give me hickeys. She kept pulling me onto her, even though I tried to pull away, and kept trying to make out with me, quite literally forcing her tongue down my throat. I said no several times, it was obvious I didn’t want to, but she kept going. She tried to unbutton my jeans, I moved away, so she just put her hand down them instead and started touching me, and then started fingering me. I kept trying to move, but it was awkward based on the position we were both in. I didn’t want to hurt her, at all, but I had to shove her and make her leave. I feel violated, but idk if it’s a big deal or not because I knew she had had a few drinks. Can someone tell me what they think this was?","wm4bz6 rape was i sexually assaulted? please help nccoyne /r/rape/comments/wm4bz6/was_i_sexually_assaulted_please_help/ A friend (female) and I (female) had a few drinks last night. Neither of us were drunk, but we both were tipsy. She started trying to kiss me, which I was initially okay with, but she kept going and trying to give me hickeys. She kept pulling me onto her, even though I tried to pull away, and kept trying to make out with me, quite literally forcing her tongue down my throat. I said no several times, it was obvious I didn’t want to, but she kept going. She tried to unbutton my jeans, I moved away, so she just put her hand down them instead and started touching me, and then started fingering me. I kept trying to move, but it was awkward based on the position we were both in. I didn’t want to hurt her, at all, but I had to shove her and make her leave. I feel violated, but idk if it’s a big deal or not because I knew she had had a few drinks. Can someone tell me what they think this was?",[deleted]@0,1,/r/rape/comments/wm4bz6/was_i_sexually_assaulted_please_help/,nccoyne,"Thank you, the friend that done this wasn’t actually one of the ones that was involved in my last post, but I agree they’re all shit friends",Yes!,2
1k32yh6,rape,I saw my rapist at the park and we talked like nothing happened,"I got sexually assaulted around three years ago and didn’t realize it was sexual assault until I fully mentally processed the whole thing months afterwards. I was still in high school when it happened and the guy was a basketball player that went to my school. I didn’t know him that well but our friend groups got along. I never reported it. Nobody would believe me anyway. I healed on my own and moved on. 

Recently my friend and I were both back home from college and decided to hang out, get some food take a night walk in our hometown park to catch up. On our way we came across my rapist and one of his friends also hanging out along the same trail. I froze. It was the strangest feeling in the world.

His friend stopped us because he wanted to get my friends number which left me and my rapist to the side alone. He spoke to me like nothing. He smiled and laughed and said “it’s been a while since I’ve seen you.” I just went along with it. I smiled to his face and laughed with him like nothing. I asked how he had been. I was friendly, way more friendly than I should’ve been. We all made friendly banter with each other and eventually me and my friend said our goodbyes and kept walking. 

It’s been about a week or so and I feel like a faker. I can’t stop thinking about the interaction and telling myself, “if he really did rape you, you wouldn’t have been as nice as you were. it was way too easy for you to talk to him, which means it was never rape and you’re just making it up.”
Logically I know that isn’t true. He did assault me. I know it. He had me face down, he humiliated me and took my dignity from me. And then blocked me afterwards so I wouldn’t confront him about it. So I know it really did happen and I’m not making it up by means of common sense. But I still feel awful, like a liar, like I exaggerated everything. Why was it so easy for me to make small talk with someone like that? It shouldn’t have been that easy. 

Anyway. Just looking for some insight ","1k32yh6 rape I saw my rapist at the park and we talked like nothing happened Recent-Ad3080 /r/rape/comments/1k32yh6/i_saw_my_rapist_at_the_park_and_we_talked_like/ I got sexually assaulted around three years ago and didn’t realize it was sexual assault until I fully mentally processed the whole thing months afterwards. I was still in high school when it happened and the guy was a basketball player that went to my school. I didn’t know him that well but our friend groups got along. I never reported it. Nobody would believe me anyway. I healed on my own and moved on. 

Recently my friend and I were both back home from college and decided to hang out, get some food take a night walk in our hometown park to catch up. On our way we came across my rapist and one of his friends also hanging out along the same trail. I froze. It was the strangest feeling in the world.

His friend stopped us because he wanted to get my friends number which left me and my rapist to the side alone. He spoke to me like nothing. He smiled and laughed and said “it’s been a while since I’ve seen you.” I just went along with it. I smiled to his face and laughed with him like nothing. I asked how he had been. I was friendly, way more friendly than I should’ve been. We all made friendly banter with each other and eventually me and my friend said our goodbyes and kept walking. 

It’s been about a week or so and I feel like a faker. I can’t stop thinking about the interaction and telling myself, “if he really did rape you, you wouldn’t have been as nice as you were. it was way too easy for you to talk to him, which means it was never rape and you’re just making it up.”
Logically I know that isn’t true. He did assault me. I know it. He had me face down, he humiliated me and took my dignity from me. And then blocked me afterwards so I wouldn’t confront him about it. So I know it really did happen and I’m not making it up by means of common sense. But I still feel awful, like a liar, like I exaggerated everything. Why was it so easy for me to make small talk with someone like that? It shouldn’t have been that easy. 

Anyway. Just looking for some insight ",UnreaIs@0,1,/r/rape/comments/1k32yh6/i_saw_my_rapist_at_the_park_and_we_talked_like/,Recent-Ad3080,thank you 💓,"I think you talking like it never happened or that you two were good was just you finding the easiest solution out of that situation, and nothing more. Confronting him or doing anything else would be a lot more harder to do and that's a perfectly valid reason to not do it. I probably would have done the same thing you did if I was in your situation, so don't feel like it means anything more than this.

The reason why you found it easy could have been because you just distanced yourself from what he did, almost like you were just focusing on the conversation at hand and intentionally sidestepping the context. That makes the interaction a lot easier (even if it means you aren't handling the actual problem) and I don't think it's uncommon to do what you did in that situation, but I think you should avoid it if there's a next time. I'm sorry that you feel no one would believe you, but remember it's perfectly fine to sit an interaction out. Hope this helps ❤️",5
x9i13m,sexualassault,I don't feel valid.,"Soo. I feel stupid making this post but here goes.

When I was 13 years old (I'm 24 now), I used to hangout with my older sisters male best friend who at the time was about 22/23 years old. He lived down the street from us so he was always around and I was really close to him and saw him almost as a brother figure.

One day I got off the bus early at my best friend's stop to walk her home because she had a bad day. After I left her house and started walking back I ran into my sisters friend.

He offered to walk me home so I said sure. Out of nowhere he grabbed my hand and took me behind some trees and started kissing me. I didn't say anything or try to stop him, I was just kind of in shock. Then he grabbed my hand and put it down the front of his pants and made me touch him.. I yanked my arm away and tried to leave but he grabbed my wrist hard and put it back down his pants and while still holding onto my hand, made me rub his penis.

He was grabbing my wrist so hard I started crying from pain and later ended up with bruises around it. I guess I was taking too long to get home so my mom started calling my phone and when he realized this he finally let me go and I ran home.

I kind of pushed it out of my mind for years and tried so hard to forget it, but after 10 years I saw him again working at the gas station next to my house and my heart sank. It's brought up a lot of really dark feelings and emotions. I had never told anyone this before and it's been really weighing on me since I saw him. 

I guess I'm asking if this is considered sexual assault because I want to bring it up in therapy, but idk. I'm scared that I'll sound ridiculous or something? I feel like this really just isn't valid. 

What do you think?","x9i13m sexualassault I don't feel valid. sadbaby23 /r/sexualassault/comments/x9i13m/i_dont_feel_valid/ Soo. I feel stupid making this post but here goes.

When I was 13 years old (I'm 24 now), I used to hangout with my older sisters male best friend who at the time was about 22/23 years old. He lived down the street from us so he was always around and I was really close to him and saw him almost as a brother figure.

One day I got off the bus early at my best friend's stop to walk her home because she had a bad day. After I left her house and started walking back I ran into my sisters friend.

He offered to walk me home so I said sure. Out of nowhere he grabbed my hand and took me behind some trees and started kissing me. I didn't say anything or try to stop him, I was just kind of in shock. Then he grabbed my hand and put it down the front of his pants and made me touch him.. I yanked my arm away and tried to leave but he grabbed my wrist hard and put it back down his pants and while still holding onto my hand, made me rub his penis.

He was grabbing my wrist so hard I started crying from pain and later ended up with bruises around it. I guess I was taking too long to get home so my mom started calling my phone and when he realized this he finally let me go and I ran home.

I kind of pushed it out of my mind for years and tried so hard to forget it, but after 10 years I saw him again working at the gas station next to my house and my heart sank. It's brought up a lot of really dark feelings and emotions. I had never told anyone this before and it's been really weighing on me since I saw him. 

I guess I'm asking if this is considered sexual assault because I want to bring it up in therapy, but idk. I'm scared that I'll sound ridiculous or something? I feel like this really just isn't valid. 

What do you think?",MatiInTheMiddle@0,1,/r/sexualassault/comments/x9i13m/i_dont_feel_valid/,sadbaby23,"Thank you. I think my biggest issue is not feeling like it's valid enough. I had told someone close to me around the time that it happened and I was told it wasn't sexual assault and that I was being dramatic, that since i let him kiss me i obviously was into it. Now as an adult i struggle with that. I'm worried if I tell anyone else that I'll get the same response.

I guess me posting it in here with the question of ""is this assault"" was to really solidify it for myself and kind of ease some of the anxiety I feel about telling anyone else since I had already had someone invalidate the situation and my feelings.. If that makes sense.

I really appreciate everyone's comments and helping me to see that it was definitely sexual assault. I'm gonna be bringing it up with my therapist at our next session so I can finally start working through it. Thanks again.","This is clearly sexual assault. You were a kid. There was a huge age difference. Those 2 facts alone make it sexual assault, even if you hadn't made it clear that you didn't want it, which you did. I am very sorry this happened to you and I think it's very understandable that it bothers you.",2
12qc75r,SexualHarassment,Am i a victim of anything? i feel like it's my fault.," 

Saturday night, I decided to go out with someone I known for about a year to go get some drinks and vibe to some music. I'm only 21 and my tolerance for alcohol is super low. I am aware when I am tipsy/drunk when I start dancing not caring about what others think but countless times during these moments I will feel said person- lets call him Nate, come up from behind me with a hard on and would press himself against me even though I am not doing any grinding to begin with.

Nate is 27 years old and has a high tolerance for alcohol but he only had about 2 drinks that night and told me he was completely sober. Each time I sober up I state to Nate that it makes me uncomfortable when he does this or kiss me without my consent. At times he will get defensive but others he will apologize. So it shocked me when it happened again.

After some time I needed to use the bathroom. I was wearing a romper with a zipper I just could not find. My bladder is weak and I was going to just pee on myself but I decided to ask for help. I open the door to the restroom and see a couple on the couch- both female so I decided not to ask them because I did not want to start a problem. I asked one of them to get Nate for me. Nate came over and I turned my back at the crack of the door so he could unzip it for me but he opened the door so he could go in and I stepped back noticing he closed the door behind him. weird but ok.

When he unzipped it I stated I was insecure because of my back acne. Nate said it was nothing he haven't seen before. So I notice that Nate was standing towards me while I was holding my romper to my chest and I asked him to at least turn around. He made a big fuss about it and only turned halfway I assume because there was a mirror to his right. I really had no other choice but to pee and eventually Nate turned back around stating he had his eyes closed.

I promise you me and him made direct eye contact and I was feeling very upset while covering my chest with my hands. Nate once again said that he has already seen it before- speaking about the time when I had an OF a year ago. Nate started manipulating me by saying that we can leave right then and there but I said I did not care. I took an uber home and this made him upset. He mentioned that I was overreacting because I had ""too much to drink"" and that I cant afford an uber. I told the uber lady everything and she said that I had every right to leave. What exactly is this called? I felt vunerable. what would've happened if I blacked out. Please don't blame me. I learned from my mistakes. Thank you..","12qc75r SexualHarassment Am i a victim of anything? i feel like it's my fault. Existing-Tap6399 /r/SexualHarassment/comments/12qc75r/am_i_a_victim_of_anything_i_feel_like_its_my_fault/  

Saturday night, I decided to go out with someone I known for about a year to go get some drinks and vibe to some music. I'm only 21 and my tolerance for alcohol is super low. I am aware when I am tipsy/drunk when I start dancing not caring about what others think but countless times during these moments I will feel said person- lets call him Nate, come up from behind me with a hard on and would press himself against me even though I am not doing any grinding to begin with.

Nate is 27 years old and has a high tolerance for alcohol but he only had about 2 drinks that night and told me he was completely sober. Each time I sober up I state to Nate that it makes me uncomfortable when he does this or kiss me without my consent. At times he will get defensive but others he will apologize. So it shocked me when it happened again.

After some time I needed to use the bathroom. I was wearing a romper with a zipper I just could not find. My bladder is weak and I was going to just pee on myself but I decided to ask for help. I open the door to the restroom and see a couple on the couch- both female so I decided not to ask them because I did not want to start a problem. I asked one of them to get Nate for me. Nate came over and I turned my back at the crack of the door so he could unzip it for me but he opened the door so he could go in and I stepped back noticing he closed the door behind him. weird but ok.

When he unzipped it I stated I was insecure because of my back acne. Nate said it was nothing he haven't seen before. So I notice that Nate was standing towards me while I was holding my romper to my chest and I asked him to at least turn around. He made a big fuss about it and only turned halfway I assume because there was a mirror to his right. I really had no other choice but to pee and eventually Nate turned back around stating he had his eyes closed.

I promise you me and him made direct eye contact and I was feeling very upset while covering my chest with my hands. Nate once again said that he has already seen it before- speaking about the time when I had an OF a year ago. Nate started manipulating me by saying that we can leave right then and there but I said I did not care. I took an uber home and this made him upset. He mentioned that I was overreacting because I had ""too much to drink"" and that I cant afford an uber. I told the uber lady everything and she said that I had every right to leave. What exactly is this called? I felt vunerable. what would've happened if I blacked out. Please don't blame me. I learned from my mistakes. Thank you..",DrinkBeneficial9799@0,1,/r/SexualHarassment/comments/12qc75r/am_i_a_victim_of_anything_i_feel_like_its_my_fault/,Existing-Tap6399,thank you,It's called stop hanging out with Nathan. He is not exactly jail material but he is a dick,2
l14psf,sexualassault,Is this sexual assault?,My cousin grabbed me and covered my head under the covers till the point of I can't breathe and put his hands in my underwear touching my private area and pulled his underwear down to cum.,,Coff33bun@6,7,https://www.reddit.com/r/sexualassault/comments/l14psf/is_this_sexual_assault/,Quen2001,Alright will do,"Im repeating myself here but i wanted to say that as well.

Look into organisations that support domestic violence and victims of sexual abuse.

Citizen advice. Any support that you can find here. 

Talk to the police and ask for advice on what to do. 

Check whether you have any right to free solicitor time - you do in the UK, I'm not sure where you're from.

Ideally, you'd be looking into a restriction order here.",1
ki6sjy,sexualassault,Was I sexually assaulted?,"When I was in first or second grade my neighbor who was about 4 or 5 years older than me came over. He started kissing me, but I didn't exactly say no or fight back. He then took it a step further and started licking my vagina in the bathroom. I don't know what happened, but I somehow backed out of that one. It did happen a few more times, but he moved shortly after and I only saw once after that. I've moved since then and have not told anyone. So was I sexually assaulted reddit.

Edit: Also I have minor touch issue issues which may not be affiliated with my autism. Could this be why I am so aggressive when people make contact with me?",,IndividualLychee9614@0,1,https://www.reddit.com/r/sexualassault/comments/ki6sjy/was_i_sexually_assaulted/,Prestigious-Pass6321,Thanks for your help.,"That’s definitely assault. At that age, even an age difference of a few years of more is significant in terms of development. You didn’t consent to any of these things, so it was assault.",1
13ga79l,sexualassault,can i call myself a victim? i feel like i don't deserve to call myself that,am i a victim?? id consider anyone else in my situation an SA victim but i just can't understand how i can be considered one. basically i feel like since i wasn't raped in any way i can't call myself a victim. even though i wouldn't say that about anyone else it's just what my warped mentally ill brain makes me think about myself. can't wrap my head around me being a victim. i don't deserve to call myself one. this doesn't even make sense but im just hypocritical when it comes to me i guess. it's probably that great self blaming doing this to me and making me think like this along with my general self hatred. was what happened wrong...was he wrong...yes im pretty sure. am i a victim? i just don't know,13ga79l sexualassault can i call myself a victim? i feel like i don't deserve to call myself that brel1654 /r/sexualassault/comments/13ga79l/can_i_call_myself_a_victim_i_feel_like_i_dont/ am i a victim?? id consider anyone else in my situation an SA victim but i just can't understand how i can be considered one. basically i feel like since i wasn't raped in any way i can't call myself a victim. even though i wouldn't say that about anyone else it's just what my warped mentally ill brain makes me think about myself. can't wrap my head around me being a victim. i don't deserve to call myself one. this doesn't even make sense but im just hypocritical when it comes to me i guess. it's probably that great self blaming doing this to me and making me think like this along with my general self hatred. was what happened wrong...was he wrong...yes im pretty sure. am i a victim? i just don't know,BeenRightfullyStolen@2,3,/r/sexualassault/comments/13ga79l/can_i_call_myself_a_victim_i_feel_like_i_dont/,brel1654,thank you so much i really appreciate this,"It's totally normal to be overwhelmed, and there's no standard timeline for where you need to be and when. Only share what you're ready to at any given moment. If a therapist asks you a question you aren't ready to answer, or if you get to a point and can't say any more, ""I'm not ready to get into that"" is an acceptable answer. Pressuring yourself too much can have several different unintended consequences. Every step, no matter how small or insignificant it feels, is progress to be proud of. Try to give yourself some grace.

You can ""pressure"" yourself in a healthy way. There's a difference between wanting/needing to process something specific but having anxiety over it and not being ready to process it. For me, I can usually tell the difference by talking around it, usually to myself at first. If talking around something without going into detail helps me give more detail, then I figure I probably am ready. If I talk around it and just freak out more, I'm probably not. You might have another method that works better, but I think finding a way to differentiate is really helpful.

Good luck, especially with finding a therapist you click with. If you have a few sessions and you don't like them, you can look for someone else. We don't always find the right one the first time, and it isn't always the therapist's fault. Sometimes you just don't have the kind of connection you need for it to work well, and they tend to be really understanding of that.",2
1gy3e7u,sexualassault,"i was 12F and he was 17M but i agreed, is that considered SA still?","it was years back, i still think about it though. a whole bunch of crap happened after but i was a kid, i didn't know what i was doing it just happened. he still went to juvie for it but i don't know. was it?","1gy3e7u sexualassault i was 12F and he was 17M but i agreed, is that considered SA still? funkymonkeylalala /r/sexualassault/comments/1gy3e7u/i_was_12f_and_he_was_17m_but_i_agreed_is_that/ it was years back, i still think about it though. a whole bunch of crap happened after but i was a kid, i didn't know what i was doing it just happened. he still went to juvie for it but i don't know. was it?",thruuweweh@0,1,/r/sexualassault/comments/1gy3e7u/i_was_12f_and_he_was_17m_but_i_agreed_is_that/,funkymonkeylalala,"No, he knew i was 12.",Did u lie about or age? I don't think a 17yo should have sex with a 12 yo,2
xg1vgt,sexualassault,Not sure if it was SA but I feel violated,"I (22f) recently remembered something that happened in high school that I've tried not to think about because it brings up a lot of shame for me. I always thought I consented and the shame I feel is my fault but after evaluating it I'm not sure I actually did consent. Either way I felt violated and it affects me more than I previously acknowledged. Sorry this is long but I feel like I need to get it out.

I was 17 and had been flirting with this guy all summer. At the time I was a virgin and I'd never been touched below the belt. He invited me to his house and we were just sitting in his basement talking for a while when he kissed me, hard and sloppy. Immediately when he kissed me he pinned me down on the couch with his whole weight. I was immediately uncomfortable because of how physically forceful he was being but I froze. Before I could really register what was happening he pulled my shirt and bra down at once and started kissing my chest and my nipples. He never asked to do any of this and it all happened very fast. He kept saying things like ""you're so hesistant"" and ""you twitch at everything"" in a way that indicated he thought it was sexy, not in a concerned way. 

At some point he said ""you have no idea the things I could do to you."" I said ""what do you mean?"" and he said ""they would involve taking your pants off."" I hesitated for a long time and said ""I don't know"" and avoided eye contact. He was still looking at me expectantly and I could feel his whole weight on me so I eventually said ""give me 10 minutes."" 

After this it's hazy. He may have asked another time but I can't remember, which is killing me now when I'm trying to define it. All I remember is being scared and trying to find a way to say no and then I remember being naked from the waist down and having a panic attack with his fingers inside me. I remember my hands and feet going numb and I was shaking from the panic attack. After this experience I was repulsed by sex for a year (not typical of teenage me) and my depression and eating disorder got bad. He didn't really talk to me after that after us being friends for years and I thought I had done something horribly wrong.

I remembered this recently after burying it for years. I don't feel justified in feeling violated because I don't know if it was assault or not. I wasn't drunk but I can't remember if I said yes. I also remembered recently that he had gotten my friend blackout drunk to have sex with her the year before this happened. I didn't know it at the time but he raped her. I wouldn't have even been talking to him if I hadn't been so naive about the severity of it at the time. So I know he was someone's rapist, but I can't tell if he was mine.

Can anyone relate to not being sure if you were assaulted but still feeling violated?","xg1vgt sexualassault Not sure if it was SA but I feel violated Fun_Importance_4554 /r/sexualassault/comments/xg1vgt/not_sure_if_it_was_sa_but_i_feel_violated/ I (22f) recently remembered something that happened in high school that I've tried not to think about because it brings up a lot of shame for me. I always thought I consented and the shame I feel is my fault but after evaluating it I'm not sure I actually did consent. Either way I felt violated and it affects me more than I previously acknowledged. Sorry this is long but I feel like I need to get it out.

I was 17 and had been flirting with this guy all summer. At the time I was a virgin and I'd never been touched below the belt. He invited me to his house and we were just sitting in his basement talking for a while when he kissed me, hard and sloppy. Immediately when he kissed me he pinned me down on the couch with his whole weight. I was immediately uncomfortable because of how physically forceful he was being but I froze. Before I could really register what was happening he pulled my shirt and bra down at once and started kissing my chest and my nipples. He never asked to do any of this and it all happened very fast. He kept saying things like ""you're so hesistant"" and ""you twitch at everything"" in a way that indicated he thought it was sexy, not in a concerned way. 

At some point he said ""you have no idea the things I could do to you."" I said ""what do you mean?"" and he said ""they would involve taking your pants off."" I hesitated for a long time and said ""I don't know"" and avoided eye contact. He was still looking at me expectantly and I could feel his whole weight on me so I eventually said ""give me 10 minutes."" 

After this it's hazy. He may have asked another time but I can't remember, which is killing me now when I'm trying to define it. All I remember is being scared and trying to find a way to say no and then I remember being naked from the waist down and having a panic attack with his fingers inside me. I remember my hands and feet going numb and I was shaking from the panic attack. After this experience I was repulsed by sex for a year (not typical of teenage me) and my depression and eating disorder got bad. He didn't really talk to me after that after us being friends for years and I thought I had done something horribly wrong.

I remembered this recently after burying it for years. I don't feel justified in feeling violated because I don't know if it was assault or not. I wasn't drunk but I can't remember if I said yes. I also remembered recently that he had gotten my friend blackout drunk to have sex with her the year before this happened. I didn't know it at the time but he raped her. I wouldn't have even been talking to him if I hadn't been so naive about the severity of it at the time. So I know he was someone's rapist, but I can't tell if he was mine.

Can anyone relate to not being sure if you were assaulted but still feeling violated?",[deleted]@0,1,/r/sexualassault/comments/xg1vgt/not_sure_if_it_was_sa_but_i_feel_violated/,Fun_Importance_4554,"Thank you for taking the time to read what I wrote and respond so thoughtfully. This was exactly what I needed to hear. I still don’t fully believe myself and I still blame myself because I can’t help it, but I needed to hear someone else say he was the one at fault and who had power in the situation. It makes me feel less wrong","OP, it is completely understandable why your teenage self was totally overwhelmed, and why you are struggling with this. This guy completely ignored how you were feeling, and overrode your signals to slow down. He was testing you the entire time, to see how far he would be able to push himself on you and how you would react. Naturally, you were in shock! You did what many people do when in a completely threatening and unexpected situation, you froze. On top of everything, it is hard as hell to think at all, let alone clearly, when in the middle of an anxiety attack, while your body is being violated. 
He was correct in stating that you had no idea of what he could do to you, and the cruelty of that statement must have been shocking later. As you said, this had been someone you once thought of as a friend, right? Guy who was cute, fun to flirt with, but never thought would hurt you in any way. For this to happen is a horrible betrayal. 

OP, there is nothing in what you have written that gives any indication of consent. Shock, confusion, immobility, fear, anxiety.. none of these things imply consent. Being physically pinned to a bed by a person, so that you cannot escape is not consent. Consent is saying “Yes”. While you are mentally, cognitively present. OP, you never in any way did this. You were assaulted, and this was in no way your fault. You did not create this situation, nor did you invite this person to strip you, trap you and assault you. He is a predator, and he took advantage of you because he felt that he was able to do so. The shame you have felt is not yours to own. You didn’t do anything wrong, OP. Really. We rarely see evil coming, because we ourselves are not evil. Be kind to yourself, ok? Sending peace, and loving energy.",1
1321mwh,sexualassault,Is this sexual assault cause we were dating?,When my ex and I were together she spent the night one night and we’d previously only made out 1 time nothing more I woke up one night to her kissing me on the lips and slightly touching my boob I felt grossed out and creeped out but like we were dating so maybe it’s okay? I don’t honestly know I was just looking for advice on if it was or not? Thank you,1321mwh sexualassault Is this sexual assault cause we were dating? Significant_Sound_17 /r/sexualassault/comments/1321mwh/is_this_sexual_assault_cause_we_were_dating/ When my ex and I were together she spent the night one night and we’d previously only made out 1 time nothing more I woke up one night to her kissing me on the lips and slightly touching my boob I felt grossed out and creeped out but like we were dating so maybe it’s okay? I don’t honestly know I was just looking for advice on if it was or not? Thank you,queerstudbroalex@2,3,/r/sexualassault/comments/1321mwh/is_this_sexual_assault_cause_we_were_dating/,Significant_Sound_17,Definetly fingers crossed for that,"Yeah that makes sense.

Fingercrossing for major changes in how we as humans think about sex and communicate with each other. And for all the myths about SA to go away forever. And just really for no more SA tto anyone in the world ever.",1
qcw9dm,sexualassault,Is this sexual assault?,"I was at a party a year ago and a man was showing the whole party his underwear because apparently he had fun underwear. I missed the moment because I was checking my phone, so then he asked me if I wanted to see it. We were both in the kitchen and a friend of mine around. I said yes. 

Then, he asked me if I wanted to touch it. Before I had time to think, he grabbed my hand and put it on his underwear. I touched the underwear without consent and the pulled it away. I didn’t touch his penis, but I was relatively close. 

I’m still not sure what this all qualifies though. I do know it was really triggering because I have been sexually assaulted before and I still have a hard time thinking of the incident without wanting to cry.","qcw9dm sexualassault Is this sexual assault? jaunesun /r/sexualassault/comments/qcw9dm/is_this_sexual_assault/ I was at a party a year ago and a man was showing the whole party his underwear because apparently he had fun underwear. I missed the moment because I was checking my phone, so then he asked me if I wanted to see it. We were both in the kitchen and a friend of mine around. I said yes. 

Then, he asked me if I wanted to touch it. Before I had time to think, he grabbed my hand and put it on his underwear. I touched the underwear without consent and the pulled it away. I didn’t touch his penis, but I was relatively close. 

I’m still not sure what this all qualifies though. I do know it was really triggering because I have been sexually assaulted before and I still have a hard time thinking of the incident without wanting to cry.",Drakenred@0,1,/r/sexualassault/comments/qcw9dm/is_this_sexual_assault/,jaunesun,That’s what I was thinking too. My therapist just made me second guess it for a second.,Well in this case i would argue it was.,1
r1kq2o,rape,i think i was raped but I feel like it was my fault,"I brought a guy home after going to the club. I was very drunk and all my flatmates told me not to. I can barely remember anything but he didn’t even ask to use a condom or ask if I was on birth control until I told him I was on the nuvaring. I know that in my right mind I would never fuck a stranger without a condom but before I could say anything he put it in. When I asked if he was gonna cum in me he said that “he already did”. I’m incredibly ill now and worried that I have symptoms of early pregnancy. He is in my course so I have to see him everyday and idk if it’s rape bc I didn’t say no. He actually came inside me multiple times but I don’t know why I didn’t protest more. I feel used and disgusted. He acts like a nice person because this isn’t the usual narrative of a brutal rape, and since I never said no, he probably thinks nothing was wrong. 

I can only remember being in so much pain after because I wasn’t very wet. I don’t know what to do. Someone please help me.","r1kq2o rape i think i was raped but I feel like it was my fault lmaovaishi /r/rape/comments/r1kq2o/i_think_i_was_raped_but_i_feel_like_it_was_my/ I brought a guy home after going to the club. I was very drunk and all my flatmates told me not to. I can barely remember anything but he didn’t even ask to use a condom or ask if I was on birth control until I told him I was on the nuvaring. I know that in my right mind I would never fuck a stranger without a condom but before I could say anything he put it in. When I asked if he was gonna cum in me he said that “he already did”. I’m incredibly ill now and worried that I have symptoms of early pregnancy. He is in my course so I have to see him everyday and idk if it’s rape bc I didn’t say no. He actually came inside me multiple times but I don’t know why I didn’t protest more. I feel used and disgusted. He acts like a nice person because this isn’t the usual narrative of a brutal rape, and since I never said no, he probably thinks nothing was wrong. 

I can only remember being in so much pain after because I wasn’t very wet. I don’t know what to do. Someone please help me.",[deleted]@0,1,/r/rape/comments/r1kq2o/i_think_i_was_raped_but_i_feel_like_it_was_my/,lmaovaishi,which part makes u think that? i want to know if the situation is too ambiguous,Never is your fault,1
1og3yu0,sexualassault,"I (21F) had sex blackout drunk, and don’t know if I consented or if it was assault","I had sex blackout drunk and I don’t know if I consented or if it was assault.

I (21 F) went out with one of my girl friends. We went to a couple bars, I had maybe five drinks total over the space of six hours. I have a pretty high alcohol tolerance, and remember being pretty sober (moreso tipsy but definitely not drunk or even blackout.) This is where it gets messy. I don’t remember leaving the bar, and my memory gets very fragmented. I  have a brief memory of being in a taxi with a guy, then a brief memory of him having sex with me. I am in a relationship, and I am almost certain I would never consent to having sex with someone other than my boyfriend and was also certain that I would tell any guy that approached me that I was in a relationship, and therefore was not willing to engage in any romantic or sexual behaviour with another person . I am very happy in my relationship, he is a wonderful person and my best friend. From what very little I remember, the sex hurt and it seemed quite aggressive. Everything in me tells me I would not have consented to this. I would never ever put my boyfriend in that position. We live together and he was expecting me to come back to our flat at 1am.

My next memory is me walking through random fields and forests with no clue where I am. Literally in the middle of the countryside. My phone is dead and I am so disorientated and confused that I genuinely thought I was near my hometown that is two and a half hours away from where I live currently at University. It turned out I was over a half an hour drive from my flat. I must have been walking for hours and then suddenly I see two older men who let me use their phone to call my mum, who then called my boyfriend who drove to me to pick me up. This is at around 10/11am, I had work at 8am that day and had every intention of going. My boyfriend immediately knew something was wrong, he went to the police when I didn’t come home, and even went to my work at the University to see if I had showed up or called in sick. He was so worried about me, and immediately sensed that I may have been raped. The truth is that I couldn’t remember anything, I had completely blacked out and had no recollection of a name or even a face, no idea where I was and no clue whether I was possible of consenting to this in the state I was in. As soon as I get home, I am throwing up for hours. I was so sick that my boyfriend was about to take me the hospital. This felt worse than any hangover I’ve ever had, and considering I didn’t drink enough that would ordinarily get me into the state I was in, I was concerned I was spiked. I couldn’t even stand up and was throwing up non stop for hours on end and was so confused about what had happened.

Police came to my flat to check that I was okay. I explained to them that I had no memory of how I got to where I was, and that my phone was dead. I explained how according to bank transactions, I ended up at another bar alone (again assuming, I have no memory of meeting this guy so very well could have been with him) on the way back home to my flat (again, something I would never do and I have no memory of). I said how I used another persons phone to call my boyfriend. They asked if I had any pelvic pain, insinuating possible sexual assault, but I genuinely was so ill that I could barely be present in conversation, and felt uncomfortable telling the truth in front of these two male police officers. I said that I didn’t. The truth is I did. I was just terrified that I may have actually consented in my altered state. 

I have an IUD, and have already booked for an STD test. It has been well under a day since this happened, about 12 hours since I got back to my flat and maybe 17 hours since I had sex (an estimate.) I feel so guilty, my boyfriend has been so supportive and yet I am so ashamed to tell him the truth- that I had sex with this man and barely remember a thing. It would shatter his world, but I know he deserves the truth. I am still trying to gather my thoughts to say it in the right way.

I was shocked to find out that I had a follower request from the guy who slept with me. At first, I ignored it, but then I briefly accepted to try and figure out what he knew, and whether he was drunk or not. From what he said- he knew that I had a boyfriend because I had told him, and he found it funny. He was drinking, but from what I can tell he was much more sober than me. He also obviously remembered my name, which I couldn’t for him. This makes me think I didn’t consent, or at least he was in a position to take advantage of how inebriated I was. After getting that I immediately blocked him. My mind is spiralling. I don’t want to report it as to be quite honest I am scared. What if I did consent and just plain cheated on my boyfriend? I would NEVER do that sober. Was I spiked? Do I report it, now having a name of the guy? How do I tell my boyfriend. I am confused, hurt, and feel so much guilt for putting my poor boyfriend through all of this. Any advice would be greatly appreciated.","1og3yu0 sexualassault I (21F) had sex blackout drunk, and don’t know if I consented or if it was assault Illustrious-Client51 /r/sexualassault/comments/1og3yu0/i_21f_had_sex_blackout_drunk_and_dont_know_if_i/ I had sex blackout drunk and I don’t know if I consented or if it was assault.

I (21 F) went out with one of my girl friends. We went to a couple bars, I had maybe five drinks total over the space of six hours. I have a pretty high alcohol tolerance, and remember being pretty sober (moreso tipsy but definitely not drunk or even blackout.) This is where it gets messy. I don’t remember leaving the bar, and my memory gets very fragmented. I  have a brief memory of being in a taxi with a guy, then a brief memory of him having sex with me. I am in a relationship, and I am almost certain I would never consent to having sex with someone other than my boyfriend and was also certain that I would tell any guy that approached me that I was in a relationship, and therefore was not willing to engage in any romantic or sexual behaviour with another person . I am very happy in my relationship, he is a wonderful person and my best friend. From what very little I remember, the sex hurt and it seemed quite aggressive. Everything in me tells me I would not have consented to this. I would never ever put my boyfriend in that position. We live together and he was expecting me to come back to our flat at 1am.

My next memory is me walking through random fields and forests with no clue where I am. Literally in the middle of the countryside. My phone is dead and I am so disorientated and confused that I genuinely thought I was near my hometown that is two and a half hours away from where I live currently at University. It turned out I was over a half an hour drive from my flat. I must have been walking for hours and then suddenly I see two older men who let me use their phone to call my mum, who then called my boyfriend who drove to me to pick me up. This is at around 10/11am, I had work at 8am that day and had every intention of going. My boyfriend immediately knew something was wrong, he went to the police when I didn’t come home, and even went to my work at the University to see if I had showed up or called in sick. He was so worried about me, and immediately sensed that I may have been raped. The truth is that I couldn’t remember anything, I had completely blacked out and had no recollection of a name or even a face, no idea where I was and no clue whether I was possible of consenting to this in the state I was in. As soon as I get home, I am throwing up for hours. I was so sick that my boyfriend was about to take me the hospital. This felt worse than any hangover I’ve ever had, and considering I didn’t drink enough that would ordinarily get me into the state I was in, I was concerned I was spiked. I couldn’t even stand up and was throwing up non stop for hours on end and was so confused about what had happened.

Police came to my flat to check that I was okay. I explained to them that I had no memory of how I got to where I was, and that my phone was dead. I explained how according to bank transactions, I ended up at another bar alone (again assuming, I have no memory of meeting this guy so very well could have been with him) on the way back home to my flat (again, something I would never do and I have no memory of). I said how I used another persons phone to call my boyfriend. They asked if I had any pelvic pain, insinuating possible sexual assault, but I genuinely was so ill that I could barely be present in conversation, and felt uncomfortable telling the truth in front of these two male police officers. I said that I didn’t. The truth is I did. I was just terrified that I may have actually consented in my altered state. 

I have an IUD, and have already booked for an STD test. It has been well under a day since this happened, about 12 hours since I got back to my flat and maybe 17 hours since I had sex (an estimate.) I feel so guilty, my boyfriend has been so supportive and yet I am so ashamed to tell him the truth- that I had sex with this man and barely remember a thing. It would shatter his world, but I know he deserves the truth. I am still trying to gather my thoughts to say it in the right way.

I was shocked to find out that I had a follower request from the guy who slept with me. At first, I ignored it, but then I briefly accepted to try and figure out what he knew, and whether he was drunk or not. From what he said- he knew that I had a boyfriend because I had told him, and he found it funny. He was drinking, but from what I can tell he was much more sober than me. He also obviously remembered my name, which I couldn’t for him. This makes me think I didn’t consent, or at least he was in a position to take advantage of how inebriated I was. After getting that I immediately blocked him. My mind is spiralling. I don’t want to report it as to be quite honest I am scared. What if I did consent and just plain cheated on my boyfriend? I would NEVER do that sober. Was I spiked? Do I report it, now having a name of the guy? How do I tell my boyfriend. I am confused, hurt, and feel so much guilt for putting my poor boyfriend through all of this. Any advice would be greatly appreciated.",badbubbeleh@0,1,/r/sexualassault/comments/1og3yu0/i_21f_had_sex_blackout_drunk_and_dont_know_if_i/,Illustrious-Client51,"Wow, this was so kind and thoughtful of you, thank you so much. I really appreciate the time and effort you put into responding to me, your advice is really helpful❤️","Hello love,

I am so so deeply sorry that this happened to you and that you are going through this. Of course you are deeply hurt, confused, ashamed and even feel guilt. First, I want to say that that is all so normal given what you have gone through. More importantly, I want to be very clear that this is NOT your fault. 

You know yourself. Everything you have just shared with us makes it very clear that you did not consent to this. You are happy in your relationship with no interest of sleeping with anyone outside of it. You usually handle your liquor well. You were pretty sober— maybe tipsy, but definitely not blackout to the point where you barely remember the night, how you wound up in bed with  a stranger or found yourself in a field almost two hours from home the next morning and missed work. None of that is normal or okay. I know you are spiraling and questioning everything, but I want to ask you to please do your best to quiet your mind and trust your gut right now. Trust yourself. 

I also want to say that even IF you had “consented” in that state— that is not consent. If you are not sober enough to make a sound decision about having sex with someone, especially someone you do not know, that is not informed consent. That man knew better. He also knew you were in a relationship. He knew you were in no state to have sex— even if he hadn’t spiked your drink. But it is very clear that he spiked your drink and took advantage of you. That is assault.

It also makes sense that you felt scared and uncomfortable to report what happened to the police— especially two men. That is so common, especially when you feel confused and ashamed on top of it all. It’s okay. You did what you felt comfortable with and that is the best you can do, okay? Don’t punish yourself for doing your best in a very scary and painful situation, please. You don’t deserve that. 

I imagine if you don’t tell your boyfriend, it will eat at you and you will feel guilty for something you did not do. For that reason, I would tell him if or when you feel ready to relieve yourself of that weight. My hope is that he is supportive, because that is what you need right now and sharing what happened to you with someone you love and trust can be healing after an experience like this. If you do not think he will handle it well and it will only bring you more pain and stress, then don’t tell him. Do what is *best for you* right now. Only tell him if and when you feel ready. If you don’t tell him, is there someone else you can talk to? Or maybe you could share with someone else *first* and then eventually share with him? Is there an older adult you can share with, maybe another woman?

He may feel upset about what happened, but I would hope that those feelings are upset for what happened to you and not that someone had sex with you while blacked out. You did not do anything wrong. You are young, so I don’t know how he will react or if he is mature enough to understand these things, but I hope he is and does. Regardless of how he reacts, I want to reiterate again and again that *none of this is your fault.*

The fact that this man reached out to you afterwards is fucking disgusting. The audacity. My last note is that since you now know his identity, I might report him while everything is fresh, but only if you feel comfortable. I might also go to a hospital and speak with a woman specifically to ask for an evidence kit, so that you have proof. Again, only do this if you feel comfortable. Please don’t put yourself through anything that feels too overwhelming right now. I am only making a suggestion as an outsider looking out for your wellbeing in the case that you do want to press charges in the future.  

Thank you for having the courage to share this with us, especially when everything is so fresh and overwhelming. I am sending you so much love and care while you go through this. Please do your best to take care of yourself and know that you are not alone.",1
wsmmiv,rape,i was sexually assaulted but i can’t accept it,"obvious tw SA, pedophilia(?)

my friend (18 almost 19 nonbinary) came onto me(15 trans male) one day when we were hanging out. i reciprocated because i really liked them. we were making out on and off all night, and one time while we were making out, they put their hand up my shirt and under my bra. i didn’t like it, it made me really uncomfortable and dysphoric, but i didn’t know what to say. i felt too awkward and so i just let it happen until they stopped a few minutes later. after we hung out, i texted them and told them to please ask before they did things other than kissing (they really liked to bite me also) because it made me uncomfortable. they asked before touching my chest again but not before biting me or doing other subtle things and i felt really uncomfortable. every time after we hung out i would have panic attacks, because of how uncomfortable i felt, but i always went back to them. fast forward a couple weeks, i’m at their house and their hand starts creeping up my thigh. they don’t ask before they go farther but i help them undo my belt because i wanted it to happen. mind you im under the age of consent in my state. i wanted it to happen, but it was wrong. another little while later i ask them if they want nudes, they say yes and they screenshot them. this made me severely upset and i told them to delete them. after talking to my best friend about it i finally decided to block them, as i was constantly having panic attacks, and being paranoid because of how uncomfortable their actions, and our age gap made me. i was talking to my other friend, and the told me that the person who i blocked had sexually assaulted someone they know. they basically did a similar thing to me where they wouldn’t ask for consent or respect boundaries. i feel so upset. i wanted to hide my body, i couldn’t even look at myself i just wanted to hide. after a few days i was able to wear regular clothes again, but i am still so traumatized. i feel like i shouldn’t be though, i feel dramatic and like a bitch, whore, etc. every time i see anything that reminds me of them i get anxiety, a word they would say, passing by the street they live on, seeing where they sat in their classroom, the brand of cigarettes they smoked, etc. i am so broken. i shouldn’t be. i feel like they did nothing wrong, when i say i was sexually assaulted i just feel like i’m lying. yes it was illegal, yes i didn’t consent to some things, but i still feel like i’m over reacting. i can’t go an hour without thinking about them, every night all i can think about is them, i miss them, i want them to hold me, but i’m also so scared of them. i’m so broken. any kind words would be appreciated","wsmmiv rape i was sexually assaulted but i can’t accept it Willing-Baker4602 /r/rape/comments/wsmmiv/i_was_sexually_assaulted_but_i_cant_accept_it/ obvious tw SA, pedophilia(?)

my friend (18 almost 19 nonbinary) came onto me(15 trans male) one day when we were hanging out. i reciprocated because i really liked them. we were making out on and off all night, and one time while we were making out, they put their hand up my shirt and under my bra. i didn’t like it, it made me really uncomfortable and dysphoric, but i didn’t know what to say. i felt too awkward and so i just let it happen until they stopped a few minutes later. after we hung out, i texted them and told them to please ask before they did things other than kissing (they really liked to bite me also) because it made me uncomfortable. they asked before touching my chest again but not before biting me or doing other subtle things and i felt really uncomfortable. every time after we hung out i would have panic attacks, because of how uncomfortable i felt, but i always went back to them. fast forward a couple weeks, i’m at their house and their hand starts creeping up my thigh. they don’t ask before they go farther but i help them undo my belt because i wanted it to happen. mind you im under the age of consent in my state. i wanted it to happen, but it was wrong. another little while later i ask them if they want nudes, they say yes and they screenshot them. this made me severely upset and i told them to delete them. after talking to my best friend about it i finally decided to block them, as i was constantly having panic attacks, and being paranoid because of how uncomfortable their actions, and our age gap made me. i was talking to my other friend, and the told me that the person who i blocked had sexually assaulted someone they know. they basically did a similar thing to me where they wouldn’t ask for consent or respect boundaries. i feel so upset. i wanted to hide my body, i couldn’t even look at myself i just wanted to hide. after a few days i was able to wear regular clothes again, but i am still so traumatized. i feel like i shouldn’t be though, i feel dramatic and like a bitch, whore, etc. every time i see anything that reminds me of them i get anxiety, a word they would say, passing by the street they live on, seeing where they sat in their classroom, the brand of cigarettes they smoked, etc. i am so broken. i shouldn’t be. i feel like they did nothing wrong, when i say i was sexually assaulted i just feel like i’m lying. yes it was illegal, yes i didn’t consent to some things, but i still feel like i’m over reacting. i can’t go an hour without thinking about them, every night all i can think about is them, i miss them, i want them to hold me, but i’m also so scared of them. i’m so broken. any kind words would be appreciated",Lil_KSA@0,1,/r/rape/comments/wsmmiv/i_was_sexually_assaulted_but_i_cant_accept_it/,Willing-Baker4602,"thank you so much, you don’t know how much this means to me","First of all I want to affirm you in saying that these things that happened where sexual assault. Second, you didn't ask for this, it was their responsibility to keep their hands off of you seeing as they where older and in a power position. Third, don't judge yourself for how your emotions handle this trauma, you will have a lot of conflicting emotions.

I really want to ask you to please be kind to yourself. You didn't do anything to deserve this. You arent a ""whore"". It was a shitty situation and you are a teen who was manipulated. You deserved better. Please be kind to yourself. You deserve kindness and sexual encounters that are fun and life-giving. 

Love yourself friend. It's gonna be okay. I promise.",1
l8bk33,rape,Was I sexually assaulted?,"Now, I know this is nowhere near as serious as what other people go through but I still want to know.
It was in primary school in an after school club. I would of been around 7, her about 9+. At that time I did not know much about sex or other mature topics. She did. We were friends. One day she told me she wanted to have 'sex'. She took me to the bathroom and told me to pull my pants down. I was confused and didn't know what was happening, so did just that. She then french kissed me for about 5 minutes until we were asked to leave the bathroom. The school found out. A week later, I found out she told many people after being asked about it in the playground. I'm guessing many people in my town were told, after the landlady of my house asked me if I really had sex. It was then my mother found out.  Everyone was told I had sex with this girl, even though we did not. I moved town about a few months later. My mother hasn't spoke about it since but I still sometimes wonder. Was I sexually assaulted?","l8bk33 rape Was I sexually assaulted? dhtzts2 /r/rape/comments/l8bk33/was_i_sexually_assaulted/ Now, I know this is nowhere near as serious as what other people go through but I still want to know.
It was in primary school in an after school club. I would of been around 7, her about 9+. At that time I did not know much about sex or other mature topics. She did. We were friends. One day she told me she wanted to have 'sex'. She took me to the bathroom and told me to pull my pants down. I was confused and didn't know what was happening, so did just that. She then french kissed me for about 5 minutes until we were asked to leave the bathroom. The school found out. A week later, I found out she told many people after being asked about it in the playground. I'm guessing many people in my town were told, after the landlady of my house asked me if I really had sex. It was then my mother found out.  Everyone was told I had sex with this girl, even though we did not. I moved town about a few months later. My mother hasn't spoke about it since but I still sometimes wonder. Was I sexually assaulted?",[deleted]@0,1,/r/rape/comments/l8bk33/was_i_sexually_assaulted/,dhtzts2,"Sadly she didn't, just asked me if it was true and never spoke of it.",Yes you were sexually assaulted.  Children at that age are usually parroting something they’ve seen or had done to them.  I’m sorry this happened to you.  I hope your mother helped you back when she found out.,2
x32je0,sexualassault,Was i sexually assaulted?,"So heres the story. When i was 17 i got my first tattoo. I asked the tattoo artist for his number (M26) and we chatted and one thing led to another and we had sex. On two separate occasions. I was 100% sober, it was me who even contacted him in the first place like i was interested in him before he was interested in me and the whole sexual act felt... consensual. So was it assault only because i was a minor and he was an adult?

Oh and, he waited to ask what my age was until we were done having sex. First time he met me i was wearing my cheerleader uniform so wtf else should he have thought i was? (We dont do college cheerleading in my country btw)","x32je0 sexualassault Was i sexually assaulted? nina1404 /r/sexualassault/comments/x32je0/was_i_sexually_assaulted/ So heres the story. When i was 17 i got my first tattoo. I asked the tattoo artist for his number (M26) and we chatted and one thing led to another and we had sex. On two separate occasions. I was 100% sober, it was me who even contacted him in the first place like i was interested in him before he was interested in me and the whole sexual act felt... consensual. So was it assault only because i was a minor and he was an adult?

Oh and, he waited to ask what my age was until we were done having sex. First time he met me i was wearing my cheerleader uniform so wtf else should he have thought i was? (We dont do college cheerleading in my country btw)",[deleted]@0,1,/r/sexualassault/comments/x32je0/was_i_sexually_assaulted/,nina1404,"I dont wann be victimized, in the contrary, like i had no trauma or whatever and i went on with my life after that until i heard the statement that if an adult has sex with a minor, no matter the circumstances, is still rape. But for me it wasnt. So i wanted to know if its rape just because the age difference thing cause like for me is not rape but in the eyes of the law it kinda is","Are you looking for a reason to feel victimized? If you initiated it and felt it was consensual I'm not understanding why you're even asking this question. I was also under the assumption you need to be 18 to get a tattoo, so if that's how you met it would be reasonable to assume you were of age. Though I'm not sure why you weren't ID'd before getting inked.",1
kq1dir,sexualassault,Does this count as sexual assault?,"I (f24), have been struggling with this ever since it happened and I went through the title IX process at my college. I’m much better now, but I still get anxiety around men. 

I’ll keep the details limited, but the long story of it all is that a classmate of mine kept me in his car, wouldn’t take me home, put his hands all over me, tried to get me to lay down with him over and over again. Then, when, (after an hour), he finally decided I got to go home, he pinned me against his car, fondled and groped me all over the place, and made out with my neck. All while I was trying to push him off. I never directly used the word no, (I have anxiety), but I made it clear that I didn’t want it, that I was tired and he needed to take me home, and then, when he had me pinned against the car, I tried to push him off the entire time. My school, (a private college), thought it serious enough to go through the title-IX process, but my brain tells me it wasn’t actually sexual assault.

For reference, I was raised very Christian, and still hold on to my faith now, (I’m not saying that my upbringing was bad, btw!) But up until that point, other then being catcalled I hadn’t had any “suggestive” interaction with anyone. Could this be why I found it so traumatic? Apologies if this is ridiculous but I can’t really talk to people about it, so I thought I’d post it on here.","kq1dir sexualassault Does this count as sexual assault? nocturnalasshole /r/sexualassault/comments/kq1dir/does_this_count_as_sexual_assault/ I (f24), have been struggling with this ever since it happened and I went through the title IX process at my college. I’m much better now, but I still get anxiety around men. 

I’ll keep the details limited, but the long story of it all is that a classmate of mine kept me in his car, wouldn’t take me home, put his hands all over me, tried to get me to lay down with him over and over again. Then, when, (after an hour), he finally decided I got to go home, he pinned me against his car, fondled and groped me all over the place, and made out with my neck. All while I was trying to push him off. I never directly used the word no, (I have anxiety), but I made it clear that I didn’t want it, that I was tired and he needed to take me home, and then, when he had me pinned against the car, I tried to push him off the entire time. My school, (a private college), thought it serious enough to go through the title-IX process, but my brain tells me it wasn’t actually sexual assault.

For reference, I was raised very Christian, and still hold on to my faith now, (I’m not saying that my upbringing was bad, btw!) But up until that point, other then being catcalled I hadn’t had any “suggestive” interaction with anyone. Could this be why I found it so traumatic? Apologies if this is ridiculous but I can’t really talk to people about it, so I thought I’d post it on here.",genericusername6285@0,1,/r/sexualassault/comments/kq1dir/does_this_count_as_sexual_assault/,nocturnalasshole,Thank you! I’m getting better every day!,"I often like to share this video which help clarify the concept of consent.

I know you're probably moreso looking for validation of the event because you're still feeling a bit of denial, but it's still a good video and maybe it'll help, or you can at least share it with others who seem confused about the concept.
https://youtu.be/oQbei5JGiT8

What you went through is most definitely rape. I'm sorry you had to go through that.

Stay strong.",1
10rgl87,rape,I miss my abuser. Is there something wrong with me?,"I feel like a freak for missing my abuser. He repeatedly raped me for years. Yet, despite all those horrible, awful things he did to me, I still miss and even love him. I don't want to love him, and I don't even know why I love him. I just do. I feel like a bad person for even thinking this, much less typing it and posting it. It makes no sense why I would miss or love him, especially since it's no longer happening anymore. Is this a normal experience or is there something wrong with me?

Is this a normal experience or is there something wrong with me? Does it mean I wanted it to happen? Does it mean I liked what happened? Does it mean it wasn't that bad? I'm so confused about why I'm feeling like this. I hate feeling like this.

Edit: I don't know if this makes a difference, but he wasn't related to me. He was a teacher.","10rgl87 rape I miss my abuser. Is there something wrong with me? Empty_Signal_7520 /r/rape/comments/10rgl87/i_miss_my_abuser_is_there_something_wrong_with_me/ I feel like a freak for missing my abuser. He repeatedly raped me for years. Yet, despite all those horrible, awful things he did to me, I still miss and even love him. I don't want to love him, and I don't even know why I love him. I just do. I feel like a bad person for even thinking this, much less typing it and posting it. It makes no sense why I would miss or love him, especially since it's no longer happening anymore. Is this a normal experience or is there something wrong with me?

Is this a normal experience or is there something wrong with me? Does it mean I wanted it to happen? Does it mean I liked what happened? Does it mean it wasn't that bad? I'm so confused about why I'm feeling like this. I hate feeling like this.

Edit: I don't know if this makes a difference, but he wasn't related to me. He was a teacher.",[deleted]@0,1,/r/rape/comments/10rgl87/i_miss_my_abuser_is_there_something_wrong_with_me/,Empty_Signal_7520,"Thank you. It means a lot that it’s not an abnormal feeling that I’m experiencing. I know I don’t want to  go back to it, but the feeling is still there. That’s the feeling I want to get rid of. I know I can’t get rid of what happened, but if I could get rid of the feelings, I think that would be a big win for me. I wouldn’t feel so out of place.",That can be pretty common from what I have heard about people in situations similar to what you have described. I wouldn't be too concerned about it being abnormal. I am sorry that you ever had to go through that.,1
q87uri,sexualassault,Something weird happened with a friend from school and I don't know how to feel about it,"&amp;#x200B;

Months ago, my dad told me that we had to move towns since he got a better job offer somewhere else, so we moved all the way to the other side of the country and I (18f) started my last year of high school at a new school.

I was terrified for my first day, but then I met this guy (18) and we quickly made friends. We didn't go out or stuff like that, he just introduced me to his group and we kept being friendly while on school grounds. Then we began to chat online and he asked to see me. I said yes cause why not.

He insisted that we go to his place, but I didn't want to. Not because I was afraid of him, but because I am not a sociable person and I enjoy my time alone and I just wished to be home. I said yes cause he was relentless and we took a cab back to his place (he doesn't live with his family, they had a falling out). Once there things were really sweet and we cuddled and kissed, things I was confortable with, but then it just took a turn.

I wanted to go home, he insisted I stay for a bit and began touching me. I didn't say no cause I enjoyed it (just second base) and when he tried to go to third I told him no. He kept begging, I kept saying no, he asked for a reason and I said that the fact that I don't want to is reason enough. For a second I was really afraid he wouldn't care that I said no.

He got mad, sat back on the bed and didn't talk to me anymore. I don't even know why I tried to make peace with him and please him (I only do this with people I'm afraid of losing, yes a toxic trait, and I am not afraid of losing him). I kept trying to talk to him, he kept saying that is his way of showing its legit and I said that I'm not the type of person to go head first (I'm demisexual, which means I feel sexual attraction only after connecting mentally. I don't mind kissing and basic petting, but anything beyond that it's a nono until I feel connected)

He said that if I'll stay a little bit longer he won't get mad, so I did. Then he kept saying how he wished he could touch me, that it'll torment him that he couldn't, he doesn't even want sex, just to please me and I finally said okay. Felt uncomfortable, but he got to third base and I was just not enjoying it at all, feeling like crying. I told him to stop and he did.

Asked if anything was wrong, I told him no, but I just felt like crying. I just wanted to go home and cry my eyes out. This will sound disgusting but I feel like my private parts are on fire and I just don't know how to describe the feeling in my soul.

I don't want to say he SAed me because it doesn't feel like it. He stopped when I said it, but I just can't help but feel so sad and hollow. I don't know how to go on, how to act around him and what to do next. Of course I won't tell anyone since it wasn't like he raped me, he did stop, but I just want some advice on what to do and if I should keep in contact with him and forget this, I don't even know if he thinks we're in a relationship honestly. What should I do if he does think that? How do I let him down without ruining our friendship? Is this even sexual assault?

PS: I wanted to put the flair advice too, but it wouldn't let me choose to flairs, I hope it isn't bad I asked for advice.

Thank you all for reading this full on essay.","q87uri sexualassault Something weird happened with a friend from school and I don't know how to feel about it Additional-Nobody644 /r/sexualassault/comments/q87uri/something_weird_happened_with_a_friend_from/ &amp;#x200B;

Months ago, my dad told me that we had to move towns since he got a better job offer somewhere else, so we moved all the way to the other side of the country and I (18f) started my last year of high school at a new school.

I was terrified for my first day, but then I met this guy (18) and we quickly made friends. We didn't go out or stuff like that, he just introduced me to his group and we kept being friendly while on school grounds. Then we began to chat online and he asked to see me. I said yes cause why not.

He insisted that we go to his place, but I didn't want to. Not because I was afraid of him, but because I am not a sociable person and I enjoy my time alone and I just wished to be home. I said yes cause he was relentless and we took a cab back to his place (he doesn't live with his family, they had a falling out). Once there things were really sweet and we cuddled and kissed, things I was confortable with, but then it just took a turn.

I wanted to go home, he insisted I stay for a bit and began touching me. I didn't say no cause I enjoyed it (just second base) and when he tried to go to third I told him no. He kept begging, I kept saying no, he asked for a reason and I said that the fact that I don't want to is reason enough. For a second I was really afraid he wouldn't care that I said no.

He got mad, sat back on the bed and didn't talk to me anymore. I don't even know why I tried to make peace with him and please him (I only do this with people I'm afraid of losing, yes a toxic trait, and I am not afraid of losing him). I kept trying to talk to him, he kept saying that is his way of showing its legit and I said that I'm not the type of person to go head first (I'm demisexual, which means I feel sexual attraction only after connecting mentally. I don't mind kissing and basic petting, but anything beyond that it's a nono until I feel connected)

He said that if I'll stay a little bit longer he won't get mad, so I did. Then he kept saying how he wished he could touch me, that it'll torment him that he couldn't, he doesn't even want sex, just to please me and I finally said okay. Felt uncomfortable, but he got to third base and I was just not enjoying it at all, feeling like crying. I told him to stop and he did.

Asked if anything was wrong, I told him no, but I just felt like crying. I just wanted to go home and cry my eyes out. This will sound disgusting but I feel like my private parts are on fire and I just don't know how to describe the feeling in my soul.

I don't want to say he SAed me because it doesn't feel like it. He stopped when I said it, but I just can't help but feel so sad and hollow. I don't know how to go on, how to act around him and what to do next. Of course I won't tell anyone since it wasn't like he raped me, he did stop, but I just want some advice on what to do and if I should keep in contact with him and forget this, I don't even know if he thinks we're in a relationship honestly. What should I do if he does think that? How do I let him down without ruining our friendship? Is this even sexual assault?

PS: I wanted to put the flair advice too, but it wouldn't let me choose to flairs, I hope it isn't bad I asked for advice.

Thank you all for reading this full on essay.",[deleted]@0,1,/r/sexualassault/comments/q87uri/something_weird_happened_with_a_friend_from/,Additional-Nobody644,"There was penetration involved, I never thought to see it that way. A part of me is afraid of accusing someone of SA/rape when it wasn't the case, and although it may seem obvious to some people, I thought that since he stopped when I asked him to, and he's was great company before, I was just regretting it and it wasn't a big deal.

Thank you for this. I do not think I will press charges, because not even violent rapes are taken seriously in my country, so the chances of winning are slim to none, but I already go to therapy and will try to open up about it with my therapist.

I guess admiting it to myself is scary, because then I have to deal with it. Again, thank you so much for taking the time to write this. I hope you have a wonderful day/night.

Edit: changed condemning to accusing, I think it's more accurate to what I tried to say"," This was 100% sexual assault.

If there was penetration of any kind(penis, fingers, toys etc.) It also classifies as rape.

What you experienced was sexual assault by coercion.

Sexual coercion is unwanted sexual activity that happens after being _pressured_ in nonphysical ways that include:

1. _Being worn down by someone who repeatedly asks for sex._

2. Being lied to or being promised things that weren’t true to trick you into having sex.

3. Having someone threaten to end a relationship, spread rumors about you or _display that you will be treated badly_ if you don’t have sex with them.   

4. Having an authority figure use their influence or authority to pressure you into having sex.

In a healthy relationship, you never have to have sexual contact when you don’t want to.

Sexual contact without your consent is assault.  

If someone fails to get consent the first time and has to continue pressuring the person to finally get consent?  That is not enthusiastic consent, it's not real consent and that person does not care whether the other party wanted the sexual contact.

When a person pressures you for consent they are not actually asking for consent, they are making sure you are going to take the responsibility for what _they're_ about to do to you.

You didn't want what happened, you made it clear and in a way you even asked him to drop it by explaining your sexuality and he continued to whine, complain, guilt trip and pressure you into doing what he wanted.

When a person actually cares about your pleasure they will absolutely care about your consent.  

I suggest not interacting with this person again in any way if possible and pressing charges if you're comfortable with that.

I'm not going to lie to you: reporting sexual assaults especially like these are very hard on the victim and can even backfire and you may end up getting sued if the attacker is rich or powerful enough/has rich or powerful friends.

The main reason most victims decide to report is because assailants _almost always try again_, if not with you than with someone else.

_  
Some examples of sexual coercion:  
 
**Wearing you down by asking for sex again and again or making you feel bad, _guilty, or obligated._**   
•“If you really loved me, you’d do it.”
•“Come on; it’s my birthday.”
•_“You don’t know what you do to me.”_

**Making you feel like it’s too late to say no.**   
•_“But you’ve already gotten me all worked up.”_
•“You can’t just make someone stop in the middle.”

**Telling you that not having sex will hurt your relationship.**   
•“Everything’s perfect. Why do you have to ruin it?”

There are more.",2
1amlii0,sexualassault,Am I a victim of r/sa or neither?,I had a bf who I was v sexually active with but one day things were just different. Me and him where in the living room after watching a movie and his parents weren’t home so I thought it would be the perfect opportunity to give him oral- this led to more making out after and he began pleasuring me with his fingers down there. He asked if we could have s3&gt;&lt; but I said no as I wasn’t comfortable doing so in the moment especially because I thought his parents would be home soon. he said that was fine yet continued to ask and I continued to say no but we continued with everything else. He then told me to bend over which I did but I did so in thinking he was trying to get a better angle in pleasuring me with his hands and trusted him until I realised he was trying to push it in. When I realised what he was doing I let him but really didn’t want too especially after telling him no so many times. I told a friend I got r-ed by him but maybe because I bent over like he asked he assumed that was me giving him permission or something although either way wouldn’t that have been coercion. Let me know please cause it a big accusation to throw around.,1amlii0 sexualassault Am I a victim of r/sa or neither? Bucktoothasaincows /r/sexualassault/comments/1amlii0/am_i_a_victim_of_rsa_or_neither/ I had a bf who I was v sexually active with but one day things were just different. Me and him where in the living room after watching a movie and his parents weren’t home so I thought it would be the perfect opportunity to give him oral- this led to more making out after and he began pleasuring me with his fingers down there. He asked if we could have s3&gt;&lt; but I said no as I wasn’t comfortable doing so in the moment especially because I thought his parents would be home soon. he said that was fine yet continued to ask and I continued to say no but we continued with everything else. He then told me to bend over which I did but I did so in thinking he was trying to get a better angle in pleasuring me with his hands and trusted him until I realised he was trying to push it in. When I realised what he was doing I let him but really didn’t want too especially after telling him no so many times. I told a friend I got r-ed by him but maybe because I bent over like he asked he assumed that was me giving him permission or something although either way wouldn’t that have been coercion. Let me know please cause it a big accusation to throw around.,Red_X_101@2,3,/r/sexualassault/comments/1amlii0/am_i_a_victim_of_rsa_or_neither/,Bucktoothasaincows,England,Which country u in btw?,1
wm29au,sexualassault,"He was drunk and so was I. We had sex, while I was asleep.","I’m not sure if this is SA because we were both drunk. Granted, he was less drunk than I was. He penetrated me in my sleep. Is this SA?","wm29au sexualassault He was drunk and so was I. We had sex, while I was asleep. GreenMintChipCookie /r/sexualassault/comments/wm29au/he_was_drunk_and_so_was_i_we_had_sex_while_i_was/ I’m not sure if this is SA because we were both drunk. Granted, he was less drunk than I was. He penetrated me in my sleep. Is this SA?",Ambie_Valance@0,1,/r/sexualassault/comments/wm29au/he_was_drunk_and_so_was_i_we_had_sex_while_i_was/,GreenMintChipCookie,"No, unfortunately I was drunk and grossed out. I wasn’t thinking straight. I washed myself. This was the last Sunday of July.","yes, 100%. has this just happened? if it has, you can go to a doctor asap and tell them about it, that can help you a lot in the future (even if you don't feel the urgency atm). you can also call a hotline or make an appointment w a sexual assault center (or whatever similar service there is in your country). it's very important to reach to professionals at the beginning of you acceptance process. take loads of care &lt;3",2
10sk9sp,sexualassault,is this sexual assault?,"When I was maybe 6 or 7 my brother (who's a couple years older than me) would play make believe games where he had is dick out. I don't honestly remember how many of the games went, just that they went on for awhile, usually he was doing something with his dick, and then they suddenly stopped. Then I have a memory of him daring me to touch his dick but idk if that actually happened. And he masturbated in front of me when we were kids. Idk I'm freaking out rn, I feel really uncomfortable with what happened.","10sk9sp sexualassault is this sexual assault? newusername118 /r/sexualassault/comments/10sk9sp/is_this_sexual_assault/ When I was maybe 6 or 7 my brother (who's a couple years older than me) would play make believe games where he had is dick out. I don't honestly remember how many of the games went, just that they went on for awhile, usually he was doing something with his dick, and then they suddenly stopped. Then I have a memory of him daring me to touch his dick but idk if that actually happened. And he masturbated in front of me when we were kids. Idk I'm freaking out rn, I feel really uncomfortable with what happened.",[deleted]@4,5,/r/sexualassault/comments/10sk9sp/is_this_sexual_assault/,newusername118,"I told my counselor about it
I think she thought she'd freak me out if she said I was sexually assaulted but talking did help a bit
I just feel so gross and overwhelmed",It's normal to feel thos way when you have come to the terms of being sexually assaulted. That happened with me as well.,1
yrls6w,sexualassault,"I said ""slow down"" and he did the opposite","I (26f) hooked up with a mutual friend (25m) a few weeks ago. we had great chemistry and i was having a wonderful time. but then during PIV it was getting a little too intense and a little painful so i told him to slow down. he then covered my mouth, pushed me down, and started going even faster. it was really painful and i felt so violated. then he wanted to switch positions and it went back to being good. 

I've seen him a few times since and our dates have been lovely. I've been pretending this incident didn't happen, but sometimes it comes up in the back of my mind. but then last night we got into an argument over something unrelated (i felt he was being insensitive when i mentioned i had a history of alcoholism) and i tried to break up with him but he convinced me to stay. it was after this fight that my memory of our first hookup resurfaced and i felt so sick to my stomach.

I had been rationalizing it like ""oh well i consented to having sex with him so I'm overreacting"" ... BUT i also know that consent is ongoing, and by telling him to slow down I was communicating i didn't enjoy what was happening. it's not like he didn't hear me because he clearly responded, but did the exact opposite while also being forceful and shutting me up. 

was this sexual assault? I feel really violated so i want to say yes, but at the same time it doesn't exactly line up with the examples i read about online.","yrls6w sexualassault I said ""slow down"" and he did the opposite NeatSmells /r/sexualassault/comments/yrls6w/i_said_slow_down_and_he_did_the_opposite/ I (26f) hooked up with a mutual friend (25m) a few weeks ago. we had great chemistry and i was having a wonderful time. but then during PIV it was getting a little too intense and a little painful so i told him to slow down. he then covered my mouth, pushed me down, and started going even faster. it was really painful and i felt so violated. then he wanted to switch positions and it went back to being good. 

I've seen him a few times since and our dates have been lovely. I've been pretending this incident didn't happen, but sometimes it comes up in the back of my mind. but then last night we got into an argument over something unrelated (i felt he was being insensitive when i mentioned i had a history of alcoholism) and i tried to break up with him but he convinced me to stay. it was after this fight that my memory of our first hookup resurfaced and i felt so sick to my stomach.

I had been rationalizing it like ""oh well i consented to having sex with him so I'm overreacting"" ... BUT i also know that consent is ongoing, and by telling him to slow down I was communicating i didn't enjoy what was happening. it's not like he didn't hear me because he clearly responded, but did the exact opposite while also being forceful and shutting me up. 

was this sexual assault? I feel really violated so i want to say yes, but at the same time it doesn't exactly line up with the examples i read about online.",sailor_venuss@0,1,/r/sexualassault/comments/yrls6w/i_said_slow_down_and_he_did_the_opposite/,NeatSmells,"thanks for your advice! i ended things with him last night over text by saying ""this isn't working out."" he got really angry and tried to change my mind again but i kept it really brief and vague because i don't think it's safe to go into any detail... he would probably just deny it anyway. unfortunately he still has some of my camping gear at his apartment so we're going to meet up at a coffee shop to exchange and i hope it goes well",Please end things with him maybe over text so he can't persuade you to stay? He sounds insanely toxic and like a very bad person because of this incident. I think you meant consent isn't ongoing so you have to check in quite often.,1
1ecinjj,rape,just need someone to listen.,"i 26(f)went to see a guy 40(m)who had me under the impression he wanted to pursue a relationship with me. we had been talking since late April and i had hung out with him once before back at the end of May when he drove to see me. he was super sweet and even sent me a very thoughtful gift in the mail for my birthday in May when we had only been talking a week or so which i now realize may have been love bombing? we live in different states and he has to travel a lot for work. so the weekend of July 13th rolls around and i drive 2 hours to finally get to see him again. 

i drove to see him saturday July 13th and did not have sex that night. i didn’t wanna have sex cause i liked him for more than that and i just wanted to cuddle and get to know him more. this was my first time at his house and i wasn’t fully comfortable. also i didn’t fully trust him and was afraid he would do what he ended up doing which was use me for sex and not really want a relationship and i didn’t know when i would see him again so it didn’t feel right to me. and he knew i wanted a relationship. i haven’t talked to him since the 18th cause i text him that night basically saying how he made me feel and that he just used me and he said he wouldn’t message me again and wished me the best. unfriended me on everything, but didn’t block me.. i know i shouldn’t but i miss him and wish he would talk to me again. 

anyway saturday night we just drank wine, cuddled and watched movies on the couch. we did kiss and he felt on me some(which was fine)but i didn’t want it to go any father than that so i would push him off me and turn my face away. but he would grab my face and force my head up to keep kissing him. however he did end up taking the hint and stopped trying. 

but then sunday morning we were cuddling on the couch still and i asked him if he wanted me to leave and if i was bothering him he said “no” and i just started making conversation, talking about aliens and weird stuff like bigfoot. it was mostly me talking. i told him i liked his veins on his arms and hands which i guess prompted him to take his shirt off. he got on top of me, pushed my legs apart and at first he just laid there on my chest for a bit and i thought he was just gonna cuddle and be cute. then he started kissing me(which was fine)but then he pinned my arms above my head and i was fighting it cause it was triggering me and i really didn’t wanna do it. he had said to me he “needed to have his way with me”. i had a dress on, he used one hand to move my panties over and get his penis out. i slipped out of his grasp for a second while he did this to try to push him away but he just grabbed my arm and pinned it down again. he said to me “tell me that u want it. i wanna hear u say u want it.” i wouldn’t say it at first so he asked me to again and so i did say it cause i was scared, triggered and nervous but i didn’t want to and idk why i said it but i didn’t know what else to do. i was afraid if i didn’t do what he said he would hurt me even more i guess. i never said yes but i didn’t say no or to stop either so idk…i just shut down and locked up/froze. i feel awful and stupid.
after he was done he went to flip me on my stomach, i started fighting against him quite a bit again. i asked him what he was going to do and he said “whatever i want”. he sat on the back of my legs pulled my dress up and started slapping my butt very hard. i tried covering my butt with my hands but he just grabbed my arms and pinned them behind my back. he slapped me until i was very red and it hurt. 

the night before he asked me why my hands were so sweaty around him and i told him men make me nervous cause of stuff i’ve been through/past trauma so he knew when he did all that to me that i have trauma. idk if i can say what he did to me was wrong….idk if i can say he raped me. but i know i feel gross and it upsets me. i can’t stop thinking about it and how he took advantage of me from the beginning.

also i think he gave me BV(bacterial vaginosis)which i started medication for today. and i bled a few days after the ordeal, i guess it could have been my period although i wasn’t expecting it yet and it would’ve been early. that stopped but now a few days later i’m spotting light pink and have been for days and i’m not sure why. i do have a copper iud is it possible it shifted during everything? ","1ecinjj rape just need someone to listen. sweet_like_candyy /r/rape/comments/1ecinjj/just_need_someone_to_listen/ i 26(f)went to see a guy 40(m)who had me under the impression he wanted to pursue a relationship with me. we had been talking since late April and i had hung out with him once before back at the end of May when he drove to see me. he was super sweet and even sent me a very thoughtful gift in the mail for my birthday in May when we had only been talking a week or so which i now realize may have been love bombing? we live in different states and he has to travel a lot for work. so the weekend of July 13th rolls around and i drive 2 hours to finally get to see him again. 

i drove to see him saturday July 13th and did not have sex that night. i didn’t wanna have sex cause i liked him for more than that and i just wanted to cuddle and get to know him more. this was my first time at his house and i wasn’t fully comfortable. also i didn’t fully trust him and was afraid he would do what he ended up doing which was use me for sex and not really want a relationship and i didn’t know when i would see him again so it didn’t feel right to me. and he knew i wanted a relationship. i haven’t talked to him since the 18th cause i text him that night basically saying how he made me feel and that he just used me and he said he wouldn’t message me again and wished me the best. unfriended me on everything, but didn’t block me.. i know i shouldn’t but i miss him and wish he would talk to me again. 

anyway saturday night we just drank wine, cuddled and watched movies on the couch. we did kiss and he felt on me some(which was fine)but i didn’t want it to go any father than that so i would push him off me and turn my face away. but he would grab my face and force my head up to keep kissing him. however he did end up taking the hint and stopped trying. 

but then sunday morning we were cuddling on the couch still and i asked him if he wanted me to leave and if i was bothering him he said “no” and i just started making conversation, talking about aliens and weird stuff like bigfoot. it was mostly me talking. i told him i liked his veins on his arms and hands which i guess prompted him to take his shirt off. he got on top of me, pushed my legs apart and at first he just laid there on my chest for a bit and i thought he was just gonna cuddle and be cute. then he started kissing me(which was fine)but then he pinned my arms above my head and i was fighting it cause it was triggering me and i really didn’t wanna do it. he had said to me he “needed to have his way with me”. i had a dress on, he used one hand to move my panties over and get his penis out. i slipped out of his grasp for a second while he did this to try to push him away but he just grabbed my arm and pinned it down again. he said to me “tell me that u want it. i wanna hear u say u want it.” i wouldn’t say it at first so he asked me to again and so i did say it cause i was scared, triggered and nervous but i didn’t want to and idk why i said it but i didn’t know what else to do. i was afraid if i didn’t do what he said he would hurt me even more i guess. i never said yes but i didn’t say no or to stop either so idk…i just shut down and locked up/froze. i feel awful and stupid.
after he was done he went to flip me on my stomach, i started fighting against him quite a bit again. i asked him what he was going to do and he said “whatever i want”. he sat on the back of my legs pulled my dress up and started slapping my butt very hard. i tried covering my butt with my hands but he just grabbed my arms and pinned them behind my back. he slapped me until i was very red and it hurt. 

the night before he asked me why my hands were so sweaty around him and i told him men make me nervous cause of stuff i’ve been through/past trauma so he knew when he did all that to me that i have trauma. idk if i can say what he did to me was wrong….idk if i can say he raped me. but i know i feel gross and it upsets me. i can’t stop thinking about it and how he took advantage of me from the beginning.

also i think he gave me BV(bacterial vaginosis)which i started medication for today. and i bled a few days after the ordeal, i guess it could have been my period although i wasn’t expecting it yet and it would’ve been early. that stopped but now a few days later i’m spotting light pink and have been for days and i’m not sure why. i do have a copper iud is it possible it shifted during everything? ",soldierstronger@2,3,/r/rape/comments/1ecinjj/just_need_someone_to_listen/,sweet_like_candyy,"i’m sorry, i’ve had nothing but bad luck and experiences as well. sometimes i wonder if maybe something about me attracts bad men.","Unfortunatley they are very different. I have female friends that are able to trust a guy after 1 or 2 months togheter, discuss marrige with them and everything. I need so much time and information before even considering getting naked with them and they still find a way to be disrespectfull and evil with me. I don't even know how to approach a relationship with them and I really don't even want to try at this point. I am 24 years old and I have had one boyfriend and 1 talking stage, both of them terrible and many breef interactions, all bad.",2
lmsnrm,sexualassault,Am i being dramatic?,"TW POTENTIAL SA INVOLVING MINOR I’m 17 and my boyfriend at the time was 18. He knew I had never had sex before, but I was excited and wanted to do it with him. Hed always been good about asking if I was comfortable, but now i wonder if it was just a facade and only to gain my trust. I gave consent. He started to hurt me terribly. In my exact words, I said, “hang on, you’re really hurting me.” He didn’t say anything, he just continued. I froze out of fear, but tried to stay engaged so he wouldn’t do anything out of anger. He has troubles with anger, though he’d never directed them at me before. He finished inside me without asking and without a condom. I’m on birth control, thank god. I was in pain and bleeding for a week afterwards. He said he assumed it was fine (it wasn’t). Though we aren’t together anymore, I’m left with PTSD, my anxiety is exacerbated from before, I never feel safe around men, and I have trouble with any intimacy even though this happened months ago. Was this really an instance of assault, or am I just upset the way this encounter panned out? I’m struggling to figure out what my next steps are and if it’s worth even going through. My therapist said she had to report it to the state social work department because it was an instance of abuse to a minor, and the social workers did reach out. I still have trouble even believing if it was assault or abuse, but it did take a severe psychological toll. I was disgusted with myself for a long time. A friend of mine studying law said I could likely sue for emotional distress, but not assault because of the time since the incident. His family has lots of money and have easily gotten him out of charges before. I guess I’m just discouraged and wondering if these feelings are valid.","lmsnrm sexualassault Am i being dramatic? ManicPixieWench /r/sexualassault/comments/lmsnrm/am_i_being_dramatic/ TW POTENTIAL SA INVOLVING MINOR I’m 17 and my boyfriend at the time was 18. He knew I had never had sex before, but I was excited and wanted to do it with him. Hed always been good about asking if I was comfortable, but now i wonder if it was just a facade and only to gain my trust. I gave consent. He started to hurt me terribly. In my exact words, I said, “hang on, you’re really hurting me.” He didn’t say anything, he just continued. I froze out of fear, but tried to stay engaged so he wouldn’t do anything out of anger. He has troubles with anger, though he’d never directed them at me before. He finished inside me without asking and without a condom. I’m on birth control, thank god. I was in pain and bleeding for a week afterwards. He said he assumed it was fine (it wasn’t). Though we aren’t together anymore, I’m left with PTSD, my anxiety is exacerbated from before, I never feel safe around men, and I have trouble with any intimacy even though this happened months ago. Was this really an instance of assault, or am I just upset the way this encounter panned out? I’m struggling to figure out what my next steps are and if it’s worth even going through. My therapist said she had to report it to the state social work department because it was an instance of abuse to a minor, and the social workers did reach out. I still have trouble even believing if it was assault or abuse, but it did take a severe psychological toll. I was disgusted with myself for a long time. A friend of mine studying law said I could likely sue for emotional distress, but not assault because of the time since the incident. His family has lots of money and have easily gotten him out of charges before. I guess I’m just discouraged and wondering if these feelings are valid.",cookskearney@0,1,/r/sexualassault/comments/lmsnrm/am_i_being_dramatic/,ManicPixieWench,"Thank you so very much. I do have a counselor and she has been so vital to my healing process. I feel the exact same about our visions about what SA and rape look like, and it’s partly because I never expected it to happen to me in that way. I wish you well on your healing and thank you for sharing your story.","I had a near identical experience when I was seventeen, and I’ve struggled for a few years since then. i’m trying to understand it and make peace with it. I think so often people think of rape/sexual assault as something that happens between strangers- not between two people in a romantic relationship. Your feelings and anxieties here are completely valid. I chose not to press charges because I didn’t really have any evidence and didn’t realize I had been assaulted until many months later. What you went through isn’t any less serious just because it might not end in a guilty verdict. You were scared, and you stayed quiet and still to protect yourself. That is nothing to be ashamed of. Your boyfriend put you in a horrible position and violated your trust. I hope you have gotten distance from him now but I would still recommend reaching out to a counselor if you haven’t already. Talking about it in a safe, private space has helped me so much. Wish you the best xx",2
vt7lih,sexualassault,I‘m unsure but i feel something was wrong,"Hello

this happened last year. i was having a situationship thing that he didnt want to declare as fwb until it was in his favor in front of others but not privately (all online. he was a moderately big streamer, i used to be one of his mods)
we basically sexted quite a bit until we decided to meet up. it was a few days after i came home from a family vacation so i had my clothes packed already. (he later told our friends i seduced him with my clothes) he didnt live in my country, so i solo traveled the first time. didnt speak the language, knew nobody, broke. Also i was mentally abused by him but didnt recognize it until i was out of that situation

he wanted to do it not even five minutes after he brought me to his home. (also he told me mere days before i traveled that he wants to keep it platonic) i said okay or yes can’t remember exactly. i forced myself as i didn’t feel like i was able to have an actual opinion. what if i was suddenly on the street having no money or not being able to talk to anyone? 
i got weirded out a few times during my stay by things he said. he told me i must do stuff where i was clearly nervous (i was a virgin). I bleed every single time. it hurt so much, i‘ve never felt a pain like this and i hurt myself a lot (clumsy). i got a uti, which i only realized when i got home. i had blood in my urine. i didnt notice because i was bleeding anyway. he threw me out the last day, it was scary. (he was using his brothers apartment while his brother was on vacation and he came back ten minutes after he threw me out) i was hurting, scared, anxious. and my train got canceled on top. he didn’t reply anymore, he ghosted me for like two weeks before acknowledging my existence again. only because i mentioned my uti.

tldr
so yes im confused. i said okay but i know i didnt feel like i could say no. also because of the previous sexting. i did notice that my body was absolutely not okay with it. i didnt know it wasnt supposed to hurt that much (i was tearing up). we both blamed it on it being my „first time“. is this sexual assault or am i just exaggerating like he always said i was?","vt7lih sexualassault I‘m unsure but i feel something was wrong Relative-Composer-51 /r/sexualassault/comments/vt7lih/im_unsure_but_i_feel_something_was_wrong/ Hello

this happened last year. i was having a situationship thing that he didnt want to declare as fwb until it was in his favor in front of others but not privately (all online. he was a moderately big streamer, i used to be one of his mods)
we basically sexted quite a bit until we decided to meet up. it was a few days after i came home from a family vacation so i had my clothes packed already. (he later told our friends i seduced him with my clothes) he didnt live in my country, so i solo traveled the first time. didnt speak the language, knew nobody, broke. Also i was mentally abused by him but didnt recognize it until i was out of that situation

he wanted to do it not even five minutes after he brought me to his home. (also he told me mere days before i traveled that he wants to keep it platonic) i said okay or yes can’t remember exactly. i forced myself as i didn’t feel like i was able to have an actual opinion. what if i was suddenly on the street having no money or not being able to talk to anyone? 
i got weirded out a few times during my stay by things he said. he told me i must do stuff where i was clearly nervous (i was a virgin). I bleed every single time. it hurt so much, i‘ve never felt a pain like this and i hurt myself a lot (clumsy). i got a uti, which i only realized when i got home. i had blood in my urine. i didnt notice because i was bleeding anyway. he threw me out the last day, it was scary. (he was using his brothers apartment while his brother was on vacation and he came back ten minutes after he threw me out) i was hurting, scared, anxious. and my train got canceled on top. he didn’t reply anymore, he ghosted me for like two weeks before acknowledging my existence again. only because i mentioned my uti.

tldr
so yes im confused. i said okay but i know i didnt feel like i could say no. also because of the previous sexting. i did notice that my body was absolutely not okay with it. i didnt know it wasnt supposed to hurt that much (i was tearing up). we both blamed it on it being my „first time“. is this sexual assault or am i just exaggerating like he always said i was?",Lime_coconut90@2,3,/r/sexualassault/comments/vt7lih/im_unsure_but_i_feel_something_was_wrong/,Relative-Composer-51,oh my god i‘m so sorry this happened to you…it sounds horrific and i hope you‘re doing well now given how recent the last one was…,"Dont gaslight yourself. Any horrible experience is a real one and you owe it to yourself to be kind to yourself about what you feel. Rape isn’t always a bloody disaster. I have been a victim of rape 3 times now, first time I was drugged and beaten, second time I fought back and lost, third time it was with someone I knew very well and loved dearly but it turned out they weren’t the person I thought they were and left me covered in blood. Even that last rape was recent and I don’t feel like it compares to my first two as I didn’t fight back, doesnt mean it’s not awful. Everything is perception, you should never feel uncomfortable during sex or forced.",1
1gy3e7u,sexualassault,"i was 12F and he was 17M but i agreed, is that considered SA still?","it was years back, i still think about it though. a whole bunch of crap happened after but i was a kid, i didn't know what i was doing it just happened. he still went to juvie for it but i don't know. was it?","1gy3e7u sexualassault i was 12F and he was 17M but i agreed, is that considered SA still? funkymonkeylalala /r/sexualassault/comments/1gy3e7u/i_was_12f_and_he_was_17m_but_i_agreed_is_that/ it was years back, i still think about it though. a whole bunch of crap happened after but i was a kid, i didn't know what i was doing it just happened. he still went to juvie for it but i don't know. was it?",thruuweweh@4,5,/r/sexualassault/comments/1gy3e7u/i_was_12f_and_he_was_17m_but_i_agreed_is_that/,funkymonkeylalala,"Yeah, thank you though.",Yeah it does but your brain automatically does things to deny reality when shit like that happens :/ hope it didn't give u too much of a trauma or anything,2
