post_id,subreddit,title,body,combined_text,parent_id,depth,permalink,comment_author,comment_body,parent_comment,comment_score
1h6w11d,rape,Did my (F) ex-friend (F) rape/groom me?,"Hey, honestly I don’t know where to begin. This is probably gonna be long and kinda messy and a bit graphic I guess so trigger warning. 

This happened when I was like 9-15, and I just pretended it never happened really, but now I have my first ever boyfriend and we’re talking about stuff like this and I don’t know what to tell him. 

Basically for backstory, I had a friend and she was my first/only friend when I was younger. My parents were really conservative, strict christians so I was never exposed to any of this stuff. I don’t even know if what happened counts as rape/grooming. 

So long story short, I developed my chest quicker than everyone and they were quite large. When I was 9 my ex-friend we’ll call S always wanted to see them. She’d grab them and poke them and made me take my shirt off for pictures. I didn’t like it but I was stupid and thought it wasn’t that bad and if I ignored it it would go away. This went on like on and off for a year or so and when we were like 10 she found her moms vibrator. She made me use it on myself by threatening to send the pictures of my boobs to the boys in my grade and I was already struggling with them groping me so I didn’t want that. I was scared and did what she said and I made myself cum for the first time. She recorded the whole thing and told me if I ever told she’d send this to my parents. This was a massive sin and everything so I was terrified of my parents finding out. I stopped hanging out with her as much and besides sleepovers every now and then where she’d make me watch her touch herself and showed me porn for the first time I thought it wasn’t that bad and I could handle it. 

Then when we were 13 we were at her pool and there was this older guy. He wasn’t ugly but he was creepy and he kept calling us pretty and princesses and stuff like that. I was uncomfortable and wanted to leave. But S told me to have fun and that guys would never flirt with me like this so I should enjoy it. She also reminded me of the video because she did that every time she wanted to get her way. Idk it’s honestly still kinda fuzzy but the guy came over to us and S pulled off my swimsuit top. I was so fucking scared I just froze. And it was so stupid because I guess he thought I was okay with it so he started grabbing my boobs. He licked and bit my nipples and I could feel his boner rub my front. I was just so scared I couldn’t move, after a while he came in his pants and left. I went home almost immediately and didn’t speak to S again and I thankfully moved out of the country. 

But I’m so stupid because when I was 15 I came back to visit. She said hi and apologised for everything, I knew her home life was bad so I believed her. We hung out twice and it was so normal and I think I wanted to pretend everything was all in my head and didn’t happen maybe? So when she invited me for a sleepover I said yes. I regret doing that every day. I got there and it was normal for a few hours, her parents left for a party and then she invited her boyfriend over. I didn’t know she had a boyfriend and despite the fact we were both 15 he was 28. I was uncomfortable but I ignored it for an hour or two until he told me he watched the video she took of me cumming for the first time all the time. I got scared and said I wanted to leave and they said if I stayed I didn’t have to do anything but watch and they wouldn’t send it to my parents. I agreed to stay cause I was scared. They played the video while she sucked him off and then the stroked himself until he came on my leg. I just froze again, I couldn’t do anything so after that we just watched a movie. I was crying the whole time until I felt him grab my thigh, the then touched me over my pants and I begged them to let me leave. This is where I don’t know if this can even be considered rape. He basically told me either he has sex with me or I have sex with S. I said I’d have sex with her because I just didn’t want him touching me. I got naked and he started groping me while I kissed her. It was my first kiss and I hate thinking about it, I was crying the whole time and I just kept asking them to leave. He made me give her oral until she came. And then he said I had to cum too, either he did it or me. I just didn’t want them touching me so I made myself cum while they watched. He told me he was proud and that made me so ill I ran to the bathroom to throw up. He left soon after before her parents came back and I just fell asleep. I left the next day and I haven’t ever seen her since but I hate every bit of it. I never spoke to anyone about it except one therapist who said it wasn’t rape because I technically chose to stay and do what they said. And since then I’ve just been pretending it doesn’t exist. 

I’m sorry I know this is a mess and I just don’t know my head’s all over the place. Basically I was wondering if that was rape or not? And if what S did to me counted as grooming or not since she was a girl and my age? I don’t know what to do or how to move on from this. I also don’t know how to tell my boyfriend because even though they never entered me or anything does that count as me losing my virginity? And I hate that I already had my first kiss. Sorry, I just feel so hopeless about all of this. I feel so stupid for making so many mistakes and putting myself in positions for that sort of stuff to happen. It was so so so dumb. ","1h6w11d rape Did my (F) ex-friend (F) rape/groom me? [deleted] /r/rape/comments/1h6w11d/did_my_f_exfriend_f_rapegroom_me/ Hey, honestly I don’t know where to begin. This is probably gonna be long and kinda messy and a bit graphic I guess so trigger warning. 

This happened when I was like 9-15, and I just pretended it never happened really, but now I have my first ever boyfriend and we’re talking about stuff like this and I don’t know what to tell him. 

Basically for backstory, I had a friend and she was my first/only friend when I was younger. My parents were really conservative, strict christians so I was never exposed to any of this stuff. I don’t even know if what happened counts as rape/grooming. 

So long story short, I developed my chest quicker than everyone and they were quite large. When I was 9 my ex-friend we’ll call S always wanted to see them. She’d grab them and poke them and made me take my shirt off for pictures. I didn’t like it but I was stupid and thought it wasn’t that bad and if I ignored it it would go away. This went on like on and off for a year or so and when we were like 10 she found her moms vibrator. She made me use it on myself by threatening to send the pictures of my boobs to the boys in my grade and I was already struggling with them groping me so I didn’t want that. I was scared and did what she said and I made myself cum for the first time. She recorded the whole thing and told me if I ever told she’d send this to my parents. This was a massive sin and everything so I was terrified of my parents finding out. I stopped hanging out with her as much and besides sleepovers every now and then where she’d make me watch her touch herself and showed me porn for the first time I thought it wasn’t that bad and I could handle it. 

Then when we were 13 we were at her pool and there was this older guy. He wasn’t ugly but he was creepy and he kept calling us pretty and princesses and stuff like that. I was uncomfortable and wanted to leave. But S told me to have fun and that guys would never flirt with me like this so I should enjoy it. She also reminded me of the video because she did that every time she wanted to get her way. Idk it’s honestly still kinda fuzzy but the guy came over to us and S pulled off my swimsuit top. I was so fucking scared I just froze. And it was so stupid because I guess he thought I was okay with it so he started grabbing my boobs. He licked and bit my nipples and I could feel his boner rub my front. I was just so scared I couldn’t move, after a while he came in his pants and left. I went home almost immediately and didn’t speak to S again and I thankfully moved out of the country. 

But I’m so stupid because when I was 15 I came back to visit. She said hi and apologised for everything, I knew her home life was bad so I believed her. We hung out twice and it was so normal and I think I wanted to pretend everything was all in my head and didn’t happen maybe? So when she invited me for a sleepover I said yes. I regret doing that every day. I got there and it was normal for a few hours, her parents left for a party and then she invited her boyfriend over. I didn’t know she had a boyfriend and despite the fact we were both 15 he was 28. I was uncomfortable but I ignored it for an hour or two until he told me he watched the video she took of me cumming for the first time all the time. I got scared and said I wanted to leave and they said if I stayed I didn’t have to do anything but watch and they wouldn’t send it to my parents. I agreed to stay cause I was scared. They played the video while she sucked him off and then the stroked himself until he came on my leg. I just froze again, I couldn’t do anything so after that we just watched a movie. I was crying the whole time until I felt him grab my thigh, the then touched me over my pants and I begged them to let me leave. This is where I don’t know if this can even be considered rape. He basically told me either he has sex with me or I have sex with S. I said I’d have sex with her because I just didn’t want him touching me. I got naked and he started groping me while I kissed her. It was my first kiss and I hate thinking about it, I was crying the whole time and I just kept asking them to leave. He made me give her oral until she came. And then he said I had to cum too, either he did it or me. I just didn’t want them touching me so I made myself cum while they watched. He told me he was proud and that made me so ill I ran to the bathroom to throw up. He left soon after before her parents came back and I just fell asleep. I left the next day and I haven’t ever seen her since but I hate every bit of it. I never spoke to anyone about it except one therapist who said it wasn’t rape because I technically chose to stay and do what they said. And since then I’ve just been pretending it doesn’t exist. 

I’m sorry I know this is a mess and I just don’t know my head’s all over the place. Basically I was wondering if that was rape or not? And if what S did to me counted as grooming or not since she was a girl and my age? I don’t know what to do or how to move on from this. I also don’t know how to tell my boyfriend because even though they never entered me or anything does that count as me losing my virginity? And I hate that I already had my first kiss. Sorry, I just feel so hopeless about all of this. I feel so stupid for making so many mistakes and putting myself in positions for that sort of stuff to happen. It was so so so dumb. ",thrfscowaway8610@0,1,/r/rape/comments/1h6w11d/did_my_f_exfriend_f_rapegroom_me/,[deleted],"Thank you for that, I think I struggled a long time with making excuses for her since I knew what her family life was like? And that she was as young as me each time? But for a long time she was my only introduction to any of that sort of stuff so I didn’t explicitly know what she was doing was that wrong I guess. But I agree, she needs help","Yes, this is pretty much as bad as it could be. Something went disastrously wrong with this individual at a young age, but at the age of fifteen she's both developmentally and legally responsible for her actions.

Whether a long stay in a secured mental institution, or a penal one, is the right thing for her, I couldn't say. But without question one or the other.",2
pqizwe,TwoXChromosomes,"Unpopular Opinion: I'm tired of hearing the whole ""it's not your job to teach someone about XYZ""...","I realize this will likely not be a popular post based on the number of times I see this phrase in the comments on this particular sub but I still wanted to share this, maybe controversial but ultimately, alternative view/thought process.

I hate willful ignorance probably more than anything, but being *""willfully ignorant of""* &amp; just being *""ignorant of""* are different things. Some people grow up sheltered, privileged, unaware of the existence of prejudice or malice - They are ignorant in the sense that they don't yet know that another view, or experience, is different than their own. Willful ignorance however, is when someone knows those things but chooses to dismiss or ignore them altogether to remain close-minded. So when I see people say things like ""It's not your job to teach your boyfriend about sexism"" or ""it's not your job to explain what privilege is to others"" it bothers me because we were all ignorant of something, sometime in our life &amp; if someone didn't teach us, we'd never know. I think it is our job, especially with those we're close with to at least try and help them understand something they may not be aware of. Now if the person does know &amp; chooses to keep recognizing ONLY their experience, that's willful ignorance and it's not your job to ""convince them"" something merits consideration.

As an example, when I was around 18-19 I worked as a server/bartender and became good friends with this guy named Rocky. I should explain that I went to a small school (200 kids maybe) and it was almost completely white and I honestly had very little interaction with people from other races - which sucks btw - so there were a lot of things I didn't understand about the POC experience. Was I aware of racism? Yes, of course this is America but I didn't really understand the real life implications or experience of POC. Rocky was a black guy, and being friends with him was easy but I was constantly learning from him about his experience. One night we're working behind the bar together &amp; this group comes in, they start ordering drinks but I also notice they keep calling Rocky, Tyrone. Now in my head I'm thinking they just can't see his name tag or maybe they misheard him, I'll correct them but when I do the guy just says ""oh he your boyfriend or something?"" I just said no, he's my friend &amp; his name is Rocky but I realized this guy was *only* planning to respect Rocky if we were dating.

Later when the bar closed I asked Rocky what was up because I could see he was down. He explained how often that shit happened, where they'd use a ""stereotypical black guy name"" in a pejorative way unless a white person was around to give him ""legitimacy"". He told me about how these little things (micro-aggressions) had happened his whole life, how it affected him &amp; his brothers. Rocky didn't have to share that with me, he could have taken the ""it's not my job to explain racism to you"" route but then I might never have understood micro-aggressions in the way I do now.

Yes I agree to some degree that it's every individuals responsibility to learn about how their experiences aren't shared by all, but I also think it's every one's job to help others who want to learn, understand them better. We don't all have the same experience and we don't all learn things at the same time so if it's not our job to help others understand, then whose job is it?

Really I guess this long rant is because I want to see more people sharing their experiences so we can understand them better and learn how to be better allies to each other. It would be amazing if people didn't need experiences like mine with Rocky to understand the weight of some things, but often it's just a lack of exposure and not willful ignorance.

**ETA: Due to the volume of messages attacking me, my husband and whatever minor semantics bothered people about this observation and request for more understanding I'm taking a break from the sub for a while. It's clear that while many are interested in using this forum for helping others understand women's perspectives, others are intent on using it to disparage others for simply not knowing something. I stand behind my statements.**","pqizwe TwoXChromosomes Unpopular Opinion: I'm tired of hearing the whole ""it's not your job to teach someone about XYZ""... AnxietyDepressedFun /r/TwoXChromosomes/comments/pqizwe/unpopular_opinion_im_tired_of_hearing_the_whole/ I realize this will likely not be a popular post based on the number of times I see this phrase in the comments on this particular sub but I still wanted to share this, maybe controversial but ultimately, alternative view/thought process.

I hate willful ignorance probably more than anything, but being *""willfully ignorant of""* &amp; just being *""ignorant of""* are different things. Some people grow up sheltered, privileged, unaware of the existence of prejudice or malice - They are ignorant in the sense that they don't yet know that another view, or experience, is different than their own. Willful ignorance however, is when someone knows those things but chooses to dismiss or ignore them altogether to remain close-minded. So when I see people say things like ""It's not your job to teach your boyfriend about sexism"" or ""it's not your job to explain what privilege is to others"" it bothers me because we were all ignorant of something, sometime in our life &amp; if someone didn't teach us, we'd never know. I think it is our job, especially with those we're close with to at least try and help them understand something they may not be aware of. Now if the person does know &amp; chooses to keep recognizing ONLY their experience, that's willful ignorance and it's not your job to ""convince them"" something merits consideration.

As an example, when I was around 18-19 I worked as a server/bartender and became good friends with this guy named Rocky. I should explain that I went to a small school (200 kids maybe) and it was almost completely white and I honestly had very little interaction with people from other races - which sucks btw - so there were a lot of things I didn't understand about the POC experience. Was I aware of racism? Yes, of course this is America but I didn't really understand the real life implications or experience of POC. Rocky was a black guy, and being friends with him was easy but I was constantly learning from him about his experience. One night we're working behind the bar together &amp; this group comes in, they start ordering drinks but I also notice they keep calling Rocky, Tyrone. Now in my head I'm thinking they just can't see his name tag or maybe they misheard him, I'll correct them but when I do the guy just says ""oh he your boyfriend or something?"" I just said no, he's my friend &amp; his name is Rocky but I realized this guy was *only* planning to respect Rocky if we were dating.

Later when the bar closed I asked Rocky what was up because I could see he was down. He explained how often that shit happened, where they'd use a ""stereotypical black guy name"" in a pejorative way unless a white person was around to give him ""legitimacy"". He told me about how these little things (micro-aggressions) had happened his whole life, how it affected him &amp; his brothers. Rocky didn't have to share that with me, he could have taken the ""it's not my job to explain racism to you"" route but then I might never have understood micro-aggressions in the way I do now.

Yes I agree to some degree that it's every individuals responsibility to learn about how their experiences aren't shared by all, but I also think it's every one's job to help others who want to learn, understand them better. We don't all have the same experience and we don't all learn things at the same time so if it's not our job to help others understand, then whose job is it?

Really I guess this long rant is because I want to see more people sharing their experiences so we can understand them better and learn how to be better allies to each other. It would be amazing if people didn't need experiences like mine with Rocky to understand the weight of some things, but often it's just a lack of exposure and not willful ignorance.

**ETA: Due to the volume of messages attacking me, my husband and whatever minor semantics bothered people about this observation and request for more understanding I'm taking a break from the sub for a while. It's clear that while many are interested in using this forum for helping others understand women's perspectives, others are intent on using it to disparage others for simply not knowing something. I stand behind my statements.**",[deleted]@5,6,/r/TwoXChromosomes/comments/pqizwe/unpopular_opinion_im_tired_of_hearing_the_whole/,AnxietyDepressedFun,"The thing is I have listened. I've read each reply with an incredibly heavy heart, two weeks ago I announced on this sub that I had launched the .net version of the abomination that was the Texas Prolife Whistleblower, the response was incredibly encouraging and while receiving threats from pro-life organizations I sought solace in this sub and found it. 

While researching for additional blog topic for that site, my first thought was to come here, a sub that champions women's rights, but what I found was an incredibly aggressive and often times legitimately toxic comments where people claim that having the internet is somehow supposed to erase any and all ignorance and prejudice. People who came here with questions, things they wanted to understand, not just from a concisely edited news article but from actual women's voices, were shut down with overtly aggressive comments about how it's their own fault they couldn't understand the trials and hardships women face.

My husband has been called misogynistic despite his constant and tireless efforts to learn more about my experience because it is not his. I have been called toxic for merely vocalizing my exhaustion at the near constant indigence of other who believe that somehow the existence of accessible information precludes anyone from needing to ask. That is in essence what this post was about. 

So often we imagine that our own experiences are ubiquitous or that they're understood by all because they've been vocalized and while that's a noble and optimistic view of society, it isn't reality. I can read about the experience of people who are different than me and they can read about mine but hearing from and asking about the experience, getting additional information and asking questions to women about their experiences should not be met with such hatred and self righteousness. It's perfectly acceptable to not know something, to learn about it and make changes to your behavior once you've learned such things. 

Imagine a world where in place of marginalized communities speaking for themselves, they were instead discussed only by those who had not experienced the same marginalization. That is what I see as a problem, we are a marginalized group, we have the experience and the understanding that others do not, but if we refuse to speak to it, if our answer to any question is ""it's not my responsibility"", then we allow the responsibility to fall to others. I for one do not want to be responsible for not sharing my experience, my experience as a woman, as the survivor of rape, as a person whose rights have been eroded, as someone who has fertility issues. I want to be a resource, someone who speaks to the things I've experienced with grace and dignity to show others that just because you may not have been able to experience this but you can ask questions to learn about it.

The idea that I'm putting the onus back on women to explain the experience of women seems offensive to some. That we've done enough, that our fight should be over because we've spoken up and the information exists but that is unfortunately not how human nature works. If I've been seen as quarrelsome in the comments it's simply because as an empathetic person it is difficult for me to see an honest and we'll intentioned question be met with the harshest of replies.

I stepped back from responding, from the sub after being an active member, not because I'm unwilling to hear or try and understand the struggles of others, but because in my attempts to understand, my often extremely loquacious replies and attempts at discourse, have been seen as somehow dismissive or argumentative. My inbox has been a mixture of those saying they are sorry my post was met with such hostility because they are afraid of asking and wish they could understand but are fearful of being labeled as toxic for just wanting to know and others who have claimed I'm a racist, sexist ""bitch"" who only wants to hurt women. It's difficult for me to continue reading comments where my efforts are disparaged but I read each one, often more than once. I try to take in what's been said to me with the same grace an aplomb I would if it was said to me in person. I give each weight as I think about how it hurts and how it helps further discussion.

I apologize for the extensive reply but I think when speaking about a person you don't know, assigning their intentions that you're unaware of but claiming to have knowledge of then it is my job as that person to let you know that you are in fact wrong about my experience and my intention. I appreciate your attempts to understand my thoughts but I hope that they have been made more clear by this reply and it has illuminated my actual experience.","I'm not asking you to educate me. I'm saying, while it certainly IS NOT your JOB to educate others, if you are going to engage with others, it's beneficial to society to educate them when they are undereducated.

You certainly don't have to do anything. It's something people can do to make the world a better place. I believe the OP was trying to make the case that simply saying ""not my job"" doesn't advance society. Is it likely to achieve the desired result? Or is it just a lazy way of accepting the ignorance of others?

Again, it's not your job. That much is true. But it also represents giving up. And if you are at the end of your rope, that's ok.",1
k5wyvy,rape,Is this sexual assault?,"Hello. Throwaway for obvious reasons.

I'm a 20 year old male, now at university. This happened when I was 17.

I was never socially active as a teenager though I played sports and stuff, and a friend invited me to a house party. I didn't drink alot of alcohol or take any drugs, but when I was upstairs in the bathroom a girl started flirting with me. She was attractive and I vaguely knew her so I responded and we left to go in the garden. She was slightly drunk but I'm not sure.

Bear in mind I even then was well over 6 feet tall and 240 pounds, I do boxing and weight lifting, whereas she was about a foot smaller than me and half my size. We started kissing (which I hadn't done before) and she started touching my crotch. I wasn't comfortable with this and I asked her to stop. She laughed and didn't, so I moved her hand away lightly. She then shouted out that I ""touched her"".

I apologised, seeing as we were in the bushes at the top of the garden (about 100 yards long) and I didn't want a scene. It's sort of a blur now, but she basically said that if I didn't ""stop being a baby"" she'd tell everyone at the party I assaulted her.

The only way I can describe what happened next is when you get caught with a good shot in a spar and you're awake but ""in third person"". I know she pulled my trousers and pants down and started riding me, and I must have ejaculated at some point as I found I was sticky later. I had dried mud all over my butt as well.

She left and I just sat there for a while, then went home (not far to walk) in a daze. I remember running a shower and scrubbing the dirt off like a madman, and I went to sleep after.

I didn't report it or anything and for the next few months I didn't speak to her or see her again. I moved out of the area for university and haven't been back since.

But I'm just wondering now, is this a sexual assault? I must have been erect throughout it but I was a virgin and I definitely didn't consent to it, I was afraid of her saying I raped her or something horrible like that.

I plan to get therapy as this has given me a phobia of intimacy and I still haven't been in a relationship to this day","k5wyvy rape Is this sexual assault? throwawayckxkdl /r/rape/comments/k5wyvy/is_this_sexual_assault/ Hello. Throwaway for obvious reasons.

I'm a 20 year old male, now at university. This happened when I was 17.

I was never socially active as a teenager though I played sports and stuff, and a friend invited me to a house party. I didn't drink alot of alcohol or take any drugs, but when I was upstairs in the bathroom a girl started flirting with me. She was attractive and I vaguely knew her so I responded and we left to go in the garden. She was slightly drunk but I'm not sure.

Bear in mind I even then was well over 6 feet tall and 240 pounds, I do boxing and weight lifting, whereas she was about a foot smaller than me and half my size. We started kissing (which I hadn't done before) and she started touching my crotch. I wasn't comfortable with this and I asked her to stop. She laughed and didn't, so I moved her hand away lightly. She then shouted out that I ""touched her"".

I apologised, seeing as we were in the bushes at the top of the garden (about 100 yards long) and I didn't want a scene. It's sort of a blur now, but she basically said that if I didn't ""stop being a baby"" she'd tell everyone at the party I assaulted her.

The only way I can describe what happened next is when you get caught with a good shot in a spar and you're awake but ""in third person"". I know she pulled my trousers and pants down and started riding me, and I must have ejaculated at some point as I found I was sticky later. I had dried mud all over my butt as well.

She left and I just sat there for a while, then went home (not far to walk) in a daze. I remember running a shower and scrubbing the dirt off like a madman, and I went to sleep after.

I didn't report it or anything and for the next few months I didn't speak to her or see her again. I moved out of the area for university and haven't been back since.

But I'm just wondering now, is this a sexual assault? I must have been erect throughout it but I was a virgin and I definitely didn't consent to it, I was afraid of her saying I raped her or something horrible like that.

I plan to get therapy as this has given me a phobia of intimacy and I still haven't been in a relationship to this day",Acrock7@6,7,/r/rape/comments/k5wyvy/is_this_sexual_assault/,throwawayckxkdl,"Yeah, maybe that's something I should think, but I simultaneously want to punch everything and also cry like a baby when I think about what happened. Is this normal?","I’m sure some people can explain it more eloquently than me, because it’s been said here before. This doesn’t exactly count as “your first time.” You didn’t consent to having sexual contact or penetration with her. You were traumatized and blacked out during it.

You have not had the chance to find your first love, and get to explore each other’s bodies, and make love for the first time. You can still do that.",1
1b4fri5,sexualassault,I said nothing,"I went over to a guys place tonight and we were laying down watching tv.  Then he started putting his hand down my shirt. This went on for a while until he took my pants off and moved my legs apart to have sex with me.

He didn't ask me if I wanted it, he just did it. I told him to put a condom on and he kept asking me if I was okay during it and I said yes because past trauma makes it hard for me to speak up. I don't know if this counts as SA or if my past trauma is making me too wary.

I really didn't want sex and I feel sadness because I didn't say no. I didn't say anything, I just laid there as he did it but I didn't move. I was frozen.","1b4fri5 sexualassault I said nothing Playful-Television99 /r/sexualassault/comments/1b4fri5/i_said_nothing/ I went over to a guys place tonight and we were laying down watching tv.  Then he started putting his hand down my shirt. This went on for a while until he took my pants off and moved my legs apart to have sex with me.

He didn't ask me if I wanted it, he just did it. I told him to put a condom on and he kept asking me if I was okay during it and I said yes because past trauma makes it hard for me to speak up. I don't know if this counts as SA or if my past trauma is making me too wary.

I really didn't want sex and I feel sadness because I didn't say no. I didn't say anything, I just laid there as he did it but I didn't move. I was frozen.",TheNumbersSevenTwo@0,1,/r/sexualassault/comments/1b4fri5/i_said_nothing/,Playful-Television99,"I communicated to him and told him because of past assaults I shut down sometimes during sex and he apologized and thanked me for communicating it to him.

I get scared to say no sometimes because my no wasn't respected before with my ex","This is very problematic. Asking someone to use a condom strongly implies permission to have penetrative sex in ordinary circumstances, but you did not want to have sex. You also affirmed comfort during sexual activity that you were not comfortable with. If your partner was not aware of your experience with SA, he could very well have reasonably assumed that you would protest to unwanted sexual activity, and telling him that you were okay strongly affirms that assumption. I believe that any sexual activity with a new partner which begins without enthusiastic consent is dubious at best and this is no exception, but if there was not a boundary in place to be violated, it is harder to call this sexual assault.

However, that doesn’t make this issue any less serious. This is something harmful to you, and if well-meaning people can hurt you unknowingly, then the world becomes a much more dangerous place. I don’t know how to help you find the motivation to stand up for yourself, but causing harm to a survivor of abuse is something that many people very actively want to avoid, and to protect yourself from being harmed by those people, you simply have to find the courage to tell them that you are hurting.",2
k5wyvy,rape,Is this sexual assault?,"Hello. Throwaway for obvious reasons.

I'm a 20 year old male, now at university. This happened when I was 17.

I was never socially active as a teenager though I played sports and stuff, and a friend invited me to a house party. I didn't drink alot of alcohol or take any drugs, but when I was upstairs in the bathroom a girl started flirting with me. She was attractive and I vaguely knew her so I responded and we left to go in the garden. She was slightly drunk but I'm not sure.

Bear in mind I even then was well over 6 feet tall and 240 pounds, I do boxing and weight lifting, whereas she was about a foot smaller than me and half my size. We started kissing (which I hadn't done before) and she started touching my crotch. I wasn't comfortable with this and I asked her to stop. She laughed and didn't, so I moved her hand away lightly. She then shouted out that I ""touched her"".

I apologised, seeing as we were in the bushes at the top of the garden (about 100 yards long) and I didn't want a scene. It's sort of a blur now, but she basically said that if I didn't ""stop being a baby"" she'd tell everyone at the party I assaulted her.

The only way I can describe what happened next is when you get caught with a good shot in a spar and you're awake but ""in third person"". I know she pulled my trousers and pants down and started riding me, and I must have ejaculated at some point as I found I was sticky later. I had dried mud all over my butt as well.

She left and I just sat there for a while, then went home (not far to walk) in a daze. I remember running a shower and scrubbing the dirt off like a madman, and I went to sleep after.

I didn't report it or anything and for the next few months I didn't speak to her or see her again. I moved out of the area for university and haven't been back since.

But I'm just wondering now, is this a sexual assault? I must have been erect throughout it but I was a virgin and I definitely didn't consent to it, I was afraid of her saying I raped her or something horrible like that.

I plan to get therapy as this has given me a phobia of intimacy and I still haven't been in a relationship to this day","k5wyvy rape Is this sexual assault? throwawayckxkdl /r/rape/comments/k5wyvy/is_this_sexual_assault/ Hello. Throwaway for obvious reasons.

I'm a 20 year old male, now at university. This happened when I was 17.

I was never socially active as a teenager though I played sports and stuff, and a friend invited me to a house party. I didn't drink alot of alcohol or take any drugs, but when I was upstairs in the bathroom a girl started flirting with me. She was attractive and I vaguely knew her so I responded and we left to go in the garden. She was slightly drunk but I'm not sure.

Bear in mind I even then was well over 6 feet tall and 240 pounds, I do boxing and weight lifting, whereas she was about a foot smaller than me and half my size. We started kissing (which I hadn't done before) and she started touching my crotch. I wasn't comfortable with this and I asked her to stop. She laughed and didn't, so I moved her hand away lightly. She then shouted out that I ""touched her"".

I apologised, seeing as we were in the bushes at the top of the garden (about 100 yards long) and I didn't want a scene. It's sort of a blur now, but she basically said that if I didn't ""stop being a baby"" she'd tell everyone at the party I assaulted her.

The only way I can describe what happened next is when you get caught with a good shot in a spar and you're awake but ""in third person"". I know she pulled my trousers and pants down and started riding me, and I must have ejaculated at some point as I found I was sticky later. I had dried mud all over my butt as well.

She left and I just sat there for a while, then went home (not far to walk) in a daze. I remember running a shower and scrubbing the dirt off like a madman, and I went to sleep after.

I didn't report it or anything and for the next few months I didn't speak to her or see her again. I moved out of the area for university and haven't been back since.

But I'm just wondering now, is this a sexual assault? I must have been erect throughout it but I was a virgin and I definitely didn't consent to it, I was afraid of her saying I raped her or something horrible like that.

I plan to get therapy as this has given me a phobia of intimacy and I still haven't been in a relationship to this day",Artzx23@4,5,/r/rape/comments/k5wyvy/is_this_sexual_assault/,throwawayckxkdl,"Yeah, I don't even know where she is now. I'm not able to even talk to women anymore though, the one time I dated someone (about 3 months before the pandemic) I tried to kiss her and make out and I just clammed up, we broke up soon after.","Yeah, know that feeling of no one who could understand nearby. 

What would be the harder way is for you to find her and confront her privately but since she threatened to lie about it, that is not advisable.",1
slbxo8,TwoXChromosomes,I went in to get an ultrasound and I left with an IUD without my explicit consent,"Long story short, I went to the gynecologic with the intention of getting myself checked out and asking about birth control. I left with an IUD in tears.

Long story:

At the start of the visit (that was about 20 minutes) the doctor told me that the pills I wanted wouldn't be a great fit because of my weight. I said okay, in my mind thinking that then I wouldn't get anything. I had never been on hormones and I was a little scared of the possible mood swings and such. This was also my second ever trip to the gynecologist and I was really nervous.

She asked me if I had considered a contraceptive implant or an IUD, but I said that I was scared of them both because I wouldn't be able to get them out myself.

She just said that I should think it over and that she'd be able to put the IUD in right now. I said that I was scared of the pain, so if it would hurt a lot to put it in, then I don't want it. I said that I had read horror stories about it. She didn't really say anything to that, and we started the examination.

In the end, there was nothing wrong, and then I'm not completely sure what happened next because of the shock and the pain. Suddenly she's opening the box and inserting the IUD and I kind of blacked out, I know I was screaming and it was absolute hell. The worst pain of my life. I didn't even take a painkiller before because I didn't know it was going to happen.

The nurse that was by my head (I guess there to keep me calm) was also kind of chuckling and commenting that my eyes were really wide and telling me to breathe. I guess trauma is funny. They did keep asking me if I was okay, but I was in shock and just said yes, I guess.

So the doctor didn't really explain anything about the IUD (I know how it works since I've researched it but she didn't know that) and didn't really get my consent to put it in either. I didn't explicitly say no, but I think she should have made sure? She also kept asking me if I felt like she was pressuring me, and I think that it was sign that she felt like she WAS pressuring me.

So if we had paused at any point, I would have said no to the IUD, because I did not want one before the visit. But it was over kind of fast.

I left the office kind of in a haze, and then I broke down in tears at the bus stop. And now I'm traumatized and I don't want to go in again for my checkup in the summer. I'm thinking of filing a complaint.

Am I overreacting?

EDIT: Thank you all so much for the support and helping me to understand that this was much more serious than I first thought. It is much appreciated.

I have filed the complaint. I'll see how they respond and then I'll see if I'll take it further. I don't want to start a whole process, but I want the doctor to know she messed up.

Also, I checked the time of my bus ticket and the whole thing actually lasted closer to 30 minutes, which makes sense since there was the ultrasound as well. I guess that's a trauma response as well.

EDIT2: I did not sign anything. I don't know if you're supposed to do that here or not (I'm not in the US).

You can read in my story where I'm a little hazy because of the shock, but I am sure of that. I also never said yes to the IUD, I think she just assumed it was okay since I didn't say no either. She inserted it right after the the ultrasound. 

And it was not planned beforehand. Of that I'm sure we well, as I was just going to ask about birth control pills.

EDIT A MONTH LATER: I got an email from the senior physician of the department. It basically said ""Sorry you felt like you were pressured. The doctor says you said yes to getting the IUD. There's nothing we can do about the pain anyway, bye."" So it's basically my word against hers and I also had a problem with ""You FELT like"" so I responded, kindly. Just waiting on a response.","slbxo8 TwoXChromosomes I went in to get an ultrasound and I left with an IUD without my explicit consent Larayah /r/TwoXChromosomes/comments/slbxo8/i_went_in_to_get_an_ultrasound_and_i_left_with_an/ Long story short, I went to the gynecologic with the intention of getting myself checked out and asking about birth control. I left with an IUD in tears.

Long story:

At the start of the visit (that was about 20 minutes) the doctor told me that the pills I wanted wouldn't be a great fit because of my weight. I said okay, in my mind thinking that then I wouldn't get anything. I had never been on hormones and I was a little scared of the possible mood swings and such. This was also my second ever trip to the gynecologist and I was really nervous.

She asked me if I had considered a contraceptive implant or an IUD, but I said that I was scared of them both because I wouldn't be able to get them out myself.

She just said that I should think it over and that she'd be able to put the IUD in right now. I said that I was scared of the pain, so if it would hurt a lot to put it in, then I don't want it. I said that I had read horror stories about it. She didn't really say anything to that, and we started the examination.

In the end, there was nothing wrong, and then I'm not completely sure what happened next because of the shock and the pain. Suddenly she's opening the box and inserting the IUD and I kind of blacked out, I know I was screaming and it was absolute hell. The worst pain of my life. I didn't even take a painkiller before because I didn't know it was going to happen.

The nurse that was by my head (I guess there to keep me calm) was also kind of chuckling and commenting that my eyes were really wide and telling me to breathe. I guess trauma is funny. They did keep asking me if I was okay, but I was in shock and just said yes, I guess.

So the doctor didn't really explain anything about the IUD (I know how it works since I've researched it but she didn't know that) and didn't really get my consent to put it in either. I didn't explicitly say no, but I think she should have made sure? She also kept asking me if I felt like she was pressuring me, and I think that it was sign that she felt like she WAS pressuring me.

So if we had paused at any point, I would have said no to the IUD, because I did not want one before the visit. But it was over kind of fast.

I left the office kind of in a haze, and then I broke down in tears at the bus stop. And now I'm traumatized and I don't want to go in again for my checkup in the summer. I'm thinking of filing a complaint.

Am I overreacting?

EDIT: Thank you all so much for the support and helping me to understand that this was much more serious than I first thought. It is much appreciated.

I have filed the complaint. I'll see how they respond and then I'll see if I'll take it further. I don't want to start a whole process, but I want the doctor to know she messed up.

Also, I checked the time of my bus ticket and the whole thing actually lasted closer to 30 minutes, which makes sense since there was the ultrasound as well. I guess that's a trauma response as well.

EDIT2: I did not sign anything. I don't know if you're supposed to do that here or not (I'm not in the US).

You can read in my story where I'm a little hazy because of the shock, but I am sure of that. I also never said yes to the IUD, I think she just assumed it was okay since I didn't say no either. She inserted it right after the the ultrasound. 

And it was not planned beforehand. Of that I'm sure we well, as I was just going to ask about birth control pills.

EDIT A MONTH LATER: I got an email from the senior physician of the department. It basically said ""Sorry you felt like you were pressured. The doctor says you said yes to getting the IUD. There's nothing we can do about the pain anyway, bye."" So it's basically my word against hers and I also had a problem with ""You FELT like"" so I responded, kindly. Just waiting on a response.",Jbeth74@0,1,/r/TwoXChromosomes/comments/slbxo8/i_went_in_to_get_an_ultrasound_and_i_left_with_an/,Larayah,"Yeah, the thing that confuses me the most is that everything happened within one session. If she had presented me the option and offered to insert it when I have my follow-up session, everything would be fine. I'd have time to think about it and the risks and prepare for the pain etc.","Ok wow. I used to work assisting an FNP who placed IUD’s. Every woman had a visit prior where she was educated about it and the risks/benefits.  If she came back with questions she got another visit to discuss. If she decided to proceed, she was scheduled during her menses as it made placement less painful. Prior to placement she was given two different consent forms to sign, one was the standard hospital consent for a procedure and one was IUD specific, laying out the risks (cramping, perforation, migration, etc.) and any last questions or concerns were asked about.  NO ONE got an IUD that they did not explicitly consent to. Also, there are at least 4 different types of IUDs that we placed, and each women was counseled on the risks/benefits of each type and why or why not each was a good option for her. I’m so sorry about what happened to you. It’s not remotely ok. Please please please speak to anyone and everyone you can about this. Get ahold of their procedure policy, I’m horrified by what they did to you and am really concerned that this is standard practice for them.",2
yss4ep,sexualassault,constantly doubting myself,"i dated a guy for a month or so, then he suddenly broke up with me and about a month after that i realized that i was pressured into sexual activities more than once. one of those times can be considered sexual assault but i still question myself about it all the time and made excuses for him when i first remembered.
i told him ahead of time that i didnt wanna do anything later on and just wanted to chill and he was like ""okay"". later in bed, we're spooning, and i consented to him rubbing my skin with his hand because it can be relaxing. but then, he starts doing it in a way he knew would arouse me, and tells me ""you said no, but its so fun working you up"". i gave in, he starts rubbing me off, whatever, and i thought that was all we were gonna do. next thing i remember im on my back and hes on top of me and i was so overwhelmed i froze and was unable to stop what was happening. i recall dissassociating a bit too. when i thought it was over he picked me up and placed me on top of him and gripped my thighs and held me in place, i feel like i might have tried getting off him but i cant remember. then i acted like everything was normal, and repressed what happened. 
even though i can admit i was assaulted i find myself struggling to accept that it happened and accepting that he is capable of something so horrible. intentional or not he made me feel like i couldnt say no. but i still worry im being overdramatic or that im remembering things wrong. especially since after it was over i lied to myself and acted like i was into it. like why did i do that?? it was scary and i had no idea what to do but instead of thinking about how i felt all i worried about was not making him feel bad. i feel so lost and stuck. i thought i could trust him.","yss4ep sexualassault constantly doubting myself skeletonluv95 /r/sexualassault/comments/yss4ep/constantly_doubting_myself/ i dated a guy for a month or so, then he suddenly broke up with me and about a month after that i realized that i was pressured into sexual activities more than once. one of those times can be considered sexual assault but i still question myself about it all the time and made excuses for him when i first remembered.
i told him ahead of time that i didnt wanna do anything later on and just wanted to chill and he was like ""okay"". later in bed, we're spooning, and i consented to him rubbing my skin with his hand because it can be relaxing. but then, he starts doing it in a way he knew would arouse me, and tells me ""you said no, but its so fun working you up"". i gave in, he starts rubbing me off, whatever, and i thought that was all we were gonna do. next thing i remember im on my back and hes on top of me and i was so overwhelmed i froze and was unable to stop what was happening. i recall dissassociating a bit too. when i thought it was over he picked me up and placed me on top of him and gripped my thighs and held me in place, i feel like i might have tried getting off him but i cant remember. then i acted like everything was normal, and repressed what happened. 
even though i can admit i was assaulted i find myself struggling to accept that it happened and accepting that he is capable of something so horrible. intentional or not he made me feel like i couldnt say no. but i still worry im being overdramatic or that im remembering things wrong. especially since after it was over i lied to myself and acted like i was into it. like why did i do that?? it was scary and i had no idea what to do but instead of thinking about how i felt all i worried about was not making him feel bad. i feel so lost and stuck. i thought i could trust him.",Exciting-Advice-948@0,1,/r/sexualassault/comments/yss4ep/constantly_doubting_myself/,skeletonluv95,i appreciate the reassurance and kind words a lot...and im really sorry you had a similar experience,i totally understand how you’re feeling. this could definitely be considered SA especially since he acknowledged the fact that you said no but continued to go further. im so sorry this happened to you. we do things when we are under pressure or feeling trapped that we don’t necessarily mean (referring to you acting like you were into it). i did the same thing when i was assaulted. you aren’t alone,2
o0j4ce,sexualassault,"I'm not sure if I was raped; I enjoyed it, he's my friend.","TRIGGER WARNING: Descriptive content.

Hi - here's the short story (I'm really confused):

I recently reconnected (as friends) with a guy I used to have sexual relations with (friends with benefits situation). I went over to his house last night. We were in bed, ready to fall asleep. We started cuddling and making out - which I liked. I had a shirt and a thong on, he went to pull the thong off when I grabbed his hands and said ""No, leave those on. I don't think we're going to have sex tonight. I'm not on birth control anymore."" He said okay, and left them half off. (We had not had sex since our FWB situation ended months ago). We continued to make out, he pulled his boxers partly down, which I thought was just for sensation reasons. He leaned back over top of me, we continued kissing, it was hot, and then suddenly he stuck his dick in me - fast, without asking. I was shocked, if the lights were on, that shock would have been clearly evident on my face. For a moment, I remember thinking in my head ""what the fuck just happened"", as we were still making out and he continued to fuck me. I was already turned on, and I still was aroused, so I went with it. I didn't say anything. He still did not ask. We continued to have rough sex, which I really enjoyed and actively participated in.

My question is, is this rape? I enjoyed it. But I didn't consent. I didn't want to have sex, but at the same time, I was sexually aroused and wanted him - even though I didn't, which is why I didn't consent. But then I just continued on and decided to have sex and go with my feelings of arousal because the decision to have sex was already made for me.

He's a good person, and I'm not saying any of this to paint a bad image of him. I'm just really confused, and I'm not even sure if I should talk to him about this, or (if I do) how I should go about doing so.

Thanks in advance for reading this, and offering your opinions everyone. &lt;3","o0j4ce sexualassault I'm not sure if I was raped; I enjoyed it, he's my friend. Various-Committee-11 /r/sexualassault/comments/o0j4ce/im_not_sure_if_i_was_raped_i_enjoyed_it_hes_my/ TRIGGER WARNING: Descriptive content.

Hi - here's the short story (I'm really confused):

I recently reconnected (as friends) with a guy I used to have sexual relations with (friends with benefits situation). I went over to his house last night. We were in bed, ready to fall asleep. We started cuddling and making out - which I liked. I had a shirt and a thong on, he went to pull the thong off when I grabbed his hands and said ""No, leave those on. I don't think we're going to have sex tonight. I'm not on birth control anymore."" He said okay, and left them half off. (We had not had sex since our FWB situation ended months ago). We continued to make out, he pulled his boxers partly down, which I thought was just for sensation reasons. He leaned back over top of me, we continued kissing, it was hot, and then suddenly he stuck his dick in me - fast, without asking. I was shocked, if the lights were on, that shock would have been clearly evident on my face. For a moment, I remember thinking in my head ""what the fuck just happened"", as we were still making out and he continued to fuck me. I was already turned on, and I still was aroused, so I went with it. I didn't say anything. He still did not ask. We continued to have rough sex, which I really enjoyed and actively participated in.

My question is, is this rape? I enjoyed it. But I didn't consent. I didn't want to have sex, but at the same time, I was sexually aroused and wanted him - even though I didn't, which is why I didn't consent. But then I just continued on and decided to have sex and go with my feelings of arousal because the decision to have sex was already made for me.

He's a good person, and I'm not saying any of this to paint a bad image of him. I'm just really confused, and I'm not even sure if I should talk to him about this, or (if I do) how I should go about doing so.

Thanks in advance for reading this, and offering your opinions everyone. &lt;3",rhcreed@0,1,/r/sexualassault/comments/o0j4ce/im_not_sure_if_i_was_raped_i_enjoyed_it_hes_my/,Various-Committee-11,"Yeah I think you're right, and that I should communicate that with him. I'm nervous/scared about how that will go down though because I know if I say anything implying that it was rape he's gonna feel SO bad (or alternatively... maybe react angrily- out of fear himself about what that means). I don't actually know how he'll react, he could be super understanding and apologetic, but I'm just not sure how to approach the discussion, especially without like apologizing (becaus I tend to ap apologize just becaus I'm making someone uncomfortable).","he totally violated your boundaries. 

at least communicate that with him (in a non sexual setting) so he understands.",5
lx6x3r,sexualassault,Has anyone stayed in a relationship with someone who sexually assaulted them?,"Basically, I've stayed in a relationship with someone who sexually assaulted me because I look at it as a mistake. I believe they did something wrong and knew I didn't consent but they're not a predator, it was a one off thing. They've been through stuff and I believe they didn't understand the gravity of what they were doing and just kept pushing because they didn't realise it was a violation and not the same as pushing me til I agree to buying him a burger or something. I'm pretty sure I experienced temporary PTSD (if that's a thing, I think it is) after it happened and it caused me great distress for some time. I broke up with him but then started seeing him again and because of that I basically pushed the feelings away and now I can't really access them. I think it's affecting me still cause every now and then it comes into my mind during intimate moments with him but it's been 2 years.

We were both 19 when it happened and now 21, and we were both nearly completely inexperienced sexually and I think that's relevant.

Has anyone else been in this situation? I've been feeling really angry about it recently and I don't know anyone else who has been in the same position I don't think.","lx6x3r sexualassault Has anyone stayed in a relationship with someone who sexually assaulted them? Gullible_Tale_1626 /r/sexualassault/comments/lx6x3r/has_anyone_stayed_in_a_relationship_with_someone/ Basically, I've stayed in a relationship with someone who sexually assaulted me because I look at it as a mistake. I believe they did something wrong and knew I didn't consent but they're not a predator, it was a one off thing. They've been through stuff and I believe they didn't understand the gravity of what they were doing and just kept pushing because they didn't realise it was a violation and not the same as pushing me til I agree to buying him a burger or something. I'm pretty sure I experienced temporary PTSD (if that's a thing, I think it is) after it happened and it caused me great distress for some time. I broke up with him but then started seeing him again and because of that I basically pushed the feelings away and now I can't really access them. I think it's affecting me still cause every now and then it comes into my mind during intimate moments with him but it's been 2 years.

We were both 19 when it happened and now 21, and we were both nearly completely inexperienced sexually and I think that's relevant.

Has anyone else been in this situation? I've been feeling really angry about it recently and I don't know anyone else who has been in the same position I don't think.",throwRAhelp888777@0,1,/r/sexualassault/comments/lx6x3r/has_anyone_stayed_in_a_relationship_with_someone/,Gullible_Tale_1626,"I'm so sorry you went through that. ❤️ I really hope it's not something that still affects you.

I'm worried that I won't be able to process it while with him but I love him and I'm a long-term commitment kind of person. Nothing weird has happened in such a long time as well. I really want to be able to heal it while with him but I feel like you're right, you probably can't process a trauma when you're with that person. But I don't want to end the relationship when it's something that hasn't happened again and doesn't seem like it will.","Yes, I stayed with my ex for 2 and a half years after they sexually assaulted me multiple times. I kept making excuses for them and shoving my own feelings aside. No matter if it was an honest mistake he made it still had a serious impact on you. I personally was not able to process the trauma until I was out of that situation and I do not see how anyone could. I wish you the best, I know how difficult this situation can be. Take care of yourself.",1
11beklm,sexualassault,TW: is this Sexual assault?,"Content warning: possible sexual assault/violation (I don't know) description, medical professional, transphobia  
.

.

.

.

.

.

.  
.

I'm looking for validation from this subreddit about a particular event that I'll describe below, and whether if it is sexual assault, or if there's a specific category of sexual/body violation I can place this under. I feel like it isn't SA/SV *legally*, but I would like to know how I can classify it as so I can just talk about it without having to narrate the entire event and trigger myself. (I have cross-posted this question in another subreddit)

.

.

.

So this happened over 8 years ago, and it's been bothering me recently. It also happened when I was a minor (17). For context, I am nonbinary-feminine (assigned male), and I am almost 26 years old right now.

My mom found out I was trying on femme clothes  back when i was 17 (almost 18) and still in high school. Now I have a history of either fawning or freezing when my mom gets angry in my face about it. Because of that trauma response--and the fact that I didn't know at the time what transgender/nonbinary meant (so I couldn't advocate for myself)--I couldn't even get words out to my mom. She wanted to take me to an endocrinologist, and I didn't want to but because I am a people-pleaser and didn't advocate for myself, I just went along with it.

Fast forward to the appointment and she asks the doctor to ""check my body"" for ""hormone imbalances"" due to my recent ""dressing-up"". And she basically coerces me to take my pants and underwear down, and at first I just froze and kinda shook my head but she told me to do it with anger in her voice, and so I did. Now the doctor did use gloves to examine and touch my genitals (so according to RAINN it is legal and it is an endocrinologist), but mentally and psychologically I did not consent to ANY of this--the appointment, and the genital touching.

I understand that legally, the doctor does take blame because the patient (me) did not give consent for a hormone genital exam. I think my mom should take blame for coercing me to take off my clothes, but that's a different story (and something she denies for now). She tries to avoid blame but I think she deserves it in this instance, though there's nothing legally I can do about that.

I just struggle a lot to label this experience. I know it's stupid to focus on that, but I'm unable to advocate for myself because 1) the doctor's intent or my mom's intent was not sexual, 2) it wasn't stereotypically violent, and 3) apparently it's legal because the doctor used gloves. Been abusing alcohol recently to cope with this and the guilt of feeling bad and confronting my mom about this, and a few suicidal thoughts.

Anyways, I've been struggling with this experience for years (especially since my mom was involved), and while I have spoken to a therapist about it and she did confirm that it is a violation of my body, I struggle to validate it for myself. Especially because I was 17 going on 18. I might have been legally a minor but I wasn't a damn kid who is 6 or 7. I was only afraid and freezing/fawning cuz I people-pleased my mom and in Indian culture, you NEVER defy your mother and you just stay silent.

I have had sex numerous times recently, but I've always had a nagging discomfort with being touched down there due to this event. I'm looking for validation from this subreddit if it is sexual assault, or if there's a specific category of sexual violation I can place this under so I can advocate for myself.  
Thank you.

P.S. the endocrinologist turned out to be an old white racist man, because of course.","11beklm sexualassault TW: is this Sexual assault? desi_bee97 /r/sexualassault/comments/11beklm/tw_is_this_sexual_assault/ Content warning: possible sexual assault/violation (I don't know) description, medical professional, transphobia  
.

.

.

.

.

.

.  
.

I'm looking for validation from this subreddit about a particular event that I'll describe below, and whether if it is sexual assault, or if there's a specific category of sexual/body violation I can place this under. I feel like it isn't SA/SV *legally*, but I would like to know how I can classify it as so I can just talk about it without having to narrate the entire event and trigger myself. (I have cross-posted this question in another subreddit)

.

.

.

So this happened over 8 years ago, and it's been bothering me recently. It also happened when I was a minor (17). For context, I am nonbinary-feminine (assigned male), and I am almost 26 years old right now.

My mom found out I was trying on femme clothes  back when i was 17 (almost 18) and still in high school. Now I have a history of either fawning or freezing when my mom gets angry in my face about it. Because of that trauma response--and the fact that I didn't know at the time what transgender/nonbinary meant (so I couldn't advocate for myself)--I couldn't even get words out to my mom. She wanted to take me to an endocrinologist, and I didn't want to but because I am a people-pleaser and didn't advocate for myself, I just went along with it.

Fast forward to the appointment and she asks the doctor to ""check my body"" for ""hormone imbalances"" due to my recent ""dressing-up"". And she basically coerces me to take my pants and underwear down, and at first I just froze and kinda shook my head but she told me to do it with anger in her voice, and so I did. Now the doctor did use gloves to examine and touch my genitals (so according to RAINN it is legal and it is an endocrinologist), but mentally and psychologically I did not consent to ANY of this--the appointment, and the genital touching.

I understand that legally, the doctor does take blame because the patient (me) did not give consent for a hormone genital exam. I think my mom should take blame for coercing me to take off my clothes, but that's a different story (and something she denies for now). She tries to avoid blame but I think she deserves it in this instance, though there's nothing legally I can do about that.

I just struggle a lot to label this experience. I know it's stupid to focus on that, but I'm unable to advocate for myself because 1) the doctor's intent or my mom's intent was not sexual, 2) it wasn't stereotypically violent, and 3) apparently it's legal because the doctor used gloves. Been abusing alcohol recently to cope with this and the guilt of feeling bad and confronting my mom about this, and a few suicidal thoughts.

Anyways, I've been struggling with this experience for years (especially since my mom was involved), and while I have spoken to a therapist about it and she did confirm that it is a violation of my body, I struggle to validate it for myself. Especially because I was 17 going on 18. I might have been legally a minor but I wasn't a damn kid who is 6 or 7. I was only afraid and freezing/fawning cuz I people-pleased my mom and in Indian culture, you NEVER defy your mother and you just stay silent.

I have had sex numerous times recently, but I've always had a nagging discomfort with being touched down there due to this event. I'm looking for validation from this subreddit if it is sexual assault, or if there's a specific category of sexual violation I can place this under so I can advocate for myself.  
Thank you.

P.S. the endocrinologist turned out to be an old white racist man, because of course.",Abi196@2,3,/r/sexualassault/comments/11beklm/tw_is_this_sexual_assault/,desi_bee97,thank you sm :),"And you are completely valid in what you feel. It may not have been SA, but it clearly affected you and triggers you even now. Your feelings on the situation are normal and I hope you are doing better&lt;333",2
1og2124,sexualassault,guy put his hand in my underwear  after i told him no.,"So this happened about 2 years ago but it still deeply bothers me til this day. We’ll call this guy “J”. So me and J were dating for about less than a month and we moved pretty quick. I look back it now and see he was only in it for lust. I liked him alot and wanted a genuine relationship with him but all he ever wanted from me was pictures (yk what) and to touch my body in a sexual way. But of course i didnt see that and let it be bc i really liked him and he only was sweet and loving when i did what he wanted.

This is prob tmi but i let him go in my pants and rub my yk but strictly over my underwear. I let him bc like i said he only was sweet after these type of things. Everytime i let him, he would do it and then right away leave me w out saying anything. Anyway, so i only let him do it twice and STRICTLY over my underwear bc i was not comfortable w him going in my underwear and actually touching my yk.

til one day we met up to hang out and he had asked me prior to this if he could yk go in my underwear and do it but i said no and i just made an excuse that i was on my period so i wasn’t comfortable w it (bc i didnt want him to be mad at me but i still told him no and i wasnt comfortable w it)

So we met up and we were sitting tg. After like 2 mins of sitting tg he put his hand in my pants and then into my underwear. During this i kinda just froze up bc keep in mind i JUST told him i wasnt ok w it. So i froze up and just sat there for a second and he was going super low and i was telling him to stop and that he was going rlly low and to js stop. He didnt stop. Eventually after i kept saying to stop and like yelling at him he stopped. Idk why i didnt just take his hand off me i was js like shocked yk i didnt know what to do. After he finally stopped he got up, didnt say anything and just left me there. Later on in the day i had soccer practice so i went home got ready and left to practice.

All i could feel was his hands on me and just replaying what happend in my head. I felt gross and nasty and sick to my stomach. It was so weird like i could feel his hands doing what he did. This still like haunts me to this day and i always think of it and i just feel gross.

Ive never opened up to anyone about this bc im not sure if it was sa. I let him put his hands over my pants n shi but i told him i didnt want him to go into my underwear and when he did w out permission , after i kept yelling at him to stop he wouldnt and when he did he just left me and now i js feel gross and sick thinking abt it.

i dont wanna sound dramatic either and i cant tell if it was sa. i dont wanna open up to ppl ik either in fear ill js get told im overreacting. pls help me is this sa?","1og2124 sexualassault guy put his hand in my underwear  after i told him no. Temporary-Pin-3805 /r/sexualassault/comments/1og2124/guy_put_his_hand_in_my_underwear_after_i_told_him/ So this happened about 2 years ago but it still deeply bothers me til this day. We’ll call this guy “J”. So me and J were dating for about less than a month and we moved pretty quick. I look back it now and see he was only in it for lust. I liked him alot and wanted a genuine relationship with him but all he ever wanted from me was pictures (yk what) and to touch my body in a sexual way. But of course i didnt see that and let it be bc i really liked him and he only was sweet and loving when i did what he wanted.

This is prob tmi but i let him go in my pants and rub my yk but strictly over my underwear. I let him bc like i said he only was sweet after these type of things. Everytime i let him, he would do it and then right away leave me w out saying anything. Anyway, so i only let him do it twice and STRICTLY over my underwear bc i was not comfortable w him going in my underwear and actually touching my yk.

til one day we met up to hang out and he had asked me prior to this if he could yk go in my underwear and do it but i said no and i just made an excuse that i was on my period so i wasn’t comfortable w it (bc i didnt want him to be mad at me but i still told him no and i wasnt comfortable w it)

So we met up and we were sitting tg. After like 2 mins of sitting tg he put his hand in my pants and then into my underwear. During this i kinda just froze up bc keep in mind i JUST told him i wasnt ok w it. So i froze up and just sat there for a second and he was going super low and i was telling him to stop and that he was going rlly low and to js stop. He didnt stop. Eventually after i kept saying to stop and like yelling at him he stopped. Idk why i didnt just take his hand off me i was js like shocked yk i didnt know what to do. After he finally stopped he got up, didnt say anything and just left me there. Later on in the day i had soccer practice so i went home got ready and left to practice.

All i could feel was his hands on me and just replaying what happend in my head. I felt gross and nasty and sick to my stomach. It was so weird like i could feel his hands doing what he did. This still like haunts me to this day and i always think of it and i just feel gross.

Ive never opened up to anyone about this bc im not sure if it was sa. I let him put his hands over my pants n shi but i told him i didnt want him to go into my underwear and when he did w out permission , after i kept yelling at him to stop he wouldnt and when he did he just left me and now i js feel gross and sick thinking abt it.

i dont wanna sound dramatic either and i cant tell if it was sa. i dont wanna open up to ppl ik either in fear ill js get told im overreacting. pls help me is this sa?",ilikelittlebodies@0,1,/r/sexualassault/comments/1og2124/guy_put_his_hand_in_my_underwear_after_i_told_him/,Temporary-Pin-3805,im so sorry that happened to you,i had this exact same experience except it was on my ass instead of yk… thats SA and so fucked up,1
1ghylt9,TwoXChromosomes,How is this SA?,"It was 1- 2 AM. I (18f) was in bed until I heard someone open my door and saw it was a guy who lives in the same flat of me. I said ""you're in the wrong room"" as he stumbled in and kind of freaked out when I saw him holding his dick. I grabbed his arm and tried pulling him out but he literally wouldn't budge and he was starting to stand in front of my bed as if he was about to pee on it while holding his dick. When I tried pulling away again, he collapsed on my bed. I went to the office to get the people to remove him and they said that his whole front including his hair was covered in ""water"" they believe. My whole sheets and pillows were wet but when I smelled them, it smelled like sin and it honestly made me gag. The smell is still burning in my nose.

I understand that it was unintentional since he was stupidly drunk but ew.

I told some people about it but they disagreed with me when I said I don’t believe it’s SA since he was drunk and only thought my room was his, right?","1ghylt9 TwoXChromosomes How is this SA? No-Debate607 /r/TwoXChromosomes/comments/1ghylt9/how_is_this_sa/ It was 1- 2 AM. I (18f) was in bed until I heard someone open my door and saw it was a guy who lives in the same flat of me. I said ""you're in the wrong room"" as he stumbled in and kind of freaked out when I saw him holding his dick. I grabbed his arm and tried pulling him out but he literally wouldn't budge and he was starting to stand in front of my bed as if he was about to pee on it while holding his dick. When I tried pulling away again, he collapsed on my bed. I went to the office to get the people to remove him and they said that his whole front including his hair was covered in ""water"" they believe. My whole sheets and pillows were wet but when I smelled them, it smelled like sin and it honestly made me gag. The smell is still burning in my nose.

I understand that it was unintentional since he was stupidly drunk but ew.

I told some people about it but they disagreed with me when I said I don’t believe it’s SA since he was drunk and only thought my room was his, right?",embeddedpotato@0,1,/r/TwoXChromosomes/comments/1ghylt9/how_is_this_sa/,No-Debate607,Yeah I do have a lock but I was stupid in forgetting to lock the door behind me…the dorm is secure and it was actually someone in the office that unlocked the two doors to the flat for him while he was drunk and left him to accidentally enter my room.,"If you can't get a proper installed lock on the door get yourself one of these! [https://www.amazon.com/HNHMT-Upgraded-Protection-Traveling-Apartment/dp/B098XLXV3V/](https://www.amazon.com/HNHMT-Upgraded-Protection-Traveling-Apartment/dp/B098XLXV3V/)

Some people will say it's worse for fire safety but I think the tradeoff is worth it sometimes",3
1ifimb9,sexualassault,I am confused what happened,"My best friend and a guy I really liked went on a date 

Story one he put his hand on my thigh pushing it away then tries again  we were on a date he he kept trying to touch my thigh  and I kept swatting it away this was years ago  I get counter things a therapist said no but It pops up awhile I've been through assaults so I am  confused  I didn't say no  I could have ran away with my wheelchair but i.didnt I just damn  I am trying any excuses to make this ok cause I just froze

Also another one I go back back and forth 

 Story two A ex boyfriend 

I was 17 he was 19 he pinned  me down and touched me. I automatically submitted cause I either liked it or I was scared    he was like pounds more then me  trying to get me to do  something to him but a car drove by  so he stopped pressing it again it didn't seem like a big deal  I didn't say no ","1ifimb9 sexualassault I am confused what happened Fail_North /r/sexualassault/comments/1ifimb9/i_am_confused_what_happened/ My best friend and a guy I really liked went on a date 

Story one he put his hand on my thigh pushing it away then tries again  we were on a date he he kept trying to touch my thigh  and I kept swatting it away this was years ago  I get counter things a therapist said no but It pops up awhile I've been through assaults so I am  confused  I didn't say no  I could have ran away with my wheelchair but i.didnt I just damn  I am trying any excuses to make this ok cause I just froze

Also another one I go back back and forth 

 Story two A ex boyfriend 

I was 17 he was 19 he pinned  me down and touched me. I automatically submitted cause I either liked it or I was scared    he was like pounds more then me  trying to get me to do  something to him but a car drove by  so he stopped pressing it again it didn't seem like a big deal  I didn't say no ",Starfury7-Jaargen@0,1,/r/sexualassault/comments/1ifimb9/i_am_confused_what_happened/,Fail_North,I told my therapist about the first she said it wasn't sad and that's blown out of proportion but I keep remembering both,"&gt;I kept swatting it away

This is a no. While we often say not saying no is not a yes, in this case it is a non-verbal no. The fact he kept trying it was a sexual assault because while it was your thigh, it was still close enough to be a private area. You don't have to run for it to be SA either, You made your feeling known and he ignored them,

2nd case. Pinned you down, doesn't sound like a consentual start. You submissted, well, he started with force. Force nulifies all consent after. Submitting is not approval or consent. It is a defense mechanism.

In both cases you were sexually assaulted. You don't have to say no but the first case you showed it and second case he began with force.",2
vsuc6s,sexualassault,was I sexually assaulted or just badly harrassed?,"Hello all. First time reddit poster ever but wanted to get some insight on a situation that happened to me. A little background I was in an abusive relationship for 5 years and was held hostage by my ex for months and raped and forcibly sodomized as well as beat until the relationship ended. I have been in a happy relationship for 4 years now. I am an in home caregiver. My company calls me and says 'we have a client for you' and if the schedule works for me I take the shift and they send me the info. Yesterday I was with a new client for the first time a 77 y.o. man. Completely normal no cognitive issues etc that could have began to excuse his behavior. 

Okay so I had to give him a shower which is normal for my line of work. He wanted it as soon as I got there. While I was showering him I got a weird vibe but he wasn't actually saying anything to me at this point though. When I got to his genital region I was being gentle for obvious reasons. He made a comment about how I needed to get him cleaner there. So I gave him another quick scrub and moved on. Then he starts telling me that i need to put on his Lotion. Okay no big deal. Until he Lays down naked on the bed and wants me to Lotion his whole body and massage his legs for his circulation. I do that and I finish and he tells me I forgot his ""middle part"" I knew he meant his genitals and I ignored him and just started handing him his clothes. After he was dressed and sat down in his recliner he starts going on about how his other caregiver (I was covering her shift bc she's on vacation) had to give him a 2nd bath bc she didn't get him clean the first time. He also kept making comments about ""wow that was so fast usually my shower and Lotion takes over an hour you rushed through it"". It was a 10 minute shower and like 5 min Lotion. Long enough to get clean and moisturized. So I clean his house and make him lunch. Then he starts saying ""I'm sorry if I made you uncomfortable it was a misunderstanding"" okay so I start to think maybe I'm overthinking this and my past experience is making me feel sketched out. At this point he was pulling me off the fence on if I should report this or not. So he continues to tell me that he will need another shower bc his enlarged prostate makes him urinate all over himself and that's why he needs ""that area good and clean"" okay so I was just going to avoid it and not give him a 2nd shower but he got in it on his own while I was cleaning in the other room and I have to assist him bc he's a fall risk. So he starts making comments like ""oh yeah just like that"" ""keep going"" ""not gonna lie that feels good"" anytime I start getting near his junk. He definitely had an erection. At this point I'm freaked the hell out. He gets out and I am toweling him off and I get to his genitals and as I'm drying he's saying over and over ""oh I hope i never get dry"" and moaning. I stop immediately and say let's skip the 2nd round of Lotion. I let him go get dressed. He calls me from the other room and I go in, he's butt naked on the bed again and he has poured Lotion on his body. I rub it in real quick and hand him his clothes he said ""you forgot my pubic area"" I snapped and said ""I'm not comfortable with this or that and this is highly inappropriate"" and he starts saying ""oh I didn't mean it like that"" ""it's a misunderstanding"" ""I don't know how this caregiving works"" and so I finished the last hour of my shift bc I can't legally leave a client (abandonment) and I didn't want to call my boss in front of him I was honestly scared of him. As soon as I left I called my boss and explained everything to her. She was very supportive and immediately reported him to the VA and called his other caregiver and turns out he did this to her as well and she didnt report it. Then I had to go home to my fiance and explain it to him. I was crying and felt so violated. I know it's probably just sexual harassment but it felt so much like when I was sexually assaulted before. I feel traumatized. I felt dirty disgusting and ashamed. So my question is something like this considered sexual assault? Or just sexual harassment.

Worst part is he kept quoting scripture to me all day. After doing what he was doing.","vsuc6s sexualassault was I sexually assaulted or just badly harrassed? Ana_Nonomous95 /r/sexualassault/comments/vsuc6s/was_i_sexually_assaulted_or_just_badly_harrassed/ Hello all. First time reddit poster ever but wanted to get some insight on a situation that happened to me. A little background I was in an abusive relationship for 5 years and was held hostage by my ex for months and raped and forcibly sodomized as well as beat until the relationship ended. I have been in a happy relationship for 4 years now. I am an in home caregiver. My company calls me and says 'we have a client for you' and if the schedule works for me I take the shift and they send me the info. Yesterday I was with a new client for the first time a 77 y.o. man. Completely normal no cognitive issues etc that could have began to excuse his behavior. 

Okay so I had to give him a shower which is normal for my line of work. He wanted it as soon as I got there. While I was showering him I got a weird vibe but he wasn't actually saying anything to me at this point though. When I got to his genital region I was being gentle for obvious reasons. He made a comment about how I needed to get him cleaner there. So I gave him another quick scrub and moved on. Then he starts telling me that i need to put on his Lotion. Okay no big deal. Until he Lays down naked on the bed and wants me to Lotion his whole body and massage his legs for his circulation. I do that and I finish and he tells me I forgot his ""middle part"" I knew he meant his genitals and I ignored him and just started handing him his clothes. After he was dressed and sat down in his recliner he starts going on about how his other caregiver (I was covering her shift bc she's on vacation) had to give him a 2nd bath bc she didn't get him clean the first time. He also kept making comments about ""wow that was so fast usually my shower and Lotion takes over an hour you rushed through it"". It was a 10 minute shower and like 5 min Lotion. Long enough to get clean and moisturized. So I clean his house and make him lunch. Then he starts saying ""I'm sorry if I made you uncomfortable it was a misunderstanding"" okay so I start to think maybe I'm overthinking this and my past experience is making me feel sketched out. At this point he was pulling me off the fence on if I should report this or not. So he continues to tell me that he will need another shower bc his enlarged prostate makes him urinate all over himself and that's why he needs ""that area good and clean"" okay so I was just going to avoid it and not give him a 2nd shower but he got in it on his own while I was cleaning in the other room and I have to assist him bc he's a fall risk. So he starts making comments like ""oh yeah just like that"" ""keep going"" ""not gonna lie that feels good"" anytime I start getting near his junk. He definitely had an erection. At this point I'm freaked the hell out. He gets out and I am toweling him off and I get to his genitals and as I'm drying he's saying over and over ""oh I hope i never get dry"" and moaning. I stop immediately and say let's skip the 2nd round of Lotion. I let him go get dressed. He calls me from the other room and I go in, he's butt naked on the bed again and he has poured Lotion on his body. I rub it in real quick and hand him his clothes he said ""you forgot my pubic area"" I snapped and said ""I'm not comfortable with this or that and this is highly inappropriate"" and he starts saying ""oh I didn't mean it like that"" ""it's a misunderstanding"" ""I don't know how this caregiving works"" and so I finished the last hour of my shift bc I can't legally leave a client (abandonment) and I didn't want to call my boss in front of him I was honestly scared of him. As soon as I left I called my boss and explained everything to her. She was very supportive and immediately reported him to the VA and called his other caregiver and turns out he did this to her as well and she didnt report it. Then I had to go home to my fiance and explain it to him. I was crying and felt so violated. I know it's probably just sexual harassment but it felt so much like when I was sexually assaulted before. I feel traumatized. I felt dirty disgusting and ashamed. So my question is something like this considered sexual assault? Or just sexual harassment.

Worst part is he kept quoting scripture to me all day. After doing what he was doing.",playfulpear7@0,1,/r/sexualassault/comments/vsuc6s/was_i_sexually_assaulted_or_just_badly_harrassed/,Ana_Nonomous95,Thank you so much,"I would say that's sexual assault. If you feel violated, then it is. You didn't give consent for him to do any of that. He knows you are a caregiver and you're there to do your job and take care of him, nothing more and nothing less. He took advantage of you and the situation. 

I'm proud of you for reporting it. I'm very sorry this happened to you.",2
1hnus25,rape,The “it wasn’t that bad” feeling,"I hope it’s not just me, but whenever I hear someone else’s SA story I feel extremely triggered, not because of what I’ve been through but also bc I feel like my own personal experience wasn’t that bad and wasn’t so traumatizing. I keep comparing it and I keep putting me down. 
Maybe this is a way for my brain to tell me it’s my fault, or that it didn’t happen, it wasn’t rape.
But the thing is, this really gets me bc it feels like I don’t have the right to feel bad or triggered or be traumatized bc there’s plenty of other people who suffered way more.
I don’t like this, but I’m starting to believe it. It wasn’t rape bc it wasn’t so brutal as other people’s stories, right? Or it wasn’t rape bc I didn’t suffer enough or bc it wasn’t “that bad”.

Do you feel like this too? Am I overreacting? What if I’m right? What if it wasn’t really that bad? What if it wasn’t really rape? 

It’s impossible, I’ve been diagnosed with PTSD, so if it wasn’t bad why do I feel so shitty about it? 

Tbh, I feel like I’m a weak drama queen and everything I’ve been through was nothing.","1hnus25 rape The “it wasn’t that bad” feeling yellowflower_321 /r/rape/comments/1hnus25/the_it_wasnt_that_bad_feeling/ I hope it’s not just me, but whenever I hear someone else’s SA story I feel extremely triggered, not because of what I’ve been through but also bc I feel like my own personal experience wasn’t that bad and wasn’t so traumatizing. I keep comparing it and I keep putting me down. 
Maybe this is a way for my brain to tell me it’s my fault, or that it didn’t happen, it wasn’t rape.
But the thing is, this really gets me bc it feels like I don’t have the right to feel bad or triggered or be traumatized bc there’s plenty of other people who suffered way more.
I don’t like this, but I’m starting to believe it. It wasn’t rape bc it wasn’t so brutal as other people’s stories, right? Or it wasn’t rape bc I didn’t suffer enough or bc it wasn’t “that bad”.

Do you feel like this too? Am I overreacting? What if I’m right? What if it wasn’t really that bad? What if it wasn’t really rape? 

It’s impossible, I’ve been diagnosed with PTSD, so if it wasn’t bad why do I feel so shitty about it? 

Tbh, I feel like I’m a weak drama queen and everything I’ve been through was nothing.",Puzzleheaded-Boot786@0,1,/r/rape/comments/1hnus25/the_it_wasnt_that_bad_feeling/,yellowflower_321,Lolll same,"I’ve raped many many times and I think often ”it wasn’t that bad”, because ”Well, I wasn’t Junko Furuta or Natascha Kampusch.” So it means ”I’m fine”.🙃",3
u56csg,rape,Help is this considered sexual assault,"Hi, I’m an 18F attending uni internationally in the UK.   This has been eating me alive because I received so many different blames and answers to this.  Basically, I moved here in august.  Being homeschooled my whole life, the clubbing / party thing was really new to me. 

I (think) I’ve been assaulted three times.  I say think, because I’ve never reported them since some people told me it’s not worth reporting 

My first experience was my first night at a flat party.  I met a guy who was friends with my flatmates.  He was really nice and neutral toward me, not creepy or flirty.  He wanted to do shots, so he gave me 3 to “test my limit” but he ended up doing one. Next thing I know, I wake up in the ambulance because they said I hit my head really hard.  I was found naked and unconscious in his flat.  I know this obviously sounds like assault, but here’s the thing.  He called the ambulance himself, seemed really worried for me, and told me that I consented and said yes when he asked if I wanted to have sex.  I have no memory of this, being blackout drunk and was still a virgin.  He was really drunk too, but not as drunk as me. 


Second experience was with another guy who lives in my building.  He wanted to talk to me about homework and get to know me as a fellow international student himself.  He said we’ll take a walk on campus, but changed his mind and convinced me to go with him to get food in town.  So we get food and walk back to the bus stop around 10pm.  He asks to kiss me and I hesitantly agree.  He starts kissing me but he begins to put his hands down my pants to squeeze my ass in public.  We finally get the bus, and he follows me to my floor and goes into my kitchen.  He keeps kissing and puts his hand inside my underwear and tries to rip off my top, shoving his tongue down my throat.  I kept laughing cuz I do this when I’m nervous and kept telling him I’m tired and I need to go to bed.  He keeps begging me to show him my room and I’m getting scared.  He eventually leaves, however he doesn’t think he did anything wrong and kept speaking to me like normal every day from then on.     


Third experience would be on Halloween a week later.  I’m at a Halloween party with my friends and they want to leave.  I stay to talk to a girl and she says she will walk me home because I am drunk.  She ends up disappearing for the night.  A guy approached me and scared off all the weirdos hitting on me, and he seems to be the only sober guy there.  He was absolutely not drunk.  He starts to walk me up but claims he needs to go pee in his room.  It’s raining so he brings me inside and I tell him I’ll wait outside his door but he insists on showing me his cool collectibles in his room.  I go in and wait and he comes out of the bathroom but locks his his bedroom door.  He starts to kiss me and I start laughing and saying I want to go home.  He says “5 more min” and 5 min passes where I let him kiss me.  He then says it’s raining too hard.  I am drunk and the campus is huge so I do not know how to get back on my own.  My phone is dead.  I refuse to take off my costume even though he gets mostly naked.  He pins me to the bed and turns out the light and I tell him I don’t want to have sex just kiss.  He left 9 hickeys on my neck and some were bleeding.  They hurt and I did not ask for hickeys.  I feel his penis suddenly insert me and I’m in shock as I told him no to sex 5 times.  I lie there and pretend to enjoy it and he eventually falls asleep.  I found out hes really popular on social media and it made me feel so small and like I would get harrassed or accused of lying.  I know this was a long time ago but I still have nightmares and confused as some people say it isn’t wrong if I was too scared to say no because they thought I wanted it","u56csg rape Help is this considered sexual assault WintryNymph /r/rape/comments/u56csg/help_is_this_considered_sexual_assault/ Hi, I’m an 18F attending uni internationally in the UK.   This has been eating me alive because I received so many different blames and answers to this.  Basically, I moved here in august.  Being homeschooled my whole life, the clubbing / party thing was really new to me. 

I (think) I’ve been assaulted three times.  I say think, because I’ve never reported them since some people told me it’s not worth reporting 

My first experience was my first night at a flat party.  I met a guy who was friends with my flatmates.  He was really nice and neutral toward me, not creepy or flirty.  He wanted to do shots, so he gave me 3 to “test my limit” but he ended up doing one. Next thing I know, I wake up in the ambulance because they said I hit my head really hard.  I was found naked and unconscious in his flat.  I know this obviously sounds like assault, but here’s the thing.  He called the ambulance himself, seemed really worried for me, and told me that I consented and said yes when he asked if I wanted to have sex.  I have no memory of this, being blackout drunk and was still a virgin.  He was really drunk too, but not as drunk as me. 


Second experience was with another guy who lives in my building.  He wanted to talk to me about homework and get to know me as a fellow international student himself.  He said we’ll take a walk on campus, but changed his mind and convinced me to go with him to get food in town.  So we get food and walk back to the bus stop around 10pm.  He asks to kiss me and I hesitantly agree.  He starts kissing me but he begins to put his hands down my pants to squeeze my ass in public.  We finally get the bus, and he follows me to my floor and goes into my kitchen.  He keeps kissing and puts his hand inside my underwear and tries to rip off my top, shoving his tongue down my throat.  I kept laughing cuz I do this when I’m nervous and kept telling him I’m tired and I need to go to bed.  He keeps begging me to show him my room and I’m getting scared.  He eventually leaves, however he doesn’t think he did anything wrong and kept speaking to me like normal every day from then on.     


Third experience would be on Halloween a week later.  I’m at a Halloween party with my friends and they want to leave.  I stay to talk to a girl and she says she will walk me home because I am drunk.  She ends up disappearing for the night.  A guy approached me and scared off all the weirdos hitting on me, and he seems to be the only sober guy there.  He was absolutely not drunk.  He starts to walk me up but claims he needs to go pee in his room.  It’s raining so he brings me inside and I tell him I’ll wait outside his door but he insists on showing me his cool collectibles in his room.  I go in and wait and he comes out of the bathroom but locks his his bedroom door.  He starts to kiss me and I start laughing and saying I want to go home.  He says “5 more min” and 5 min passes where I let him kiss me.  He then says it’s raining too hard.  I am drunk and the campus is huge so I do not know how to get back on my own.  My phone is dead.  I refuse to take off my costume even though he gets mostly naked.  He pins me to the bed and turns out the light and I tell him I don’t want to have sex just kiss.  He left 9 hickeys on my neck and some were bleeding.  They hurt and I did not ask for hickeys.  I feel his penis suddenly insert me and I’m in shock as I told him no to sex 5 times.  I lie there and pretend to enjoy it and he eventually falls asleep.  I found out hes really popular on social media and it made me feel so small and like I would get harrassed or accused of lying.  I know this was a long time ago but I still have nightmares and confused as some people say it isn’t wrong if I was too scared to say no because they thought I wanted it",crystaloves@2,3,/r/rape/comments/u56csg/help_is_this_considered_sexual_assault/,WintryNymph,"Thank you for this comment.  Im not sure if they do, and I’m currently in counselling for it.  One of the guys was an exchange student from Italy and had to go back to be hospitalised for Bipolar disorder (I know since he lived in my building).  Im not sure if they could do anything about him and I’m sure If he is mentally ill they won’t think twice","Oh then they’re victim blaming you. That’s horrible. What you wore and drinking doesn’t justify these men taking advantage of you and it was not your fault. A Title IX is the discrimination against someone based on their gender and it also covered any and all forms of sexual violence. I’m not sure where you’re from but if you’re going to a university in the UK, you can absolutely take it up with the school (and I mean the people like academic administrators) if it happened on their campus. As for the security, don’t really go to them. Go to the police themselves instead.",1
1o0ktop,sexualassault,Does it count as SA?,"Im 15F. As a younger child (I can’t remember exactly when, probably around 5? Something like that) my dad got a house in the garden. Like a study? Anyways. Me and my siblings (ages aren’t entirely accurate but something around 7M and 11F maybe?) would have sleepovers in the study. All fine. Sometimes, me and my sister would have sleepovers alone. All fine. But then we started playing roleplay games. All fine. But then she’d the games with me touching her chest or us kissing. All… fine? I don’t know. I did say yes, but I was a dumb 5 year old who had no idea what was happening. But she was 11? She was probably just experimenting. She didn’t know what she was doing. Right…? Later on, it led to me having problems with 🌽 that luckily I have tamed, and I think I might be hypersexual. I don’t even know if it actually happened or if I made it up, but then again why would I come up with that?

Is this SA? Or am I just going crazy?","1o0ktop sexualassault Does it count as SA? SoThisIsHowItEnds- /r/sexualassault/comments/1o0ktop/does_it_count_as_sa/ Im 15F. As a younger child (I can’t remember exactly when, probably around 5? Something like that) my dad got a house in the garden. Like a study? Anyways. Me and my siblings (ages aren’t entirely accurate but something around 7M and 11F maybe?) would have sleepovers in the study. All fine. Sometimes, me and my sister would have sleepovers alone. All fine. But then we started playing roleplay games. All fine. But then she’d the games with me touching her chest or us kissing. All… fine? I don’t know. I did say yes, but I was a dumb 5 year old who had no idea what was happening. But she was 11? She was probably just experimenting. She didn’t know what she was doing. Right…? Later on, it led to me having problems with 🌽 that luckily I have tamed, and I think I might be hypersexual. I don’t even know if it actually happened or if I made it up, but then again why would I come up with that?

Is this SA? Or am I just going crazy?",AbusedAndConfused27@0,1,/r/sexualassault/comments/1o0ktop/does_it_count_as_sa/,SoThisIsHowItEnds-,Oh alright thanks :( I hope you’re okay or at least doing mostly ok ❤️,"I think I’d say this is child on child SA, similar to what I went through. I’m also hyper sexual and struggle with similar problems. You’re normal, and yes, this is a form of SA.",2
wbthai,rape,I think I was assaulted by my gynecologist,"I had to go to the gynecologist due to health issues in the area, and I was extremely anxious about getting a pelvic exam due to significant sexual trauma. I told her about my trauma, to which she was rather insensitive. I also told her I had severe pain upon penetration and had had it for as long as I can remember. When she examined me, I don't remember if she told me what she was going to do first (which I know might be crucial but I was super disassociated) but she inserted her finger really fast, which immediately triggered a trauma response and I started having a severe panic attack. Then, when she tried to insert the speculum, it was instantly excruciating. I instinctually started clamping my legs shut, which she pried opened and told me to ""just relax"" which triggered me even more. I was shuffling up the chair trying to get away from her but she wouldn't stop and continued to tell me to relax. I couldn't even say no I was so shocked. My legs kept involuntarily closing which she kept fighting. Afterwards she told me I had vaginismus, which she obviously knew fairly early into the exam. I have been significantly traumatised by this experience and an terrified to go back to any gynecologist, which sucks because I really need to get my physical issues sorted. Was this assault or rape? I don't know because I didn't say no but my trauma therapist says it was.","wbthai rape I think I was assaulted by my gynecologist canonell /r/rape/comments/wbthai/i_think_i_was_assaulted_by_my_gynecologist/ I had to go to the gynecologist due to health issues in the area, and I was extremely anxious about getting a pelvic exam due to significant sexual trauma. I told her about my trauma, to which she was rather insensitive. I also told her I had severe pain upon penetration and had had it for as long as I can remember. When she examined me, I don't remember if she told me what she was going to do first (which I know might be crucial but I was super disassociated) but she inserted her finger really fast, which immediately triggered a trauma response and I started having a severe panic attack. Then, when she tried to insert the speculum, it was instantly excruciating. I instinctually started clamping my legs shut, which she pried opened and told me to ""just relax"" which triggered me even more. I was shuffling up the chair trying to get away from her but she wouldn't stop and continued to tell me to relax. I couldn't even say no I was so shocked. My legs kept involuntarily closing which she kept fighting. Afterwards she told me I had vaginismus, which she obviously knew fairly early into the exam. I have been significantly traumatised by this experience and an terrified to go back to any gynecologist, which sucks because I really need to get my physical issues sorted. Was this assault or rape? I don't know because I didn't say no but my trauma therapist says it was.",rheorawr@0,1,/r/rape/comments/wbthai/i_think_i_was_assaulted_by_my_gynecologist/,canonell,Thank you for taking the time to respond. It means a lot,"Assault is a legal term and the laws change about every twenty kilometers sometimes. So I can't say if it was assault.

It was very bad medical practice, zero empathy, and abusive.",4
x32je0,sexualassault,Was i sexually assaulted?,"So heres the story. When i was 17 i got my first tattoo. I asked the tattoo artist for his number (M26) and we chatted and one thing led to another and we had sex. On two separate occasions. I was 100% sober, it was me who even contacted him in the first place like i was interested in him before he was interested in me and the whole sexual act felt... consensual. So was it assault only because i was a minor and he was an adult?

Oh and, he waited to ask what my age was until we were done having sex. First time he met me i was wearing my cheerleader uniform so wtf else should he have thought i was? (We dont do college cheerleading in my country btw)","x32je0 sexualassault Was i sexually assaulted? nina1404 /r/sexualassault/comments/x32je0/was_i_sexually_assaulted/ So heres the story. When i was 17 i got my first tattoo. I asked the tattoo artist for his number (M26) and we chatted and one thing led to another and we had sex. On two separate occasions. I was 100% sober, it was me who even contacted him in the first place like i was interested in him before he was interested in me and the whole sexual act felt... consensual. So was it assault only because i was a minor and he was an adult?

Oh and, he waited to ask what my age was until we were done having sex. First time he met me i was wearing my cheerleader uniform so wtf else should he have thought i was? (We dont do college cheerleading in my country btw)",[deleted]@4,5,/r/sexualassault/comments/x32je0/was_i_sexually_assaulted/,nina1404,"Yea simply curious about the ""it was consensual yet the minor/adult scenario makes it bad"" like i feel it dont necessarily gott make it bad uk","Interesting. I'm not sure of how the law in your country would view this then. If you determine that it is considered statutory rape, what then? You don't have any trauma from it, are you simply curious?",1
v9gj1x,sexualassault,Can a kid sexually assault another kid and be considered responsible of their actions?,"I am talking about age 4 to  about 12/13. 
And what if a kid/child SA someone as a response of their own SA experience… is that considered SA and/or rapist?","v9gj1x sexualassault Can a kid sexually assault another kid and be considered responsible of their actions? Chococigarette /r/sexualassault/comments/v9gj1x/can_a_kid_sexually_assault_another_kid_and_be/ I am talking about age 4 to  about 12/13. 
And what if a kid/child SA someone as a response of their own SA experience… is that considered SA and/or rapist?",Winsoryyl@0,1,/r/sexualassault/comments/v9gj1x/can_a_kid_sexually_assault_another_kid_and_be/,Chococigarette,"Oh, alright, so it’s very hard to determine it as any state and country has their own rules. Thank you🤍","That's going to be a very region-specific question. For example, in California there is a law called SB 439 which basically states any crimes committed by a juvenile under the age of 12 years old (except major felonies like homicide, forcible rape, sodomy, etc) fall outside the jurisdiction of juvenile courts and law enforcement agencies tend to send these cases to CPS and let them handle it without any necessary legal proceedings.",6
tpeeap,SexualHarassment,Guy kept pressing about me sending nudes.,"I sit with this guy at lunch at school and he's in a couple of my classes and friends with some guys who are my friends so I think he's my friend but he just made me really uncomfortable and I don't know anymore. He messaged me on Snapchat asking for ""ass pics"" and the friend group we're in together (the aforementioned ""guys"") jokes about that stuff all the time but this didn't feel like a joke so I just replied ""idk if you're joking or not lol"" and he replied that he wasn't and to send him ass pics. I just said ""nah bro go watch some porn"" and he kept insisting. He started asking for pussy pics and I just told him that ""I'm sure you have a lot of porn sites saved go watch that"" and he said he didn't and to send them. He said he'll send me a dick pic if I do and sent ""🍆🍑"" and at this point I felt really uncomfortable and was panicking and just told him ""dude. I've told you no multiple times."" And then he started escalating and saying ""NOW."" ""SEND THEM NOW"" and saying that he was fr and send pics pls and I felt really uncomfortable but was scared he was gonna go tell the guys and make them not like me anymore which would suck because I have a hard time making friends. I just ghosted him but he kept asking and at this point I was on the verge of a anxiety attack and basically just told him to fuck off. ""I said no, go do smth better"" and he hasn't texted so far, but I feel really uncomfortable and shitty about the whole thing. I just don't know, maybe I was overreacting???

Update: I finally blocked him! However, I haven't told any teachers or anything about it yet because I'm on spring break, but he chose to harass probably one of the only people who has read the student handbook and code of conduct front to back multiple times (cause I like to find loopholes in the rules) so I know exactly how to report him. I'm also gonna talk to my therapist about it in the morning to help me, and those friends I mentioned who I thought who be mad at me if they found out? They're pissed at HIM and hate his guts.","tpeeap SexualHarassment Guy kept pressing about me sending nudes. heheh012 /r/SexualHarassment/comments/tpeeap/guy_kept_pressing_about_me_sending_nudes/ I sit with this guy at lunch at school and he's in a couple of my classes and friends with some guys who are my friends so I think he's my friend but he just made me really uncomfortable and I don't know anymore. He messaged me on Snapchat asking for ""ass pics"" and the friend group we're in together (the aforementioned ""guys"") jokes about that stuff all the time but this didn't feel like a joke so I just replied ""idk if you're joking or not lol"" and he replied that he wasn't and to send him ass pics. I just said ""nah bro go watch some porn"" and he kept insisting. He started asking for pussy pics and I just told him that ""I'm sure you have a lot of porn sites saved go watch that"" and he said he didn't and to send them. He said he'll send me a dick pic if I do and sent ""🍆🍑"" and at this point I felt really uncomfortable and was panicking and just told him ""dude. I've told you no multiple times."" And then he started escalating and saying ""NOW."" ""SEND THEM NOW"" and saying that he was fr and send pics pls and I felt really uncomfortable but was scared he was gonna go tell the guys and make them not like me anymore which would suck because I have a hard time making friends. I just ghosted him but he kept asking and at this point I was on the verge of a anxiety attack and basically just told him to fuck off. ""I said no, go do smth better"" and he hasn't texted so far, but I feel really uncomfortable and shitty about the whole thing. I just don't know, maybe I was overreacting???

Update: I finally blocked him! However, I haven't told any teachers or anything about it yet because I'm on spring break, but he chose to harass probably one of the only people who has read the student handbook and code of conduct front to back multiple times (cause I like to find loopholes in the rules) so I know exactly how to report him. I'm also gonna talk to my therapist about it in the morning to help me, and those friends I mentioned who I thought who be mad at me if they found out? They're pissed at HIM and hate his guts.",[deleted]@0,1,/r/SexualHarassment/comments/tpeeap/guy_kept_pressing_about_me_sending_nudes/,heheh012,I would block him and tell everyone what he did and shit but I don't want to lose any of the little friends I have because a lot of them like him.,You really should tell someone before he does it again. Not everyone knows how to say no.,1
lx6x3r,sexualassault,Has anyone stayed in a relationship with someone who sexually assaulted them?,"Basically, I've stayed in a relationship with someone who sexually assaulted me because I look at it as a mistake. I believe they did something wrong and knew I didn't consent but they're not a predator, it was a one off thing. They've been through stuff and I believe they didn't understand the gravity of what they were doing and just kept pushing because they didn't realise it was a violation and not the same as pushing me til I agree to buying him a burger or something. I'm pretty sure I experienced temporary PTSD (if that's a thing, I think it is) after it happened and it caused me great distress for some time. I broke up with him but then started seeing him again and because of that I basically pushed the feelings away and now I can't really access them. I think it's affecting me still cause every now and then it comes into my mind during intimate moments with him but it's been 2 years.

We were both 19 when it happened and now 21, and we were both nearly completely inexperienced sexually and I think that's relevant.

Has anyone else been in this situation? I've been feeling really angry about it recently and I don't know anyone else who has been in the same position I don't think.","lx6x3r sexualassault Has anyone stayed in a relationship with someone who sexually assaulted them? Gullible_Tale_1626 /r/sexualassault/comments/lx6x3r/has_anyone_stayed_in_a_relationship_with_someone/ Basically, I've stayed in a relationship with someone who sexually assaulted me because I look at it as a mistake. I believe they did something wrong and knew I didn't consent but they're not a predator, it was a one off thing. They've been through stuff and I believe they didn't understand the gravity of what they were doing and just kept pushing because they didn't realise it was a violation and not the same as pushing me til I agree to buying him a burger or something. I'm pretty sure I experienced temporary PTSD (if that's a thing, I think it is) after it happened and it caused me great distress for some time. I broke up with him but then started seeing him again and because of that I basically pushed the feelings away and now I can't really access them. I think it's affecting me still cause every now and then it comes into my mind during intimate moments with him but it's been 2 years.

We were both 19 when it happened and now 21, and we were both nearly completely inexperienced sexually and I think that's relevant.

Has anyone else been in this situation? I've been feeling really angry about it recently and I don't know anyone else who has been in the same position I don't think.",lunar-Pomegranate@0,1,/r/sexualassault/comments/lx6x3r/has_anyone_stayed_in_a_relationship_with_someone/,Gullible_Tale_1626,"That is exactly what I did! It's a habit I have in general where I separate myself from the bad things people have done to me but then I feel like I'm not able to see those people how I probably do deep inside. It's so confusing and it makes my feelings so hard to understand and deal with.

There's been some small betrayals for me too, and I think I react to them so intensely because I've allowed him another chance and given him so much love even after he did something that I know was a trauma that has changed me.

Thank you and I'm so sorry that it's still something you're working on to this day. I really hope that you'll be able to move on from it one day, you deserve to be happy. ❤️","In my head I mentally separated them from the person that they were when we first met. Constantly chasing the old them, but It felt like it was their “true self”. Maybe If I waited long enough or did all the right things he would come back or get better. After a lot of betrayal I was angry enough to leave, a long time after I realized they’d always been their true self. I’m still working on the trauma, maybe someday I can close that chapter.",1
1gsgogu,sexualassault,is this considered sa?,"these are some instances i had with my ex:

- he kissed me really early on while we were talking and i wasn’t really ready and i honestly didn’t enjoy the first kiss because i was just really stressed about it bc i wasn’t ready…
- i was willing in this case so i am a bit confused but he basically fingered me and it hurt so i’d tell him to stop and he wouldn’t until i physically pulled away + also i felt pressured into even doing this in the first place 
- he went down on me after i said i didn’t want it, but then i kinda enjoyed it
- i felt shame every time after any sort of intimacy and i also felt really sad and i told him that and he disregarded it and said “we’ll just have to do it more often then…” 

now that im writing this it does sound like sa… and i don’t really know what to do now because honestly every time i think about how i was intimate with him it stresses me out and i wish i never was intimate with him in the first place and idk why. i feel really embarrassed to have done anything with him. i hate that he has seen me in that completely vulnerable state tbh and idk what this means… ","1gsgogu sexualassault is this considered sa? StillIntelligent7610 /r/sexualassault/comments/1gsgogu/is_this_considered_sa/ these are some instances i had with my ex:

- he kissed me really early on while we were talking and i wasn’t really ready and i honestly didn’t enjoy the first kiss because i was just really stressed about it bc i wasn’t ready…
- i was willing in this case so i am a bit confused but he basically fingered me and it hurt so i’d tell him to stop and he wouldn’t until i physically pulled away + also i felt pressured into even doing this in the first place 
- he went down on me after i said i didn’t want it, but then i kinda enjoyed it
- i felt shame every time after any sort of intimacy and i also felt really sad and i told him that and he disregarded it and said “we’ll just have to do it more often then…” 

now that im writing this it does sound like sa… and i don’t really know what to do now because honestly every time i think about how i was intimate with him it stresses me out and i wish i never was intimate with him in the first place and idk why. i feel really embarrassed to have done anything with him. i hate that he has seen me in that completely vulnerable state tbh and idk what this means… ",Wild_Following_7475@0,1,/r/sexualassault/comments/1gsgogu/is_this_considered_sa/,StillIntelligent7610,thanks for your response :),"It may be SA, 3 the clearest.  Confide with a friend, mentor, parent, or consoler.  Maturing sexually can be awkward and have missteps.  Sorry you had a bad experience.",1
1hnmk17,sexualassault,I can't tell if I consented or not,"I've (17) been seeing this guy (also 17) for not that long and I feel like it's moving far too fast. At first it felt alright in the sense that we would kiss and it wasn't anything more, but now I swear he just wants to hook up with me and it's honestly freaking me out. We hung out recently (I don't want my friends to find this so I'm leaving out specifics), and he parked the car briefly so we could kiss. The issue is that I have a really big issue where I just can't say no to people, and when he asked to move to the backseat, I agreed. I didn't want to hook up with him, even from the start. I don't even know if I can be mad at him because he asked me several times if I was okay and to tell him if I wanted to stop, and I didn't stay stop. I feel like he did everything right but at the same time I don't. The issue is that I didn't say anything. I just froze and I didn't say no, but I didn't say yes either. The only thing I really found myself able to do was move his hand away once or twice, to which he did and apologized a lot. I want to be able to not blame myself but at the same time I feel like it's all my fault. I really, really regret not saying anything, and I feel like I can't do this if I don't have the basic ability to say ""stop"", ""no"", or anything of the sort. But I also really like him and he is a good guy and I don't want to end things so suddenly. I don't even know if I really want it to end, but I feel like I should for the sake of my mental health. I don't want to know what I could get myself into if I stay but I don't really know if I want to leave. I feel like it's my fault because I've been through sa before; I've always pledged that I would speak out and say no but I didn't, and I can't even bring myself to tell the people I care about about this story.","1hnmk17 sexualassault I can't tell if I consented or not Empty-Surround-4023 /r/sexualassault/comments/1hnmk17/i_cant_tell_if_i_consented_or_not/ I've (17) been seeing this guy (also 17) for not that long and I feel like it's moving far too fast. At first it felt alright in the sense that we would kiss and it wasn't anything more, but now I swear he just wants to hook up with me and it's honestly freaking me out. We hung out recently (I don't want my friends to find this so I'm leaving out specifics), and he parked the car briefly so we could kiss. The issue is that I have a really big issue where I just can't say no to people, and when he asked to move to the backseat, I agreed. I didn't want to hook up with him, even from the start. I don't even know if I can be mad at him because he asked me several times if I was okay and to tell him if I wanted to stop, and I didn't stay stop. I feel like he did everything right but at the same time I don't. The issue is that I didn't say anything. I just froze and I didn't say no, but I didn't say yes either. The only thing I really found myself able to do was move his hand away once or twice, to which he did and apologized a lot. I want to be able to not blame myself but at the same time I feel like it's all my fault. I really, really regret not saying anything, and I feel like I can't do this if I don't have the basic ability to say ""stop"", ""no"", or anything of the sort. But I also really like him and he is a good guy and I don't want to end things so suddenly. I don't even know if I really want it to end, but I feel like I should for the sake of my mental health. I don't want to know what I could get myself into if I stay but I don't really know if I want to leave. I feel like it's my fault because I've been through sa before; I've always pledged that I would speak out and say no but I didn't, and I can't even bring myself to tell the people I care about about this story.",ItzMaddie74@0,1,/r/sexualassault/comments/1hnmk17/i_cant_tell_if_i_consented_or_not/,Empty-Surround-4023,thank you so much i was scared i was overreacting &lt;3,"Right away, an immediate “yes” is consent. If you don’t respond, that is a *NO.* Moving your hand away is also a no. It shows that you are uncomfortable. 

If you want to work this out with your boyfriend, you can be completely honest and clear with him how you feel about moving too quickly, how you felt about this specific event, and so on. Depending on how he responds to this, you either get the hell out, or you can stay. The option is yours. 

With that said, he *should* know that moving his hand away, and not saying anything, is a no.",2
1hnus25,rape,The “it wasn’t that bad” feeling,"I hope it’s not just me, but whenever I hear someone else’s SA story I feel extremely triggered, not because of what I’ve been through but also bc I feel like my own personal experience wasn’t that bad and wasn’t so traumatizing. I keep comparing it and I keep putting me down. 
Maybe this is a way for my brain to tell me it’s my fault, or that it didn’t happen, it wasn’t rape.
But the thing is, this really gets me bc it feels like I don’t have the right to feel bad or triggered or be traumatized bc there’s plenty of other people who suffered way more.
I don’t like this, but I’m starting to believe it. It wasn’t rape bc it wasn’t so brutal as other people’s stories, right? Or it wasn’t rape bc I didn’t suffer enough or bc it wasn’t “that bad”.

Do you feel like this too? Am I overreacting? What if I’m right? What if it wasn’t really that bad? What if it wasn’t really rape? 

It’s impossible, I’ve been diagnosed with PTSD, so if it wasn’t bad why do I feel so shitty about it? 

Tbh, I feel like I’m a weak drama queen and everything I’ve been through was nothing.","1hnus25 rape The “it wasn’t that bad” feeling yellowflower_321 /r/rape/comments/1hnus25/the_it_wasnt_that_bad_feeling/ I hope it’s not just me, but whenever I hear someone else’s SA story I feel extremely triggered, not because of what I’ve been through but also bc I feel like my own personal experience wasn’t that bad and wasn’t so traumatizing. I keep comparing it and I keep putting me down. 
Maybe this is a way for my brain to tell me it’s my fault, or that it didn’t happen, it wasn’t rape.
But the thing is, this really gets me bc it feels like I don’t have the right to feel bad or triggered or be traumatized bc there’s plenty of other people who suffered way more.
I don’t like this, but I’m starting to believe it. It wasn’t rape bc it wasn’t so brutal as other people’s stories, right? Or it wasn’t rape bc I didn’t suffer enough or bc it wasn’t “that bad”.

Do you feel like this too? Am I overreacting? What if I’m right? What if it wasn’t really that bad? What if it wasn’t really rape? 

It’s impossible, I’ve been diagnosed with PTSD, so if it wasn’t bad why do I feel so shitty about it? 

Tbh, I feel like I’m a weak drama queen and everything I’ve been through was nothing.",Starfury7-Jaargen@4,5,/r/rape/comments/1hnus25/the_it_wasnt_that_bad_feeling/,yellowflower_321,"Sure, you can dm me",Do you want to talk any more?,1
xrhvp2,Molested,Against my better judgment I gave in to him.,"Trigger warning: sexual assault, sex and nudity. 

Took a long time for me to write this as I know this is when everything changed for me. A lot of my behavior and how I interact with people changed. Especially how I was with him. 

I still held off for the most part on sex and he did respect my boundaries of not having it. My friends were saying I was the last one (no surprises and no judgements) they would just hook up with guys way older then mine. They said he provides a stable and steady life why not? My only answer was I wanted to be older at least a teen who “knew what they did” silly as it sounds. But I couldn’t think of anything as nothing really happened to me. Things happened to others but not to me. I came home and got fight with my aunt and uncle as they were thinking of renting out my room to a friend. Told me I could sleep on the couch since I didn’t pay rent. I think that was the straw. I asked him if he minded I moved in with him permanently? He was ecstatic to say the least like it was the best news he heard and he welcomed me. Seeing how happy that made him against my better judgement I told him, we can start having sex. Never saw someone more happy then with that news. But I did have conditions at least hoping it would make things better, I told him condoms on at all times, not allowed to put me down in anyway and if he talks about it to not make me seem like I was slutty (I was still worried about what people said). He agreed to it all and promised to make me happy. But he had conditions to. Since I was living with him he expected certain things. He expected a hot meal or sex when he came home from work but I got to choose, at times. So I guess that was a positive? Nonetheless I agreed. 

I moved in all my other clothes to his place or as he said “our place”. My aunt and uncle were only concerned about not having “high end” groceries. When I asked them anything else, they said he would have to take care of it. So I was more convinced at making the right decision.

I moved in on a Tuesday and basically assumed my role as a domestic as he called it. I didn’t really know how to cook so it was a lot of soups which he didn’t complain about. I did say Friday would be a good day for us to have a physical relationship. Friday came and he was slow, gentle and caring. All the porn we watched wasn’t the best. A lot of those guys weren’t nice if I can explain it. He did take me to the room. We did what we did normally, he showed me he put on the condom. It was time, it hurt a lot but he took his time for now. He kept saying how tight I was( now I know what that meant thanks to my friends ). It was uncomfortable till it wasn’t but once again he was easy. He kept checking on me to make sure I was alright. It started feeling good. His fingers didn’t feel good so I was confused why this felt better. I finished before him. So we changed positions ( all fours )he kept telling me I was now his. He was slightly rougher in the new position my head kept hitting the headboard and he approved stating it took way too long for him to hear that noise. He took a long time to finish but I can tell as he kept going faster and harder till he did. He said 2/3 was my first but sooner or later he wants something else from me. 

Saturday I woke up and his neighbor was talking to him. I overheard him saying if everything was alright as he heard some moaning, screaming and banging last night. He said yeah just “fucking” my girlfriend. I still wasn’t used to that kind of word. His neighbor stated how he was lucky and good luck. I was kind of taken back by it but he assured me, people are going to assume anyway. So I guess that was ok since everyone assumed this was normal I just went along with it. That’s how it started with me.

My therapist said once again he knew the type of environment I was in and put the allusion of providing a better one as long as he got access to me. For a while I felt bad like I fell for it.","xrhvp2 Molested Against my better judgment I gave in to him. Thrownawaygullible /r/Molested/comments/xrhvp2/against_my_better_judgment_i_gave_in_to_him/ Trigger warning: sexual assault, sex and nudity. 

Took a long time for me to write this as I know this is when everything changed for me. A lot of my behavior and how I interact with people changed. Especially how I was with him. 

I still held off for the most part on sex and he did respect my boundaries of not having it. My friends were saying I was the last one (no surprises and no judgements) they would just hook up with guys way older then mine. They said he provides a stable and steady life why not? My only answer was I wanted to be older at least a teen who “knew what they did” silly as it sounds. But I couldn’t think of anything as nothing really happened to me. Things happened to others but not to me. I came home and got fight with my aunt and uncle as they were thinking of renting out my room to a friend. Told me I could sleep on the couch since I didn’t pay rent. I think that was the straw. I asked him if he minded I moved in with him permanently? He was ecstatic to say the least like it was the best news he heard and he welcomed me. Seeing how happy that made him against my better judgement I told him, we can start having sex. Never saw someone more happy then with that news. But I did have conditions at least hoping it would make things better, I told him condoms on at all times, not allowed to put me down in anyway and if he talks about it to not make me seem like I was slutty (I was still worried about what people said). He agreed to it all and promised to make me happy. But he had conditions to. Since I was living with him he expected certain things. He expected a hot meal or sex when he came home from work but I got to choose, at times. So I guess that was a positive? Nonetheless I agreed. 

I moved in all my other clothes to his place or as he said “our place”. My aunt and uncle were only concerned about not having “high end” groceries. When I asked them anything else, they said he would have to take care of it. So I was more convinced at making the right decision.

I moved in on a Tuesday and basically assumed my role as a domestic as he called it. I didn’t really know how to cook so it was a lot of soups which he didn’t complain about. I did say Friday would be a good day for us to have a physical relationship. Friday came and he was slow, gentle and caring. All the porn we watched wasn’t the best. A lot of those guys weren’t nice if I can explain it. He did take me to the room. We did what we did normally, he showed me he put on the condom. It was time, it hurt a lot but he took his time for now. He kept saying how tight I was( now I know what that meant thanks to my friends ). It was uncomfortable till it wasn’t but once again he was easy. He kept checking on me to make sure I was alright. It started feeling good. His fingers didn’t feel good so I was confused why this felt better. I finished before him. So we changed positions ( all fours )he kept telling me I was now his. He was slightly rougher in the new position my head kept hitting the headboard and he approved stating it took way too long for him to hear that noise. He took a long time to finish but I can tell as he kept going faster and harder till he did. He said 2/3 was my first but sooner or later he wants something else from me. 

Saturday I woke up and his neighbor was talking to him. I overheard him saying if everything was alright as he heard some moaning, screaming and banging last night. He said yeah just “fucking” my girlfriend. I still wasn’t used to that kind of word. His neighbor stated how he was lucky and good luck. I was kind of taken back by it but he assured me, people are going to assume anyway. So I guess that was ok since everyone assumed this was normal I just went along with it. That’s how it started with me.

My therapist said once again he knew the type of environment I was in and put the allusion of providing a better one as long as he got access to me. For a while I felt bad like I fell for it.",[deleted]@2,3,/r/Molested/comments/xrhvp2/against_my_better_judgment_i_gave_in_to_him/,Thrownawaygullible,No one really said anything. He said it was because he’s good looking so more people looked the other way.,I’m sorry you feel that,1
1k32yh6,rape,I saw my rapist at the park and we talked like nothing happened,"I got sexually assaulted around three years ago and didn’t realize it was sexual assault until I fully mentally processed the whole thing months afterwards. I was still in high school when it happened and the guy was a basketball player that went to my school. I didn’t know him that well but our friend groups got along. I never reported it. Nobody would believe me anyway. I healed on my own and moved on. 

Recently my friend and I were both back home from college and decided to hang out, get some food take a night walk in our hometown park to catch up. On our way we came across my rapist and one of his friends also hanging out along the same trail. I froze. It was the strangest feeling in the world.

His friend stopped us because he wanted to get my friends number which left me and my rapist to the side alone. He spoke to me like nothing. He smiled and laughed and said “it’s been a while since I’ve seen you.” I just went along with it. I smiled to his face and laughed with him like nothing. I asked how he had been. I was friendly, way more friendly than I should’ve been. We all made friendly banter with each other and eventually me and my friend said our goodbyes and kept walking. 

It’s been about a week or so and I feel like a faker. I can’t stop thinking about the interaction and telling myself, “if he really did rape you, you wouldn’t have been as nice as you were. it was way too easy for you to talk to him, which means it was never rape and you’re just making it up.”
Logically I know that isn’t true. He did assault me. I know it. He had me face down, he humiliated me and took my dignity from me. And then blocked me afterwards so I wouldn’t confront him about it. So I know it really did happen and I’m not making it up by means of common sense. But I still feel awful, like a liar, like I exaggerated everything. Why was it so easy for me to make small talk with someone like that? It shouldn’t have been that easy. 

Anyway. Just looking for some insight ","1k32yh6 rape I saw my rapist at the park and we talked like nothing happened Recent-Ad3080 /r/rape/comments/1k32yh6/i_saw_my_rapist_at_the_park_and_we_talked_like/ I got sexually assaulted around three years ago and didn’t realize it was sexual assault until I fully mentally processed the whole thing months afterwards. I was still in high school when it happened and the guy was a basketball player that went to my school. I didn’t know him that well but our friend groups got along. I never reported it. Nobody would believe me anyway. I healed on my own and moved on. 

Recently my friend and I were both back home from college and decided to hang out, get some food take a night walk in our hometown park to catch up. On our way we came across my rapist and one of his friends also hanging out along the same trail. I froze. It was the strangest feeling in the world.

His friend stopped us because he wanted to get my friends number which left me and my rapist to the side alone. He spoke to me like nothing. He smiled and laughed and said “it’s been a while since I’ve seen you.” I just went along with it. I smiled to his face and laughed with him like nothing. I asked how he had been. I was friendly, way more friendly than I should’ve been. We all made friendly banter with each other and eventually me and my friend said our goodbyes and kept walking. 

It’s been about a week or so and I feel like a faker. I can’t stop thinking about the interaction and telling myself, “if he really did rape you, you wouldn’t have been as nice as you were. it was way too easy for you to talk to him, which means it was never rape and you’re just making it up.”
Logically I know that isn’t true. He did assault me. I know it. He had me face down, he humiliated me and took my dignity from me. And then blocked me afterwards so I wouldn’t confront him about it. So I know it really did happen and I’m not making it up by means of common sense. But I still feel awful, like a liar, like I exaggerated everything. Why was it so easy for me to make small talk with someone like that? It shouldn’t have been that easy. 

Anyway. Just looking for some insight ",throwaway_fml16@0,1,/r/rape/comments/1k32yh6/i_saw_my_rapist_at_the_park_and_we_talked_like/,Recent-Ad3080,i’ve heard of that. i’ll look more into it. thank you so much for your kind words,"you fawned, honey. it's the fawn response. think of it like a method of self defense, you were scared of him, so you made yourself smaller to please him, so he wouldn't hurt you. it's a common misconception that it's just the two F's, fight or flight - there's actually four including fawn and freeze. would you describe yourself as a people pleaser? 

your memories are real. your experiences are real. what happened to you was very real, very horrible, and very traumatizing. i'm sorry you ran into him.",15
1bx3r10,sexualassault,I just texted him everything I think of him,"Hi all. I (24f) cant sleep. Had another flashback about my rapist. 


I was assulted repeatedly over the summer while I was in a situationship with a much older man. 


Long story short, we met clubbing one night and had a summer fling. On our first date I told him I was 23 and he told me he was 29. I had to find out on my own that he lied and was actually 42. 

I was very naieve looking back on it. Our dynamic was always centered around sex even when I tried to shift it elsewhere. We only met on weekend nights because he worked an hour away and only came to the city on weekends.

Every time we met up, he’d take me to a fancy dinner, we’d go clubbing, he’s get wasted and try to get me drunk, then proceed to have as much sex as possible with me from whenever we returned from the club to whenever we checked out of the Airbnb. There were multiple times where I would try to push him off of say stop. He just ignored it. If we were watching tv, he’d even turn it off so I couldn’t do anything but lay there with him on top of me. I would always be exhausted and sleep deprived after. 


I think I convinced myself in the moment that it wasn’t that bad because there were other things I liked about him, and I wanted him to love me. It’s so obvious now that I was basically just his personal escort.

I’ve had countless nightmares and flashbacks about him in the months since we ended things. I blocked him ages ago, but after having another nightmare tonight I decided to unblock him and tell him how much I fucking hate him. How I feel so disgusted about my body ever since he hurt me. How I think he’s a disgusting rapist because he may be oblivious. 


My memories of him feel like a virus and I wish I was rid of it. I just want to be over it already…


","1bx3r10 sexualassault I just texted him everything I think of him BlackDahliaLama /r/sexualassault/comments/1bx3r10/i_just_texted_him_everything_i_think_of_him/ Hi all. I (24f) cant sleep. Had another flashback about my rapist. 


I was assulted repeatedly over the summer while I was in a situationship with a much older man. 


Long story short, we met clubbing one night and had a summer fling. On our first date I told him I was 23 and he told me he was 29. I had to find out on my own that he lied and was actually 42. 

I was very naieve looking back on it. Our dynamic was always centered around sex even when I tried to shift it elsewhere. We only met on weekend nights because he worked an hour away and only came to the city on weekends.

Every time we met up, he’d take me to a fancy dinner, we’d go clubbing, he’s get wasted and try to get me drunk, then proceed to have as much sex as possible with me from whenever we returned from the club to whenever we checked out of the Airbnb. There were multiple times where I would try to push him off of say stop. He just ignored it. If we were watching tv, he’d even turn it off so I couldn’t do anything but lay there with him on top of me. I would always be exhausted and sleep deprived after. 


I think I convinced myself in the moment that it wasn’t that bad because there were other things I liked about him, and I wanted him to love me. It’s so obvious now that I was basically just his personal escort.

I’ve had countless nightmares and flashbacks about him in the months since we ended things. I blocked him ages ago, but after having another nightmare tonight I decided to unblock him and tell him how much I fucking hate him. How I feel so disgusted about my body ever since he hurt me. How I think he’s a disgusting rapist because he may be oblivious. 


My memories of him feel like a virus and I wish I was rid of it. I just want to be over it already…


",[deleted]@0,1,/r/sexualassault/comments/1bx3r10/i_just_texted_him_everything_i_think_of_him/,BlackDahliaLama,I re-blocked him as soon as I sent it. It was just eating me up inside that he hurt me so much and probably had no idea. I didn’t accept that he’d done so many non-consensual things to me until a month or 2 after we’d ended things.  I just wanted him to know I hated him I guess,"Are you going to read his reply, if he does? Please be careful, his denying and victim blaming can be very triggering and make things worse.",2
ryk65g,sexualassault,Help Pls,"I got extremely drunk one night at a party ( F19) and my BAC was around 0.25-0.30. Disclaimer: my memory is extremely messed up. this night lasted 8 hours and i can only remember a few seconds from each hour barley bc of my magnitude of alcohol. 

Somehow during the night i got separated from my friends and ended up on a couch in a frat next to some guy. Next thing i know he’s walking me to his car. In my mind, i didn’t have any thoughts and my body was too gone to realize the danger i was walking into. He ended up having sex with me, that i don’t even remember. I didn’t fight and i didn’t say anything i went with it because i was too drunk to really realize what was truly happening to me it seemed like a dream. I remember it hurting and wanting to stop but not trying to stop him.
I was with him for two hours that i don’t remember. i don’t know if i blacked like the rest of the night or if i passed out.

MY POINT: i feel like i cheated on my bf that i love to death, but i also blame myself for drinking so much bc i wanted to let go for the night. Is this situation considered sexual assault. BTW this man was able enough to drive and i was def incapacitated Did i cheat on my boyfriend? I’m so distraught. tysm if you reply i really need someone’s view.","ryk65g sexualassault Help Pls Double_Wolverine159 /r/sexualassault/comments/ryk65g/help_pls/ I got extremely drunk one night at a party ( F19) and my BAC was around 0.25-0.30. Disclaimer: my memory is extremely messed up. this night lasted 8 hours and i can only remember a few seconds from each hour barley bc of my magnitude of alcohol. 

Somehow during the night i got separated from my friends and ended up on a couch in a frat next to some guy. Next thing i know he’s walking me to his car. In my mind, i didn’t have any thoughts and my body was too gone to realize the danger i was walking into. He ended up having sex with me, that i don’t even remember. I didn’t fight and i didn’t say anything i went with it because i was too drunk to really realize what was truly happening to me it seemed like a dream. I remember it hurting and wanting to stop but not trying to stop him.
I was with him for two hours that i don’t remember. i don’t know if i blacked like the rest of the night or if i passed out.

MY POINT: i feel like i cheated on my bf that i love to death, but i also blame myself for drinking so much bc i wanted to let go for the night. Is this situation considered sexual assault. BTW this man was able enough to drive and i was def incapacitated Did i cheat on my boyfriend? I’m so distraught. tysm if you reply i really need someone’s view.",Truecancerzodiac@0,1,/r/sexualassault/comments/ryk65g/help_pls/,Double_Wolverine159,thank you so much.,Never is it your fault that another person CHOOSE to take advantage of you when you were in an intoxicated state. Instead of arguing that you shouldn’t have drank that much I would say that it doesn’t matter. The real problem is the people who do things like this to others especially men to women. So I would say you are the VICTIM. You were sexually assaulted and you did NOT cheat on your boyfriend because you were taken advantage of/ did not participate willingly.,1
1czsmbb,sexualassault,Hi this is a throwaway account,"I was hanging out with this guy, who has assaulted me in the past. I know stupid. I thought he had changed. So I went back to being friends with him. Well, during our hangout I was sitting on the edge of the couch and making it VERY obvious I didn’t wanna do anything sexual with him. I’m pretty sure(like 99% sure) I said “I don’t wanna do anything sexual”. So, as a comfort thing I swung my legs over his. Because I just do that with males on general. Well, he started to slide his hand up my thigh….he got closer and closer to my down there area, until he finally started touching me over my clothes. Not long after that, he started to finger me aggressively to the point where I was bleeding. I was frozen in fear, couldn’t say anything to him. I didn’t say no or stop. I was completely silent the whole time. 

My therapist and I have been talking about consent and what it means. She says “no means no” “yes means yes” and a lot of men in particular are used to the old ways of thinking about consent. The new way is ’maybe means no’ ‘I don’t know means no’ ‘I don’t want to means no’ ‘silence means no’ etc…. That’s the ‘new’ way of thinking. Instead of just ‘no means no’. An enthusiastic ’yes!’ Means that he can continue. And it’s important that he asks questions, during any sexual activity saying “do you want this or that?” And saying “yes” is consent all the way. Anything beyond ‘yes’ is sexual assault. So I’m still confused whether or not this is sexual assault.😞 

I’m just so confused and want to understand what had happened to me AGAIN. This all happened May 18th. So it’s been almost a week. ","1czsmbb sexualassault Hi this is a throwaway account randommmm224 /r/sexualassault/comments/1czsmbb/hi_this_is_a_throwaway_account/ I was hanging out with this guy, who has assaulted me in the past. I know stupid. I thought he had changed. So I went back to being friends with him. Well, during our hangout I was sitting on the edge of the couch and making it VERY obvious I didn’t wanna do anything sexual with him. I’m pretty sure(like 99% sure) I said “I don’t wanna do anything sexual”. So, as a comfort thing I swung my legs over his. Because I just do that with males on general. Well, he started to slide his hand up my thigh….he got closer and closer to my down there area, until he finally started touching me over my clothes. Not long after that, he started to finger me aggressively to the point where I was bleeding. I was frozen in fear, couldn’t say anything to him. I didn’t say no or stop. I was completely silent the whole time. 

My therapist and I have been talking about consent and what it means. She says “no means no” “yes means yes” and a lot of men in particular are used to the old ways of thinking about consent. The new way is ’maybe means no’ ‘I don’t know means no’ ‘I don’t want to means no’ ‘silence means no’ etc…. That’s the ‘new’ way of thinking. Instead of just ‘no means no’. An enthusiastic ’yes!’ Means that he can continue. And it’s important that he asks questions, during any sexual activity saying “do you want this or that?” And saying “yes” is consent all the way. Anything beyond ‘yes’ is sexual assault. So I’m still confused whether or not this is sexual assault.😞 

I’m just so confused and want to understand what had happened to me AGAIN. This all happened May 18th. So it’s been almost a week. ",stainglassaura@0,1,/r/sexualassault/comments/1czsmbb/hi_this_is_a_throwaway_account/,randommmm224,Thank you.🫶🏻🩵,Yes its assault. Please stay away from him he isnt going to change.,3
1i9db2r,sexualassault,Was it rape?,"I kind of just recently acknowledged an event happened that I think falls under the umbrella of rape, but it feels too extreme of a classification. For context, I was 15 years old when I began dating my first boyfriend. He was one of the most amazing people who could make me laugh and would listen to me whenever I had a family issue, although in hindsight I really do think that I only began dating him because he prioritized me in a way that my dad refused to. Despite how kind he was, he did have a bad habit of pressuring me often into things I wasn’t quite comfortable with. For example, I had my first kiss with him about 3 months after we began dating, which was a direct effect of him asking over and over again over a span of weeks. I will admit I’m a bad people-pleaser, and I felt very responsible for his happiness. Eventually after enough asking and me saying no, I caved. However, I realize that he should’ve never gone through with it, since he literally had to cover my eyes because I was so terrified and frozen. The pressuring and guilting continued for months regarding more significant actions, which I always eventually caved in. The biggest problem was him continuing to ask me on a frequent basis, and then acting completely defeated after I would say no. He would often complain about not feeling “satisfied” in our relationship because of these refusals, which I would take on completely through guilt. However, one thing that I refused to cave on was sex. It was already a taboo topic for me, but I was 15 and didn’t feel ready for it. I had expressed for months that it wasn’t something I would even be willing to consider until I was 18. I have found journals from that time, though, that was trying to plead when he would speak of unhappiness and the possibility of breaking up because of it, saying “I’ve though about trying to comply so that he is happy”. Despite this, I am positive my boundaries were very clear. In May of the following year, he ended up breaking up with me because I refused to have sex with him. He soon returned and said it was the worst mistake he made, although it was still something he would continue to ask about. Then, two weeks later on my 16th birthday, we were in my room, and he was pressing me again. I really felt responsible for his happiness, so, stupidly, I consented to him rubbing down on the vulva, although stated that I wasn’t consenting to sex. Suddenly, as I was pressed against the bed frame, I felt him begin to push inside, which sent a surge of panic through me. I quickly began repeating “no no no” in a distressed manner, and I felt him continue to push inside. What I do remember, though, is that he never pushed all the way in, which makes me question the validity of the occasion. I regained control of my body and pushed him off of me. I began sobbing and curled up in a ball, and he came over immediately to apologize and ask if I was okay. I guess I didn’t really question the occasion and shrugged it off as miscommunication, although it always bugged me in the back of my head. After that, I took on sex as my responsibility in our relationship, as he would typically complain about it being too long since we had engaged in that. That being said, it would often be about 4-5 times a week. He often guilted me into it, and I felt as though I became somebody only useful for sex. Fast forward to January of the next year, and my dad found out about the whole situation. This acted as a catalyst for me to begin questioning the circumstances of the situation, and open it up to the possibility of sexual assault. I confronted him about it, and he at first told me that he didn’t realize he was inside and that he didn’t remember me saying no. However, I didn’t feel as though the “no” was relevant because I very clearly never gave him consent and was obviously distressed. Also, I had made it clear for months that I wouldn’t consent to this. It felt very frustrated because I didn’t want to chalk up something that felt very violating to just a miscommunication or “gray area”. After about 2 hours of talking, he finally admitted that in the moment he was just eager to get the opportunity, was prioritizing and focusing on himself and his own wants, and was ignoring me and what I was saying. This situation has caused significant disruption to my life, resulting in panic attacks and a lot of shame. I feel disgusting for it happening and a lot of self-blame. I feel like I let it get to that point by consenting to lesser things. I should’ve fought back more physically or yelled no louder. Maybe I just want to be a victim. He’s a good person and cared about me, and I don’t think it was out of malicious intent. But I do know that he forced himself inside me on my birthday without my consent, regardless of whether he remembers me saying no. I didn’t give me that respect, nor did he give me respect in the months previous with other boundaries. The other previous actions I did ultimately consent to, so I don’t have anyone else to blame but me. I was just coerced and manipulated, but I said yes. Sex, I never said yes to. But I still love him and I’m not going to press charges. I just feel like I could’ve done more and it wasn’t that bad. If it is rape, it falls in the lesser end of the spectrum because it wasn’t violent or while I was unconscious. I just want my panic and feelings of violation and disgust and shame to be valid. Can someone give me their opinions on what happened?","1i9db2r sexualassault Was it rape? Mindless_Anybody4165 /r/sexualassault/comments/1i9db2r/was_it_rape/ I kind of just recently acknowledged an event happened that I think falls under the umbrella of rape, but it feels too extreme of a classification. For context, I was 15 years old when I began dating my first boyfriend. He was one of the most amazing people who could make me laugh and would listen to me whenever I had a family issue, although in hindsight I really do think that I only began dating him because he prioritized me in a way that my dad refused to. Despite how kind he was, he did have a bad habit of pressuring me often into things I wasn’t quite comfortable with. For example, I had my first kiss with him about 3 months after we began dating, which was a direct effect of him asking over and over again over a span of weeks. I will admit I’m a bad people-pleaser, and I felt very responsible for his happiness. Eventually after enough asking and me saying no, I caved. However, I realize that he should’ve never gone through with it, since he literally had to cover my eyes because I was so terrified and frozen. The pressuring and guilting continued for months regarding more significant actions, which I always eventually caved in. The biggest problem was him continuing to ask me on a frequent basis, and then acting completely defeated after I would say no. He would often complain about not feeling “satisfied” in our relationship because of these refusals, which I would take on completely through guilt. However, one thing that I refused to cave on was sex. It was already a taboo topic for me, but I was 15 and didn’t feel ready for it. I had expressed for months that it wasn’t something I would even be willing to consider until I was 18. I have found journals from that time, though, that was trying to plead when he would speak of unhappiness and the possibility of breaking up because of it, saying “I’ve though about trying to comply so that he is happy”. Despite this, I am positive my boundaries were very clear. In May of the following year, he ended up breaking up with me because I refused to have sex with him. He soon returned and said it was the worst mistake he made, although it was still something he would continue to ask about. Then, two weeks later on my 16th birthday, we were in my room, and he was pressing me again. I really felt responsible for his happiness, so, stupidly, I consented to him rubbing down on the vulva, although stated that I wasn’t consenting to sex. Suddenly, as I was pressed against the bed frame, I felt him begin to push inside, which sent a surge of panic through me. I quickly began repeating “no no no” in a distressed manner, and I felt him continue to push inside. What I do remember, though, is that he never pushed all the way in, which makes me question the validity of the occasion. I regained control of my body and pushed him off of me. I began sobbing and curled up in a ball, and he came over immediately to apologize and ask if I was okay. I guess I didn’t really question the occasion and shrugged it off as miscommunication, although it always bugged me in the back of my head. After that, I took on sex as my responsibility in our relationship, as he would typically complain about it being too long since we had engaged in that. That being said, it would often be about 4-5 times a week. He often guilted me into it, and I felt as though I became somebody only useful for sex. Fast forward to January of the next year, and my dad found out about the whole situation. This acted as a catalyst for me to begin questioning the circumstances of the situation, and open it up to the possibility of sexual assault. I confronted him about it, and he at first told me that he didn’t realize he was inside and that he didn’t remember me saying no. However, I didn’t feel as though the “no” was relevant because I very clearly never gave him consent and was obviously distressed. Also, I had made it clear for months that I wouldn’t consent to this. It felt very frustrated because I didn’t want to chalk up something that felt very violating to just a miscommunication or “gray area”. After about 2 hours of talking, he finally admitted that in the moment he was just eager to get the opportunity, was prioritizing and focusing on himself and his own wants, and was ignoring me and what I was saying. This situation has caused significant disruption to my life, resulting in panic attacks and a lot of shame. I feel disgusting for it happening and a lot of self-blame. I feel like I let it get to that point by consenting to lesser things. I should’ve fought back more physically or yelled no louder. Maybe I just want to be a victim. He’s a good person and cared about me, and I don’t think it was out of malicious intent. But I do know that he forced himself inside me on my birthday without my consent, regardless of whether he remembers me saying no. I didn’t give me that respect, nor did he give me respect in the months previous with other boundaries. The other previous actions I did ultimately consent to, so I don’t have anyone else to blame but me. I was just coerced and manipulated, but I said yes. Sex, I never said yes to. But I still love him and I’m not going to press charges. I just feel like I could’ve done more and it wasn’t that bad. If it is rape, it falls in the lesser end of the spectrum because it wasn’t violent or while I was unconscious. I just want my panic and feelings of violation and disgust and shame to be valid. Can someone give me their opinions on what happened?",ur_average_bigender@4,5,/r/sexualassault/comments/1i9db2r/was_it_rape/,Mindless_Anybody4165,"I am in therapy, but my dad kind of told her what he wanted to tell her about it all since he said it was his to process. So it felt like my story was taken out my control completely destroying the concept of a safe space, in a situation where I already didn’t have much control. I’m planning on trying to meet with my therapist soon, I just need to process a bit beforehand.","Thats probably for the best. Another good thing you can do is ask to start therapy, and I know you have probably been told this already but it really does help. It takes time though, getting through something like this will always take time. But its gets better eventually, so dont give up!",1
1eobna9,sexualassault,Was This SA?,"Hi guys! So in May of last year, I was dating someone up until near the end of June. I’ve had past experiences with SA and I made that clear from the very beginning and the fact I probably wouldn’t have sex with said partner for a long time due to my trauma.

At first, he seemed understanding of it but as the relationship went on, he started asking me to touch him sexually and I would always say no. But then it got to the point where he kept asking until I felt like I had to and did end up doing it.

I was just wondering if this was SA?","1eobna9 sexualassault Was This SA? Sky_Maxwell /r/sexualassault/comments/1eobna9/was_this_sa/ Hi guys! So in May of last year, I was dating someone up until near the end of June. I’ve had past experiences with SA and I made that clear from the very beginning and the fact I probably wouldn’t have sex with said partner for a long time due to my trauma.

At first, he seemed understanding of it but as the relationship went on, he started asking me to touch him sexually and I would always say no. But then it got to the point where he kept asking until I felt like I had to and did end up doing it.

I was just wondering if this was SA?",[deleted]@0,1,/r/sexualassault/comments/1eobna9/was_this_sa/,Sky_Maxwell,Thank you,"I don’t know if I’d call it SA, but I’d definitely call it rape.

Source: had the same thing happen to me.",1
1gjwvhf,Molested,Did it really count?,"I think I may have been sexually abused by my brother, but I'm starting to doubt it. I feel like it really wasn't that bad, and it really only happened a handful of times.

  
When I was 9-11, and my brother was 11-13, he would regularly show me porn. I felt like this was 'special' because I knew it was something we weren't supposed to see. One time my brother took me to the garage and made me suck his dick. I really did not want to, but I did it anyway. Apparently, I did such a bad job that he showed me blowjob porn so I 'learn to do it better', and thankfully, that never happened again. That moment still makes me feel disgusting, and I don't like swallowing my own saliva when I think about it. My brother and I slept in the same bed in our attic and basement during this time, and he convinced me to sleep naked. A few times, he made me open my legs so that he could examine my genitals to 'see if there was anything wrong,' and he told me it was possible for genitals to turn green. When I expressed that it was painful when he touched me, he told me to moan to get through the pain. I absolutely hate that I listened. Twice, I woke up to him humping or cuddling me. When I asked him about this, he said it was a 'leftover gene from the shy caveman.' I have no idea where the fuck he was getting his information, but whatever. And during the last couple of months, he would try to replicate sex positions with me, but I didn't participate because I was horribly uncomfortable with it during the last year. I got progressively more and more uncomfortable as it went on.

  
My brother is not a bad person, and we've never talked about what happened. I never want to anyway, and my parents don't know either. I know it could have been so much worse. I'm very glad I was never physically forced into anything, but I don't feel like my experience is bad enough to count as molestation or SA.","1gjwvhf Molested Did it really count? bonelesstick /r/Molested/comments/1gjwvhf/did_it_really_count/ I think I may have been sexually abused by my brother, but I'm starting to doubt it. I feel like it really wasn't that bad, and it really only happened a handful of times.

  
When I was 9-11, and my brother was 11-13, he would regularly show me porn. I felt like this was 'special' because I knew it was something we weren't supposed to see. One time my brother took me to the garage and made me suck his dick. I really did not want to, but I did it anyway. Apparently, I did such a bad job that he showed me blowjob porn so I 'learn to do it better', and thankfully, that never happened again. That moment still makes me feel disgusting, and I don't like swallowing my own saliva when I think about it. My brother and I slept in the same bed in our attic and basement during this time, and he convinced me to sleep naked. A few times, he made me open my legs so that he could examine my genitals to 'see if there was anything wrong,' and he told me it was possible for genitals to turn green. When I expressed that it was painful when he touched me, he told me to moan to get through the pain. I absolutely hate that I listened. Twice, I woke up to him humping or cuddling me. When I asked him about this, he said it was a 'leftover gene from the shy caveman.' I have no idea where the fuck he was getting his information, but whatever. And during the last couple of months, he would try to replicate sex positions with me, but I didn't participate because I was horribly uncomfortable with it during the last year. I got progressively more and more uncomfortable as it went on.

  
My brother is not a bad person, and we've never talked about what happened. I never want to anyway, and my parents don't know either. I know it could have been so much worse. I'm very glad I was never physically forced into anything, but I don't feel like my experience is bad enough to count as molestation or SA.",Intelligent-Honey173@0,1,/r/Molested/comments/1gjwvhf/did_it_really_count/,bonelesstick,"Are you sure it was really bad enough to count as anything? I feel it wasn't okay, but maybe it was just normal experimentation. My brother used to be my favorite person in the world before I fully remembered what happened, and I don't think he would do anything similar to another person. I honestly feel embarrassed about what happened, and thinking about it makes me feel disgusting.","Technically it’s COCSA (child on child sexual abuse), it’s considered molestation by most people and the professional psychiatric world. 

But the most important thing is the way you feel about it: “I don’t feel my experience is bad enough[…]”, it’s up to you to decide what you think and feel about it, disregard anyone who tries to convince you one way or another how you should feel or view it. Now I know it’s easier said than done as you’ll likely be confused about it for a long time, if not forever. 

If you can get a long with your brother and wish to continue to do so that’s your decision, if you don’t feel you can continue that relationship then follow your intuition and don’t be ashamed whichever decision you make. 

Things happen to us that we may not have chosen, or that maybe we did and we regret. Just know that you can always choose how to react and what to do moving forward, and none of those choices have to be permanent if you like.",2
o0j4ce,sexualassault,"I'm not sure if I was raped; I enjoyed it, he's my friend.","TRIGGER WARNING: Descriptive content.

Hi - here's the short story (I'm really confused):

I recently reconnected (as friends) with a guy I used to have sexual relations with (friends with benefits situation). I went over to his house last night. We were in bed, ready to fall asleep. We started cuddling and making out - which I liked. I had a shirt and a thong on, he went to pull the thong off when I grabbed his hands and said ""No, leave those on. I don't think we're going to have sex tonight. I'm not on birth control anymore."" He said okay, and left them half off. (We had not had sex since our FWB situation ended months ago). We continued to make out, he pulled his boxers partly down, which I thought was just for sensation reasons. He leaned back over top of me, we continued kissing, it was hot, and then suddenly he stuck his dick in me - fast, without asking. I was shocked, if the lights were on, that shock would have been clearly evident on my face. For a moment, I remember thinking in my head ""what the fuck just happened"", as we were still making out and he continued to fuck me. I was already turned on, and I still was aroused, so I went with it. I didn't say anything. He still did not ask. We continued to have rough sex, which I really enjoyed and actively participated in.

My question is, is this rape? I enjoyed it. But I didn't consent. I didn't want to have sex, but at the same time, I was sexually aroused and wanted him - even though I didn't, which is why I didn't consent. But then I just continued on and decided to have sex and go with my feelings of arousal because the decision to have sex was already made for me.

He's a good person, and I'm not saying any of this to paint a bad image of him. I'm just really confused, and I'm not even sure if I should talk to him about this, or (if I do) how I should go about doing so.

Thanks in advance for reading this, and offering your opinions everyone. <3",,[deleted]@0,1,https://www.reddit.com/r/sexualassault/comments/o0j4ce/im_not_sure_if_i_was_raped_i_enjoyed_it_hes_my/,Various-Committee-11,"Hey, interesting take! 

A while after posting this I found this article which explains many of feelings on this situation, so I'd be curious to see what you think after reading it (if you'd like of course). Here it is if you are interested: [https://goodmenproject.com/featured-content/the-accidental-rapist/](https://goodmenproject.com/featured-content/the-accidental-rapist/)

Additionally, I just want to add that I did actually say ""no"" when I said  ""No, leave those on. I don't think we're going to have sex tonight. I'm not on birth control anymore."" and then he proceeded to carry-forth a moments later. Albeit, my no was not extremely assertive or aggressive or anything; however, it was still a verbal ""no"" to having sex in that moment, but we continued everything else because that I was okay with. 

I think the article explains pretty well how I feel about most of that experience.","You are asking us the readers is this is rape 

I would say no, it is not
Whilst you did not object or refuse and some may use the ""froze"" excuse, I have liturally just read a story in here in which a poor girl was beaten, humiliated and wape up to being raped by her attackers and requiring hospital treatment and having had to move cities

I have commented on the post so you can read for yourselves by seing my replies 

But like you said, you was actively participating, you enjoyed it, I would say you might of been shocked by his behaviour as being out of the norm or what you have come to expect from him but by the sounds of it it was a case of two people who are fwb having rough sex

If it were where you was intoxicated unable to give concent, threatened, black mailed, harmed, groomed or under aged sex then yes I'd agree it was rape

But the people on this comment section appear to be on a ""pick me"" or ""metoo"" campaign rather than assessing the facts and comparing the level of this sexual experience to that of others and also where the law sits, whilst it varies from nation to nation, the over all consensus is without concent

And whilst the media often portrays silence as ""non consent"" a if we use the legal system as to determine concent and lawful actions then

If a court order or legal contract doesn't specify something it doesn't mean it cannot be done nor that it should not, anymore than it means should

Meaning the a judge cannot pass judgement and its likely to result in a no action result",2
jgdf4e,sexualassault,I need help,"I'm not really unsure of if it's sexual assault or not, but more if it counts as sexual assault in the eyes of the law. I am heavily considering filing a police report against my ex but I'm very unsure of whether or not I even can. 
What happened was I was at his house. I was hanging out with him on his couch, he made a lot of sexual comments and jokes toward me. I expressed that I wasn't in the mood to have sex, and he continued to talk about it. I just kinda tried to ignore it, but it was difficult to drown it out. He asked me to go to his room with him, and I figured since I already told him I didn't want to have sex that he'd just wanna cuddle with me or something like that. We got in his bed and he immediately went to spooning me, and he started to try to undo my belt. I physically curled up a bit so he wouldn't be able to, he kept trying for a bit until he just asked if I wanted to be left alone, to which I said I didn't want to have sex but I was fine with cuddling him. We cuddled for a little (literal minutes) before he began asking me again to have sex with him. I have always found it very difficult to say no and stand up to people because of my childhood, and he was aware of this. He was really pressuring me into saying yes to him, and eventually I just let him have sex with me because I wanted to get it over with and be left alone. My body language was still tense and it was clear I didn't want it. It was not an enthusiastic yes but more like a ""sure."" 
I don't even know at this point want I want. I just know that I never want him to be able to do that to anyone else. I feel disgusting whenever I think about it, I saw a video today about a very similar situation and my anxiety still has not settled down. I need to know if it's a viable option for me to file a police report against him. (I'm canadian, if it matters.)",,TuffyManzer@1,2,https://www.reddit.com/r/sexualassault/comments/jgdf4e/i_need_help/,throwaway_44544,"This was in march of this year, I was 16 and he was 17.",Do you mind me asking how long ago this was and how old you both were at the time?,2
o242ek,sexualassault,Is this sexual assault?,"So I was about 9 and I was friends with kids in the neighborhood but I was in elementary school and they were in high school. They were siblings. One I thought of as an older sister (S) and the other an older brother (B) . One day I was over at their house and S wasn't there. They lived with their mom and she might've been their at the time, not sure. B was their and I was watching him play video games. Then after awhile he turned of the game he was playing and said ""I wanna show you something"". So he walked me to his room and he sat on his bed and I closed the door behind me because he said to. When I turned around he had his shirt off. I was a little weirded out but I thought boy's are aloud to take their shirts of. Then I walked over to him standing next to him. Then he took my hands and we swayed hands as he asked me now to take something off because he's never seen a girl's body before. I remember thinking if I do take something off he might take advantage of me. Then I remembered when my grandma told me ""Always stick to your gut."". My gut was telling me to get of there very soon. He might've tugged at my shirt but I don't know for sure. A few minutes after he asked me he took everything off and I mean everything. I was freaking out and asking why he took everything off and his reply was ""I just need to breathe."". I was trying to get out but he locked the door and he said it was because he didn't want anyone to see him naked. I was banging on the door. I eventually realized I could just unlock the door myself. So I did and left and never went back. He was 16 and I was 9. It was very traumatic for me but I'm not sure if you'd call that sexual assault.",,[deleted]@0,1,https://www.reddit.com/r/sexualassault/comments/o242ek/is_this_sexual_assault/,Melodic_Quest_70,She did. Thank you! I'm very glad I did aswell.,Grandma taught you well. And you made an excellent move to get the hell out of there! Thank god you did!,2
170u7ar,sexualassault,was this sa? (Airport security),"I kinda repressed this for quite awhile; but one time at airport security, I got a random pat-down. The thing is, I was groped on my breast and ass multiple times, and the security person kept going back there through the pat down thingy. She also went under and around my waistband twice. Idk, I guess I just find it weird that she specifically checked those places multiple times

Sorry if I worded stuff badly, or if I'm being stupid with this","170u7ar sexualassault was this sa? (Airport security) HuckleberryReady8609 /r/sexualassault/comments/170u7ar/was_this_sa_airport_security/ I kinda repressed this for quite awhile; but one time at airport security, I got a random pat-down. The thing is, I was groped on my breast and ass multiple times, and the security person kept going back there through the pat down thingy. She also went under and around my waistband twice. Idk, I guess I just find it weird that she specifically checked those places multiple times

Sorry if I worded stuff badly, or if I'm being stupid with this",hermione_Z@0,1,/r/sexualassault/comments/170u7ar/was_this_sa_airport_security/,HuckleberryReady8609,Thank you.,"I'm sorry this happened to you. I can say first-hand how terrifying and invasive the secondary search at checkpoints can be. In your case, it sounds like it may have exceeded what was even allowed and crossed into sexual assault, though I can say that even when it is within what is allowed by search procedure, it can still be traumatizing.

The procedure in the U.S. is kept a closely guarded secret that TSA refuses to disclose for security reasons, but when TSA developed it, [TSA even sent a memorandum to all airport police departments warning that people will be reporting their experiences as sexual assault due to how invasive the search requirements are](https://viewfromthewing.com/tsa-reaching-police-convince-new-screening-procedures-arent-sexual-assault/). That's absolutely terrible and wrong. And that's only if it's limited to what it is supposed to be and not beyond what is allowed.

That have been cases when people going through the checkpoint have been subjected to searches beyond what is allowed, which crosses into sexual assault. That is certainly possible and unfortunately has happened. It is incredibly traumatizing when someone in a position of authority does this to someone.

Therapy is a great place to talk about this in-depth. There are a lot of emotions that come up related to being subjected to such degrading treatment during airport security screening.",2
1eoeq1x,sexualassault,Was this sexual assault?," I had been dating my then boyfriend for a little under a year and he had been asking me if I was ready to have sex. I told him no but I might be soon. he came over one day and we laid in bed together, then he started begging me to have sex with him, he kept repeating please over and over. I didnt want to be mean to him so I said maybe next week but he asked me if he could just ""try on"" the condom (ik it was dumb to give him the condom but I was young and niave). he put the condom on and continued to beg me. I told him I was scared and not ready but he asked me to just kiss him instead. and while I was on top of him kissing him, he shoved my hips down and shoved into me. I was so shocked so I started crying and getting scared and he kept going until he told me my reaction was ""over dramatic"" and had turned him off. I completely froze up the entire time I just cried and sat there and never told him to stop. that's why I'm scared that I might just be over dramatic and it wasnt really sexual assault, because I never out right told him to stop during the actual action. I just cried and waited for it to be over. I only told one person afterwards and she was my best friend at the time, she continued to tell all my friend and family to ridicule me when we stopped being friends. I have been trying to learn how to cope with this on my own and now I've been shoved into having everyone know and I just am in dire need of guidance. I'm wondering if it even was sexual assault because I told him I would be ready soon.
I am begging for help, I am so lost and clueless.","1eoeq1x sexualassault Was this sexual assault? Wild-Resource-1294 /r/sexualassault/comments/1eoeq1x/was_this_sexual_assault/  I had been dating my then boyfriend for a little under a year and he had been asking me if I was ready to have sex. I told him no but I might be soon. he came over one day and we laid in bed together, then he started begging me to have sex with him, he kept repeating please over and over. I didnt want to be mean to him so I said maybe next week but he asked me if he could just ""try on"" the condom (ik it was dumb to give him the condom but I was young and niave). he put the condom on and continued to beg me. I told him I was scared and not ready but he asked me to just kiss him instead. and while I was on top of him kissing him, he shoved my hips down and shoved into me. I was so shocked so I started crying and getting scared and he kept going until he told me my reaction was ""over dramatic"" and had turned him off. I completely froze up the entire time I just cried and sat there and never told him to stop. that's why I'm scared that I might just be over dramatic and it wasnt really sexual assault, because I never out right told him to stop during the actual action. I just cried and waited for it to be over. I only told one person afterwards and she was my best friend at the time, she continued to tell all my friend and family to ridicule me when we stopped being friends. I have been trying to learn how to cope with this on my own and now I've been shoved into having everyone know and I just am in dire need of guidance. I'm wondering if it even was sexual assault because I told him I would be ready soon.
I am begging for help, I am so lost and clueless.",fa1rydust420@0,1,/r/sexualassault/comments/1eoeq1x/was_this_sexual_assault/,Wild-Resource-1294,thank you so much for ur response it helps so much to feel heard. this happened over a year ago and we broke up a few months after. it happened so long ago without me ever really standing up for myself and now I feel it's too late to give him any serious repercussions for what he did,"this is most definitely sexual assault, i’m so sorry OP. he is not a safe person and you should get out as soon as possible if you haven’t already. you repeatedly stated your boundaries and said no and he completely ignored them and proceeded to violate/rape you. you’re not being dramatic at all, he’s just saying that in hopes to place the blame on you somehow as he knows he is in the wrong and raped you. also freezing is a very common and normal response to being assaulted",1
jl0eix,rape,Is this considered sexual assault?,"Trigger warning: detailed events of possible sexual assault

I think about this more than I would like to, and I have never talked about it with anyone because it was so long ago.

When I was 16 (F) I had my first kiss with this guy (17) and I was over the moon because I had been wanting to get my first kiss over with. At this age I was experimenting with porn videos and masturbation so I was horny. One night we were snap chatting and he asked me if we could hang out again soon. I agreed and he started talking about kissing, and having sex. In the moment I said I would. When we hung out next I quickly told him I no longer wanted to do that and I wasn’t ready. He said that I couldn’t go back on my word because I already told him yes. We were similar builds so I could’ve easily fought back but I didn’t. He stripped me down, and then pulled his pants down. He asked me to touch his penis but I refused because I was honestly revolted and extremely anxious. After asking him to stop and saying I didn’t want to be told me to stop worrying and just enjoy it. He slipped his penis inside of me, but I remember not feeling anything. I don’t know if maybe it just didn’t go inside of me, but I remember him thrusting and him finishing inside of his condom. After he ran to the bathroom and I texted me mom to pick me up immediately. Was this considered rape? I never talked to him again, I never told anyone, I just think about it to myself and wonder if I was raped or if I am just plying victim.","jl0eix rape Is this considered sexual assault? Anxious-Increase-248 /r/rape/comments/jl0eix/is_this_considered_sexual_assault/ Trigger warning: detailed events of possible sexual assault

I think about this more than I would like to, and I have never talked about it with anyone because it was so long ago.

When I was 16 (F) I had my first kiss with this guy (17) and I was over the moon because I had been wanting to get my first kiss over with. At this age I was experimenting with porn videos and masturbation so I was horny. One night we were snap chatting and he asked me if we could hang out again soon. I agreed and he started talking about kissing, and having sex. In the moment I said I would. When we hung out next I quickly told him I no longer wanted to do that and I wasn’t ready. He said that I couldn’t go back on my word because I already told him yes. We were similar builds so I could’ve easily fought back but I didn’t. He stripped me down, and then pulled his pants down. He asked me to touch his penis but I refused because I was honestly revolted and extremely anxious. After asking him to stop and saying I didn’t want to be told me to stop worrying and just enjoy it. He slipped his penis inside of me, but I remember not feeling anything. I don’t know if maybe it just didn’t go inside of me, but I remember him thrusting and him finishing inside of his condom. After he ran to the bathroom and I texted me mom to pick me up immediately. Was this considered rape? I never talked to him again, I never told anyone, I just think about it to myself and wonder if I was raped or if I am just plying victim.",Nebula_Smart@0,1,/r/rape/comments/jl0eix/is_this_considered_sexual_assault/,Anxious-Increase-248,"I’m trying to find a therapist to talk to, but during this time it’s so hard!","Darling, this was 100% rape. You said no multiple times. He even *texted* you to confirm it “wasn’t” rape?!? 

Do you have someone you can talk to about this? x",1
k5wyvy,rape,Is this sexual assault?,"Hello. Throwaway for obvious reasons.

I'm a 20 year old male, now at university. This happened when I was 17.

I was never socially active as a teenager though I played sports and stuff, and a friend invited me to a house party. I didn't drink alot of alcohol or take any drugs, but when I was upstairs in the bathroom a girl started flirting with me. She was attractive and I vaguely knew her so I responded and we left to go in the garden. She was slightly drunk but I'm not sure.

Bear in mind I even then was well over 6 feet tall and 240 pounds, I do boxing and weight lifting, whereas she was about a foot smaller than me and half my size. We started kissing (which I hadn't done before) and she started touching my crotch. I wasn't comfortable with this and I asked her to stop. She laughed and didn't, so I moved her hand away lightly. She then shouted out that I ""touched her"".

I apologised, seeing as we were in the bushes at the top of the garden (about 100 yards long) and I didn't want a scene. It's sort of a blur now, but she basically said that if I didn't ""stop being a baby"" she'd tell everyone at the party I assaulted her.

The only way I can describe what happened next is when you get caught with a good shot in a spar and you're awake but ""in third person"". I know she pulled my trousers and pants down and started riding me, and I must have ejaculated at some point as I found I was sticky later. I had dried mud all over my butt as well.

She left and I just sat there for a while, then went home (not far to walk) in a daze. I remember running a shower and scrubbing the dirt off like a madman, and I went to sleep after.

I didn't report it or anything and for the next few months I didn't speak to her or see her again. I moved out of the area for university and haven't been back since.

But I'm just wondering now, is this a sexual assault? I must have been erect throughout it but I was a virgin and I definitely didn't consent to it, I was afraid of her saying I raped her or something horrible like that.

I plan to get therapy as this has given me a phobia of intimacy and I still haven't been in a relationship to this day","k5wyvy rape Is this sexual assault? throwawayckxkdl /r/rape/comments/k5wyvy/is_this_sexual_assault/ Hello. Throwaway for obvious reasons.

I'm a 20 year old male, now at university. This happened when I was 17.

I was never socially active as a teenager though I played sports and stuff, and a friend invited me to a house party. I didn't drink alot of alcohol or take any drugs, but when I was upstairs in the bathroom a girl started flirting with me. She was attractive and I vaguely knew her so I responded and we left to go in the garden. She was slightly drunk but I'm not sure.

Bear in mind I even then was well over 6 feet tall and 240 pounds, I do boxing and weight lifting, whereas she was about a foot smaller than me and half my size. We started kissing (which I hadn't done before) and she started touching my crotch. I wasn't comfortable with this and I asked her to stop. She laughed and didn't, so I moved her hand away lightly. She then shouted out that I ""touched her"".

I apologised, seeing as we were in the bushes at the top of the garden (about 100 yards long) and I didn't want a scene. It's sort of a blur now, but she basically said that if I didn't ""stop being a baby"" she'd tell everyone at the party I assaulted her.

The only way I can describe what happened next is when you get caught with a good shot in a spar and you're awake but ""in third person"". I know she pulled my trousers and pants down and started riding me, and I must have ejaculated at some point as I found I was sticky later. I had dried mud all over my butt as well.

She left and I just sat there for a while, then went home (not far to walk) in a daze. I remember running a shower and scrubbing the dirt off like a madman, and I went to sleep after.

I didn't report it or anything and for the next few months I didn't speak to her or see her again. I moved out of the area for university and haven't been back since.

But I'm just wondering now, is this a sexual assault? I must have been erect throughout it but I was a virgin and I definitely didn't consent to it, I was afraid of her saying I raped her or something horrible like that.

I plan to get therapy as this has given me a phobia of intimacy and I still haven't been in a relationship to this day",reinaofmountains@0,1,/r/rape/comments/k5wyvy/is_this_sexual_assault/,throwawayckxkdl,"Will do, tysm",you should check out subreddit for male rape victims I think its r/mengetrapedtoo,1
1bm05w3,rape,was i sexually assaulted,"for as long as i can remember me (a teenage girl)  and my two older cousins (one girl and one boy) were quite close. My cousin who is a boy lived out of town and when he would come visit the three of us would meet up at either of our houses and talk play games, basically do normal stuff, but somehow the night would always escalate into us playing dirty games like stripping or dares where we would have to kiss each other or hump each other. I’m two years younger than them so i always thought they were just silly games at first but then when i got uncomfortable with something they would say i was boring or stuck up. I didn’t want to be left out so most of the time i did what they asked. When my boy cousin moved back home he and my girl cousin would always hangout without me until my girl cousin grew distant. When my boy cousin would come around me he would always want to “wrestle” but it turned into him groping me or sticking his hands under my shorts etc.  He also made me massage his p*nis one time and tried to get me to agree to him fingering me. This is the only time i’ve said no. Other times i just move away or remove his hands from me or say “I don’t want to play right now” etc. I don’t know if i was SA’d or not and i still talk to him bc i’m scared he’ll do those things again and i feel guilty because i feel like i never actually said no or stop. i also feel like if i tell my family that they won’t believe me or they’ll blame me.","1bm05w3 rape was i sexually assaulted FitBrain1113 /r/rape/comments/1bm05w3/was_i_sexually_assaulted/ for as long as i can remember me (a teenage girl)  and my two older cousins (one girl and one boy) were quite close. My cousin who is a boy lived out of town and when he would come visit the three of us would meet up at either of our houses and talk play games, basically do normal stuff, but somehow the night would always escalate into us playing dirty games like stripping or dares where we would have to kiss each other or hump each other. I’m two years younger than them so i always thought they were just silly games at first but then when i got uncomfortable with something they would say i was boring or stuck up. I didn’t want to be left out so most of the time i did what they asked. When my boy cousin moved back home he and my girl cousin would always hangout without me until my girl cousin grew distant. When my boy cousin would come around me he would always want to “wrestle” but it turned into him groping me or sticking his hands under my shorts etc.  He also made me massage his p*nis one time and tried to get me to agree to him fingering me. This is the only time i’ve said no. Other times i just move away or remove his hands from me or say “I don’t want to play right now” etc. I don’t know if i was SA’d or not and i still talk to him bc i’m scared he’ll do those things again and i feel guilty because i feel like i never actually said no or stop. i also feel like if i tell my family that they won’t believe me or they’ll blame me.",Clashermasta24@0,1,/r/rape/comments/1bm05w3/was_i_sexually_assaulted/,FitBrain1113,"thanks for replying, it helped clear my head so much","You dont have to feel guilty or ashamed. You dont have to feel like its your fault because you didnt do more to stop it. This is his fault. Hes older, stronger, and shluld not use these as tools to take advantage of you, especially in a sexual manner.

Im so so sorry you are experiencing this. You should tell people, you should probably seek therapeutic help as well. Can you talk to a school guidance counselor?

My sister had my brother arrested when he was 17 for this exact thing. She told the school guidance counselor and she got the police to drive my brother around to burger king and buy him things and he confessed after conversing with the police officer. It can be ended. You may never expect how. I never expected my brother to give a confession to a cop over basically a burger king meal, but apparantly he did.

 You can threaten him to tell people if he were to try anything again if youre still hestitant about actually doing so. I bet you could reverse the ""power dynamic"" quite quick if you did this. I think it may be a consideration to make people aware though.

  Lets be clear, you could not consent to this, you couldnt because you were too young and that should be the end of the consideration of consent. Im sorry this has happened to you. You deserve better from your cousins, they are treated you very inappropriately. I think you should consider therapy. This experience is quite indicative of trauma.",3
z9qo2n,rape,is it my falut? TW,"The 11th of January 2020 I went to a friend's birthday party, I had just turned 16, over the night I drank too much and was really drunk and getting progressively worse, I sat down a bit and started talking to a guy, we then got up and went to a more private place and started kissing, I was okay with kissing, I started blacking out, I would be kissing him then everything was black and then I would come back. This is the part I feel so horrible about, he told me he had a girlfriend and we just kept going anyways, I know I would've never had done that if I was sober. He started pulling me deeper into the dark place we where in and he took of my jumper and threw it on the floor, I was really dizzy and I couldn't walk well, he was holding me up so I wouldn't fall, I fell anyways and he picked me up and just kept going, I never knew something else was going to happen, my friends came looking for me and asked me if I was okay, I told them I was fine since we where still at a place I felt safe, they left and he took me somewhere no one could see us, I was blacking out much more and in one moment I realised I was on my knees and he had put his penis in my mouth, I had no idea what was happening and I did my best to get up, he grabbed me and turned me around, I turned back around because I didn't want to be facing the wall and he grabbed me hard and pushed me against the wall and I couldn't move, he took of my pants and I was so confused I didn't understand anything, I was a virgin i had never done anything like this, he raped me while I winced at the pain, I tried tu move but I couldn't, I couldn't talk I couldn't do anything, my friends were coming back so he ran away and left me there in the floor with my pants down. I managed to put my pants back on and my friends asked me what happened, I said nothing. The next day I had bruises on my legs and felt like my soul was taken from me, my friends made jokes about me having sex and I just went along with it because I was so confused and disgusted, he texted me and said, "" hey don't tell anyone please, especially not my girlfriend, your friends can say what they want to me but please don't say anything to anyone"" he then blocked me. I didn't realise what had happened until one day I started sobbing out of nowhere and I felt so disgusting. He ruined my life and I feel like it was my fault","z9qo2n rape is it my falut? TW iammaalvdtx /r/rape/comments/z9qo2n/is_it_my_falut_tw/ The 11th of January 2020 I went to a friend's birthday party, I had just turned 16, over the night I drank too much and was really drunk and getting progressively worse, I sat down a bit and started talking to a guy, we then got up and went to a more private place and started kissing, I was okay with kissing, I started blacking out, I would be kissing him then everything was black and then I would come back. This is the part I feel so horrible about, he told me he had a girlfriend and we just kept going anyways, I know I would've never had done that if I was sober. He started pulling me deeper into the dark place we where in and he took of my jumper and threw it on the floor, I was really dizzy and I couldn't walk well, he was holding me up so I wouldn't fall, I fell anyways and he picked me up and just kept going, I never knew something else was going to happen, my friends came looking for me and asked me if I was okay, I told them I was fine since we where still at a place I felt safe, they left and he took me somewhere no one could see us, I was blacking out much more and in one moment I realised I was on my knees and he had put his penis in my mouth, I had no idea what was happening and I did my best to get up, he grabbed me and turned me around, I turned back around because I didn't want to be facing the wall and he grabbed me hard and pushed me against the wall and I couldn't move, he took of my pants and I was so confused I didn't understand anything, I was a virgin i had never done anything like this, he raped me while I winced at the pain, I tried tu move but I couldn't, I couldn't talk I couldn't do anything, my friends were coming back so he ran away and left me there in the floor with my pants down. I managed to put my pants back on and my friends asked me what happened, I said nothing. The next day I had bruises on my legs and felt like my soul was taken from me, my friends made jokes about me having sex and I just went along with it because I was so confused and disgusted, he texted me and said, "" hey don't tell anyone please, especially not my girlfriend, your friends can say what they want to me but please don't say anything to anyone"" he then blocked me. I didn't realise what had happened until one day I started sobbing out of nowhere and I felt so disgusting. He ruined my life and I feel like it was my fault",Environmental_Mode48@0,1,/r/rape/comments/z9qo2n/is_it_my_falut_tw/,iammaalvdtx,Thankyou for saying that,Plz remeber it’s never ur fault no matter what ppl say. Ok,2
o0j4ce,sexualassault,"I'm not sure if I was raped; I enjoyed it, he's my friend.","TRIGGER WARNING: Descriptive content.

Hi - here's the short story (I'm really confused):

I recently reconnected (as friends) with a guy I used to have sexual relations with (friends with benefits situation). I went over to his house last night. We were in bed, ready to fall asleep. We started cuddling and making out - which I liked. I had a shirt and a thong on, he went to pull the thong off when I grabbed his hands and said ""No, leave those on. I don't think we're going to have sex tonight. I'm not on birth control anymore."" He said okay, and left them half off. (We had not had sex since our FWB situation ended months ago). We continued to make out, he pulled his boxers partly down, which I thought was just for sensation reasons. He leaned back over top of me, we continued kissing, it was hot, and then suddenly he stuck his dick in me - fast, without asking. I was shocked, if the lights were on, that shock would have been clearly evident on my face. For a moment, I remember thinking in my head ""what the fuck just happened"", as we were still making out and he continued to fuck me. I was already turned on, and I still was aroused, so I went with it. I didn't say anything. He still did not ask. We continued to have rough sex, which I really enjoyed and actively participated in.

My question is, is this rape? I enjoyed it. But I didn't consent. I didn't want to have sex, but at the same time, I was sexually aroused and wanted him - even though I didn't, which is why I didn't consent. But then I just continued on and decided to have sex and go with my feelings of arousal because the decision to have sex was already made for me.

He's a good person, and I'm not saying any of this to paint a bad image of him. I'm just really confused, and I'm not even sure if I should talk to him about this, or (if I do) how I should go about doing so.

Thanks in advance for reading this, and offering your opinions everyone. &lt;3","o0j4ce sexualassault I'm not sure if I was raped; I enjoyed it, he's my friend. Various-Committee-11 /r/sexualassault/comments/o0j4ce/im_not_sure_if_i_was_raped_i_enjoyed_it_hes_my/ TRIGGER WARNING: Descriptive content.

Hi - here's the short story (I'm really confused):

I recently reconnected (as friends) with a guy I used to have sexual relations with (friends with benefits situation). I went over to his house last night. We were in bed, ready to fall asleep. We started cuddling and making out - which I liked. I had a shirt and a thong on, he went to pull the thong off when I grabbed his hands and said ""No, leave those on. I don't think we're going to have sex tonight. I'm not on birth control anymore."" He said okay, and left them half off. (We had not had sex since our FWB situation ended months ago). We continued to make out, he pulled his boxers partly down, which I thought was just for sensation reasons. He leaned back over top of me, we continued kissing, it was hot, and then suddenly he stuck his dick in me - fast, without asking. I was shocked, if the lights were on, that shock would have been clearly evident on my face. For a moment, I remember thinking in my head ""what the fuck just happened"", as we were still making out and he continued to fuck me. I was already turned on, and I still was aroused, so I went with it. I didn't say anything. He still did not ask. We continued to have rough sex, which I really enjoyed and actively participated in.

My question is, is this rape? I enjoyed it. But I didn't consent. I didn't want to have sex, but at the same time, I was sexually aroused and wanted him - even though I didn't, which is why I didn't consent. But then I just continued on and decided to have sex and go with my feelings of arousal because the decision to have sex was already made for me.

He's a good person, and I'm not saying any of this to paint a bad image of him. I'm just really confused, and I'm not even sure if I should talk to him about this, or (if I do) how I should go about doing so.

Thanks in advance for reading this, and offering your opinions everyone. &lt;3",magskat19@0,1,/r/sexualassault/comments/o0j4ce/im_not_sure_if_i_was_raped_i_enjoyed_it_hes_my/,Various-Committee-11,"Hey I'm so sorry that happened to you, I'm pretty sure there's a term for that called 'stealthing'. Google it though, because maybe I'm wrong. But damn, yeah a guy did that to me before too (except he did it at the start and when I realized we were already like halfway through and i was so high that i just continued bc I didn't know what else to do). I get how it feels so conflicting afterwards if you enjoyed the experience, especially too if you have a connection to the person and like them as a human because ""good person you like"" does not add up with ""someone who would violate your trust, as well sexually and physically violate you"". It's such a mucky feeling and situation. Did you ever end up doing anything about it or talking to him?","Something similar happened to me recently except with a condom. We started with one on as I explicitly said I wanted one on multiple times, but midway through we took it off for oral. When we started having sex again I didn’t know he didn’t put one back on until he finished on me at which point he said “don’t worry, I pulled out in time”, but pulling out wasn’t really my concern (part of it sure, but also UTI’s that I get frequently, and STI’s). He was clearly aware that he didn’t put it back on on purpose. But like you said, it was really fun sex and I was enjoying myself. I just don’t like that that boundary was crossed.",5
kq1dir,sexualassault,Does this count as sexual assault?,"I (f24), have been struggling with this ever since it happened and I went through the title IX process at my college. I’m much better now, but I still get anxiety around men. 

I’ll keep the details limited, but the long story of it all is that a classmate of mine kept me in his car, wouldn’t take me home, put his hands all over me, tried to get me to lay down with him over and over again. Then, when, (after an hour), he finally decided I got to go home, he pinned me against his car, fondled and groped me all over the place, and made out with my neck. All while I was trying to push him off. I never directly used the word no, (I have anxiety), but I made it clear that I didn’t want it, that I was tired and he needed to take me home, and then, when he had me pinned against the car, I tried to push him off the entire time. My school, (a private college), thought it serious enough to go through the title-IX process, but my brain tells me it wasn’t actually sexual assault.

For reference, I was raised very Christian, and still hold on to my faith now, (I’m not saying that my upbringing was bad, btw!) But up until that point, other then being catcalled I hadn’t had any “suggestive” interaction with anyone. Could this be why I found it so traumatic? Apologies if this is ridiculous but I can’t really talk to people about it, so I thought I’d post it on here.","kq1dir sexualassault Does this count as sexual assault? nocturnalasshole /r/sexualassault/comments/kq1dir/does_this_count_as_sexual_assault/ I (f24), have been struggling with this ever since it happened and I went through the title IX process at my college. I’m much better now, but I still get anxiety around men. 

I’ll keep the details limited, but the long story of it all is that a classmate of mine kept me in his car, wouldn’t take me home, put his hands all over me, tried to get me to lay down with him over and over again. Then, when, (after an hour), he finally decided I got to go home, he pinned me against his car, fondled and groped me all over the place, and made out with my neck. All while I was trying to push him off. I never directly used the word no, (I have anxiety), but I made it clear that I didn’t want it, that I was tired and he needed to take me home, and then, when he had me pinned against the car, I tried to push him off the entire time. My school, (a private college), thought it serious enough to go through the title-IX process, but my brain tells me it wasn’t actually sexual assault.

For reference, I was raised very Christian, and still hold on to my faith now, (I’m not saying that my upbringing was bad, btw!) But up until that point, other then being catcalled I hadn’t had any “suggestive” interaction with anyone. Could this be why I found it so traumatic? Apologies if this is ridiculous but I can’t really talk to people about it, so I thought I’d post it on here.",ImpartialBlueberry@2,3,/r/sexualassault/comments/kq1dir/does_this_count_as_sexual_assault/,nocturnalasshole,It is definitely that 😭,"I'm glad. It can be scary, and confusing",1
121y21v,sexualassault,a mix of was this sexual assault (bottom half) and part of my story (top half) tw talk of sa and talk of sexual harassment,"i’ve been sa’ed at least once before, i went through a very tough time where i talked to older men online and went on a “date” with one, he parked his car somewhere and undid his pants while i kinda froze, he started jerking off in front of me before touching my boobs and ripping my shirt a bit to try n see them, then he stuck his hand down my pants and touched me for a minute and asked if i wanted in on the fun, i just kinda shock my head and he did stop touching me but seemed annoyed, then asked if i could at least help him. i just swallowed hard and didn’t say anything, he eventually just took my hand and jerked himself off with it until he came. then stopped, asked if i wanted a ride home, i nodded, he drove me to a shoppers near my house where he had picked me up bc i didn’t want him to know where i lived. he kissed me goodbye, thanked me for the date, and gave me a 20 dollar bill. then i got out, went into the shoppers, bought ice cream, went home, ate it while curled up in a blanket and cried a bit, but i didn’t know rlly why i was crying. he didn’t live in my town so i’m lucky for that, i was 15. that summer i went back to a lot of the things i did when i was 12 and 13, lots of drinking but didn’t do the drugs which i did back then.

the other harassment or maybe assualt(?) happened when i was 12, i was drinking a lot and walking around the park near my house, ended up in a car with a few guys who gave me more alcohol, we went back to their place and drank some more, i was half asleep half like comatose honestly on their couch and i couldn’t move but could hear them laughing, one of the guys unzipped my sweater and touched my boobs a bit through my bra before putting his hand on my thigh and feeling up and down it, eventually one of the other guys told him to quit it and he zipped my sweater and they all left me alone for the rest of the night but i remember that guy remarking “ima jerk off to this later, she’s so limp it’s hot” anyways my question is their kinda a name for this? sa feels wrong but so does harassment so idk.

anyways there’s a few of there stories but thank you for reading this far if you have.","121y21v sexualassault a mix of was this sexual assault (bottom half) and part of my story (top half) tw talk of sa and talk of sexual harassment throwawayl4532 /r/sexualassault/comments/121y21v/a_mix_of_was_this_sexual_assault_bottom_half_and/ i’ve been sa’ed at least once before, i went through a very tough time where i talked to older men online and went on a “date” with one, he parked his car somewhere and undid his pants while i kinda froze, he started jerking off in front of me before touching my boobs and ripping my shirt a bit to try n see them, then he stuck his hand down my pants and touched me for a minute and asked if i wanted in on the fun, i just kinda shock my head and he did stop touching me but seemed annoyed, then asked if i could at least help him. i just swallowed hard and didn’t say anything, he eventually just took my hand and jerked himself off with it until he came. then stopped, asked if i wanted a ride home, i nodded, he drove me to a shoppers near my house where he had picked me up bc i didn’t want him to know where i lived. he kissed me goodbye, thanked me for the date, and gave me a 20 dollar bill. then i got out, went into the shoppers, bought ice cream, went home, ate it while curled up in a blanket and cried a bit, but i didn’t know rlly why i was crying. he didn’t live in my town so i’m lucky for that, i was 15. that summer i went back to a lot of the things i did when i was 12 and 13, lots of drinking but didn’t do the drugs which i did back then.

the other harassment or maybe assualt(?) happened when i was 12, i was drinking a lot and walking around the park near my house, ended up in a car with a few guys who gave me more alcohol, we went back to their place and drank some more, i was half asleep half like comatose honestly on their couch and i couldn’t move but could hear them laughing, one of the guys unzipped my sweater and touched my boobs a bit through my bra before putting his hand on my thigh and feeling up and down it, eventually one of the other guys told him to quit it and he zipped my sweater and they all left me alone for the rest of the night but i remember that guy remarking “ima jerk off to this later, she’s so limp it’s hot” anyways my question is their kinda a name for this? sa feels wrong but so does harassment so idk.

anyways there’s a few of there stories but thank you for reading this far if you have.",Blurryface-Bitch@4,5,/r/sexualassault/comments/121y21v/a_mix_of_was_this_sexual_assault_bottom_half_and/,throwawayl4532,"interesting, where i live the age of consent is 16, so i wonder cuz i was 15 and yeah there wasn’t any penetration","Actually, depending on where you live, outside could still count as statutory rape, as it was sexual activity with a person under the age of consent. I had similar experience, also 15, and after calling a clinic, was told its legally statutory rape b/c i was under age of consent, even with no penetration",1
ua2ytk,rape,i still love her,"my girlfriend sexually assaulted me and it bothers me but I don't think I'll ever be able to get over her.


we're both teenagers and I don't want to give out too much information because she uses reddit but I don't know which forms .

I don't even feel right saying she raped me-   I just don't like it knowing how much I love her and how perfect she is. she's the prettiest girl I've ever dated , she's so smart , she's sweet, sentimental and caring , she's just so likeable. I can't wait to marry her .



but this doesn't blow away that she assaulted me-  the worst part is she sees nothing wrong with it. she tried and succeeded to get me drunk and have sex with me.



the whole time it was like I was in and out consciousness . I  don't know why she thought it was okay in the first place , I couldn't even walk on my own . she said she wanted the experience of having sex while drunk the week prior and I said I would want to but I didn't know she would do it sober and the week after .


I knew what was happening and I wanted to stop 1 minute in
but I don't know why I didn't say no.



her taking advantage of me isn't this rare occurrence- every once and awhile she'll touch me while I'm sleeping . I told her not to do it anymore because it might wake me up and she still does it .


I feel like it's my fault for not saying that I just didn't wanna be touched in my sleep. she also purposely waits till I'm just about to fall asleep to get on top of me .
I told myself that it wasn't too unusual because she knew I was awake with my eyes closed
and she probably just thought it was funny .



but if I say stop she doesn't- I don't think it's horrible but it's disrespect to me .



I don't believe she didn't know it was wrong not even a little bit
she lives to make me feel uncomfortable- rather she's horny or not.

I wish she understood that my body doesn't always have the same reaction as my brain .


we have had a conversation about boundaries but she has still done things to prove she didn't understand mines.


I can't tell my friends about any of this because I don't want them hating her .
I feel like she's the only one I can talk to about it and she still doesn't listen .



she makes me sad , but happier

she's so perfect in my eyes.  I don't ever see us breaking up , but the both of us need help .

I don't know how I'm gonna make it work , keep her happy and keep myself sane .","ua2ytk rape i still love her nawimnotsad /r/rape/comments/ua2ytk/i_still_love_her/ my girlfriend sexually assaulted me and it bothers me but I don't think I'll ever be able to get over her.


we're both teenagers and I don't want to give out too much information because she uses reddit but I don't know which forms .

I don't even feel right saying she raped me-   I just don't like it knowing how much I love her and how perfect she is. she's the prettiest girl I've ever dated , she's so smart , she's sweet, sentimental and caring , she's just so likeable. I can't wait to marry her .



but this doesn't blow away that she assaulted me-  the worst part is she sees nothing wrong with it. she tried and succeeded to get me drunk and have sex with me.



the whole time it was like I was in and out consciousness . I  don't know why she thought it was okay in the first place , I couldn't even walk on my own . she said she wanted the experience of having sex while drunk the week prior and I said I would want to but I didn't know she would do it sober and the week after .


I knew what was happening and I wanted to stop 1 minute in
but I don't know why I didn't say no.



her taking advantage of me isn't this rare occurrence- every once and awhile she'll touch me while I'm sleeping . I told her not to do it anymore because it might wake me up and she still does it .


I feel like it's my fault for not saying that I just didn't wanna be touched in my sleep. she also purposely waits till I'm just about to fall asleep to get on top of me .
I told myself that it wasn't too unusual because she knew I was awake with my eyes closed
and she probably just thought it was funny .



but if I say stop she doesn't- I don't think it's horrible but it's disrespect to me .



I don't believe she didn't know it was wrong not even a little bit
she lives to make me feel uncomfortable- rather she's horny or not.

I wish she understood that my body doesn't always have the same reaction as my brain .


we have had a conversation about boundaries but she has still done things to prove she didn't understand mines.


I can't tell my friends about any of this because I don't want them hating her .
I feel like she's the only one I can talk to about it and she still doesn't listen .



she makes me sad , but happier

she's so perfect in my eyes.  I don't ever see us breaking up , but the both of us need help .

I don't know how I'm gonna make it work , keep her happy and keep myself sane .",ScarParticular@0,1,/r/rape/comments/ua2ytk/i_still_love_her/,nawimnotsad,thank you for giving me reassurance i really needed it,"You couldn't say no because you were so intoxicated that you were going in and out of consciousness. She got you drunk then instead of caring for you, she had sex with you. That's not your fault--that was hers. Yes, it's true that some couples do wake each other up with sex, but they talk about it first--they don't just go ahead and do that without consent. Your girlfriend doesn't really sound like the incredible person you think she is--especially if she keeps on disrespecting your boundaries.",1
17n2ksw,sexualassault,Is this sa ?,"Hey so I never thought I’d write that,
So recently I had a sleep over with my friends and one of them was really touchy with me, he started touching my thighs and my legs, and then down there. During the night too, he was cuddling me, I didn’t wanted to and I was a bit high so I didn’t really realised what happened. I didn’t say no, I wish nothing happened that night.
For fews months, he was touching my thighs with no reasons, I did say that was uncomfortable but he kept doing it.
He really disgusts me, and the crazy part is that he have a girlfriend, so idk why this is happening 😞 
I don’t know what to do ","17n2ksw sexualassault Is this sa ? Zakoshii_ /r/sexualassault/comments/17n2ksw/is_this_sa/ Hey so I never thought I’d write that,
So recently I had a sleep over with my friends and one of them was really touchy with me, he started touching my thighs and my legs, and then down there. During the night too, he was cuddling me, I didn’t wanted to and I was a bit high so I didn’t really realised what happened. I didn’t say no, I wish nothing happened that night.
For fews months, he was touching my thighs with no reasons, I did say that was uncomfortable but he kept doing it.
He really disgusts me, and the crazy part is that he have a girlfriend, so idk why this is happening 😞 
I don’t know what to do ",Mindless-Ad4069@0,1,/r/sexualassault/comments/17n2ksw/is_this_sa/,Zakoshii_,"Okay I’ll tell him some day, I have to give him another chance cause he’s appart of my friend group and I don’t want to ruin his relationship, I should’ve just push him away, idk why I didn’t, but yeah if he do that again I’ll let know my friends and his girlfriend","This is SA, he sexually touch you at a moment were you couldn't consent correctly... I'm sorry

Avoid this man! If he dare doing that while having a girlfriend he Can only be someone Bad for you, tell his girlfriend if you know her and never go with this man ever again!

 If its your best Friend then explain him how terrible what hé do is, and give him a ultimatum, if he touch you againts, you tell everything to his girlfriend and never speak with him anymore 

Strength and courage for you if you have any question or need anything do not hesitate to ask",1
rh331j,sexualassault,common?,"is it common to think it wasn’t that bad or it wasn’t even abuse? i know that it was, but i frequently talk myself out of knowing that.","rh331j sexualassault common? throwawayacct2249 /r/sexualassault/comments/rh331j/common/ is it common to think it wasn’t that bad or it wasn’t even abuse? i know that it was, but i frequently talk myself out of knowing that.",[deleted]@0,1,/r/sexualassault/comments/rh331j/common/,throwawayacct2249,"thank you, i needed that.",i think so,4
1e84yyu,TwoXChromosomes,Didn’t realize I was assaulted,"TW: sexual assault 

Ten years ago I was online dating. Went out with this one guy, the date was fine- typical tepid first date but I was young enough to think that tepid was fine. 
Second date and third date, more of the same. The guy was kind of awkward but ultimately seemed nice enough.
Fourth date he invites me over to his place to make hot cocoa and watch a movie.

Full disclosure, I hadn’t really dated much before this. At the time I was in my 20s and had just gotten out of a relationship that had lasted nearly 6 years.

 Being a little green around the gills dating wise, I took what he said at face value. I even went to two different supermarkets looking for the “good cocoa”.

I wasn’t totally naive. I realized that it being the fourth date (whatever that means) and going back to his place meant something was going to happen.

I get there and barely after we say our hellos he shoves his tongue down my throat. He backed me into his bedroom and started taking my clothes off. I wasn’t ready. The stupid cocoa was still in the grocery bag.
Before I could even really understand what happened we were having sex. I didn’t like it or want it. It was so painful that I was subconsciously hitting him every time he thrust. 
It was so, so painful.
But I didn’t say stop, I didn’t say no. I wanted to. I hated every second of it but I just kind of went on autopilot.
Right before it happened, I made some lame attempt at a “whoa, what’s the rush?” and that’s about it.

After it was over I laid there and couldn’t really understand what had just happened. 
He was cold and quiet. 
I left and took a cab home and felt completely empty and disgusting.

I bled for days after. I remember my vulva was so swollen that it scared me.

The worst part: I dated him for almost 2 years after that. 
In hindsight, I never ever felt safe around him. It was my first “grownup” relationship and I assumed that’s just how it was supposed to be.

About a month ago the question “was I raped?” came into my mind and I haven’t been able to shake it.

How could I be raped and not realize it?
Why did I continue to date this man?
I don’t understand.

I don’t know why I’m writing this on here, really. If anyone is reading this, thank you for listening. 
","1e84yyu TwoXChromosomes Didn’t realize I was assaulted Sally_Blowes /r/TwoXChromosomes/comments/1e84yyu/didnt_realize_i_was_assaulted/ TW: sexual assault 

Ten years ago I was online dating. Went out with this one guy, the date was fine- typical tepid first date but I was young enough to think that tepid was fine. 
Second date and third date, more of the same. The guy was kind of awkward but ultimately seemed nice enough.
Fourth date he invites me over to his place to make hot cocoa and watch a movie.

Full disclosure, I hadn’t really dated much before this. At the time I was in my 20s and had just gotten out of a relationship that had lasted nearly 6 years.

 Being a little green around the gills dating wise, I took what he said at face value. I even went to two different supermarkets looking for the “good cocoa”.

I wasn’t totally naive. I realized that it being the fourth date (whatever that means) and going back to his place meant something was going to happen.

I get there and barely after we say our hellos he shoves his tongue down my throat. He backed me into his bedroom and started taking my clothes off. I wasn’t ready. The stupid cocoa was still in the grocery bag.
Before I could even really understand what happened we were having sex. I didn’t like it or want it. It was so painful that I was subconsciously hitting him every time he thrust. 
It was so, so painful.
But I didn’t say stop, I didn’t say no. I wanted to. I hated every second of it but I just kind of went on autopilot.
Right before it happened, I made some lame attempt at a “whoa, what’s the rush?” and that’s about it.

After it was over I laid there and couldn’t really understand what had just happened. 
He was cold and quiet. 
I left and took a cab home and felt completely empty and disgusting.

I bled for days after. I remember my vulva was so swollen that it scared me.

The worst part: I dated him for almost 2 years after that. 
In hindsight, I never ever felt safe around him. It was my first “grownup” relationship and I assumed that’s just how it was supposed to be.

About a month ago the question “was I raped?” came into my mind and I haven’t been able to shake it.

How could I be raped and not realize it?
Why did I continue to date this man?
I don’t understand.

I don’t know why I’m writing this on here, really. If anyone is reading this, thank you for listening. 
",[deleted]@2,3,/r/TwoXChromosomes/comments/1e84yyu/didnt_realize_i_was_assaulted/,Sally_Blowes,Holy shit that’s perfect,Yea its like getting mad at yourself for not being able to read while staring into the sun. Idk if it ever goes away tho,2
11ibtuz,rape,I need confirmation,"

Something happened when me and a guy were making out. I told him I didn't want him to go any further than touching the outside of my clothes. At first he respected this but then things went too far. 

I remember repeating over and over that I'm on my period and that if I wasn't I'd say yes. He still kept pushing the issue until then he just went for it. He slipped his hand inside my underwear and pants and touched my vagina. I didn't say no but I tried to physically move his hand  away. I pulled his arm really hard but I couldn't move his hand, he was holding it there firmly. While I was struggling to pull his hand away he began to chuckle a little. It was like he was amused. I'm not sure why he was laughing. 

I don't know if this was SA or not. I feel like it was but not sure.","11ibtuz rape I need confirmation [deleted] /r/rape/comments/11ibtuz/i_need_confirmation/ 

Something happened when me and a guy were making out. I told him I didn't want him to go any further than touching the outside of my clothes. At first he respected this but then things went too far. 

I remember repeating over and over that I'm on my period and that if I wasn't I'd say yes. He still kept pushing the issue until then he just went for it. He slipped his hand inside my underwear and pants and touched my vagina. I didn't say no but I tried to physically move his hand  away. I pulled his arm really hard but I couldn't move his hand, he was holding it there firmly. While I was struggling to pull his hand away he began to chuckle a little. It was like he was amused. I'm not sure why he was laughing. 

I don't know if this was SA or not. I feel like it was but not sure.",thrfscowaway8610@0,1,/r/rape/comments/11ibtuz/i_need_confirmation/,[deleted],Thanks for answering,"Yes, most definitely.",2
