post_id,subreddit,title,author,score,num_comments_listed,op_replied,op_reply_count,created_utc,permalink,body,combined_text,matched_ambivalent_phrases,matched_keywords
1bautv8,meToo,Not sure if this counts as SA,annoyingpea,4,2,False,0,1710025132,/r/meToo/comments/1bautv8/not_sure_if_this_counts_as_sa/,"So yesterday I was at a party and I’ve definitely had way too much to drink. I have a guy friend who has often made vague moves on me, but there is no real flirting going on between us, as I’m just not interested.
So he and I went for a walk (alone) and I really wasn’t doing too well- to the point of not being able to walk or stand up on my own or even speak coherently. Suddenly he started kissing me and I was really uncomfortable but I wasn’t exactly able to say something. He also started to touch me in inappropriate places. Fighting back wasn’t in my ability so I just accepted it. 
Now the day after I feel incredibly disgusting and used. I’m not the type to have casual hookups or make out sessions if there aren’t any feelings involved and this mindset is very valuable to me, which is why I don’t understand why I would have changed my mind. I do get quite adventurous when drunk but this is not the sort of thing I’d ever do or even find acceptable. 
I don’t want to blame him because I didn’t say no or tell him to stop but at the same time I couldn’t have even if I wanted to. Can anyone help me make up my mind?","1bautv8 meToo Not sure if this counts as SA annoyingpea /r/meToo/comments/1bautv8/not_sure_if_this_counts_as_sa/ So yesterday I was at a party and I’ve definitely had way too much to drink. I have a guy friend who has often made vague moves on me, but there is no real flirting going on between us, as I’m just not interested.
So he and I went for a walk (alone) and I really wasn’t doing too well- to the point of not being able to walk or stand up on my own or even speak coherently. Suddenly he started kissing me and I was really uncomfortable but I wasn’t exactly able to say something. He also started to touch me in inappropriate places. Fighting back wasn’t in my ability so I just accepted it. 
Now the day after I feel incredibly disgusting and used. I’m not the type to have casual hookups or make out sessions if there aren’t any feelings involved and this mindset is very valuable to me, which is why I don’t understand why I would have changed my mind. I do get quite adventurous when drunk but this is not the sort of thing I’d ever do or even find acceptable. 
I don’t want to blame him because I didn’t say no or tell him to stop but at the same time I couldn’t have even if I wanted to. Can anyone help me make up my mind?","[""\\bi\\s+didn[’']t\\s+say\\s+no\\b""]","['\\bsa\\b', '\\bfriend\\b', ""\\bi\\s+didn[’']t\\s+say\\s+no\\b""]"
w2py1z,meToo,was this sa?,babythecatto,6,13,False,0,1658228419,/r/meToo/comments/w2py1z/was_this_sa/,"Filler text to protect the minors

Filler

Filler

Filler

I escaped from an abusive household a year ago. Growing up from 16 up, when i started living with my bio dad who i hated, till age 21 when i left. 

He kept threatening to rape me. Didn't say rape outright. He's smarter than that. Said if i dress like xxx or act like yyy or not sit like zzzz, he implied fathers rape their daughters where he grew up. Implied he wanted to do the same to me. Extremely traumatising but could never explain why growing up. Bc he didn't use those words outright. He knew better. 

Background: hes from an underground islamic fundamentalist group, in a first world nation. Bought his way out of prison for torturing and threatening to kill and actually strangling my mom for about 10 years or so. At 16 i had to pick between him and foster care. I didn't know the wide array of accusations against him and didn't know about the prison thing. Just wanted to get by as a kid.

Bottom line: this is fucked, right? Normal bio dads don't imply they'll rape their daughters and talk about their nipples? This is sexual assault or at least harassment, right? At the very least this is 1nc3st right? Don't be shy in the comments i need the hard truth to hit me. I already accepted he's satan.","w2py1z meToo was this sa? babythecatto /r/meToo/comments/w2py1z/was_this_sa/ Filler text to protect the minors

Filler

Filler

Filler

I escaped from an abusive household a year ago. Growing up from 16 up, when i started living with my bio dad who i hated, till age 21 when i left. 

He kept threatening to rape me. Didn't say rape outright. He's smarter than that. Said if i dress like xxx or act like yyy or not sit like zzzz, he implied fathers rape their daughters where he grew up. Implied he wanted to do the same to me. Extremely traumatising but could never explain why growing up. Bc he didn't use those words outright. He knew better. 

Background: hes from an underground islamic fundamentalist group, in a first world nation. Bought his way out of prison for torturing and threatening to kill and actually strangling my mom for about 10 years or so. At 16 i had to pick between him and foster care. I didn't know the wide array of accusations against him and didn't know about the prison thing. Just wanted to get by as a kid.

Bottom line: this is fucked, right? Normal bio dads don't imply they'll rape their daughters and talk about their nipples? This is sexual assault or at least harassment, right? At the very least this is 1nc3st right? Don't be shy in the comments i need the hard truth to hit me. I already accepted he's satan.",['\\bwas\\s+this\\s+(?:sa|sexual\\s+assault)\\b'],"[""\\bi\\s+didn[’']t\\s+know\\b"", '\\bsa\\b', '\\bwas\\s+this\\s+(?:sa|sexual\\s+assault)\\b', '\\bassault\\b', '\\brape\\b', '\\bsexual(?:ly)?\\s+assault(?:ed|s|ing)?\\b']"
1oecpi7,sexualassault,Was I sexually assaulted as a child?,Material_Gift_8277,22,7,True,3,1761247799,/r/sexualassault/comments/1oecpi7/was_i_sexually_assaulted_as_a_child/,"So when I was 14 I used to hang out with a man ( he was mid 20s). I thought he was cool and felt sad that he always seemed to be alone. People used to make fun of him and I didn’t know why. Well one night we hanged out ( it was really dark out as it was winter) we kissed but then he used to put his hands down my pants. I didn’t feel comfortable, I didn’t feel aroused at all. I also felt that he was aroused because I used to sit on his lap and felt that he was hard  when he would touch my vagina.

One night, he tried to get me to follow him into a field and it was a very dark and I luckily said no. I don’t know if he was planning to rape me that night but I’m guessing he was as he mentioned wanting to have sex with me a lot but I was scared to have sex with him.

I’m much older now (late 20s) and feel sick even typing this. I reported the man when I was in school to the nspcc  but nothing came of it. 

Was I abused? 
 ","1oecpi7 sexualassault Was I sexually assaulted as a child? Material_Gift_8277 /r/sexualassault/comments/1oecpi7/was_i_sexually_assaulted_as_a_child/ So when I was 14 I used to hang out with a man ( he was mid 20s). I thought he was cool and felt sad that he always seemed to be alone. People used to make fun of him and I didn’t know why. Well one night we hanged out ( it was really dark out as it was winter) we kissed but then he used to put his hands down my pants. I didn’t feel comfortable, I didn’t feel aroused at all. I also felt that he was aroused because I used to sit on his lap and felt that he was hard  when he would touch my vagina.

One night, he tried to get me to follow him into a field and it was a very dark and I luckily said no. I don’t know if he was planning to rape me that night but I’m guessing he was as he mentioned wanting to have sex with me a lot but I was scared to have sex with him.

I’m much older now (late 20s) and feel sick even typing this. I reported the man when I was in school to the nspcc  but nothing came of it. 

Was I abused? 
 ",['\\bwas\\s+i\\s+sexually\\s+assaulted\\b'],"[""\\bi\\s+didn[’']t\\s+know\\b"", ""\\bi\\s+don[’']t\\s+know\\b"", '\\brape\\b', '\\bwas\\s+i\\s+sexually\\s+assaulted\\b', '\\bsexual(?:ly)?\\s+assault(?:ed|s|ing)?\\b']"
1ochtx0,sexualassault,My dad told me that women need to be a little bit pushed into having sex or else the human population will decrease,Anakinsbooty,7,5,False,0,1761064602,/r/sexualassault/comments/1ochtx0/my_dad_told_me_that_women_need_to_be_a_little_bit/,"I have a history of CSA and different rapes in adulthood. My parents only know about the childhood stuff and weren’t supportive at all. In fact, yesterday my dad told me that I need to get over myself at this point. Well he told me that SA during the time he grew up was basically like “don’t get into a car with this person or they’ll touch your privates” and he said he feels like my generation makes everything into SA and victimization. And I explained to him that that’s not true and that I think it’s important that we now know that there are different forms of SA and that we’re evolving in providing the support and awareness for all SA survivors. I explained to him what sexual coercion was and he was like “well that wouldn’t have been considered sexual assault back in my day”. And I said “well I’m glad things have changed because coercion is wrong”. And he was like “I mean women need to be a little bit pushed into having sex or else the human population will decrease”. I was shocked and hurt that he said that. I also felt so minimized . It makes me sad how I know that my traumas will never be taken seriously by him or the rest of my family.  I  was gonna open up about one of the rapes earlier in the convo because I thought he was starting to understand my triggers better, but once we got into all of this I decided to keep my mouth shut.","1ochtx0 sexualassault My dad told me that women need to be a little bit pushed into having sex or else the human population will decrease Anakinsbooty /r/sexualassault/comments/1ochtx0/my_dad_told_me_that_women_need_to_be_a_little_bit/ I have a history of CSA and different rapes in adulthood. My parents only know about the childhood stuff and weren’t supportive at all. In fact, yesterday my dad told me that I need to get over myself at this point. Well he told me that SA during the time he grew up was basically like “don’t get into a car with this person or they’ll touch your privates” and he said he feels like my generation makes everything into SA and victimization. And I explained to him that that’s not true and that I think it’s important that we now know that there are different forms of SA and that we’re evolving in providing the support and awareness for all SA survivors. I explained to him what sexual coercion was and he was like “well that wouldn’t have been considered sexual assault back in my day”. And I said “well I’m glad things have changed because coercion is wrong”. And he was like “I mean women need to be a little bit pushed into having sex or else the human population will decrease”. I was shocked and hurt that he said that. I also felt so minimized . It makes me sad how I know that my traumas will never be taken seriously by him or the rest of my family.  I  was gonna open up about one of the rapes earlier in the convo because I thought he was starting to understand my triggers better, but once we got into all of this I decided to keep my mouth shut.",['\\bconsider(?:ed)?\\s+(?:it\\s+)?(?:sa|sexual\\s+assault)\\b'],"['\\bsexual(?:ly)?\\s+coerc(?:e|ed|es|ing|ion)\\b', '\\bsa\\b', '\\bassault\\b', '\\bconsider(?:ed)?\\s+(?:it\\s+)?(?:sa|sexual\\s+assault)\\b', '\\bsexual(?:ly)?\\s+assault(?:ed|s|ing)?\\b']"
1o7bk17,sexualassault,Is it considered sexual assault or rape if it was my boyfriend who did it?,[deleted],17,16,True,1,1760536245,/r/sexualassault/comments/1o7bk17/is_it_considered_sexual_assault_or_rape_if_it_was/,My boyfriend and I were having sex and i don’t like anal. I told him that it’s painful and that I don’t like it. I was tied up when he penetrated my asshole. I’m not sure if this is considered rape or not. I told him I was literally shaking my head and saying no but he said he didn’t realise. Is this still considered rape?,1o7bk17 sexualassault Is it considered sexual assault or rape if it was my boyfriend who did it? [deleted] /r/sexualassault/comments/1o7bk17/is_it_considered_sexual_assault_or_rape_if_it_was/ My boyfriend and I were having sex and i don’t like anal. I told him that it’s painful and that I don’t like it. I was tied up when he penetrated my asshole. I’m not sure if this is considered rape or not. I told him I was literally shaking my head and saying no but he said he didn’t realise. Is this still considered rape?,['\\bconsider(?:ed)?\\s+(?:it\\s+)?(?:sa|sexual\\s+assault)\\b'],"['\\bboyfriend\\b', ""\\bi[’']?m\\s+not\\s+sure\\b"", '\\bassault\\b', '\\brape\\b', '\\bconsider(?:ed)?\\s+(?:it\\s+)?(?:sa|sexual\\s+assault)\\b', '\\bsexual(?:ly)?\\s+assault(?:ed|s|ing)?\\b']"
1nzp70l,sexualassault,Was I sexual assaulted?,thesnowmeistermoo,4,4,False,0,1759771022,/r/sexualassault/comments/1nzp70l/was_i_sexual_assaulted/,"When me and my girlfriend at the time would start doing sexual things there were times when I would change my mind and not wanna have sex, she would then say that I was “blue balling” her. (she’s trans just for context) I would then feel guilty about it and give in is that considered sexual assault?","1nzp70l sexualassault Was I sexual assaulted? thesnowmeistermoo /r/sexualassault/comments/1nzp70l/was_i_sexual_assaulted/ When me and my girlfriend at the time would start doing sexual things there were times when I would change my mind and not wanna have sex, she would then say that I was “blue balling” her. (she’s trans just for context) I would then feel guilty about it and give in is that considered sexual assault?",['\\bconsider(?:ed)?\\s+(?:it\\s+)?(?:sa|sexual\\s+assault)\\b'],"['\\bgirlfriend\\b', '\\bassault\\b', '\\bsexual(?:ly)?\\s+assault(?:ed|s|ing)?\\b', '\\bconsider(?:ed)?\\s+(?:it\\s+)?(?:sa|sexual\\s+assault)\\b']"
1np7pss,sexualassault,Is it still r*pe even if I didn’t say no?,MCRmy20,6,4,False,0,1758706526,/r/sexualassault/comments/1np7pss/is_it_still_rpe_even_if_i_didnt_say_no/,"So this summer I met a guy while on semester and long story short we had sex. The problem is that in the middle of everything I didn’t want to anymore. It was too much and I realized that I didn’t want to have my virginity taken by a summer fling. I was too nervous and scared to say no so I just kept it inside, I tried to tell him that it hurt but he told me that it would feel better soon. 

I regret not telling him and I broke contact the second I got home. My friends tells me that he r*ped me but I’m still not sure. One thing I know though is that every time i think about it I feel nauseous and my brain forces me into a darkness that’s hard to get out of. 

Please help me, and maybe give me some advice on what to do when I can’t stop thinking about it.
","1np7pss sexualassault Is it still r*pe even if I didn’t say no? MCRmy20 /r/sexualassault/comments/1np7pss/is_it_still_rpe_even_if_i_didnt_say_no/ So this summer I met a guy while on semester and long story short we had sex. The problem is that in the middle of everything I didn’t want to anymore. It was too much and I realized that I didn’t want to have my virginity taken by a summer fling. I was too nervous and scared to say no so I just kept it inside, I tried to tell him that it hurt but he told me that it would feel better soon. 

I regret not telling him and I broke contact the second I got home. My friends tells me that he r*ped me but I’m still not sure. One thing I know though is that every time i think about it I feel nauseous and my brain forces me into a darkness that’s hard to get out of. 

Please help me, and maybe give me some advice on what to do when I can’t stop thinking about it.
","[""\\bi\\s+didn[’']t\\s+say\\s+no\\b""]","[""\\bi[’']?m\\s+still\\s+not\\s+sure\\b"", ""\\bi\\s+didn[’']t\\s+say\\s+no\\b""]"
1jxruco,sexualassault,"I don’t know, I can’t ask anyone",Worldly_Sympathy4991,1,1,True,3,1744493166,/r/sexualassault/comments/1jxruco/i_dont_know_i_cant_ask_anyone/,"My boyfriend asked to have sex with me earlier and I said no he kept asking. He does that a lot but sometimes I'll just cave. I didn't cave this time. He pulled down his pants and mine and started rubbing it against me and it was fine but then after awhile he just put it in and I told him ""*his name* I said no"" and he said sorry and left it in. I didn't know what to do so I just sat there for a second with it in and then walked away and used the bathroom and he was asleep in my bed by the time I came back. He's left for work. I feel fine but also like shit. He did it before but I was really inebriated and at his house and I didn't say no while he was doing it so. I just don't know what to do I can't tell anyone. I don't know what to do, if just one person could respond and help me and tell me if he assaulted me? Did he? Am I crazy for thinking he might've? I don't know I just want a drink dude. I'm so tired.

Edit: I doubt anyone is going to relook at this post but I fully broke up with my boyfriend and told my parents. Thank you.","1jxruco sexualassault I don’t know, I can’t ask anyone Worldly_Sympathy4991 /r/sexualassault/comments/1jxruco/i_dont_know_i_cant_ask_anyone/ My boyfriend asked to have sex with me earlier and I said no he kept asking. He does that a lot but sometimes I'll just cave. I didn't cave this time. He pulled down his pants and mine and started rubbing it against me and it was fine but then after awhile he just put it in and I told him ""*his name* I said no"" and he said sorry and left it in. I didn't know what to do so I just sat there for a second with it in and then walked away and used the bathroom and he was asleep in my bed by the time I came back. He's left for work. I feel fine but also like shit. He did it before but I was really inebriated and at his house and I didn't say no while he was doing it so. I just don't know what to do I can't tell anyone. I don't know what to do, if just one person could respond and help me and tell me if he assaulted me? Did he? Am I crazy for thinking he might've? I don't know I just want a drink dude. I'm so tired.

Edit: I doubt anyone is going to relook at this post but I fully broke up with my boyfriend and told my parents. Thank you.","[""\\bi\\s+didn[’']t\\s+say\\s+no\\b""]","[""\\bi\\s+(?:genuinely|just|honestly|really|truly|still)\\s+don[’']t\\s+know\\b"", '\\bboyfriend\\b', ""\\bi\\s+didn[’']t\\s+say\\s+no\\b"", ""\\bi\\s+didn[’']t\\s+know\\b"", ""\\bi\\s+don[’']t\\s+know\\b""]"
1iv26kt,sexualassault,My father masturbated next to me as a child,salonos,41,11,True,5,1740173178,/r/sexualassault/comments/1iv26kt/my_father_masturbated_next_to_me_as_a_child/,"
Trigger Warning, Graphic!!! 
Hello, for a Long time i said to myself taht this wasn't sexual assault, because i wasn't touched, then i told my girlfriend about it and sehr asked me to explain it more and when i told her my body twitched the whole time (she hold me) and it was so awful for me. I also offen feared that someone could touch me when i go to sleep and i fehlt very uncomfortable to get in physical contact even with people i liked. Two therapists told me that my father had emototional abused me but i wonder right now if its also kind of sexuality, because in the same time (for Like two years) every night he cuddled with me in spooning position and I know I felt so uncomfortable. I also thought that i felt something behind me moving but when I asked he said it was his belly and I didn't want to check it with my hand. One night I woke up and he masturbated next to me and when I asked what he ist doing he said i should Go to sleep, than he continued. I didn't say anything and waited till he was ready. I feel so bad writig about this. Is this sexual assault or can something like this even be traumatic?","1iv26kt sexualassault My father masturbated next to me as a child salonos /r/sexualassault/comments/1iv26kt/my_father_masturbated_next_to_me_as_a_child/ 
Trigger Warning, Graphic!!! 
Hello, for a Long time i said to myself taht this wasn't sexual assault, because i wasn't touched, then i told my girlfriend about it and sehr asked me to explain it more and when i told her my body twitched the whole time (she hold me) and it was so awful for me. I also offen feared that someone could touch me when i go to sleep and i fehlt very uncomfortable to get in physical contact even with people i liked. Two therapists told me that my father had emototional abused me but i wonder right now if its also kind of sexuality, because in the same time (for Like two years) every night he cuddled with me in spooning position and I know I felt so uncomfortable. I also thought that i felt something behind me moving but when I asked he said it was his belly and I didn't want to check it with my hand. One night I woke up and he masturbated next to me and when I asked what he ist doing he said i should Go to sleep, than he continued. I didn't say anything and waited till he was ready. I feel so bad writig about this. Is this sexual assault or can something like this even be traumatic?",['\\bis\\s+this\\s+(?:sa|sexual\\s+assault)\\b'],"['\\bis\\s+this\\s+(?:sa|sexual\\s+assault)\\b', '\\bgirlfriend\\b', '\\bassault\\b', '\\bsexual(?:ly)?\\s+assault(?:ed|s|ing)?\\b']"
1i3wqf5,sexualassault,what qualifies as rape,cacameowmeow,1,1,False,0,1737164858,/r/sexualassault/comments/1i3wqf5/what_qualifies_as_rape/,"when i was 12 i was spending the night at my moms house, earlier that day we had gone to the beach with my two brothers, my stepdad, my mom, and myself of course.  

later that night i was in my room doing idk whatever a 12 year old girl does when my stepdad walked in and showed me his parts, he said he got hard when he was thinking about the bathing suit i wore at the beach earlier he said since i caused it i needed to fix it, he told me to take my underwear off and bend over onto the bed and i did it even tho i knew what he was gonna do to me. 

during it i didn’t tell him to stop, i didn’t say no, i didn’t try to move, i didn’t yell for help, i just let it happen and cried silently from the pain. i knew what we were doing and i knew its not normal or correct to have sex with your stepdad but for some reason i did it.

a couple days ago i told my friend about it at school because we were talking about losing our virginities, i had told her how i lost mine to which she got upset and told me it was rape, if i consented and didn’t try to stop it even if i knew it was wrong is it still rape? ","1i3wqf5 sexualassault what qualifies as rape cacameowmeow /r/sexualassault/comments/1i3wqf5/what_qualifies_as_rape/ when i was 12 i was spending the night at my moms house, earlier that day we had gone to the beach with my two brothers, my stepdad, my mom, and myself of course.  

later that night i was in my room doing idk whatever a 12 year old girl does when my stepdad walked in and showed me his parts, he said he got hard when he was thinking about the bathing suit i wore at the beach earlier he said since i caused it i needed to fix it, he told me to take my underwear off and bend over onto the bed and i did it even tho i knew what he was gonna do to me. 

during it i didn’t tell him to stop, i didn’t say no, i didn’t try to move, i didn’t yell for help, i just let it happen and cried silently from the pain. i knew what we were doing and i knew its not normal or correct to have sex with your stepdad but for some reason i did it.

a couple days ago i told my friend about it at school because we were talking about losing our virginities, i had told her how i lost mine to which she got upset and told me it was rape, if i consented and didn’t try to stop it even if i knew it was wrong is it still rape? ","[""\\bi\\s+didn[’']t\\s+say\\s+no\\b""]","['\\bidk+k*\\b', '\\bfriend\\b', ""\\bi\\s+didn[’']t\\s+say\\s+no\\b"", '\\brape\\b']"
1h93ecx,sexualassault,My boyfriend forced my head down while I was giving,Upbeat_Anxiety_4852,1,1,True,7,1733608817,/r/sexualassault/comments/1h93ecx/my_boyfriend_forced_my_head_down_while_i_was/,"Hey guys, I'm reposting this in hopes of responses this time. I really am conflicted and I don't know what this is considered. If it's sexual assault, I didn't say no, so how would he know? If it's rape, which I really don't know because technically I consented to give at first, I again didn't say no. But once I started getting my head pushed I wanted out. 

My (16f) boyfriend (17m) visited me about one week ago. Before this, we talked about our boundaries on call many times and one of mine was for him to not push my head down if I'm giving, because I don't like gagging, choking, and I most definitely didn't want to throw up. His priority was to not hurt me and keep me safe.

Anyways fast forward to the visit, we lost our virginity to each other that moment. We both consented, however, in the beginning when I was giving, he kept pushing my head down. I didn't verbally say no or tell him to stop while in the act because 1. I didn't want to ruin the mood, and 2. he drove so far. But I kept raising my head so I could gather myself and breathe. Each time seconds after, he would tell me to keep going and push my head up and down again. I was just waiting for that moment to be over, and when it did end, I avoided being in that position again. We continued and I consented to everything else. It's just that one part that keeps haunting me. 

When I talked to him about it he was extremely apologetic and he said he forgot about that one but that wasn't an excuse and it was his fault. That was reasonable I think because I did set a lot of boundaries. He was just really sorry. I have a history with SA so I'm shaken. He's the only one I opened up to and he promised to never do bad things to me. He's still extremely apologetic and he says he really didn't mean to and he feels terrible. But it took me a lot to reach that point where I'm comfortable to do those sort of things with him. What is this considered?","1h93ecx sexualassault My boyfriend forced my head down while I was giving Upbeat_Anxiety_4852 /r/sexualassault/comments/1h93ecx/my_boyfriend_forced_my_head_down_while_i_was/ Hey guys, I'm reposting this in hopes of responses this time. I really am conflicted and I don't know what this is considered. If it's sexual assault, I didn't say no, so how would he know? If it's rape, which I really don't know because technically I consented to give at first, I again didn't say no. But once I started getting my head pushed I wanted out. 

My (16f) boyfriend (17m) visited me about one week ago. Before this, we talked about our boundaries on call many times and one of mine was for him to not push my head down if I'm giving, because I don't like gagging, choking, and I most definitely didn't want to throw up. His priority was to not hurt me and keep me safe.

Anyways fast forward to the visit, we lost our virginity to each other that moment. We both consented, however, in the beginning when I was giving, he kept pushing my head down. I didn't verbally say no or tell him to stop while in the act because 1. I didn't want to ruin the mood, and 2. he drove so far. But I kept raising my head so I could gather myself and breathe. Each time seconds after, he would tell me to keep going and push my head up and down again. I was just waiting for that moment to be over, and when it did end, I avoided being in that position again. We continued and I consented to everything else. It's just that one part that keeps haunting me. 

When I talked to him about it he was extremely apologetic and he said he forgot about that one but that wasn't an excuse and it was his fault. That was reasonable I think because I did set a lot of boundaries. He was just really sorry. I have a history with SA so I'm shaken. He's the only one I opened up to and he promised to never do bad things to me. He's still extremely apologetic and he says he really didn't mean to and he feels terrible. But it took me a lot to reach that point where I'm comfortable to do those sort of things with him. What is this considered?","[""\\bi\\s+didn[’']t\\s+say\\s+no\\b""]","[""\\bi\\s+(?:genuinely|just|honestly|really|truly|still)\\s+don[’']t\\s+know\\b"", '\\bboyfriend\\b', ""\\bi\\s+didn[’']t\\s+say\\s+no\\b"", ""\\bi\\s+don[’']t\\s+know\\b"", '\\bsa\\b', '\\bassault\\b', '\\brape\\b', '\\bsexual(?:ly)?\\s+assault(?:ed|s|ing)?\\b']"
1h8zict,sexualassault,Is it possible for sexual assault to occur without an abuser?,hunterwasused,1,1,True,4,1733598059,/r/sexualassault/comments/1h8zict/is_it_possible_for_sexual_assault_to_occur/,"I’ve been trying to figure out my situation and I know I have trauma related to sexual things but there wasn’t a perpetrator. For context my trauma is due to viewing pornography at to young of an age the earliest I can remember seeing that stuff is a 9 years old. No one showed it to me, it was just due to my parents not paying enough attention to what I saw on the internet. I don’t even know if this could even be considered sexual assault or abuse but it seems like no one has an experience like this so it feels kinda lonely. Could anyone tell me if this is considered SA or not?

EDIT: 12/12/2024
After going through my memories and trying to remember the first time I was exposed to inappropriate content, I believe it is due to an ex friend showing me or being told to search it up. At this point due to my bad memory idk what to think.

EDIT#2: 12/14/2024
I’ve been trying to remember more and so far I’ve discovered that whatever started this happened when I was around 10 years old, not 9. I’ve also figured out that the most likely reason I was exposed to nsfw content was from an ex friend either showing me or telling me to look it up. He was around the same age as me so I don’t know if that makes any difference. Also I unfortunately don’t remember his name so I can’t exactly look for him and ask him questions. There is also I struggle to remember much prior to the year 2015 although I have a few memories here and there during the period of time between 2012-2015. I wish I could remember more.","1h8zict sexualassault Is it possible for sexual assault to occur without an abuser? hunterwasused /r/sexualassault/comments/1h8zict/is_it_possible_for_sexual_assault_to_occur/ I’ve been trying to figure out my situation and I know I have trauma related to sexual things but there wasn’t a perpetrator. For context my trauma is due to viewing pornography at to young of an age the earliest I can remember seeing that stuff is a 9 years old. No one showed it to me, it was just due to my parents not paying enough attention to what I saw on the internet. I don’t even know if this could even be considered sexual assault or abuse but it seems like no one has an experience like this so it feels kinda lonely. Could anyone tell me if this is considered SA or not?

EDIT: 12/12/2024
After going through my memories and trying to remember the first time I was exposed to inappropriate content, I believe it is due to an ex friend showing me or being told to search it up. At this point due to my bad memory idk what to think.

EDIT#2: 12/14/2024
I’ve been trying to remember more and so far I’ve discovered that whatever started this happened when I was around 10 years old, not 9. I’ve also figured out that the most likely reason I was exposed to nsfw content was from an ex friend either showing me or telling me to look it up. He was around the same age as me so I don’t know if that makes any difference. Also I unfortunately don’t remember his name so I can’t exactly look for him and ask him questions. There is also I struggle to remember much prior to the year 2015 although I have a few memories here and there during the period of time between 2012-2015. I wish I could remember more.",['\\bconsider(?:ed)?\\s+(?:it\\s+)?(?:sa|sexual\\s+assault)\\b'],"[""\\bi\\s+don[’']t\\s+even\\s+know\\b"", '\\bidk+k*\\b', ""\\bi\\s+don[’']t\\s+know\\b"", '\\bsa\\b', '\\bassault\\b', '\\bconsider(?:ed)?\\s+(?:it\\s+)?(?:sa|sexual\\s+assault)\\b', '\\bfriend\\b', '\\bsexual(?:ly)?\\s+assault(?:ed|s|ing)?\\b']"
1h2krdd,sexualassault,was this sa?,Suitable-Ant1235,1,1,False,0,1732883425,/r/sexualassault/comments/1h2krdd/was_this_sa/,"had sex with my boyfriend who I ghosted , before the sex I told him I was previously raped before etc. I literally consented and offered. But during the sex it hurt so bad, I told him it hurt but he kept going. It was the most traumatizing thing ever , i was bleeding and I remember when I got home all I felt was disgust and pain. I can’t seem to love him anymore, i ghosted him. When I showered blood just came out.","1h2krdd sexualassault was this sa? Suitable-Ant1235 /r/sexualassault/comments/1h2krdd/was_this_sa/ had sex with my boyfriend who I ghosted , before the sex I told him I was previously raped before etc. I literally consented and offered. But during the sex it hurt so bad, I told him it hurt but he kept going. It was the most traumatizing thing ever , i was bleeding and I remember when I got home all I felt was disgust and pain. I can’t seem to love him anymore, i ghosted him. When I showered blood just came out.",['\\bwas\\s+this\\s+(?:sa|sexual\\s+assault)\\b'],"['\\bsa\\b', '\\bwas\\s+this\\s+(?:sa|sexual\\s+assault)\\b', '\\bboyfriend\\b']"
1gxgzdg,sexualassault,Is this Sexual Assault?,anon10145,3,1,False,0,1732305934,/r/sexualassault/comments/1gxgzdg/is_this_sexual_assault/,So me and my coworker today were discussing dissociation. Me and this coworker are friends outside of work so we tend to trauma dump a lot. So I causally mention I would dissociate during sex with my ex husband. I am now 25 but got married at 19 and we divorced by the time I was 21. Towards the end of our marriage I was super depressed and had a low libido. He would constantly ask even after I said no. So eventually I would just give in and most time dissociate until he was done. He would often threaten to divorce me if I wouldn’t have more sex. I didn’t inform him I had no libido due to mental health issues and just exhaustion. I was the primary bread winner of the marriage so I was always very tired. My coworker said this is rape..! don't know if I necessarily see it that way so I thought l'd ask others their opinion.,1gxgzdg sexualassault Is this Sexual Assault? anon10145 /r/sexualassault/comments/1gxgzdg/is_this_sexual_assault/ So me and my coworker today were discussing dissociation. Me and this coworker are friends outside of work so we tend to trauma dump a lot. So I causally mention I would dissociate during sex with my ex husband. I am now 25 but got married at 19 and we divorced by the time I was 21. Towards the end of our marriage I was super depressed and had a low libido. He would constantly ask even after I said no. So eventually I would just give in and most time dissociate until he was done. He would often threaten to divorce me if I wouldn’t have more sex. I didn’t inform him I had no libido due to mental health issues and just exhaustion. I was the primary bread winner of the marriage so I was always very tired. My coworker said this is rape..! don't know if I necessarily see it that way so I thought l'd ask others their opinion.,['\\bis\\s+this\\s+(?:sa|sexual\\s+assault)\\b'],"['\\bis\\s+this\\s+(?:sa|sexual\\s+assault)\\b', '\\bassault\\b', '\\brape\\b', '\\bhusband\\b', '\\bsexual(?:ly)?\\s+assault(?:ed|s|ing)?\\b']"
1gxd552,sexualassault,Is this sexual assault?,After-Ad-4350,1,1,False,0,1732296274,/r/sexualassault/comments/1gxd552/is_this_sexual_assault/,"For context, my boyfriend was raped in the past by a friend of his. He was my first time with a guy (I am a girl) and I had just gotten out of a long relationship. This all started happening about two years ago and continued for about six months before it was mostly resolved. I feel like I should get over it and forgive him but I just can’t.  

- When we first started dating, he would ask me if I wanted to have sex, and when I said no he would ask again and again until I gave up. I remember a specific time when he asked me three times and by the fourth time I gave up and just did it, and then after he finished he realized what happened and I had to comfort him bc he was having flashbacks. He would ask me up to six or seven times before giving up, and I would always feel guilty for saying no after, like it was my fault, even if he did it anyways.

- One time he was giving himself a handjob at my house and I told him I didn’t want to suck his dick because it was so early on in the relationship (first few weeks) and I wasn’t ready for that yet. When  he came he shoved his dick as far as he could down my throat. I gagged and choked and he held it there for 10-15 seconds.

- The first time we had full sex (my first time and reluctantly on my part), his family was home so I was terrified we would get caught. We had no foreplay (I gave head but wasn’t kissed/touched in return so I was not physically or mentally ready yet). After he started I begged him multiple times on the verge of tears to stop because it hurt so badly and he just kept going for about 2-3 minutes before eventually stopping. 

- Putting objects from around my room in inside me to see how I would react while I was pleading with him to stop and he just ignored me, probably went on for about 5 minutes before he stopped. 

- I know this part doesn’t count as SA but he always goes on his phone immediately after sex even though I’ve begged for aftercare so many times, and he belittles me when I ask. I always feel dirty and used after sex and I’ve explained this so many times but he just doesn’t get it. 

- I’ve brought up how what happened bothers me and he always dismisses it, saying something like “I thought you were over that,” or “can we just drop it please?” We have friends who were SAd and he cares so much about sharing experiences with them but acts like everything he did to me was my fault. I feel guilty for calling it SA but it still bothers me to this day and I can’t tell anyone. I’m so embarrassed by everything and the way it’s changed me as a person, I feel like I need to be constantly touched by him in order to feel loved.

Edit - I feel like I should clarify that this is not continuing anymore and we have a much better sex life now, the issue I was having is that I wasn’t sure if it “counted” and I haven’t been able to process and forgive him/let go and fully enjoy the sex we have now. Though I’m not happy with some things our sex is always consensual now and I feel much safer. Thank you to everyone who has taken the time to answer me, it means a lot to me. 

Edit 2 - consent and how I felt about sex early on came up in a conversation with him (brought up by him) and he said he was very willing to talk about what happened with me if I wanted to. I told him no for now and that I might want to talk about it at a different time, but that I did not want him to worry about it for now.","1gxd552 sexualassault Is this sexual assault? After-Ad-4350 /r/sexualassault/comments/1gxd552/is_this_sexual_assault/ For context, my boyfriend was raped in the past by a friend of his. He was my first time with a guy (I am a girl) and I had just gotten out of a long relationship. This all started happening about two years ago and continued for about six months before it was mostly resolved. I feel like I should get over it and forgive him but I just can’t.  

- When we first started dating, he would ask me if I wanted to have sex, and when I said no he would ask again and again until I gave up. I remember a specific time when he asked me three times and by the fourth time I gave up and just did it, and then after he finished he realized what happened and I had to comfort him bc he was having flashbacks. He would ask me up to six or seven times before giving up, and I would always feel guilty for saying no after, like it was my fault, even if he did it anyways.

- One time he was giving himself a handjob at my house and I told him I didn’t want to suck his dick because it was so early on in the relationship (first few weeks) and I wasn’t ready for that yet. When  he came he shoved his dick as far as he could down my throat. I gagged and choked and he held it there for 10-15 seconds.

- The first time we had full sex (my first time and reluctantly on my part), his family was home so I was terrified we would get caught. We had no foreplay (I gave head but wasn’t kissed/touched in return so I was not physically or mentally ready yet). After he started I begged him multiple times on the verge of tears to stop because it hurt so badly and he just kept going for about 2-3 minutes before eventually stopping. 

- Putting objects from around my room in inside me to see how I would react while I was pleading with him to stop and he just ignored me, probably went on for about 5 minutes before he stopped. 

- I know this part doesn’t count as SA but he always goes on his phone immediately after sex even though I’ve begged for aftercare so many times, and he belittles me when I ask. I always feel dirty and used after sex and I’ve explained this so many times but he just doesn’t get it. 

- I’ve brought up how what happened bothers me and he always dismisses it, saying something like “I thought you were over that,” or “can we just drop it please?” We have friends who were SAd and he cares so much about sharing experiences with them but acts like everything he did to me was my fault. I feel guilty for calling it SA but it still bothers me to this day and I can’t tell anyone. I’m so embarrassed by everything and the way it’s changed me as a person, I feel like I need to be constantly touched by him in order to feel loved.

Edit - I feel like I should clarify that this is not continuing anymore and we have a much better sex life now, the issue I was having is that I wasn’t sure if it “counted” and I haven’t been able to process and forgive him/let go and fully enjoy the sex we have now. Though I’m not happy with some things our sex is always consensual now and I feel much safer. Thank you to everyone who has taken the time to answer me, it means a lot to me. 

Edit 2 - consent and how I felt about sex early on came up in a conversation with him (brought up by him) and he said he was very willing to talk about what happened with me if I wanted to. I told him no for now and that I might want to talk about it at a different time, but that I did not want him to worry about it for now.",['\\bis\\s+this\\s+(?:sa|sexual\\s+assault)\\b'],"['\\bboyfriend\\b', '\\bis\\s+this\\s+(?:sa|sexual\\s+assault)\\b', '\\bsa\\b', '\\bassault\\b', ""\\bi\\s+wasn[’']t\\s+sure\\b"", '\\bfriend\\b', '\\bsexual(?:ly)?\\s+assault(?:ed|s|ing)?\\b']"
1gnn6ys,sexualassault,My ex boyfriend forced me to have sex is that sexual assault?,throwawayyyonly4me,1,1,False,0,1731195488,/r/sexualassault/comments/1gnn6ys/my_ex_boyfriend_forced_me_to_have_sex_is_that/,"My ex boyfriend trapped me at his house, took my phone, threatened me and wouldn’t let me leave until I had sex with him. 

I fucked up and this is all my fault. I agreed to meet up with him, we’re having a really bad break. I only agreed to meet him because he said he would leave me alone forever if I did. 

I only did it because I was scared but I didn’t want to. Is this sexual assault? I feel violated but it’s my own fault for agreeing to meet up with him. I’m so stupid. I want to die. I feel so gross. ","1gnn6ys sexualassault My ex boyfriend forced me to have sex is that sexual assault? throwawayyyonly4me /r/sexualassault/comments/1gnn6ys/my_ex_boyfriend_forced_me_to_have_sex_is_that/ My ex boyfriend trapped me at his house, took my phone, threatened me and wouldn’t let me leave until I had sex with him. 

I fucked up and this is all my fault. I agreed to meet up with him, we’re having a really bad break. I only agreed to meet him because he said he would leave me alone forever if I did. 

I only did it because I was scared but I didn’t want to. Is this sexual assault? I feel violated but it’s my own fault for agreeing to meet up with him. I’m so stupid. I want to die. I feel so gross. ",['\\bis\\s+this\\s+(?:sa|sexual\\s+assault)\\b'],"['\\bis\\s+this\\s+(?:sa|sexual\\s+assault)\\b', '\\bboyfriend\\b', '\\bassault\\b', '\\bsexual(?:ly)?\\s+assault(?:ed|s|ing)?\\b']"
1gi7ufd,sexualassault,My bf touched my inappropriately in my sleep,jbbg11000,1,1,True,3,1730585500,/r/sexualassault/comments/1gi7ufd/my_bf_touched_my_inappropriately_in_my_sleep/,"Last night I woke up to my bf putting my hand on his erect genitals. I was shocked, but didn’t open my eyes because I wanted to see how far he’d go. When he realized that my hand is limp (from sleeping) he gave up and decided to fondle my breasts, lift my shirt and put his hand in my pyjama pants, and tried to touch me inappropriately. That’s when I pretended to finally wake up and asked him angrily what the heck he’s doing. He was surprised, and said that he just touched me once (as if that justified it). He got up, and was upset with me. He said that my reaction implied that he’s a pervert, when he’s actually not. He said that I was sweating a lot in my sleep, so he thought I had a fever and he was checking my body? Idk. Didn’t make much sense to me. But I didn’t wanna say much further because I did actually wake up earlier, but pretended to be asleep to see what he’d do. So it’s kind of my fault, that it happened. But would this be considered sexual assault? I don’t think he’s a pervert like he said, but it definitely made me feel kinda violated. ","1gi7ufd sexualassault My bf touched my inappropriately in my sleep jbbg11000 /r/sexualassault/comments/1gi7ufd/my_bf_touched_my_inappropriately_in_my_sleep/ Last night I woke up to my bf putting my hand on his erect genitals. I was shocked, but didn’t open my eyes because I wanted to see how far he’d go. When he realized that my hand is limp (from sleeping) he gave up and decided to fondle my breasts, lift my shirt and put his hand in my pyjama pants, and tried to touch me inappropriately. That’s when I pretended to finally wake up and asked him angrily what the heck he’s doing. He was surprised, and said that he just touched me once (as if that justified it). He got up, and was upset with me. He said that my reaction implied that he’s a pervert, when he’s actually not. He said that I was sweating a lot in my sleep, so he thought I had a fever and he was checking my body? Idk. Didn’t make much sense to me. But I didn’t wanna say much further because I did actually wake up earlier, but pretended to be asleep to see what he’d do. So it’s kind of my fault, that it happened. But would this be considered sexual assault? I don’t think he’s a pervert like he said, but it definitely made me feel kinda violated. ",['\\bconsider(?:ed)?\\s+(?:it\\s+)?(?:sa|sexual\\s+assault)\\b'],"['\\bidk+k*\\b', '\\bassault\\b', '\\bsexual(?:ly)?\\s+assault(?:ed|s|ing)?\\b', '\\bconsider(?:ed)?\\s+(?:it\\s+)?(?:sa|sexual\\s+assault)\\b']"
1gcp5ib,sexualassault,Was I sexually assaulted or is it my fault,Sunflowerspecks,1,1,True,3,1729960744,/r/sexualassault/comments/1gcp5ib/was_i_sexually_assaulted_or_is_it_my_fault/,"Basically, I worked at a video game store to earn income to move out of an abusive household situation. I worked there about 5 days a week. It was a resale shop owned by my middle school choir teacher’s husband. I began working there at 23. I considered the store owner my friend and we would talk about life things and sometimes even relationships to which he would sometimes turn the conversation into something sexual like asking if I fucked the guys I was dating. Admittedly, while I felt a little uncomfortable answering, I also thought this was how adults have conversations and kind of forced myself to get over it because I didn’t want to appear childish. Eventually, that turned into him groping me at work. It began in front of a customer when he asked me to help a costumer figure out what console they were looking for as he grabbed my ass and privates from behind the counter. I had to pretend it wasn’t happening because I was scared I would somehow get in trouble if a stranger witnessed or figured out that he was touching me. It was so uncomfortable but i didn’t ask him to stop because i was scared of the consequences of saying no to him. So began a large period of time when he would greet me at the beginning of my shifts by pulling me into the back and shoving his tongue down my throat and i just put up with it. This man showed clear signs of being violent and anger towards even his costumers so i just thought “just get it over with”. One day while i was working on cleaning a NES console, he suddenly shoved his penis in my mouth (i was sitting at a low leveled table and he walked over) i just remember screaming on the inside and dissociating through the experience. I began to come into work pretending to be sick often and hiding in the bathroom just outside the back entrance of the store (it was located in a mall) for sometimes hours to avoid his advances. Sometimes, a customer would come in and he would have to rush out front and had to stop anything he was doing so the sound of someone coming in always gave me huge relief. Until one day, he locked the entrance to the store and came back and picked me up and threw me on my work table saying “now no one can interrupt us”. He pulled out a condom and said he was saving it for us for weeks. I didn’t say a word. I just panicked and froze. And he shoved himself inside me. I remember dissociating through the entire thing just waiting for him to stop. I felt nothing. I said nothing. I just remember not crying and sitting in the shower for 3 hours when i got home. I blame myself because i didn’t push him off or tell him to stop. But he also didn’t ever ask me? He just DID it. I avoided coming into work after that event for about a month. I kept putting up with it because i needed the money. Until that. When i did come back, i waited until it was the only other person who sometimes worked there. I wound up confiding in him and he immediately told me I can’t keep working there for my safety and he actually helped me get another job.. i am still grateful for that person to this day.

Was this rape? Or is it my fault for not speaking up ","1gcp5ib sexualassault Was I sexually assaulted or is it my fault Sunflowerspecks /r/sexualassault/comments/1gcp5ib/was_i_sexually_assaulted_or_is_it_my_fault/ Basically, I worked at a video game store to earn income to move out of an abusive household situation. I worked there about 5 days a week. It was a resale shop owned by my middle school choir teacher’s husband. I began working there at 23. I considered the store owner my friend and we would talk about life things and sometimes even relationships to which he would sometimes turn the conversation into something sexual like asking if I fucked the guys I was dating. Admittedly, while I felt a little uncomfortable answering, I also thought this was how adults have conversations and kind of forced myself to get over it because I didn’t want to appear childish. Eventually, that turned into him groping me at work. It began in front of a customer when he asked me to help a costumer figure out what console they were looking for as he grabbed my ass and privates from behind the counter. I had to pretend it wasn’t happening because I was scared I would somehow get in trouble if a stranger witnessed or figured out that he was touching me. It was so uncomfortable but i didn’t ask him to stop because i was scared of the consequences of saying no to him. So began a large period of time when he would greet me at the beginning of my shifts by pulling me into the back and shoving his tongue down my throat and i just put up with it. This man showed clear signs of being violent and anger towards even his costumers so i just thought “just get it over with”. One day while i was working on cleaning a NES console, he suddenly shoved his penis in my mouth (i was sitting at a low leveled table and he walked over) i just remember screaming on the inside and dissociating through the experience. I began to come into work pretending to be sick often and hiding in the bathroom just outside the back entrance of the store (it was located in a mall) for sometimes hours to avoid his advances. Sometimes, a customer would come in and he would have to rush out front and had to stop anything he was doing so the sound of someone coming in always gave me huge relief. Until one day, he locked the entrance to the store and came back and picked me up and threw me on my work table saying “now no one can interrupt us”. He pulled out a condom and said he was saving it for us for weeks. I didn’t say a word. I just panicked and froze. And he shoved himself inside me. I remember dissociating through the entire thing just waiting for him to stop. I felt nothing. I said nothing. I just remember not crying and sitting in the shower for 3 hours when i got home. I blame myself because i didn’t push him off or tell him to stop. But he also didn’t ever ask me? He just DID it. I avoided coming into work after that event for about a month. I kept putting up with it because i needed the money. Until that. When i did come back, i waited until it was the only other person who sometimes worked there. I wound up confiding in him and he immediately told me I can’t keep working there for my safety and he actually helped me get another job.. i am still grateful for that person to this day.

Was this rape? Or is it my fault for not speaking up ",['\\bwas\\s+i\\s+sexually\\s+assaulted\\b'],"['\\brape\\b', '\\bhusband\\b', '\\bwas\\s+i\\s+sexually\\s+assaulted\\b', '\\bfriend\\b', '\\bsexual(?:ly)?\\s+assault(?:ed|s|ing)?\\b']"
1gcau89,sexualassault,"is it considered sexual assault if i never said the word ""stop""?",Silver-Fuel5927,1,1,True,7,1729908755,/r/sexualassault/comments/1gcau89/is_it_considered_sexual_assault_if_i_never_said/,"i said that it was hurting, and then he said ""yeah it hurts, but it hurts in a good way"" as a way to convince me to just endure it so he could finish. and then i didn't respond and just waited for him to finish.","1gcau89 sexualassault is it considered sexual assault if i never said the word ""stop""? Silver-Fuel5927 /r/sexualassault/comments/1gcau89/is_it_considered_sexual_assault_if_i_never_said/ i said that it was hurting, and then he said ""yeah it hurts, but it hurts in a good way"" as a way to convince me to just endure it so he could finish. and then i didn't respond and just waited for him to finish.",['\\bconsider(?:ed)?\\s+(?:it\\s+)?(?:sa|sexual\\s+assault)\\b'],"['\\bassault\\b', '\\bsexual(?:ly)?\\s+assault(?:ed|s|ing)?\\b', '\\bconsider(?:ed)?\\s+(?:it\\s+)?(?:sa|sexual\\s+assault)\\b']"
1g7glvs,sexualassault,Is this SA?,Visible_Voice_8131,1,1,True,1,1729366042,/r/sexualassault/comments/1g7glvs/is_this_sa/,"If a guy gets you intoxicated with the intention of having sex with you , is it rape? Other times he was just really pushy and always wanted me drunk ... but that night he got me completely plastered in hopes I'd have sex with him ...
Was it sexual assault? I wanted to sleep it off in my car but he took me to his pickup ... and yeah ... things progressed. My phone broke as well and I was lost. He wasn't being very nice or willing to help bc he wanted sex and I guess at first I didn't agree to it ? Idk. But is a guy getting you absolutely plastered with the intention of having sex with you is it rape? ","1g7glvs sexualassault Is this SA? Visible_Voice_8131 /r/sexualassault/comments/1g7glvs/is_this_sa/ If a guy gets you intoxicated with the intention of having sex with you , is it rape? Other times he was just really pushy and always wanted me drunk ... but that night he got me completely plastered in hopes I'd have sex with him ...
Was it sexual assault? I wanted to sleep it off in my car but he took me to his pickup ... and yeah ... things progressed. My phone broke as well and I was lost. He wasn't being very nice or willing to help bc he wanted sex and I guess at first I didn't agree to it ? Idk. But is a guy getting you absolutely plastered with the intention of having sex with you is it rape? ",['\\bis\\s+this\\s+(?:sa|sexual\\s+assault)\\b'],"['\\bis\\s+this\\s+(?:sa|sexual\\s+assault)\\b', '\\bidk+k*\\b', '\\bsa\\b', '\\bassault\\b', '\\brape\\b', '\\bsexual(?:ly)?\\s+assault(?:ed|s|ing)?\\b']"
1fbb0gd,sexualassault,My dad masterbated right beside me,DetectiveUsed4382,1,1,False,0,1725726669,/r/sexualassault/comments/1fbb0gd/my_dad_masterbated_right_beside_me/,"So this happened during the pandemic. So I remember years after that my father would share a bed and he would masterbate right beside me I didn't see his penis, since he covered him jacking off with a blanket.  I told my mom years later (2024) and she excused his behavior that he just can't help himself. 

Is this SA?","1fbb0gd sexualassault My dad masterbated right beside me DetectiveUsed4382 /r/sexualassault/comments/1fbb0gd/my_dad_masterbated_right_beside_me/ So this happened during the pandemic. So I remember years after that my father would share a bed and he would masterbate right beside me I didn't see his penis, since he covered him jacking off with a blanket.  I told my mom years later (2024) and she excused his behavior that he just can't help himself. 

Is this SA?",['\\bis\\s+this\\s+(?:sa|sexual\\s+assault)\\b'],"['\\bsa\\b', '\\bis\\s+this\\s+(?:sa|sexual\\s+assault)\\b']"
1f5ufsj,sexualassault,Am I justified in thinking this was assualt?,thesneakyslug,1,1,True,3,1725130042,/r/sexualassault/comments/1f5ufsj/am_i_justified_in_thinking_this_was_assualt/,"Alright so for context, I'm a dude but a trans one. I'm out fully, have been for years, everyone treats me like a guy, I'm known as a guy at uni, I make sure that I ""act"" and look like a guy (sometimes to the expense of my own personality lol) so basically in all contexts everyone sees me as one including all my (now ex) flatmates. This included one of my flatmares,  I'll call him Lewis, who up until January saw me as a dude and we were just mates. I actually was pretty stoked to have him as a friend and i thought he was awesome. Then around Jan he starts out of literally no where misgendering me whereas he hadn't before. It started off as jokes like we were joking about being old and he called me a old granny but I didn't really take it personally at that point. But then he straight up starting treating me like a woman. he's introduced me as a girl, he'd use the wrong pronouns, he found out my old name from my bank card (I told him not to look) and starting boasting about it. Also around this time, he started making ""jokes"" about us dating and the most painfully awkward one was that we went to go get burritos and he said, all seriousness ""this is a nice little date we're on"" and I just kinda died of the cringe and gave him a little bit of a cold shoulder for the next few days but then I just kinda let it go. 

Fast forward to March, Me, Lewis and my friend Ann went clubbing and we all drunk having a good time just literally being mates. Not once did I say ANYTHING flirty or anything we were just goofing around it was fun. Then at some point during the night, Ann goes to the bathroom and me and Lewis sit at a booth. We are talking about, again nothing flirty, just literally laughing about something that happened that night he starts rubbing his hand across my thigh and I just freeze. Its so dumb because I probably could have told him to stop but I didn't for some reason I just froze. And he didnt really touch me anywhere super weird but he did like squeeze my inner thigh which just made me feel a bit gross to be honest. He stopped eventually, or I think I made some move to angle myself away from him and honestly for the rest of the night I just consciously forgot about it. But the days following I felt horrible, then I convinced myself it wasn't a big deal but as time went on I was just so mad about it cause I figured he had started to misgender me and stuff because he suddenly starting liking me but isnt comfortable of the idea of getting with a guy ( I don't even think be liked me tbh, he talks ALL THE TIME about how he can never get women and he just figured he'd try me cause I was there essentially) 

I was mad about it cause it made things awkward and I felt so bit used but I didn't really think it was assualt as such until I heard through the grapevine that he has a bit of a pattern of being creepy around women when he's drunk and now I'm thinking about how scared I was during it (that might be dumb) and I keep going to be like ""oh this wasn't assault it wasn't that bad"" but if any of my friends ever told me a similar story, I'd probably say it's assualt but I'm so anxious about this now. I keep thinking about it, I'm scared cause I gotta see him at campus when I go back to uni and honestly I'm just feeling super shitty about this. 


Sorry this is so long, I haven't really talked about this in front of anyone and I can't really say I've been assualted (if it's that) and I know it wanst that bad but this whole thing is making me so gross and horrible. ","1f5ufsj sexualassault Am I justified in thinking this was assualt? thesneakyslug /r/sexualassault/comments/1f5ufsj/am_i_justified_in_thinking_this_was_assualt/ Alright so for context, I'm a dude but a trans one. I'm out fully, have been for years, everyone treats me like a guy, I'm known as a guy at uni, I make sure that I ""act"" and look like a guy (sometimes to the expense of my own personality lol) so basically in all contexts everyone sees me as one including all my (now ex) flatmates. This included one of my flatmares,  I'll call him Lewis, who up until January saw me as a dude and we were just mates. I actually was pretty stoked to have him as a friend and i thought he was awesome. Then around Jan he starts out of literally no where misgendering me whereas he hadn't before. It started off as jokes like we were joking about being old and he called me a old granny but I didn't really take it personally at that point. But then he straight up starting treating me like a woman. he's introduced me as a girl, he'd use the wrong pronouns, he found out my old name from my bank card (I told him not to look) and starting boasting about it. Also around this time, he started making ""jokes"" about us dating and the most painfully awkward one was that we went to go get burritos and he said, all seriousness ""this is a nice little date we're on"" and I just kinda died of the cringe and gave him a little bit of a cold shoulder for the next few days but then I just kinda let it go. 

Fast forward to March, Me, Lewis and my friend Ann went clubbing and we all drunk having a good time just literally being mates. Not once did I say ANYTHING flirty or anything we were just goofing around it was fun. Then at some point during the night, Ann goes to the bathroom and me and Lewis sit at a booth. We are talking about, again nothing flirty, just literally laughing about something that happened that night he starts rubbing his hand across my thigh and I just freeze. Its so dumb because I probably could have told him to stop but I didn't for some reason I just froze. And he didnt really touch me anywhere super weird but he did like squeeze my inner thigh which just made me feel a bit gross to be honest. He stopped eventually, or I think I made some move to angle myself away from him and honestly for the rest of the night I just consciously forgot about it. But the days following I felt horrible, then I convinced myself it wasn't a big deal but as time went on I was just so mad about it cause I figured he had started to misgender me and stuff because he suddenly starting liking me but isnt comfortable of the idea of getting with a guy ( I don't even think be liked me tbh, he talks ALL THE TIME about how he can never get women and he just figured he'd try me cause I was there essentially) 

I was mad about it cause it made things awkward and I felt so bit used but I didn't really think it was assualt as such until I heard through the grapevine that he has a bit of a pattern of being creepy around women when he's drunk and now I'm thinking about how scared I was during it (that might be dumb) and I keep going to be like ""oh this wasn't assault it wasn't that bad"" but if any of my friends ever told me a similar story, I'd probably say it's assualt but I'm so anxious about this now. I keep thinking about it, I'm scared cause I gotta see him at campus when I go back to uni and honestly I'm just feeling super shitty about this. 


Sorry this is so long, I haven't really talked about this in front of anyone and I can't really say I've been assualted (if it's that) and I know it wanst that bad but this whole thing is making me so gross and horrible. ","[""\\bit\\s+wasn[’']t\\s+that\\s+bad\\b""]","[""\\bit\\s+wasn[’']t\\s+that\\s+bad\\b"", '\\bfriend\\b', '\\bassault\\b']"
1ezx0cb,sexualassault,"It was my fault, I’m 16 and he was 38 ",Hungry-Sir7868,1,1,True,4,1724474069,/r/sexualassault/comments/1ezx0cb/it_was_my_fault_im_16_and_he_was_38/,"I’m a 16yo gay male, I really wanted to just be able to say I wasn’t a virgin. I met him online and I gave him the address to a nearby church parking lot to meet up at. I feel so stupid. I got in his car and I got scared. He immediately pushed my head down and pulled out his penis, I didn’t say no, I didn’t even try to get out, he just grabbed me and I let him. I don’t know if I was assaulted, I don’t wanna go to the police or anything because it was my fault. Afterwards he asked how old I was because I left it off my profile, he said I looked young, I told him it was because I had recently turned 18. I was so scared when he asked. Thank god he let me out and I walked home with the taste of him in my mouth. I didn’t cry on the walk home, I knew it felt wrong but I just felt disgusted. Don’t ever do what I did, it’s been 2 weeks and I still feel gross, I got lucky I didn’t get murdered or something, I don’t know if I got assaulted but I know it should’ve never happened.","1ezx0cb sexualassault It was my fault, I’m 16 and he was 38  Hungry-Sir7868 /r/sexualassault/comments/1ezx0cb/it_was_my_fault_im_16_and_he_was_38/ I’m a 16yo gay male, I really wanted to just be able to say I wasn’t a virgin. I met him online and I gave him the address to a nearby church parking lot to meet up at. I feel so stupid. I got in his car and I got scared. He immediately pushed my head down and pulled out his penis, I didn’t say no, I didn’t even try to get out, he just grabbed me and I let him. I don’t know if I was assaulted, I don’t wanna go to the police or anything because it was my fault. Afterwards he asked how old I was because I left it off my profile, he said I looked young, I told him it was because I had recently turned 18. I was so scared when he asked. Thank god he let me out and I walked home with the taste of him in my mouth. I didn’t cry on the walk home, I knew it felt wrong but I just felt disgusted. Don’t ever do what I did, it’s been 2 weeks and I still feel gross, I got lucky I didn’t get murdered or something, I don’t know if I got assaulted but I know it should’ve never happened.","[""\\bi\\s+didn[’']t\\s+say\\s+no\\b""]","[""\\bi\\s+didn[’']t\\s+say\\s+no\\b"", ""\\bi\\s+don[’']t\\s+know\\b""]"
1ep4ju4,sexualassault,was this sa w/ my boyfriend?,Famous_Wishbone_7292,1,1,True,6,1723327200,/r/sexualassault/comments/1ep4ju4/was_this_sa_w_my_boyfriend/,"i (15f) was in a relationship with a guy (17m) for a couple months. often when we’d make out i’d want to stop and said so, and he’d guilt trip me into continuing or just not let me go until i gave in. 

other times his hands would wander if ykwim and when i stopped him or made him pull away he would just go back, when i was clearly saying no.

otherwise he was rly good to me and now i’m wondering if i’m being dramatic or what cause i’ve never experienced this before","1ep4ju4 sexualassault was this sa w/ my boyfriend? Famous_Wishbone_7292 /r/sexualassault/comments/1ep4ju4/was_this_sa_w_my_boyfriend/ i (15f) was in a relationship with a guy (17m) for a couple months. often when we’d make out i’d want to stop and said so, and he’d guilt trip me into continuing or just not let me go until i gave in. 

other times his hands would wander if ykwim and when i stopped him or made him pull away he would just go back, when i was clearly saying no.

otherwise he was rly good to me and now i’m wondering if i’m being dramatic or what cause i’ve never experienced this before",['\\bwas\\s+this\\s+(?:sa|sexual\\s+assault)\\b'],"['\\bsa\\b', '\\bwas\\s+this\\s+(?:sa|sexual\\s+assault)\\b', '\\bboyfriend\\b']"
1eoeq1x,sexualassault,Was this sexual assault?,Wild-Resource-1294,1,1,True,4,1723246930,/r/sexualassault/comments/1eoeq1x/was_this_sexual_assault/," I had been dating my then boyfriend for a little under a year and he had been asking me if I was ready to have sex. I told him no but I might be soon. he came over one day and we laid in bed together, then he started begging me to have sex with him, he kept repeating please over and over. I didnt want to be mean to him so I said maybe next week but he asked me if he could just ""try on"" the condom (ik it was dumb to give him the condom but I was young and niave). he put the condom on and continued to beg me. I told him I was scared and not ready but he asked me to just kiss him instead. and while I was on top of him kissing him, he shoved my hips down and shoved into me. I was so shocked so I started crying and getting scared and he kept going until he told me my reaction was ""over dramatic"" and had turned him off. I completely froze up the entire time I just cried and sat there and never told him to stop. that's why I'm scared that I might just be over dramatic and it wasnt really sexual assault, because I never out right told him to stop during the actual action. I just cried and waited for it to be over. I only told one person afterwards and she was my best friend at the time, she continued to tell all my friend and family to ridicule me when we stopped being friends. I have been trying to learn how to cope with this on my own and now I've been shoved into having everyone know and I just am in dire need of guidance. I'm wondering if it even was sexual assault because I told him I would be ready soon.
I am begging for help, I am so lost and clueless.","1eoeq1x sexualassault Was this sexual assault? Wild-Resource-1294 /r/sexualassault/comments/1eoeq1x/was_this_sexual_assault/  I had been dating my then boyfriend for a little under a year and he had been asking me if I was ready to have sex. I told him no but I might be soon. he came over one day and we laid in bed together, then he started begging me to have sex with him, he kept repeating please over and over. I didnt want to be mean to him so I said maybe next week but he asked me if he could just ""try on"" the condom (ik it was dumb to give him the condom but I was young and niave). he put the condom on and continued to beg me. I told him I was scared and not ready but he asked me to just kiss him instead. and while I was on top of him kissing him, he shoved my hips down and shoved into me. I was so shocked so I started crying and getting scared and he kept going until he told me my reaction was ""over dramatic"" and had turned him off. I completely froze up the entire time I just cried and sat there and never told him to stop. that's why I'm scared that I might just be over dramatic and it wasnt really sexual assault, because I never out right told him to stop during the actual action. I just cried and waited for it to be over. I only told one person afterwards and she was my best friend at the time, she continued to tell all my friend and family to ridicule me when we stopped being friends. I have been trying to learn how to cope with this on my own and now I've been shoved into having everyone know and I just am in dire need of guidance. I'm wondering if it even was sexual assault because I told him I would be ready soon.
I am begging for help, I am so lost and clueless.",['\\bwas\\s+this\\s+(?:sa|sexual\\s+assault)\\b'],"['\\bboyfriend\\b', '\\bwas\\s+this\\s+(?:sa|sexual\\s+assault)\\b', '\\bassault\\b', '\\bfriend\\b', '\\bsexual(?:ly)?\\s+assault(?:ed|s|ing)?\\b']"
1e7z98h,sexualassault,Was my first time partly sexual assault? Looking for opinions,flwr_02,1,1,False,0,1721492102,/r/sexualassault/comments/1e7z98h/was_my_first_time_partly_sexual_assault_looking/,"About two years ago I met a guy from an online dating site. We had talked for a week and discussed what we were looking for and a lot about sex. I had told him that I was a virgin and he was really nice about it. Few days before we met he said he was into choking to which I replied that I’m not interested in it. 

He asked if I wanted to meet up some day and said that we could meet at his place. I said yes but asked if we could meet up at a coffee shop first. He said that we could go on a walk near his place and meet in a public place, whatever sounds good. And I said that that works too. 

We met at a bus stop and he was wearing just some slides and shorts which I found odd because it was cold and I thought that we were going on a walk. I wasn’t familiar with that part of town so we started walking and I followed him and quickly realised that we were already outside his apartment. He seemed nice so I just thought that yeah I can go to his place. 

He had a studio apartment and only like a bed and a stool to sit on so we sat on his bed. He immediatly started touching me. I didn’t push him away and just tried to continue our conversation. After a while he said to take my shirt off an I did and soon all my clothes were off. I didn’t want to have sex yet with him, but I didn’t say no and I feel like I just went along with it. I remember him asking if I want to use a condom to which O said yes. It was uncomfortable and I wasn’t turned on. 

Then all of a sudden he started choking me. I kind of froze and somehow couldn’t do anything. I thought I had made it clear I wasn’t interested in choking. Then he stopped and I was relieved. But after a while he did it again and I just laid there and couldn’t get myself to say anything. 

A while later he asked if I want to use vibrator, I said yes. When the vibrator got too intense I said that I can’t take it. He stopped and said we can stop alltogether. I said that we can continue. I don’t know why I didn’t say yes to stop it alltogether. But I remeber feeling kind of suprised that he said we could stop. And bad about myself like why I couldn’t get myself to say stop or no when he was choking me. But then we continued a bit and he got off the bed and that was it. 

On my way home I felt awful and dirty. And when I went to shower I felt like I couldn’t get the smell of him off me. And like I could still feel his hands on my neck. 

So was the choking sexual assault? I just feel weird about the whole thing

","1e7z98h sexualassault Was my first time partly sexual assault? Looking for opinions flwr_02 /r/sexualassault/comments/1e7z98h/was_my_first_time_partly_sexual_assault_looking/ About two years ago I met a guy from an online dating site. We had talked for a week and discussed what we were looking for and a lot about sex. I had told him that I was a virgin and he was really nice about it. Few days before we met he said he was into choking to which I replied that I’m not interested in it. 

He asked if I wanted to meet up some day and said that we could meet at his place. I said yes but asked if we could meet up at a coffee shop first. He said that we could go on a walk near his place and meet in a public place, whatever sounds good. And I said that that works too. 

We met at a bus stop and he was wearing just some slides and shorts which I found odd because it was cold and I thought that we were going on a walk. I wasn’t familiar with that part of town so we started walking and I followed him and quickly realised that we were already outside his apartment. He seemed nice so I just thought that yeah I can go to his place. 

He had a studio apartment and only like a bed and a stool to sit on so we sat on his bed. He immediatly started touching me. I didn’t push him away and just tried to continue our conversation. After a while he said to take my shirt off an I did and soon all my clothes were off. I didn’t want to have sex yet with him, but I didn’t say no and I feel like I just went along with it. I remember him asking if I want to use a condom to which O said yes. It was uncomfortable and I wasn’t turned on. 

Then all of a sudden he started choking me. I kind of froze and somehow couldn’t do anything. I thought I had made it clear I wasn’t interested in choking. Then he stopped and I was relieved. But after a while he did it again and I just laid there and couldn’t get myself to say anything. 

A while later he asked if I want to use vibrator, I said yes. When the vibrator got too intense I said that I can’t take it. He stopped and said we can stop alltogether. I said that we can continue. I don’t know why I didn’t say yes to stop it alltogether. But I remeber feeling kind of suprised that he said we could stop. And bad about myself like why I couldn’t get myself to say stop or no when he was choking me. But then we continued a bit and he got off the bed and that was it. 

On my way home I felt awful and dirty. And when I went to shower I felt like I couldn’t get the smell of him off me. And like I could still feel his hands on my neck. 

So was the choking sexual assault? I just feel weird about the whole thing

","[""\\bi\\s+didn[’']t\\s+say\\s+no\\b"", '\\bi\\s+just\\s+went\\s+along\\s+with\\s+it\\b']","['\\bi\\s+just\\s+went\\s+along\\s+with\\s+it\\b', ""\\bi\\s+didn[’']t\\s+say\\s+no\\b"", ""\\bi\\s+don[’']t\\s+know\\b"", '\\bassault\\b', '\\bsexual(?:ly)?\\s+assault(?:ed|s|ing)?\\b']"
1d0ni6n,sexualassault,is this considered sexual assault?,1937292837771829,1,1,False,0,1716676877,/r/sexualassault/comments/1d0ni6n/is_this_considered_sexual_assault/,"my(23f) grandmother(71f) sleeps on the couch, her son (my uncle 46m) sleeps on the recliner not even ten feet away from her

i have now on two occasions walked in on him masturbating late at night while she's sleeping 

im uncomfortable that he would do this while his own mother is asleep not even 10 feet away from him. i don't know how to bring this up with any of my family members and i don't know where to go from here","1d0ni6n sexualassault is this considered sexual assault? 1937292837771829 /r/sexualassault/comments/1d0ni6n/is_this_considered_sexual_assault/ my(23f) grandmother(71f) sleeps on the couch, her son (my uncle 46m) sleeps on the recliner not even ten feet away from her

i have now on two occasions walked in on him masturbating late at night while she's sleeping 

im uncomfortable that he would do this while his own mother is asleep not even 10 feet away from him. i don't know how to bring this up with any of my family members and i don't know where to go from here",['\\bconsider(?:ed)?\\s+(?:it\\s+)?(?:sa|sexual\\s+assault)\\b'],"[""\\bi\\s+don[’']t\\s+know\\b"", '\\bassault\\b', '\\bsexual(?:ly)?\\s+assault(?:ed|s|ing)?\\b', '\\bconsider(?:ed)?\\s+(?:it\\s+)?(?:sa|sexual\\s+assault)\\b']"
1c33y5h,sexualassault,was i sexually assaulted? i feel so guilty about it,pink_sword04,1,1,False,0,1713020426,/r/sexualassault/comments/1c33y5h/was_i_sexually_assaulted_i_feel_so_guilty_about_it/,"hi everyone. I'm 19F and i really need some advice how to stop feeling like this.
when I was 18 i had a boyfriend. i liked him a lot, used to talk to him the whole day but tbh wasnt very sexually attracted to him. he wanted to meet me in his birthday. i agreed since i trusted him so much. we were in a car, thats when it started to get weird, he was touching me which made me uncomfortable but i thought its ok. after some time he took me to a lonely road, told his friends to get out. i got really scared. he pulled me on his lap and i tried to pull back. he was trying to kiss me, trying to lift my shirt up which he succeed since he held my wrists. i begged him to stop. he did things with my chest i dont want to get detail into. i told him to stop but he didn't. he tried to pull my pants down i said 'no, please stop' he didn't listen. he tried to finger me which hurted i was begging him not to. his friend came back for some reason that was the reason why he stopped. this happened 2 years ago, I've broken up with him, but i still think about it and get disgusted. was it my fault? how can i stop feeling like this?","1c33y5h sexualassault was i sexually assaulted? i feel so guilty about it pink_sword04 /r/sexualassault/comments/1c33y5h/was_i_sexually_assaulted_i_feel_so_guilty_about_it/ hi everyone. I'm 19F and i really need some advice how to stop feeling like this.
when I was 18 i had a boyfriend. i liked him a lot, used to talk to him the whole day but tbh wasnt very sexually attracted to him. he wanted to meet me in his birthday. i agreed since i trusted him so much. we were in a car, thats when it started to get weird, he was touching me which made me uncomfortable but i thought its ok. after some time he took me to a lonely road, told his friends to get out. i got really scared. he pulled me on his lap and i tried to pull back. he was trying to kiss me, trying to lift my shirt up which he succeed since he held my wrists. i begged him to stop. he did things with my chest i dont want to get detail into. i told him to stop but he didn't. he tried to pull my pants down i said 'no, please stop' he didn't listen. he tried to finger me which hurted i was begging him not to. his friend came back for some reason that was the reason why he stopped. this happened 2 years ago, I've broken up with him, but i still think about it and get disgusted. was it my fault? how can i stop feeling like this?",['\\bwas\\s+i\\s+sexually\\s+assaulted\\b'],"['\\bwas\\s+i\\s+sexually\\s+assaulted\\b', '\\bfriend\\b', '\\bboyfriend\\b', '\\bsexual(?:ly)?\\s+assault(?:ed|s|ing)?\\b']"
1bxchbv,sexualassault,Idk if it really counts as sexual assault,Bl33ding_mess,1,1,False,0,1712412585,/r/sexualassault/comments/1bxchbv/idk_if_it_really_counts_as_sexual_assault/,"When I was 9-10 my mom had a bf who would slap my butt sometimes as a “joke”, I didn’t know how weird that was then but now I’m wondering if it is sexual assault or if I’m just being dramatic ","1bxchbv sexualassault Idk if it really counts as sexual assault Bl33ding_mess /r/sexualassault/comments/1bxchbv/idk_if_it_really_counts_as_sexual_assault/ When I was 9-10 my mom had a bf who would slap my butt sometimes as a “joke”, I didn’t know how weird that was then but now I’m wondering if it is sexual assault or if I’m just being dramatic ",['\\bidk\\b.*\\bif\\s+it\\b.*\\bwas\\b.*(?:sa|sexual\\s+assault)\\b'],"[""\\bi\\s+didn[’']t\\s+know\\b"", '\\bidk+k*\\b', '\\bassault\\b', '\\bidk\\b.*\\bif\\s+it\\b.*\\bwas\\b.*(?:sa|sexual\\s+assault)\\b', '\\bsexual(?:ly)?\\s+assault(?:ed|s|ing)?\\b']"
1barpvu,sexualassault,I need help,Dark_Wolf523,1,1,True,1,1710017107,/r/sexualassault/comments/1barpvu/i_need_help/,Is it considered sexual assault if I consented to sexual things (not sex but touching areas) even if I knew I didn't wanna do anything. Also not that it would change anything but we where both 14-15 I don't remember which one because I've tried to forget this memory.,1barpvu sexualassault I need help Dark_Wolf523 /r/sexualassault/comments/1barpvu/i_need_help/ Is it considered sexual assault if I consented to sexual things (not sex but touching areas) even if I knew I didn't wanna do anything. Also not that it would change anything but we where both 14-15 I don't remember which one because I've tried to forget this memory.,['\\bconsider(?:ed)?\\s+(?:it\\s+)?(?:sa|sexual\\s+assault)\\b'],"['\\bassault\\b', '\\bsexual(?:ly)?\\s+assault(?:ed|s|ing)?\\b', '\\bconsider(?:ed)?\\s+(?:it\\s+)?(?:sa|sexual\\s+assault)\\b']"
18u6t6i,sexualassault,can i message RAINN about this,Ok_Comfortable4454,1,0,True,4,1703910319,/r/sexualassault/comments/18u6t6i/can_i_message_rainn_about_this/,so im a 14 year old boy and a few months ago i had sex twice with a 29 year old man and its been really bothering me and i dont know how to feel about it and im really confused and i dont know what to feel or how to feel and im just lost and the whole experience has been making me feel like trash. i dont even know if it counts as SA bc ive been SA'd before but this is kind of weighing on me and i didnt know if this is something i could message them about or if it was just a service for people going through serious stuff,18u6t6i sexualassault can i message RAINN about this Ok_Comfortable4454 /r/sexualassault/comments/18u6t6i/can_i_message_rainn_about_this/ so im a 14 year old boy and a few months ago i had sex twice with a 29 year old man and its been really bothering me and i dont know how to feel about it and im really confused and i dont know what to feel or how to feel and im just lost and the whole experience has been making me feel like trash. i dont even know if it counts as SA bc ive been SA'd before but this is kind of weighing on me and i didnt know if this is something i could message them about or if it was just a service for people going through serious stuff,['\\bit\\s+count(?:s)?\\s+as\\s+(?:sa|sexual\\s+assault)\\b'],"['\\bsa\\b', '\\bit\\s+count(?:s)?\\s+as\\s+(?:sa|sexual\\s+assault)\\b']"
171lrro,sexualassault,Does it count as sexual assault if I said yes?,Secret-Extension-,1,0,False,0,1696621514,/r/sexualassault/comments/171lrro/does_it_count_as_sexual_assault_if_i_said_yes/,"I'm not sure whether or not I was sexualy assaulted and I'm really confused. 

I made this reddit account to try and find some advice because I feel like I can't ask anyone else.

I am a 16 year old trans male and I have a cousin who I'm going to call Teddy who is now 19. When we were younger me and Teddy were very close as I never really enjoyed hanging out with my cousins who were girls.

Teddy lives in a different country to me but would often spend holidays at our house. The earliest incident I can remember was when I was 7 years old. Teddy was 10 at the time and was staying over for the summer holidays. Teddy asked if I wanted to play a game with him, and I obviously said yes due to us being so close. 

He then told me I wasn't allowed to tell my parents or his parents about our game and I agreed because I trusted him. He brought me away from all of the rest of our family into a room with a small couch. 

We hid behind the small couch and it was there he pulled down his trousers and told me to touch him there. I was 7 years old and had no idea what it was we were doing, so I did what he said. Afterwards he put his hand into my trousers and touched me there. 

This happened a few more times over the next couple of years. I would like to note that during those years all we ever did was touch, nothing more. I was very sheltered as a kid and because of this I had no idea what we were doing was wrong. I never told anyone about this.

The very last incident happened when I was 11 and Teddy was 14. I was staying at Teddy's house, just me and my mom. The adults were talking downstairs when Teddy asked me if I wanted to watch a movie with him. I said yes, because I was always able to watch over 15 movies with him. 

We sat on his bed and began to watch the movie. Half way through the movie Teddy paused it and turned to me. He asked if I would like to see his penis. I said yes, as I was still unaware of how wrong this was.

He took it out and told me to wrap my hand around him. He had never asked me to do this before, I did what he told me to do. He told me to move my hand, and I did. I remember he asked could he see mine, so I showed him. This time, he went further then just touching (although we did not do it). I never told anyone about this.

For a couple of reasons I ended up not seeing Teddy for a couple of years. During those years I realised how fucked up the things we did were. It actually makes me sick sitting down and writing this. The worst thing is I only have myself to blame. I gave him consent to all that, I let him do it.

And now I have to go to family events, visit his family, even having him stay in my house and I just have to act normal. I don't have the courage to tell anyone about this because of how disgusting I feel I am. 

I hate myself for all of this. Mostly because I trusted him. He still smiles at me and pretends like what we did didn't happen which makes me want to throw up.

I have a therapist at the moment which I go to weekly and I'm questioning whether or not to tell her. I don't want my family to ever know this happened so I'm worried she will tell them due to me being underage.

I dont know what to do and just feel lost and digusted, what should I do reddit?","171lrro sexualassault Does it count as sexual assault if I said yes? Secret-Extension- /r/sexualassault/comments/171lrro/does_it_count_as_sexual_assault_if_i_said_yes/ I'm not sure whether or not I was sexualy assaulted and I'm really confused. 

I made this reddit account to try and find some advice because I feel like I can't ask anyone else.

I am a 16 year old trans male and I have a cousin who I'm going to call Teddy who is now 19. When we were younger me and Teddy were very close as I never really enjoyed hanging out with my cousins who were girls.

Teddy lives in a different country to me but would often spend holidays at our house. The earliest incident I can remember was when I was 7 years old. Teddy was 10 at the time and was staying over for the summer holidays. Teddy asked if I wanted to play a game with him, and I obviously said yes due to us being so close. 

He then told me I wasn't allowed to tell my parents or his parents about our game and I agreed because I trusted him. He brought me away from all of the rest of our family into a room with a small couch. 

We hid behind the small couch and it was there he pulled down his trousers and told me to touch him there. I was 7 years old and had no idea what it was we were doing, so I did what he said. Afterwards he put his hand into my trousers and touched me there. 

This happened a few more times over the next couple of years. I would like to note that during those years all we ever did was touch, nothing more. I was very sheltered as a kid and because of this I had no idea what we were doing was wrong. I never told anyone about this.

The very last incident happened when I was 11 and Teddy was 14. I was staying at Teddy's house, just me and my mom. The adults were talking downstairs when Teddy asked me if I wanted to watch a movie with him. I said yes, because I was always able to watch over 15 movies with him. 

We sat on his bed and began to watch the movie. Half way through the movie Teddy paused it and turned to me. He asked if I would like to see his penis. I said yes, as I was still unaware of how wrong this was.

He took it out and told me to wrap my hand around him. He had never asked me to do this before, I did what he told me to do. He told me to move my hand, and I did. I remember he asked could he see mine, so I showed him. This time, he went further then just touching (although we did not do it). I never told anyone about this.

For a couple of reasons I ended up not seeing Teddy for a couple of years. During those years I realised how fucked up the things we did were. It actually makes me sick sitting down and writing this. The worst thing is I only have myself to blame. I gave him consent to all that, I let him do it.

And now I have to go to family events, visit his family, even having him stay in my house and I just have to act normal. I don't have the courage to tell anyone about this because of how disgusting I feel I am. 

I hate myself for all of this. Mostly because I trusted him. He still smiles at me and pretends like what we did didn't happen which makes me want to throw up.

I have a therapist at the moment which I go to weekly and I'm questioning whether or not to tell her. I don't want my family to ever know this happened so I'm worried she will tell them due to me being underage.

I dont know what to do and just feel lost and digusted, what should I do reddit?",['\\bit\\s+count(?:s)?\\s+as\\s+(?:sa|sexual\\s+assault)\\b'],"[""\\bi[’']?m\\s+not\\s+sure\\b"", '\\bit\\s+count(?:s)?\\s+as\\s+(?:sa|sexual\\s+assault)\\b', '\\bassault\\b', '\\bsexual(?:ly)?\\s+assault(?:ed|s|ing)?\\b']"
16we42k,sexualassault,I’m suddenly confused on if I was sexually assaulted or not.,Gold-Shallot5079,1,0,True,3,1696098586,/r/sexualassault/comments/16we42k/im_suddenly_confused_on_if_i_was_sexually/,"I was in a tattoo parlor and 2 hours into a 4 hour session my artist began touching me, rubbing himself on my feet and butt that was on the edge of the table due to me being tattooed all along my side. This was my first tattoo in an intimate spot. I wasn’t given anything to cover myself up with but I didn’t know what to do I just kept trying to keep my pants up as much as I could to be conservative. Eventually he escalated to brushing his fingers against my vagina and then spreading me apart and then started to finger me. :( I kept thinking that just a few days prior I had a cervical biopsy and wasn’t supposed to insert anything into my vagina but I was shocked and frozen.

 I was in immense pain from the tattoo and I was being touched and penetrated in between zaps from the needle which is normally when I am able to catch my breath from being tattooed. After like an hour of being touched and penetrated, he said “tell me if you’re uncomfortable”. At that point, I didn’t know what else to say except “you’re good” so he would finally just fucking finish tattooing me so I could beeline home and process what happened and cry. He fingered me with one hand and tattooed with another. I felt disgusting and laid out on a table like a piece of meat to be used. 

At one point he placed my hand on his penis outside his pants and I rubbed it two times and moved my hand back cause I thought that’s what he wanted. I cry when I think of that part cause I really had no interest in this at all. No words were ever said at the start of it all. It was all silent and just done to me. I should have never said “you’re good” and idk why I rubbed it twice like two strokes over his pants. I just thought that’s what he wanted so just do it. 

I feel foolish. I went to an establishment for a procedure and had this happen. The police said because I said “you’re good” the lines are muddy and it may be considered consent. I know I didn’t consent to this but now I’m wondering if by law I did? 

To add, I couldn’t look at this tattoo in the mirror at all. I went to a new respectful artist and brought a friend along with me to finish the lines and kind of trick my mind into thinking this tattoo on my body is no longer associated with my assault — I know it sounds weird but it helped. Without disclosing my assault, my new artist said whoever did this tattoo dug super deep and scarred me. It just made me feel like it made sense that I was being unnecessarily injured more during tattooing adding to my shock and frozen state. 

Please tell me if I was fr assaulted or if I had given consent by law ? The detective said he got a lawyer and cause I said “you’re good” they can’t make an arrest and have to ask the prosecutor if they will take my case. I really wish I could disappear and forget this whole thing. Thank you for reading.","16we42k sexualassault I’m suddenly confused on if I was sexually assaulted or not. Gold-Shallot5079 /r/sexualassault/comments/16we42k/im_suddenly_confused_on_if_i_was_sexually/ I was in a tattoo parlor and 2 hours into a 4 hour session my artist began touching me, rubbing himself on my feet and butt that was on the edge of the table due to me being tattooed all along my side. This was my first tattoo in an intimate spot. I wasn’t given anything to cover myself up with but I didn’t know what to do I just kept trying to keep my pants up as much as I could to be conservative. Eventually he escalated to brushing his fingers against my vagina and then spreading me apart and then started to finger me. :( I kept thinking that just a few days prior I had a cervical biopsy and wasn’t supposed to insert anything into my vagina but I was shocked and frozen.

 I was in immense pain from the tattoo and I was being touched and penetrated in between zaps from the needle which is normally when I am able to catch my breath from being tattooed. After like an hour of being touched and penetrated, he said “tell me if you’re uncomfortable”. At that point, I didn’t know what else to say except “you’re good” so he would finally just fucking finish tattooing me so I could beeline home and process what happened and cry. He fingered me with one hand and tattooed with another. I felt disgusting and laid out on a table like a piece of meat to be used. 

At one point he placed my hand on his penis outside his pants and I rubbed it two times and moved my hand back cause I thought that’s what he wanted. I cry when I think of that part cause I really had no interest in this at all. No words were ever said at the start of it all. It was all silent and just done to me. I should have never said “you’re good” and idk why I rubbed it twice like two strokes over his pants. I just thought that’s what he wanted so just do it. 

I feel foolish. I went to an establishment for a procedure and had this happen. The police said because I said “you’re good” the lines are muddy and it may be considered consent. I know I didn’t consent to this but now I’m wondering if by law I did? 

To add, I couldn’t look at this tattoo in the mirror at all. I went to a new respectful artist and brought a friend along with me to finish the lines and kind of trick my mind into thinking this tattoo on my body is no longer associated with my assault — I know it sounds weird but it helped. Without disclosing my assault, my new artist said whoever did this tattoo dug super deep and scarred me. It just made me feel like it made sense that I was being unnecessarily injured more during tattooing adding to my shock and frozen state. 

Please tell me if I was fr assaulted or if I had given consent by law ? The detective said he got a lawyer and cause I said “you’re good” they can’t make an arrest and have to ask the prosecutor if they will take my case. I really wish I could disappear and forget this whole thing. Thank you for reading.","[""\\bi\\s+didn[’']t\\s+consent\\b""]","[""\\bi\\s+didn[’']t\\s+consent\\b"", ""\\bi\\s+didn[’']t\\s+know\\b"", '\\bidk+k*\\b', '\\bassault\\b', '\\bfriend\\b', '\\bsexual(?:ly)?\\s+assault(?:ed|s|ing)?\\b']"
15ozw0e,sexualassault,Is this SA if I want to stop sexual act even tho we started it with consent.,RasberryPi_2,10,9,True,1,1691832008,/r/sexualassault/comments/15ozw0e/is_this_sa_if_i_want_to_stop_sexual_act_even_tho/,"Warning! Very long! 
Hi there! I 21f and my partner 25m are
in a healthy committed relationship. We're both Muslims and south Asians and sex is a big thing for us in our culture. My partner has complains that I don't initiate any sort of intimacy. I was a virgin when I met him and all my previous relationships weren't very physical. Yes I have made out several times but never had sex. Last week we made plans to go on a trip together he had no idea that I was a virgin. A little back story about me it's not that I don't want to get physical however rhe thought of sleeping with someone makes me really anxious because for me sex in a relationship means commitment (long term). I really like him but I don't know why I just freeze when we make out and things start going in that direction. After we booked our hotels we were in my bed and he asked me a question ""why are you so shy? What is it that scared you about intimacy?"" I don't even know the answer to this question however he got quite offended and started thinking that I'm not serious about him. I thought if I tell him l'm still a virgin he would understand my situation. Long story short he didn't understand. He said he understands that I'm not comfortable however I should start loosening up and be more comfortable around him. After a few more lines he said he wants to cancel the trip because I don't feel comfortable with him and don't trust him enough even tho we are a couple. Long story short after a few more chit chats i let him do it. Although we didn't do it fully (just fingers) it was painful plus I was way to shy/anxious. After that we went on our trip. A night in the hotel room he had condoms and in so we tried making out and and tried having sex which was again quite painful for me and I thought I ruined the night for him. He said he's fine and he understands because this is my first time.
However next morning in the car he told me that I need to open up more in bed and initiate some intimacy at times. He thinks he's always the one to initiate intimacy and I don't do the same.
Tonight When we were having sex he broke my hymen and I started bleeding. It really started hurting and I asked him to stop. He said it’s gonna be okay and kept going on even tho I started pushing him. He said he’s my man I should be comfortable with him. I couldn’t bare this pain and I just stared crying. He told me it’s gonna be okay kissed my forehead and now he’s sleeping. However I still have this sinking feeling in my stomach. He’s my boyfriend and we started having sex with consent is it still Sa if I wanted him to stop midway due to pain and he didn’t stop ?
TLDR- my boyfriend didn’t stop when I asked him to despite the pain","15ozw0e sexualassault Is this SA if I want to stop sexual act even tho we started it with consent. RasberryPi_2 /r/sexualassault/comments/15ozw0e/is_this_sa_if_i_want_to_stop_sexual_act_even_tho/ Warning! Very long! 
Hi there! I 21f and my partner 25m are
in a healthy committed relationship. We're both Muslims and south Asians and sex is a big thing for us in our culture. My partner has complains that I don't initiate any sort of intimacy. I was a virgin when I met him and all my previous relationships weren't very physical. Yes I have made out several times but never had sex. Last week we made plans to go on a trip together he had no idea that I was a virgin. A little back story about me it's not that I don't want to get physical however rhe thought of sleeping with someone makes me really anxious because for me sex in a relationship means commitment (long term). I really like him but I don't know why I just freeze when we make out and things start going in that direction. After we booked our hotels we were in my bed and he asked me a question ""why are you so shy? What is it that scared you about intimacy?"" I don't even know the answer to this question however he got quite offended and started thinking that I'm not serious about him. I thought if I tell him l'm still a virgin he would understand my situation. Long story short he didn't understand. He said he understands that I'm not comfortable however I should start loosening up and be more comfortable around him. After a few more lines he said he wants to cancel the trip because I don't feel comfortable with him and don't trust him enough even tho we are a couple. Long story short after a few more chit chats i let him do it. Although we didn't do it fully (just fingers) it was painful plus I was way to shy/anxious. After that we went on our trip. A night in the hotel room he had condoms and in so we tried making out and and tried having sex which was again quite painful for me and I thought I ruined the night for him. He said he's fine and he understands because this is my first time.
However next morning in the car he told me that I need to open up more in bed and initiate some intimacy at times. He thinks he's always the one to initiate intimacy and I don't do the same.
Tonight When we were having sex he broke my hymen and I started bleeding. It really started hurting and I asked him to stop. He said it’s gonna be okay and kept going on even tho I started pushing him. He said he’s my man I should be comfortable with him. I couldn’t bare this pain and I just stared crying. He told me it’s gonna be okay kissed my forehead and now he’s sleeping. However I still have this sinking feeling in my stomach. He’s my boyfriend and we started having sex with consent is it still Sa if I wanted him to stop midway due to pain and he didn’t stop ?
TLDR- my boyfriend didn’t stop when I asked him to despite the pain",['\\bis\\s+this\\s+(?:sa|sexual\\s+assault)\\b'],"['\\bpartner\\b', '\\bboyfriend\\b', ""\\bi\\s+don[’']t\\s+even\\s+know\\b"", '\\bis\\s+this\\s+(?:sa|sexual\\s+assault)\\b', ""\\bi\\s+don[’']t\\s+know\\b"", '\\bsa\\b']"
13zpbnh,sexualassault,"Hi guys, I need advice urgently!!!",MorganMugz07,10,9,True,2,1685825841,/r/sexualassault/comments/13zpbnh/hi_guys_i_need_advice_urgently/,"

My brother(13M)  and I (18F)were chatting and he mentioned that he's had sex before. I was confused and asked him when he started. He told me he has sex with our neighbor when we were kids. He was chill about it but I know that at the time he was 9 and the neighbor was 13. I have no idea what to do. I feel like I've failed as a sister. I should have known. Was this SA or am I overreacting. If it was, should I tell him or will I open up unnecessary wounds?
I'm Asexual and all sex seems weird and wrong to me so I might be overreacting","13zpbnh sexualassault Hi guys, I need advice urgently!!! MorganMugz07 /r/sexualassault/comments/13zpbnh/hi_guys_i_need_advice_urgently/ 

My brother(13M)  and I (18F)were chatting and he mentioned that he's had sex before. I was confused and asked him when he started. He told me he has sex with our neighbor when we were kids. He was chill about it but I know that at the time he was 9 and the neighbor was 13. I have no idea what to do. I feel like I've failed as a sister. I should have known. Was this SA or am I overreacting. If it was, should I tell him or will I open up unnecessary wounds?
I'm Asexual and all sex seems weird and wrong to me so I might be overreacting",['\\bwas\\s+this\\s+(?:sa|sexual\\s+assault)\\b'],"['\\bsa\\b', '\\bwas\\s+this\\s+(?:sa|sexual\\s+assault)\\b']"
13y2y2r,sexualassault,I think my friend masturbated at my sleepover. What do I do?,deer-eyes,1,32,False,0,1685680116,/r/sexualassault/comments/13y2y2r/i_think_my_friend_masturbated_at_my_sleepover/,"My friends (f18) and (nb afab 18), and I (f18) went to a party and we had quite a bit to drink. We all came home to my house afterwards and watched movies and slept in my living room together. I and the nb18 friend slept on either side of an L shaped couch and the f18 friend on a futon in the middle. I woke up around 5 am to what sounded like squelching noises and some heavy breathing coming from the nb18 friend. They were also shifting around a lot under the blanket. I think I may have also heard the sound of a vibrator? - but this I'm not totally sure because the heating system was sort of loud and I had just woken up and was hungover. These sounds went off and on for maybe an hour and a half. I tried audio recording on my phone to make sure I wasn't hallucinating but I don't think I got any viable sound on the recording. I also don't think the friend knows that I heard all this going on.

Although I'm not totally sure what happened, I feel really gross and pretty violated. I lent that friend my pj shorts and I feel like just throwing them away along with the bedding they slept on. I haven't been able to stop thinking about it all day. I've been friends with them for almost 4 years so I just feel so uncomfortable. Is this sexual assault? How do I even begin handling and processing this?

I think the f18 friend slept through all of this. Do I tell her? We've all been very close friends and I'm scared of falsely accusing or messing something up.

Also, do I tell my parents since this all happened at their house? I'm terrified of telling them.

TL;DR: Do you think the nb18 friend was masturbating or did I hear something else? Is this sexual assault? Do I confront them? How do I confront them? Do I tell the other friend? How do I handle this?","13y2y2r sexualassault I think my friend masturbated at my sleepover. What do I do? deer-eyes /r/sexualassault/comments/13y2y2r/i_think_my_friend_masturbated_at_my_sleepover/ My friends (f18) and (nb afab 18), and I (f18) went to a party and we had quite a bit to drink. We all came home to my house afterwards and watched movies and slept in my living room together. I and the nb18 friend slept on either side of an L shaped couch and the f18 friend on a futon in the middle. I woke up around 5 am to what sounded like squelching noises and some heavy breathing coming from the nb18 friend. They were also shifting around a lot under the blanket. I think I may have also heard the sound of a vibrator? - but this I'm not totally sure because the heating system was sort of loud and I had just woken up and was hungover. These sounds went off and on for maybe an hour and a half. I tried audio recording on my phone to make sure I wasn't hallucinating but I don't think I got any viable sound on the recording. I also don't think the friend knows that I heard all this going on.

Although I'm not totally sure what happened, I feel really gross and pretty violated. I lent that friend my pj shorts and I feel like just throwing them away along with the bedding they slept on. I haven't been able to stop thinking about it all day. I've been friends with them for almost 4 years so I just feel so uncomfortable. Is this sexual assault? How do I even begin handling and processing this?

I think the f18 friend slept through all of this. Do I tell her? We've all been very close friends and I'm scared of falsely accusing or messing something up.

Also, do I tell my parents since this all happened at their house? I'm terrified of telling them.

TL;DR: Do you think the nb18 friend was masturbating or did I hear something else? Is this sexual assault? Do I confront them? How do I confront them? Do I tell the other friend? How do I handle this?",['\\bis\\s+this\\s+(?:sa|sexual\\s+assault)\\b'],"['\\bis\\s+this\\s+(?:sa|sexual\\s+assault)\\b', '\\bfriend\\b', '\\bassault\\b', '\\bsexual(?:ly)?\\s+assault(?:ed|s|ing)?\\b']"
12lrwu6,sexualassault,Am I overreacting?,Sad-Championship-120,19,7,False,0,1681466469,/r/sexualassault/comments/12lrwu6/am_i_overreacting/,"Okay so this is my first time posting on Reddit, I am still very much learning how this whole platform works so I apologise in advance if I don’t get it quite right. 

Me and this guy, let’s call him “M”, were hanging out for the second time a couple of days ago and he was very keen on getting sexual with one another, I was not. I told him I wasn’t comfortable and I didn’t want to have sex multiple times, honestly I could not possibly have been any clearer on that. 
After some continuous nagging trying to convince me he asked if he could just go down on me because that’s all he really wanted anyway. I said I didn’t know if it were a good idea as I didn’t want him to think it would lead into sex, he assured me he wouldn’t and so I just said okay even though I didn’t really want to but he wasn’t letting up. 

He then kept stopping every 30 seconds or so and kept grinding his junk (through undies) against me getting more aggressive every time, to which I would obviously try dodge and move away from, I was clearly not comfortable. Then out of no where he pulled his jocks down and aggressively tried to thrust himself inside me, I yelled ‘I said no!’ and moved away straight away, but not before he blew all over/between my legs. 
I went straight to the bathroom furious and upset and disgusted, but he didn’t seem to think he had done anything wrong, he even tried to kiss me after. 

My question is, was I sexually assaulted? Consenting to one thing does not automatically mean I consent to everything, right? Or am I being dramatic?","12lrwu6 sexualassault Am I overreacting? Sad-Championship-120 /r/sexualassault/comments/12lrwu6/am_i_overreacting/ Okay so this is my first time posting on Reddit, I am still very much learning how this whole platform works so I apologise in advance if I don’t get it quite right. 

Me and this guy, let’s call him “M”, were hanging out for the second time a couple of days ago and he was very keen on getting sexual with one another, I was not. I told him I wasn’t comfortable and I didn’t want to have sex multiple times, honestly I could not possibly have been any clearer on that. 
After some continuous nagging trying to convince me he asked if he could just go down on me because that’s all he really wanted anyway. I said I didn’t know if it were a good idea as I didn’t want him to think it would lead into sex, he assured me he wouldn’t and so I just said okay even though I didn’t really want to but he wasn’t letting up. 

He then kept stopping every 30 seconds or so and kept grinding his junk (through undies) against me getting more aggressive every time, to which I would obviously try dodge and move away from, I was clearly not comfortable. Then out of no where he pulled his jocks down and aggressively tried to thrust himself inside me, I yelled ‘I said no!’ and moved away straight away, but not before he blew all over/between my legs. 
I went straight to the bathroom furious and upset and disgusted, but he didn’t seem to think he had done anything wrong, he even tried to kiss me after. 

My question is, was I sexually assaulted? Consenting to one thing does not automatically mean I consent to everything, right? Or am I being dramatic?",['\\bwas\\s+i\\s+sexually\\s+assaulted\\b'],"['\\bwas\\s+i\\s+sexually\\s+assaulted\\b', ""\\bi\\s+didn[’']t\\s+know\\b"", '\\bsexual(?:ly)?\\s+assault(?:ed|s|ing)?\\b']"
11t1ste,sexualassault,Was I sexually assaulted?,Even_Reindeer_2837,1,5,False,0,1678990483,/r/sexualassault/comments/11t1ste/was_i_sexually_assaulted/,"I really liked this guy. He kept sending me winks via text and when we went out for food. He asked me to come back to his place for a drink. I knew this could be dangerous but I really liked him and I knew I didn't want to sleep with him yet.

So we came back to his place. We kissed. He started grabbing my boobs. I told him this is too fast. He said lets have some fun. He kissed my boobs. Then he wanted more. He felt me down there. I was like not there. He smiled. Let's have some fun. Tonight I just want to make you feel good. I was shocked and uncomfortable. The guy I really wanted to marry is sexually touching me when I don't want him to do that. Then he pull down my panties. I was like omg. Then he fingered me. I was screaming. Then he did it again and I was like omg no. He said did you orgasom. I was like yes.. I wanted him to stop. 

But he did it again and went down on me. Then I thought we were done. I went to the washroom. Came back to get dressed. He grabbed me and fingered me again. This time I gave up. 

Was I sexually assaulted?","11t1ste sexualassault Was I sexually assaulted? Even_Reindeer_2837 /r/sexualassault/comments/11t1ste/was_i_sexually_assaulted/ I really liked this guy. He kept sending me winks via text and when we went out for food. He asked me to come back to his place for a drink. I knew this could be dangerous but I really liked him and I knew I didn't want to sleep with him yet.

So we came back to his place. We kissed. He started grabbing my boobs. I told him this is too fast. He said lets have some fun. He kissed my boobs. Then he wanted more. He felt me down there. I was like not there. He smiled. Let's have some fun. Tonight I just want to make you feel good. I was shocked and uncomfortable. The guy I really wanted to marry is sexually touching me when I don't want him to do that. Then he pull down my panties. I was like omg. Then he fingered me. I was screaming. Then he did it again and I was like omg no. He said did you orgasom. I was like yes.. I wanted him to stop. 

But he did it again and went down on me. Then I thought we were done. I went to the washroom. Came back to get dressed. He grabbed me and fingered me again. This time I gave up. 

Was I sexually assaulted?",['\\bwas\\s+i\\s+sexually\\s+assaulted\\b'],"['\\bwas\\s+i\\s+sexually\\s+assaulted\\b', '\\bsexual(?:ly)?\\s+assault(?:ed|s|ing)?\\b']"
11ibhnw,sexualassault,I need confirmation,[deleted],27,12,True,5,1677959899,/r/sexualassault/comments/11ibhnw/i_need_confirmation/,"Something happened when me and a guy were making out. I told him I didn't want him to go any further than touching the outside of my clothes. At first he respected this but then things went too far. 

I remember repeating over and over that I'm on my period and that if I wasn't I'd say yes. He still kept pushing the issue until then he just went for it. He slipped his hand inside my underwear and pants and touched my vagina. I didn't say no but I tried to physically move his hand  away. I pulled his arm really hard but I couldn't move his hand, he was holding it there firmly. While I was struggling to pull his hand away he began to chuckle a little. It was like he was amused. I'm not sure why he was laughing. 

I don't know if this was SA or not. I feel like it was but not sure.","11ibhnw sexualassault I need confirmation [deleted] /r/sexualassault/comments/11ibhnw/i_need_confirmation/ Something happened when me and a guy were making out. I told him I didn't want him to go any further than touching the outside of my clothes. At first he respected this but then things went too far. 

I remember repeating over and over that I'm on my period and that if I wasn't I'd say yes. He still kept pushing the issue until then he just went for it. He slipped his hand inside my underwear and pants and touched my vagina. I didn't say no but I tried to physically move his hand  away. I pulled his arm really hard but I couldn't move his hand, he was holding it there firmly. While I was struggling to pull his hand away he began to chuckle a little. It was like he was amused. I'm not sure why he was laughing. 

I don't know if this was SA or not. I feel like it was but not sure.","[""\\bi\\s+didn[’']t\\s+say\\s+no\\b""]","[""\\bi[’']?m\\s+not\\s+sure\\b"", '\\bsa\\b', ""\\bi\\s+didn[’']t\\s+say\\s+no\\b"", ""\\bi\\s+don[’']t\\s+know\\b""]"
11gqni2,sexualassault,Is my brother sexually assaulting me???,[deleted],28,37,True,23,1677816093,/r/sexualassault/comments/11gqni2/is_my_brother_sexually_assaulting_me/,"I am not exactly sure if what my brother is doing is considered sexual assault or not. I am a 13 year old girl and he is 24. (This is my first time using reddit so idrk what I'm doing and I just wanted to get peoples opinions about this so please bear with me lmao)

My brother, and his family's house needed to get repaired and it will take a long time, so my mom told him they could stay with us for as long as they needed to. Everything was fine for about a week until one night, during dinner, he started rubbing my thigh. It made me a little uncomfortable, but I just kinda brushed it off. A few days after that, he randomly came into my room and just stood at the end of my bed and smirked? Then he sat next to me on my bed told me I looked cute in what I was wearing, and started to rub my thigh again. His hand was literally touching my privates, I was shaking and about to cry. I asked what he was doing, and he just said ""I just want to hang out with my little sister, I haven't seen you in so long."" Luckily he couldn't go any further than that (if he was going to) because his daughter called for him. This was all three days ago and nothing else has happened other than him just staring and smirking at me.

I just wanna know if I'm overreacting and what I should do :/","11gqni2 sexualassault Is my brother sexually assaulting me??? [deleted] /r/sexualassault/comments/11gqni2/is_my_brother_sexually_assaulting_me/ I am not exactly sure if what my brother is doing is considered sexual assault or not. I am a 13 year old girl and he is 24. (This is my first time using reddit so idrk what I'm doing and I just wanted to get peoples opinions about this so please bear with me lmao)

My brother, and his family's house needed to get repaired and it will take a long time, so my mom told him they could stay with us for as long as they needed to. Everything was fine for about a week until one night, during dinner, he started rubbing my thigh. It made me a little uncomfortable, but I just kinda brushed it off. A few days after that, he randomly came into my room and just stood at the end of my bed and smirked? Then he sat next to me on my bed told me I looked cute in what I was wearing, and started to rub my thigh again. His hand was literally touching my privates, I was shaking and about to cry. I asked what he was doing, and he just said ""I just want to hang out with my little sister, I haven't seen you in so long."" Luckily he couldn't go any further than that (if he was going to) because his daughter called for him. This was all three days ago and nothing else has happened other than him just staring and smirking at me.

I just wanna know if I'm overreacting and what I should do :/",['\\bconsider(?:ed)?\\s+(?:it\\s+)?(?:sa|sexual\\s+assault)\\b'],"['\\bassault\\b', '\\bsexual(?:ly)?\\s+assault(?:ed|s|ing)?\\b', '\\bconsider(?:ed)?\\s+(?:it\\s+)?(?:sa|sexual\\s+assault)\\b']"
10thm56,sexualassault,It's not a spanking,itwasntaspanking,40,17,False,0,1675520799,/r/sexualassault/comments/10thm56/its_not_a_spanking/,So I just found out what spanking actually is and it's not what my parents call spanking and what they do. I feel like a fool for not knowing. I guess what they call spanking could be considered sexual assault? They don't slap our butt's they shove an object up it. Looking for advice.,10thm56 sexualassault It's not a spanking itwasntaspanking /r/sexualassault/comments/10thm56/its_not_a_spanking/ So I just found out what spanking actually is and it's not what my parents call spanking and what they do. I feel like a fool for not knowing. I guess what they call spanking could be considered sexual assault? They don't slap our butt's they shove an object up it. Looking for advice.,['\\bconsider(?:ed)?\\s+(?:it\\s+)?(?:sa|sexual\\s+assault)\\b'],"['\\bassault\\b', '\\bsexual(?:ly)?\\s+assault(?:ed|s|ing)?\\b', '\\bconsider(?:ed)?\\s+(?:it\\s+)?(?:sa|sexual\\s+assault)\\b']"
znw0j9,sexualassault,Is sexual coercion considered sexual assault?,AffectionateTaste683,10,4,False,0,1671244353,/r/sexualassault/comments/znw0j9/is_sexual_coercion_considered_sexual_assault/,"I had a secret fwb relationship with a guy who used to be a friend in college and it turned abusive very quickly he was extremely emotionally abusive and used to coerce me into sexual things he knew I didn’t want to do but I gave in and said yes after saying no many many times only because he wouldn’t leave me alone about it. He would say hurtful things to make me feel insecure, give me the silent treatment, bully me, guilt trip and manipulate me into it. Is this considered sexual assault? As I gave in and gave consent eventually because of pressure and not because I wanted to and he was fully aware of that. Or what does it come under? Genuinely curious to know","znw0j9 sexualassault Is sexual coercion considered sexual assault? AffectionateTaste683 /r/sexualassault/comments/znw0j9/is_sexual_coercion_considered_sexual_assault/ I had a secret fwb relationship with a guy who used to be a friend in college and it turned abusive very quickly he was extremely emotionally abusive and used to coerce me into sexual things he knew I didn’t want to do but I gave in and said yes after saying no many many times only because he wouldn’t leave me alone about it. He would say hurtful things to make me feel insecure, give me the silent treatment, bully me, guilt trip and manipulate me into it. Is this considered sexual assault? As I gave in and gave consent eventually because of pressure and not because I wanted to and he was fully aware of that. Or what does it come under? Genuinely curious to know",['\\bconsider(?:ed)?\\s+(?:it\\s+)?(?:sa|sexual\\s+assault)\\b'],"['\\bsexual(?:ly)?\\s+coerc(?:e|ed|es|ing|ion)\\b', '\\bassault\\b', '\\bconsider(?:ed)?\\s+(?:it\\s+)?(?:sa|sexual\\s+assault)\\b', '\\bfriend\\b', '\\bsexual(?:ly)?\\s+assault(?:ed|s|ing)?\\b']"
z5cucx,sexualassault,Was I sexually assaulted?,HowdyAshleyHere,4,4,False,0,1669483566,/r/sexualassault/comments/z5cucx/was_i_sexually_assaulted/,"Was I (20f) sexually assaulted? Or am I just a slut who’s projecting? At first I didn’t oppose it, but as it progressed I made it clear I was too drunk to consent and he didn’t care.

The other night at a club, there was this guy in the bathroom who complimented my clothes. At this point in the night I was very intoxicated and said “thanks, you should see me without them”. We exchanged names, and he might’ve maybe said “I’ll see you out there”? I’m not quite sure, there’s some gaps in my memory. 

After the bathroom, he saw me at the bar and pulled me to the dance floor. At this point I’m about 9 drinks in, and I didn’t fight against him. He started furiously making out with me and grabbing my ass, and I was too drunk to stop and think about it. At first I entertained him, I had my arms around him and didn’t try to stop him. 

Eventually he said “let’s go back to yours”. I said “no, I’m 9 drinks in, I can’t make that call”. He then forced himself into another kiss and grabbing my ass, trying to finger me. He waited maybe half a minute and once again said “let’s go back to yours”. I responded with “no, I’m drunk. I can’t consent”. He of course then forces himself into another kiss and grabbing my ass, much harder. 

Thinking aloud to myself, I said “what am I doing? I’m drunk”, and at this point I’m turning around looking for my two friends, but he then pulls me back. He says “we’re going back to yours”, and grabs my body and ass even harder, and kissing me. It’s like every time I said no or show resistance, it turned him on more, seeing an opportunity for an easy girl to fuck. 

I said “no! I’m drunk dude!”, and at that point I managed to push myself away from him, and find my two friends and cry for help. I saw him disappear into the crowd, and one friends said he saw him ditch the club immediately.

I was clearly very dizzy and slurring my words a bit, because I was drunk. I was clearly drunk. And I told him on the dance floor that I was too drunk to consent. This guy was not drunk; intoxicated, sure, I saw him drinking a beer, but nowhere near drunk. He knew what he was doing, trying to take advantage of me in my drunken state and coercing me into sex.

Was I sexually assaulted? Or is this just regretting doing something dumb when drunk?","z5cucx sexualassault Was I sexually assaulted? HowdyAshleyHere /r/sexualassault/comments/z5cucx/was_i_sexually_assaulted/ Was I (20f) sexually assaulted? Or am I just a slut who’s projecting? At first I didn’t oppose it, but as it progressed I made it clear I was too drunk to consent and he didn’t care.

The other night at a club, there was this guy in the bathroom who complimented my clothes. At this point in the night I was very intoxicated and said “thanks, you should see me without them”. We exchanged names, and he might’ve maybe said “I’ll see you out there”? I’m not quite sure, there’s some gaps in my memory. 

After the bathroom, he saw me at the bar and pulled me to the dance floor. At this point I’m about 9 drinks in, and I didn’t fight against him. He started furiously making out with me and grabbing my ass, and I was too drunk to stop and think about it. At first I entertained him, I had my arms around him and didn’t try to stop him. 

Eventually he said “let’s go back to yours”. I said “no, I’m 9 drinks in, I can’t make that call”. He then forced himself into another kiss and grabbing my ass, trying to finger me. He waited maybe half a minute and once again said “let’s go back to yours”. I responded with “no, I’m drunk. I can’t consent”. He of course then forces himself into another kiss and grabbing my ass, much harder. 

Thinking aloud to myself, I said “what am I doing? I’m drunk”, and at this point I’m turning around looking for my two friends, but he then pulls me back. He says “we’re going back to yours”, and grabs my body and ass even harder, and kissing me. It’s like every time I said no or show resistance, it turned him on more, seeing an opportunity for an easy girl to fuck. 

I said “no! I’m drunk dude!”, and at that point I managed to push myself away from him, and find my two friends and cry for help. I saw him disappear into the crowd, and one friends said he saw him ditch the club immediately.

I was clearly very dizzy and slurring my words a bit, because I was drunk. I was clearly drunk. And I told him on the dance floor that I was too drunk to consent. This guy was not drunk; intoxicated, sure, I saw him drinking a beer, but nowhere near drunk. He knew what he was doing, trying to take advantage of me in my drunken state and coercing me into sex.

Was I sexually assaulted? Or is this just regretting doing something dumb when drunk?",['\\bwas\\s+i\\s+sexually\\s+assaulted\\b'],"['\\bwas\\s+i\\s+sexually\\s+assaulted\\b', '\\bsexual(?:ly)?\\s+assault(?:ed|s|ing)?\\b']"
z58x2k,sexualassault,does this count as sexual assault?,chrrymlk,4,7,True,1,1669473201,/r/sexualassault/comments/z58x2k/does_this_count_as_sexual_assault/,"this is probably gonna get taken down but I do not know where else to ask.

so there's this boy my classmate has being seeing for quite awhile, I personally do not like him at all, personality wise and mentality wise. I think he's just a stuck up prick. Recently, they has sex back at his apartment. he got her consent and all, so there was nothing forced on her. however, at one point it started to hurt (he was being to rough) and she asked him to ""slow down"".

but he ignored her and instead kept getting rougher and rougher. at point she started screaming and crying out stuff like ""stop"" ""it hurts"" ""get off"" she even tried pushing him off but he overpowered her. but he 'finished' and got off her and said ""see, that wasn't so bad."" She was bleeding a lot.

But, she told me she has conflicting feelings about this incident.

she said: ""I enjoyed it, but at the same time it really scared me. at that moment I felt like I was going to die; I don't even know if what I felt was pain or pleasure. It hurted, it really hurted. but I don't know if I enjoyed it or hated it. does this count as sexual assault even? I said yes but I was still scared and it stings. I don't know. I feel so fucking stupid.""

she cried, repeating how ""stupid she was"". after she told me this, seeing her hangout with her boyfriend for some reason makes me so uncomfortable. knowing what he did to her and seeing her acting like nothing happened. all laughs and all that lovey dovey bullshit.

does this count as SA? I don't know, maybe that's why I'm here. to ask if this counts as SA. it's hard to not think about this when I myself have never felt the touch of another man or even got into a relationship. so please tell me, does this count as SA?","z58x2k sexualassault does this count as sexual assault? chrrymlk /r/sexualassault/comments/z58x2k/does_this_count_as_sexual_assault/ this is probably gonna get taken down but I do not know where else to ask.

so there's this boy my classmate has being seeing for quite awhile, I personally do not like him at all, personality wise and mentality wise. I think he's just a stuck up prick. Recently, they has sex back at his apartment. he got her consent and all, so there was nothing forced on her. however, at one point it started to hurt (he was being to rough) and she asked him to ""slow down"".

but he ignored her and instead kept getting rougher and rougher. at point she started screaming and crying out stuff like ""stop"" ""it hurts"" ""get off"" she even tried pushing him off but he overpowered her. but he 'finished' and got off her and said ""see, that wasn't so bad."" She was bleeding a lot.

But, she told me she has conflicting feelings about this incident.

she said: ""I enjoyed it, but at the same time it really scared me. at that moment I felt like I was going to die; I don't even know if what I felt was pain or pleasure. It hurted, it really hurted. but I don't know if I enjoyed it or hated it. does this count as sexual assault even? I said yes but I was still scared and it stings. I don't know. I feel so fucking stupid.""

she cried, repeating how ""stupid she was"". after she told me this, seeing her hangout with her boyfriend for some reason makes me so uncomfortable. knowing what he did to her and seeing her acting like nothing happened. all laughs and all that lovey dovey bullshit.

does this count as SA? I don't know, maybe that's why I'm here. to ask if this counts as SA. it's hard to not think about this when I myself have never felt the touch of another man or even got into a relationship. so please tell me, does this count as SA?",['\\bdoes\\s+this\\s+count\\s+as\\s+(?:sa|sexual\\s+assault)\\b'],"['\\bboyfriend\\b', ""\\bi\\s+don[’']t\\s+even\\s+know\\b"", ""\\bi\\s+don[’']t\\s+know\\b"", '\\bsa\\b', '\\bassault\\b', '\\bdoes\\s+this\\s+count\\s+as\\s+(?:sa|sexual\\s+assault)\\b', '\\bsexual(?:ly)?\\s+assault(?:ed|s|ing)?\\b']"
yfoiuj,sexualassault,is this sa?,No_Pair178,11,6,True,2,1666964518,/r/sexualassault/comments/yfoiuj/is_this_sa/,"TW
i remember me and my friend were hanging out smoking and drinkin. this boy i went to school with, ahmad, came over and brought more alcohol. i know i shouldnt have drank it but i did anyway. the rest i dont really remember. i was sitting on the couch and he was fingering me and i was slipping in and out of reality (not sure if i was blacking out or going unconscious). my friend was trying to get him off of me saying that i was too drunk, but he didnt listen. the next thing i remember it we were in my wash room and he was trying to kiss me and i kept pushing him away. he kept telling me he was getting an uber but there were no signs of him leaving. eventually he took out a condom and i kept telling him i didnt want to have sex, but he insisted because “he already opened the condom”. i knew he wasnt going to leave until we did it so i just went along with it. i hate myself for that. as soon as it started happening my friend walked in and told me that my mom was awake. he left after that. i hurt myself right afterwards. i blame myself ( i know this isnt as bad as other stories ive heard but it still bothers me, and it was 3 years ago)","yfoiuj sexualassault is this sa? No_Pair178 /r/sexualassault/comments/yfoiuj/is_this_sa/ TW
i remember me and my friend were hanging out smoking and drinkin. this boy i went to school with, ahmad, came over and brought more alcohol. i know i shouldnt have drank it but i did anyway. the rest i dont really remember. i was sitting on the couch and he was fingering me and i was slipping in and out of reality (not sure if i was blacking out or going unconscious). my friend was trying to get him off of me saying that i was too drunk, but he didnt listen. the next thing i remember it we were in my wash room and he was trying to kiss me and i kept pushing him away. he kept telling me he was getting an uber but there were no signs of him leaving. eventually he took out a condom and i kept telling him i didnt want to have sex, but he insisted because “he already opened the condom”. i knew he wasnt going to leave until we did it so i just went along with it. i hate myself for that. as soon as it started happening my friend walked in and told me that my mom was awake. he left after that. i hurt myself right afterwards. i blame myself ( i know this isnt as bad as other stories ive heard but it still bothers me, and it was 3 years ago)","['\\bis\\s+this\\s+(?:sa|sexual\\s+assault)\\b', '\\bi\\s+just\\s+went\\s+along\\s+with\\s+it\\b']","['\\bsa\\b', '\\bi\\s+just\\s+went\\s+along\\s+with\\s+it\\b', '\\bfriend\\b', '\\bis\\s+this\\s+(?:sa|sexual\\s+assault)\\b']"
wxh892,sexualassault,am I a victim of SA?,blo0dflow3r,10,6,True,3,1661441362,/r/sexualassault/comments/wxh892/am_i_a_victim_of_sa/,"
so... 2020, I (f) had a boyfriend. he was toxic in more ways than one but I'm not sure is this SA or not.
we went out one day and we were at the rooftop of some garages and just hanging out. then, he covered my lap with his jacket and unzipped my pants, pushed his hand into my underwear.
I told him that I don't really want that at that moment but he kept saying things like ""c'mon"" and stuff like that so I let him finger me cause he was so persistent. 
now that I look back on it, I have a feeling that it wasn't exactly consent, so um yeah, just wanted to know the opinion of someone else.","wxh892 sexualassault am I a victim of SA? blo0dflow3r /r/sexualassault/comments/wxh892/am_i_a_victim_of_sa/ 
so... 2020, I (f) had a boyfriend. he was toxic in more ways than one but I'm not sure is this SA or not.
we went out one day and we were at the rooftop of some garages and just hanging out. then, he covered my lap with his jacket and unzipped my pants, pushed his hand into my underwear.
I told him that I don't really want that at that moment but he kept saying things like ""c'mon"" and stuff like that so I let him finger me cause he was so persistent. 
now that I look back on it, I have a feeling that it wasn't exactly consent, so um yeah, just wanted to know the opinion of someone else.","['\\bam\\s+i\\s+(?:a\\s+)?victim\\b', '\\bis\\s+this\\s+(?:sa|sexual\\s+assault)\\b']","['\\bboyfriend\\b', '\\bam\\s+i\\s+(?:a\\s+)?victim\\b', '\\bis\\s+this\\s+(?:sa|sexual\\s+assault)\\b', ""\\bi[’']?m\\s+not\\s+sure\\b"", '\\bsa\\b']"
w027mw,sexualassault,Was I sexually assaulted?,Autumn-Willows,11,2,False,0,1657927617,/r/sexualassault/comments/w027mw/was_i_sexually_assaulted/,"When I was younger, a sibling of mine taught me that kissing them was normal and would sometimes force me to kiss them. Along with this, they would sometimes force me to watch porn, coming into my bed and not stopping the video even when I would cry and beg them to. I was mostly around 7 or 8 when this happened, but the forced kissing progressed for a couple more years. I'm so sorry if this upsets anyone and if this isn't considered assault. Please let me know if this makes anyone uncomfortable and I can remove it.","w027mw sexualassault Was I sexually assaulted? Autumn-Willows /r/sexualassault/comments/w027mw/was_i_sexually_assaulted/ When I was younger, a sibling of mine taught me that kissing them was normal and would sometimes force me to kiss them. Along with this, they would sometimes force me to watch porn, coming into my bed and not stopping the video even when I would cry and beg them to. I was mostly around 7 or 8 when this happened, but the forced kissing progressed for a couple more years. I'm so sorry if this upsets anyone and if this isn't considered assault. Please let me know if this makes anyone uncomfortable and I can remove it.",['\\bwas\\s+i\\s+sexually\\s+assaulted\\b'],"['\\bwas\\s+i\\s+sexually\\s+assaulted\\b', '\\bassault\\b', '\\bsexual(?:ly)?\\s+assault(?:ed|s|ing)?\\b']"
vp6gyr,sexualassault,i don’t know if i was sexually assaulted or not,Constant-War-8566,13,4,False,0,1656697294,/r/sexualassault/comments/vp6gyr/i_dont_know_if_i_was_sexually_assaulted_or_not/,"i’ve been stuck on this for a few months now and i don’t know if i was sexually assaulted or not. if i was, i feel like it’s been too long since it’s happened to tell anyone. when i was in third grade, i made a friend who i’ll call becky. we were super good friends but she was extremely dirty minded, especially for a third grader. one night we were having a sleepover and she asked me if i knew what humping was. of course i didn’t because i was in third grade so she told me. i was a little grossed out by it, but then she insisted we should hump our pillows. she was kind of popular and i’m a people pleaser and didn’t want to make her mad at me so i did. then, she asked me if i knew what sex was. of course i again said no. she proceeded to show me a video of it. i found it disgusting. i asked if we could just watch disney channel or something but she didn’t want to. after that, she told me we should try it out. i really didn’t want to. but i didn’t say no. she told me to strip down to just my shirt and underwear so i did. i don’t know why i didn’t just say no. then she touched hers with mine while we both had our underwear on. i blocked out that memory but it came back a few months ago. i feel like it’s all my fault and i should have just said i don’t want to. i don’t know if it was sexual assault because i never said no because i felt pressured into it.","vp6gyr sexualassault i don’t know if i was sexually assaulted or not Constant-War-8566 /r/sexualassault/comments/vp6gyr/i_dont_know_if_i_was_sexually_assaulted_or_not/ i’ve been stuck on this for a few months now and i don’t know if i was sexually assaulted or not. if i was, i feel like it’s been too long since it’s happened to tell anyone. when i was in third grade, i made a friend who i’ll call becky. we were super good friends but she was extremely dirty minded, especially for a third grader. one night we were having a sleepover and she asked me if i knew what humping was. of course i didn’t because i was in third grade so she told me. i was a little grossed out by it, but then she insisted we should hump our pillows. she was kind of popular and i’m a people pleaser and didn’t want to make her mad at me so i did. then, she asked me if i knew what sex was. of course i again said no. she proceeded to show me a video of it. i found it disgusting. i asked if we could just watch disney channel or something but she didn’t want to. after that, she told me we should try it out. i really didn’t want to. but i didn’t say no. she told me to strip down to just my shirt and underwear so i did. i don’t know why i didn’t just say no. then she touched hers with mine while we both had our underwear on. i blocked out that memory but it came back a few months ago. i feel like it’s all my fault and i should have just said i don’t want to. i don’t know if it was sexual assault because i never said no because i felt pressured into it.","[""\\bi\\s+didn[’']t\\s+say\\s+no\\b""]","[""\\bi\\s+didn[’']t\\s+say\\s+no\\b"", ""\\bi\\s+don[’']t\\s+know\\b"", '\\bassault\\b', '\\bfriend\\b', '\\bsexual(?:ly)?\\s+assault(?:ed|s|ing)?\\b']"
v9gj1x,sexualassault,Can a kid sexually assault another kid and be considered responsible of their actions?,Chococigarette,17,10,True,2,1654892167,/r/sexualassault/comments/v9gj1x/can_a_kid_sexually_assault_another_kid_and_be/,"I am talking about age 4 to  about 12/13. 
And what if a kid/child SA someone as a response of their own SA experience… is that considered SA and/or rapist?","v9gj1x sexualassault Can a kid sexually assault another kid and be considered responsible of their actions? Chococigarette /r/sexualassault/comments/v9gj1x/can_a_kid_sexually_assault_another_kid_and_be/ I am talking about age 4 to  about 12/13. 
And what if a kid/child SA someone as a response of their own SA experience… is that considered SA and/or rapist?",['\\bconsider(?:ed)?\\s+(?:it\\s+)?(?:sa|sexual\\s+assault)\\b'],"['\\bsa\\b', '\\bassault\\b', '\\bsexual(?:ly)?\\s+assault(?:ed|s|ing)?\\b', '\\bconsider(?:ed)?\\s+(?:it\\s+)?(?:sa|sexual\\s+assault)\\b']"
u34sv6,sexualassault,Would this be considered sexual assault????,Representative-Map44,20,6,False,0,1649896560,/r/sexualassault/comments/u34sv6/would_this_be_considered_sexual_assault/,"I gave him consent to have sex with me. However, I specified he had to use a condom. He knows unprotected sex is something I would NEVER be comfortable with. I handed him the condom, then he turned me over and he put it in. After he was already a few strokes in, I had this gut feeling to turn my head around. I see the unopened condom still in his hand and I saw he was going raw the entire time. I genuinely had no idea he was doing this. I only consented to sex WITH a condom, and clearly communicated that to him. I feel so hurt and upset because of this. He completely betrayed my trust. He thought since I was turned around I wouldn’t notice. I’m so pissed at him for what he did. Technically it was consensual, however he failed to put the condom on and completely took advantage of me, and lied to me. I’m not sure if this is sexual assault or not, but i’m very hurt and confused.","u34sv6 sexualassault Would this be considered sexual assault???? Representative-Map44 /r/sexualassault/comments/u34sv6/would_this_be_considered_sexual_assault/ I gave him consent to have sex with me. However, I specified he had to use a condom. He knows unprotected sex is something I would NEVER be comfortable with. I handed him the condom, then he turned me over and he put it in. After he was already a few strokes in, I had this gut feeling to turn my head around. I see the unopened condom still in his hand and I saw he was going raw the entire time. I genuinely had no idea he was doing this. I only consented to sex WITH a condom, and clearly communicated that to him. I feel so hurt and upset because of this. He completely betrayed my trust. He thought since I was turned around I wouldn’t notice. I’m so pissed at him for what he did. Technically it was consensual, however he failed to put the condom on and completely took advantage of me, and lied to me. I’m not sure if this is sexual assault or not, but i’m very hurt and confused.",['\\bconsider(?:ed)?\\s+(?:it\\s+)?(?:sa|sexual\\s+assault)\\b'],"[""\\bi[’']?m\\s+not\\s+sure\\b"", '\\bassault\\b', '\\bsexual(?:ly)?\\s+assault(?:ed|s|ing)?\\b', '\\bconsider(?:ed)?\\s+(?:it\\s+)?(?:sa|sexual\\s+assault)\\b']"
t5omfj,sexualassault,"Is this sexual assault ? i am so confused, I really need help",Borntooyoung,5,6,True,2,1646303395,/r/sexualassault/comments/t5omfj/is_this_sexual_assault_i_am_so_confused_i_really/,"So, this is going to be a bit long, but please, please, read it. I really need to feel less alone with that. I don't know what to do and i don't even know if this is sexual assault.

I am going to describe what happened so don't read if you're easily triggered. Keep in mind that english is not my first language.

&amp;#x200B;

I was 17 when it  happened (i'm a female). I started becoming close to a girl in my class. We'll call her Bibi. We were friends and we would hang out quite a lot. We would sleep at each other's house etc. One day, i went to her house because she was throwing a party. I would say there was around 30/40 people there. Most of my classmates were here, as well as other people i din't know. I drank quite a lot of alcohol but i was still clear minded. At some point in the night, me and 3 other"" friends"" ended up in Bibi's room. We started smoking weed. It was my first time smoking weed and it had no effect on me. I didn't feel ""high"". Then Bibi told me she had to tell me something and asked for the people who were in the room with us to leave. We were alone in the room and she told me that she had feelings for me, and that she could only tell me this because she is drunk and high, otherwise she is too shy. I was a bit shocked as i did not expect this at all. I didn't say much. Just that i was shocked and I also said ""well, i also have something to tell you, but i can't tell you now"". I have no idea why i said that, and i still regret it to this day as it might have been interpretated the wrong way.

At some point other people came back in the room, everybody started talking, laughing, etc. Just a normal party. But Bibi who was sitting next to me started behaving weird. I think the weed really started having its effects on her. She started hugging me, touching my arms in suggestive ways, put her face real close to me, almost kissing me, saying things like ""i really like your breasts"" (????????). I was extremely uncomfortable but not saying anything, i just laughed it off. People were noticing her behaviour and i could feel that they were uncomfortable for me. Then again, we ended up being 4 in the room. Her, the 2 same friends and me. We talked casually. Suddenly Bibi got annoyed with my 2 friends and asked them to go out of the room. I could feel that they were hesitant and that they didn't want to leave me alone, they were worried about me. I didn't want them to leave, I was scared and uncomfortable. But I said ""don't worry"", and they ended up leaving.

So Bibi and I are now alone, sitting on her bed. We talked about the fact that she has feelings for me. I didn't reciprocate. She said, ""can you at least hug me"". I hugged her. Then, she got very emotional/sad and said things like ""so you don't want to be my girlfriend"". I said no and sorry. At this point we were lying on her bed hugging, and I was comforting her because she was sad as i don't like her back (keep in my mind that she is my friend and that i don't want to hurt her). She keeps saying ""I am gonna cry"", ""You're sure you don't want to be my girlfriend"". And i keep saying ""No, I'm sorry i don't want to give you false hopes"". We are hugging, our faces are close and i can feel that she wants to kiss me. She kisses me on my cheeks and every time she tries to kiss my mouth i turn my head. This happens multiple times. At some point, i give in. We kiss. I just hoped that after that she would stop. I wanted to throw up, hated it. I thought that after the kissing she would leave me alone. I was scared and anxious. I didn't know what to do. She was acting more and more sexual. She tried opening up my pants multiple times. I kept putting her hand back on my shoulder. But again, she tried so many times that i just gave in. I was so confused and I couldn't believe something like that was happening to me. I know i could've just said ""no"" and leave. She wasn't forcing me, but i couldn't make it stop and i don' know why. I felt like there was no way out of the situation. And i started fake-moaning wich was extremely stupid of me. Again, i have no idea why i did that. I thought that maybe if i moan and act like i enjoy it, things will not change after that and we can still be friends. I went along with it. But I never felt like i consented. I just felt like I gave in. At some point i participated and i touched her too. I did it for 10 seconds and i stopped cause i felt like throwing up. She was trying to touch me down there again but i stopped her hand everytime. As this was happening she was saying ""I feel like i'm raping you"", ""i feel like I raped you"". I said ""no"". I didn't want her to feel bad. She kept repeating that sentence and i kept saying no. But at some point i just stayed silent and i stopped defending her. I started being angry. I thought ""If you feel like you're raping me, then why don't you fucking stop?"". Then she fell asleep. Probably because of the mix of weed and alcohol.

I got outside of the room and met with my friends who had left me alone with Bibi. I learned that they were extremely worried. That they stayed just next to the door, hoping nothing bad was happening to me. One of my friends even cried because she was so worried something non-consensual happened to me. And I lied. **I fucking lied and said everything was okay**. I said nothing happened and i reassured her. My other friend had suspicions, as i was covered in hickeys, but she didn't say anything.   As i had hickeys all over my neck+face, all the classmates who were here guessed what happened and the two friends who left me alone kinda spread the word i guess, so even people who werent there know.

When i went to school after that, Bibi told me she felt very bad, because she heard that there was a rumour saying she raped me. She asked me ""Do you feel like I raped you?"" and i fucking said no (i hate myself for that).

We kept being friends.

Months after we had that discussion again. She asked me how i really felt about what happened between us. And i swear i wanted to say the truth. I stayed silent because i was preparing my sentence in my head. But before i could speak she said ""I hope you did not feel that way and that it's not what happened because I was raped too, years ago, I know how it feels and i don't think i could handle the guilt of having done that  to you"". She told me about her rape. And from that moment, i knew i would never be able to tell the truth about how i felt. I'm scared she will kill herself if i tell the truth.

We stayed friends for months after that. She kissed me in my sleep one time, but apart from that nothing else happened. I've had mixed feelings about her since but I've cut contact with her. Anyways, this is another story and this post is long enough.

Please, please, help me. I need to know if what happened is SA. I do feel like it, but want to know if it atually is sexual assault.

&amp;#x200B;

Thank you if you read everything !","t5omfj sexualassault Is this sexual assault ? i am so confused, I really need help Borntooyoung /r/sexualassault/comments/t5omfj/is_this_sexual_assault_i_am_so_confused_i_really/ So, this is going to be a bit long, but please, please, read it. I really need to feel less alone with that. I don't know what to do and i don't even know if this is sexual assault.

I am going to describe what happened so don't read if you're easily triggered. Keep in mind that english is not my first language.

&amp;#x200B;

I was 17 when it  happened (i'm a female). I started becoming close to a girl in my class. We'll call her Bibi. We were friends and we would hang out quite a lot. We would sleep at each other's house etc. One day, i went to her house because she was throwing a party. I would say there was around 30/40 people there. Most of my classmates were here, as well as other people i din't know. I drank quite a lot of alcohol but i was still clear minded. At some point in the night, me and 3 other"" friends"" ended up in Bibi's room. We started smoking weed. It was my first time smoking weed and it had no effect on me. I didn't feel ""high"". Then Bibi told me she had to tell me something and asked for the people who were in the room with us to leave. We were alone in the room and she told me that she had feelings for me, and that she could only tell me this because she is drunk and high, otherwise she is too shy. I was a bit shocked as i did not expect this at all. I didn't say much. Just that i was shocked and I also said ""well, i also have something to tell you, but i can't tell you now"". I have no idea why i said that, and i still regret it to this day as it might have been interpretated the wrong way.

At some point other people came back in the room, everybody started talking, laughing, etc. Just a normal party. But Bibi who was sitting next to me started behaving weird. I think the weed really started having its effects on her. She started hugging me, touching my arms in suggestive ways, put her face real close to me, almost kissing me, saying things like ""i really like your breasts"" (????????). I was extremely uncomfortable but not saying anything, i just laughed it off. People were noticing her behaviour and i could feel that they were uncomfortable for me. Then again, we ended up being 4 in the room. Her, the 2 same friends and me. We talked casually. Suddenly Bibi got annoyed with my 2 friends and asked them to go out of the room. I could feel that they were hesitant and that they didn't want to leave me alone, they were worried about me. I didn't want them to leave, I was scared and uncomfortable. But I said ""don't worry"", and they ended up leaving.

So Bibi and I are now alone, sitting on her bed. We talked about the fact that she has feelings for me. I didn't reciprocate. She said, ""can you at least hug me"". I hugged her. Then, she got very emotional/sad and said things like ""so you don't want to be my girlfriend"". I said no and sorry. At this point we were lying on her bed hugging, and I was comforting her because she was sad as i don't like her back (keep in my mind that she is my friend and that i don't want to hurt her). She keeps saying ""I am gonna cry"", ""You're sure you don't want to be my girlfriend"". And i keep saying ""No, I'm sorry i don't want to give you false hopes"". We are hugging, our faces are close and i can feel that she wants to kiss me. She kisses me on my cheeks and every time she tries to kiss my mouth i turn my head. This happens multiple times. At some point, i give in. We kiss. I just hoped that after that she would stop. I wanted to throw up, hated it. I thought that after the kissing she would leave me alone. I was scared and anxious. I didn't know what to do. She was acting more and more sexual. She tried opening up my pants multiple times. I kept putting her hand back on my shoulder. But again, she tried so many times that i just gave in. I was so confused and I couldn't believe something like that was happening to me. I know i could've just said ""no"" and leave. She wasn't forcing me, but i couldn't make it stop and i don' know why. I felt like there was no way out of the situation. And i started fake-moaning wich was extremely stupid of me. Again, i have no idea why i did that. I thought that maybe if i moan and act like i enjoy it, things will not change after that and we can still be friends. I went along with it. But I never felt like i consented. I just felt like I gave in. At some point i participated and i touched her too. I did it for 10 seconds and i stopped cause i felt like throwing up. She was trying to touch me down there again but i stopped her hand everytime. As this was happening she was saying ""I feel like i'm raping you"", ""i feel like I raped you"". I said ""no"". I didn't want her to feel bad. She kept repeating that sentence and i kept saying no. But at some point i just stayed silent and i stopped defending her. I started being angry. I thought ""If you feel like you're raping me, then why don't you fucking stop?"". Then she fell asleep. Probably because of the mix of weed and alcohol.

I got outside of the room and met with my friends who had left me alone with Bibi. I learned that they were extremely worried. That they stayed just next to the door, hoping nothing bad was happening to me. One of my friends even cried because she was so worried something non-consensual happened to me. And I lied. **I fucking lied and said everything was okay**. I said nothing happened and i reassured her. My other friend had suspicions, as i was covered in hickeys, but she didn't say anything.   As i had hickeys all over my neck+face, all the classmates who were here guessed what happened and the two friends who left me alone kinda spread the word i guess, so even people who werent there know.

When i went to school after that, Bibi told me she felt very bad, because she heard that there was a rumour saying she raped me. She asked me ""Do you feel like I raped you?"" and i fucking said no (i hate myself for that).

We kept being friends.

Months after we had that discussion again. She asked me how i really felt about what happened between us. And i swear i wanted to say the truth. I stayed silent because i was preparing my sentence in my head. But before i could speak she said ""I hope you did not feel that way and that it's not what happened because I was raped too, years ago, I know how it feels and i don't think i could handle the guilt of having done that  to you"". She told me about her rape. And from that moment, i knew i would never be able to tell the truth about how i felt. I'm scared she will kill herself if i tell the truth.

We stayed friends for months after that. She kissed me in my sleep one time, but apart from that nothing else happened. I've had mixed feelings about her since but I've cut contact with her. Anyways, this is another story and this post is long enough.

Please, please, help me. I need to know if what happened is SA. I do feel like it, but want to know if it atually is sexual assault.

&amp;#x200B;

Thank you if you read everything !",['\\bis\\s+this\\s+(?:sa|sexual\\s+assault)\\b'],"[""\\bi\\s+don[’']t\\s+even\\s+know\\b"", ""\\bi\\s+didn[’']t\\s+know\\b"", '\\bis\\s+this\\s+(?:sa|sexual\\s+assault)\\b', ""\\bi\\s+don[’']t\\s+know\\b"", '\\bgirlfriend\\b', '\\bsa\\b', '\\bassault\\b', '\\brape\\b', '\\bfriend\\b', '\\bsexual(?:ly)?\\s+assault(?:ed|s|ing)?\\b']"
rsl2om,sexualassault,Does this count as coercion?,trashcanbraincell,16,22,True,7,1640923920,/r/sexualassault/comments/rsl2om/does_this_count_as_coercion/,"I'm sorry for adding to the list of ""was this sexual assault"" questions but I am going out of my mind here trying to figure out if I am overreacting or being overdramatic.  I am totally lost and just need some objective outside perspective.  

I was hanging out with a friend in his room playing video games when he started to get really physically affectionate (grabbing me for a hug, pulling me closer and holding me there, etc). I kept just pulling back and laughing it off but eventually he suddenly pulled me down and started kissing me.  I completely froze and was nervous about upsetting him so I went with it until I could find an out.  He asked to have sex and I told him no, and then he asked again for ""just a few seconds"" and I told him no again and offered something else like oral hoping he would stop. But he kept trying to penetrate completely unprotected and it eventually got to the point where he was on top of me and I was physically covering myself with my hands to keep him out.  He asked me a third time, but it was only asking if I wanted him to go get a condom or not, and at that point I figured he was going to do it anyway and this was my chance to at least make sure it was safe.  I'm sure I acted like I was enjoying it because I tried to convince myself that I was and that everything was fine, but every other thought was ""I really don't want to be doing this"" or ""I want this to be over.""

Was this coercion? My therapist said it qualifies as assault but I don't know.  All I know is that I had told him before that I wasn't interested in a relationship with him and that I spent the whole time wanting to leave but being too worried of his reaction if I tried. We are both mid/late 20s if that helps.","rsl2om sexualassault Does this count as coercion? trashcanbraincell /r/sexualassault/comments/rsl2om/does_this_count_as_coercion/ I'm sorry for adding to the list of ""was this sexual assault"" questions but I am going out of my mind here trying to figure out if I am overreacting or being overdramatic.  I am totally lost and just need some objective outside perspective.  

I was hanging out with a friend in his room playing video games when he started to get really physically affectionate (grabbing me for a hug, pulling me closer and holding me there, etc). I kept just pulling back and laughing it off but eventually he suddenly pulled me down and started kissing me.  I completely froze and was nervous about upsetting him so I went with it until I could find an out.  He asked to have sex and I told him no, and then he asked again for ""just a few seconds"" and I told him no again and offered something else like oral hoping he would stop. But he kept trying to penetrate completely unprotected and it eventually got to the point where he was on top of me and I was physically covering myself with my hands to keep him out.  He asked me a third time, but it was only asking if I wanted him to go get a condom or not, and at that point I figured he was going to do it anyway and this was my chance to at least make sure it was safe.  I'm sure I acted like I was enjoying it because I tried to convince myself that I was and that everything was fine, but every other thought was ""I really don't want to be doing this"" or ""I want this to be over.""

Was this coercion? My therapist said it qualifies as assault but I don't know.  All I know is that I had told him before that I wasn't interested in a relationship with him and that I spent the whole time wanting to leave but being too worried of his reaction if I tried. We are both mid/late 20s if that helps.",['\\bwas\\s+this\\s+(?:sa|sexual\\s+assault)\\b'],"[""\\bi\\s+don[’']t\\s+know\\b"", '\\bwas\\s+this\\s+(?:sa|sexual\\s+assault)\\b', '\\bassault\\b', '\\bfriend\\b', '\\bsexual(?:ly)?\\s+assault(?:ed|s|ing)?\\b']"
rr7rar,sexualassault,Was this sexual assault or am I being dramatic?,lovelysapphic,13,7,False,0,1640783105,/r/sexualassault/comments/rr7rar/was_this_sexual_assault_or_am_i_being_dramatic/,"2 nights ago I met up with this girl I met on tinder. Let me also add that I am a girl. Anyway, I got super drunk. Like an entire bottle of wine drunk and some shots and we also smoked some weed after so the entire night is very very fuzzy to me. She did ask to kiss me, to which I said yes to. All of a sudden she had shoved her hands down my pants, but I never said no or said anything to even make it seem like I didn’t want it. I wasn’t really reacting but I remember it was hurting a lot bc she was very very rough. She also eventually stuck her fingers in me which I remember it being very painful and at one point I was like moaning/crying but I’m not very sure as to how it came across?? In all of this, I never said no. I never said stop or slow down. To be honest everything was moving fast bc I was so fucked up and I don’t really remember much. The next morning I woke up with bruising on my vagina and it still currently hurts. She was just high and I was the only one drunk. Was it sexual assault or just a bad sex experience?","rr7rar sexualassault Was this sexual assault or am I being dramatic? lovelysapphic /r/sexualassault/comments/rr7rar/was_this_sexual_assault_or_am_i_being_dramatic/ 2 nights ago I met up with this girl I met on tinder. Let me also add that I am a girl. Anyway, I got super drunk. Like an entire bottle of wine drunk and some shots and we also smoked some weed after so the entire night is very very fuzzy to me. She did ask to kiss me, to which I said yes to. All of a sudden she had shoved her hands down my pants, but I never said no or said anything to even make it seem like I didn’t want it. I wasn’t really reacting but I remember it was hurting a lot bc she was very very rough. She also eventually stuck her fingers in me which I remember it being very painful and at one point I was like moaning/crying but I’m not very sure as to how it came across?? In all of this, I never said no. I never said stop or slow down. To be honest everything was moving fast bc I was so fucked up and I don’t really remember much. The next morning I woke up with bruising on my vagina and it still currently hurts. She was just high and I was the only one drunk. Was it sexual assault or just a bad sex experience?",['\\bwas\\s+this\\s+(?:sa|sexual\\s+assault)\\b'],"['\\bwas\\s+this\\s+(?:sa|sexual\\s+assault)\\b', '\\bassault\\b', '\\bsexual(?:ly)?\\s+assault(?:ed|s|ing)?\\b']"
rlvccs,sexualassault,Was i sexually assulted or am i overthinking things?,Amazing-Ad-2722,10,5,False,0,1640142128,/r/sexualassault/comments/rlvccs/was_i_sexually_assulted_or_am_i_overthinking/,"Hi, i need to get answers and i heard this is the best place to get alot of advice and opinions so here it goes. Here is the situation.

I was with this guy for about 2/3 months, we were drinking alcohol at first, watching a movie. He asked me for my phone to go through it and i said sure i have nothing to hide. He goes through it and finds old pictures of me and my ex from my deleted social media that i havent used in months. (He re-downloaded it) He told me hes going through other social medias and was yelling at me saying i wasent the girl he thought i was. Fast forward towards the end of the night he found more pictures of guys i talked to but never dated from old messeges on my messenger. At this point i was completly drunk to try and get over the names he was calling me and get over my past. I went to the bathroom to throw up and he called me ridculous and pathetic and got me up and took me to the room. He said he forgave me and that we should just watch tv. We were watching tv and 5 minutes in he tells me ""from now on when we have sex can you call yourself bitch"" and i said ""no what the fuck"". He looks at me like i offended him, and just continues watching the movie. 15 minutes later he tells me i have to suck his d\*\*\* because im his woman and i have to do what he says. Again, i said ""no"".  After he kept asking me and asking me and i just say whatever and do oral on him, i really didnt want to and i felt like i kinda had no choice since i was drunk and couldnt drive home. Then he tries having sex with me and i tell him i dont wanna have sex and he lays back down and  i start crying on the bed, then he asks me ""why the fuck am i crying"" and i just told him im sad and dont want to do anything. A few more minutes go by and he says we are going to have sex and i just said okay. The next morning he was a whole different person and when i told him i didnt want to do any of that stuff, he said i had the option to say no and that im his woman anyway. Would this be considered sexual assault if i gave in and i just said okay? Even though i really didnt wan to do anything? Please help i just want to know the truth.

&amp;#x200B;

Sorry for the terrible spelling and format.","rlvccs sexualassault Was i sexually assulted or am i overthinking things? Amazing-Ad-2722 /r/sexualassault/comments/rlvccs/was_i_sexually_assulted_or_am_i_overthinking/ Hi, i need to get answers and i heard this is the best place to get alot of advice and opinions so here it goes. Here is the situation.

I was with this guy for about 2/3 months, we were drinking alcohol at first, watching a movie. He asked me for my phone to go through it and i said sure i have nothing to hide. He goes through it and finds old pictures of me and my ex from my deleted social media that i havent used in months. (He re-downloaded it) He told me hes going through other social medias and was yelling at me saying i wasent the girl he thought i was. Fast forward towards the end of the night he found more pictures of guys i talked to but never dated from old messeges on my messenger. At this point i was completly drunk to try and get over the names he was calling me and get over my past. I went to the bathroom to throw up and he called me ridculous and pathetic and got me up and took me to the room. He said he forgave me and that we should just watch tv. We were watching tv and 5 minutes in he tells me ""from now on when we have sex can you call yourself bitch"" and i said ""no what the fuck"". He looks at me like i offended him, and just continues watching the movie. 15 minutes later he tells me i have to suck his d\*\*\* because im his woman and i have to do what he says. Again, i said ""no"".  After he kept asking me and asking me and i just say whatever and do oral on him, i really didnt want to and i felt like i kinda had no choice since i was drunk and couldnt drive home. Then he tries having sex with me and i tell him i dont wanna have sex and he lays back down and  i start crying on the bed, then he asks me ""why the fuck am i crying"" and i just told him im sad and dont want to do anything. A few more minutes go by and he says we are going to have sex and i just said okay. The next morning he was a whole different person and when i told him i didnt want to do any of that stuff, he said i had the option to say no and that im his woman anyway. Would this be considered sexual assault if i gave in and i just said okay? Even though i really didnt wan to do anything? Please help i just want to know the truth.

&amp;#x200B;

Sorry for the terrible spelling and format.",['\\bconsider(?:ed)?\\s+(?:it\\s+)?(?:sa|sexual\\s+assault)\\b'],"['\\bassault\\b', '\\bsexual(?:ly)?\\s+assault(?:ed|s|ing)?\\b', '\\bconsider(?:ed)?\\s+(?:it\\s+)?(?:sa|sexual\\s+assault)\\b']"
rh331j,sexualassault,common?,throwawayacct2249,21,7,True,1,1639585998,/r/sexualassault/comments/rh331j/common/,"is it common to think it wasn’t that bad or it wasn’t even abuse? i know that it was, but i frequently talk myself out of knowing that.","rh331j sexualassault common? throwawayacct2249 /r/sexualassault/comments/rh331j/common/ is it common to think it wasn’t that bad or it wasn’t even abuse? i know that it was, but i frequently talk myself out of knowing that.","[""\\bit\\s+wasn[’']t\\s+that\\s+bad\\b""]","[""\\bit\\s+wasn[’']t\\s+that\\s+bad\\b""]"
p734pv,sexualassault,Is this SA?,Acrobatic_Passage260,6,4,False,0,1629329986,/r/sexualassault/comments/p734pv/is_this_sa/,is it sexual assault if someone tried to pressure me to send genital pics on more than one occasion?,p734pv sexualassault Is this SA? Acrobatic_Passage260 /r/sexualassault/comments/p734pv/is_this_sa/ is it sexual assault if someone tried to pressure me to send genital pics on more than one occasion?,['\\bis\\s+this\\s+(?:sa|sexual\\s+assault)\\b'],"['\\bsa\\b', '\\bassault\\b', '\\bsexual(?:ly)?\\s+assault(?:ed|s|ing)?\\b', '\\bis\\s+this\\s+(?:sa|sexual\\s+assault)\\b']"
ouw2kq,sexualassault,im a (15m) and i was sexually assaulted,LemonMage1229,14,2,False,0,1627686582,/r/sexualassault/comments/ouw2kq/im_a_15m_and_i_was_sexually_assaulted/,"so i was (14m) at the time and my ex was (14f) i think but idc, we would do some nsfw stuff but i never wanted her to touch me, she would really wanna but i didn't and she for the most part was cool with that but one day she wanted to do it really bad and i didn't want her to touch me like that so i said no till she said she really wanted to till i said ok. ofc i couldn't get hard bc i wasn't horny or into it so i sat there trying to get hard and she went to touch me after like idk 5 minutes of me trying. she then said why aren't you hard... i didn't say this but after i realized what had just happened to me and it kept repeating in my head ""why aren't you hard"" and i just cant help but want to yell at her like IDK (her) MAYBE ITS BECAUSE I DIDN'T WANT THIS???? 

p.s. she ended up dumping me and then trying to get back together three times and one time she tried to guilt me into getting back together by saying ""i just thought you cared more"" (mind you this is my first real gf) i was so glad to be done with her and out of it, she also told my friend i have a small d but shes the one who WANTED TO TOUCH IT. 

p.s. p.s. i just wanna talk more shit because everything im about to say is 100% true, she was so bad at kissing and i felt nothing when we kissed and i didn't know you were supposed to feel a connection or whatever so f ig. shes qlso pretty stupid, suicidal, and what kinda coo coo for coco puffs, btw i got her to stop cutting. she was a pot head and loved to snort cbd lotion like a crack head desperate for a high and all she could talk about was either her undiagnosed bpd or weed.

edit i added the is this sexual assault tag because i actually dont know if this counts but she was very toxic

edit 2 i have no clue if im doing something wrong in this post for the sub i just need this to be oit into the world i need to tell someone its been almost a year since it happened but ive never told anyone so sorry if something in this post isn't right for this sub or is offensive or against the rules of the sub","ouw2kq sexualassault im a (15m) and i was sexually assaulted LemonMage1229 /r/sexualassault/comments/ouw2kq/im_a_15m_and_i_was_sexually_assaulted/ so i was (14m) at the time and my ex was (14f) i think but idc, we would do some nsfw stuff but i never wanted her to touch me, she would really wanna but i didn't and she for the most part was cool with that but one day she wanted to do it really bad and i didn't want her to touch me like that so i said no till she said she really wanted to till i said ok. ofc i couldn't get hard bc i wasn't horny or into it so i sat there trying to get hard and she went to touch me after like idk 5 minutes of me trying. she then said why aren't you hard... i didn't say this but after i realized what had just happened to me and it kept repeating in my head ""why aren't you hard"" and i just cant help but want to yell at her like IDK (her) MAYBE ITS BECAUSE I DIDN'T WANT THIS???? 

p.s. she ended up dumping me and then trying to get back together three times and one time she tried to guilt me into getting back together by saying ""i just thought you cared more"" (mind you this is my first real gf) i was so glad to be done with her and out of it, she also told my friend i have a small d but shes the one who WANTED TO TOUCH IT. 

p.s. p.s. i just wanna talk more shit because everything im about to say is 100% true, she was so bad at kissing and i felt nothing when we kissed and i didn't know you were supposed to feel a connection or whatever so f ig. shes qlso pretty stupid, suicidal, and what kinda coo coo for coco puffs, btw i got her to stop cutting. she was a pot head and loved to snort cbd lotion like a crack head desperate for a high and all she could talk about was either her undiagnosed bpd or weed.

edit i added the is this sexual assault tag because i actually dont know if this counts but she was very toxic

edit 2 i have no clue if im doing something wrong in this post for the sub i just need this to be oit into the world i need to tell someone its been almost a year since it happened but ive never told anyone so sorry if something in this post isn't right for this sub or is offensive or against the rules of the sub",['\\bis\\s+this\\s+(?:sa|sexual\\s+assault)\\b'],"['\\bis\\s+this\\s+(?:sa|sexual\\s+assault)\\b', ""\\bi\\s+didn[’']t\\s+know\\b"", '\\bidk+k*\\b', '\\bassault\\b', '\\bfriend\\b', '\\bsexual(?:ly)?\\s+assault(?:ed|s|ing)?\\b']"
oov27m,sexualassault,was this sexual assault?,vanessababey,11,5,False,0,1626889626,/r/sexualassault/comments/oov27m/was_this_sexual_assault/,"hi hi. so I've been friends with this guy for two years and we just started hooking up a couple months ago. when we started hooking up, he told me that he'd jerked off to me \~3 dozen times while we were friends—mostly to the idea of cumming on my face. I found it flattering but also really weird. when he snapped me one day telling me he wanted to cum on my face, I said something to the effect of ""I don't think I'd let you do that/I wouldn't be comfortable with that""—firstly because no one had ever done that, but mostly just because I knew I wouldn't be a Person to him during it but just a fantasy being enacted. he just said I was reading too far into it.

he's been kind of a bad friend recently and flaked on plans twice, so last night I finally saw him for the first time in a month. I talked for maybe a minute and then he interrupted me by kissing me, and soon enough I was on the ground giving him head. ok fine, whatever. long story short, he ended up lifting me up onto the bed while he stayed standing and before I realized what was happening he was cumming on my face. a few minutes later, he said ""not to pressure you or anything but I'm going to sleep soon"" so I left. when I got outside I started crying lol I just felt really gross and weird about the whole situation. if he'd asked I would have said no, and I feel like he knows that. I'm having a hard time determining where this falls. it feels like such a gray area. I don't think putting a label on it matters that much at the end of the day but I don't know where else to ask this. was this sexual assault, or just him being a dick?","oov27m sexualassault was this sexual assault? vanessababey /r/sexualassault/comments/oov27m/was_this_sexual_assault/ hi hi. so I've been friends with this guy for two years and we just started hooking up a couple months ago. when we started hooking up, he told me that he'd jerked off to me \~3 dozen times while we were friends—mostly to the idea of cumming on my face. I found it flattering but also really weird. when he snapped me one day telling me he wanted to cum on my face, I said something to the effect of ""I don't think I'd let you do that/I wouldn't be comfortable with that""—firstly because no one had ever done that, but mostly just because I knew I wouldn't be a Person to him during it but just a fantasy being enacted. he just said I was reading too far into it.

he's been kind of a bad friend recently and flaked on plans twice, so last night I finally saw him for the first time in a month. I talked for maybe a minute and then he interrupted me by kissing me, and soon enough I was on the ground giving him head. ok fine, whatever. long story short, he ended up lifting me up onto the bed while he stayed standing and before I realized what was happening he was cumming on my face. a few minutes later, he said ""not to pressure you or anything but I'm going to sleep soon"" so I left. when I got outside I started crying lol I just felt really gross and weird about the whole situation. if he'd asked I would have said no, and I feel like he knows that. I'm having a hard time determining where this falls. it feels like such a gray area. I don't think putting a label on it matters that much at the end of the day but I don't know where else to ask this. was this sexual assault, or just him being a dick?",['\\bwas\\s+this\\s+(?:sa|sexual\\s+assault)\\b'],"[""\\bi\\s+don[’']t\\s+know\\b"", '\\bwas\\s+this\\s+(?:sa|sexual\\s+assault)\\b', '\\bassault\\b', '\\bfriend\\b', '\\bsexual(?:ly)?\\s+assault(?:ed|s|ing)?\\b']"
of0lau,sexualassault,am i a victim?,Automatic-Couple-791,22,13,True,3,1625595087,/r/sexualassault/comments/of0lau/am_i_a_victim/,"I recently broke up with my boyfriend of around a year because he started getting very pushy about sex. When we first started dating I was a virgin and he had experience so I would have sex with him basically whenever he initiated it because a part of me wanted to be perfect or something. Fast forward around 8-9 months I started to hate having sex with him. It always felt like sex was always about him and whenever he wanted to have it. I had told him before I didn’t always like it super rough or super fast and every time we had sex that’s how it was. I started denying him sex because I just didn’t want it nor enjoy it. He started complaining all the time that we never have sex and saying things like “i’m too cranky i need to nut soon.” One morning before I started denying him sex completely, I woke up and he was trying to put it in and i pretended to stay asleep to see if he would stop and he didn’t until i “woke” up and pushed him away. I’ve been telling a few of my friends about this and some of them are saying i’m a victim of sexual assault, and some are saying i’m not because we were still having sex occasionally around when it happened when I would just give in to his complaints. any thoughts?","of0lau sexualassault am i a victim? Automatic-Couple-791 /r/sexualassault/comments/of0lau/am_i_a_victim/ I recently broke up with my boyfriend of around a year because he started getting very pushy about sex. When we first started dating I was a virgin and he had experience so I would have sex with him basically whenever he initiated it because a part of me wanted to be perfect or something. Fast forward around 8-9 months I started to hate having sex with him. It always felt like sex was always about him and whenever he wanted to have it. I had told him before I didn’t always like it super rough or super fast and every time we had sex that’s how it was. I started denying him sex because I just didn’t want it nor enjoy it. He started complaining all the time that we never have sex and saying things like “i’m too cranky i need to nut soon.” One morning before I started denying him sex completely, I woke up and he was trying to put it in and i pretended to stay asleep to see if he would stop and he didn’t until i “woke” up and pushed him away. I’ve been telling a few of my friends about this and some of them are saying i’m a victim of sexual assault, and some are saying i’m not because we were still having sex occasionally around when it happened when I would just give in to his complaints. any thoughts?",['\\bam\\s+i\\s+(?:a\\s+)?victim\\b'],"['\\bam\\s+i\\s+(?:a\\s+)?victim\\b', '\\bboyfriend\\b', '\\bassault\\b', '\\bsexual(?:ly)?\\s+assault(?:ed|s|ing)?\\b']"
of0lau,sexualassault,am i a victim?,Automatic-Couple-791,22,13,True,3,1625595087,/r/sexualassault/comments/of0lau/am_i_a_victim/,"I recently broke up with my boyfriend of around a year because he started getting very pushy about sex. When we first started dating I was a virgin and he had experience so I would have sex with him basically whenever he initiated it because a part of me wanted to be perfect or something. Fast forward around 8-9 months I started to hate having sex with him. It always felt like sex was always about him and whenever he wanted to have it. I had told him before I didn’t always like it super rough or super fast and every time we had sex that’s how it was. I started denying him sex because I just didn’t want it nor enjoy it. He started complaining all the time that we never have sex and saying things like “i’m too cranky i need to nut soon.” One morning before I started denying him sex completely, I woke up and he was trying to put it in and i pretended to stay asleep to see if he would stop and he didn’t until i “woke” up and pushed him away. I’ve been telling a few of my friends about this and some of them are saying i’m a victim of sexual assault, and some are saying i’m not because we were still having sex occasionally around when it happened when I would just give in to his complaints. any thoughts?","of0lau sexualassault am i a victim? Automatic-Couple-791 /r/sexualassault/comments/of0lau/am_i_a_victim/ I recently broke up with my boyfriend of around a year because he started getting very pushy about sex. When we first started dating I was a virgin and he had experience so I would have sex with him basically whenever he initiated it because a part of me wanted to be perfect or something. Fast forward around 8-9 months I started to hate having sex with him. It always felt like sex was always about him and whenever he wanted to have it. I had told him before I didn’t always like it super rough or super fast and every time we had sex that’s how it was. I started denying him sex because I just didn’t want it nor enjoy it. He started complaining all the time that we never have sex and saying things like “i’m too cranky i need to nut soon.” One morning before I started denying him sex completely, I woke up and he was trying to put it in and i pretended to stay asleep to see if he would stop and he didn’t until i “woke” up and pushed him away. I’ve been telling a few of my friends about this and some of them are saying i’m a victim of sexual assault, and some are saying i’m not because we were still having sex occasionally around when it happened when I would just give in to his complaints. any thoughts?",['\\bam\\s+i\\s+(?:a\\s+)?victim\\b'],"['\\bam\\s+i\\s+(?:a\\s+)?victim\\b', '\\bboyfriend\\b', '\\bassault\\b', '\\bsexual(?:ly)?\\s+assault(?:ed|s|ing)?\\b']"
oeu37z,sexualassault,Am I considered a victim?,Anxious_Effort,11,11,True,5,1625575142,/r/sexualassault/comments/oeu37z/am_i_considered_a_victim/,"Went to a guy’s place with the intent of just chilling. We talked beforehand that’s the only thing we were going to do. Eventually we started to cuddle and make out. I told him 5-6x that “no, I didn’t want to go below the belt” but eventually gave in and my pants came off. Perhaps he was getting mixed signals cause I was saying no but my body wasn’t matching that. He started to finger me and my body was responding positively. He also stopped to ask a couple times if i wanted to stop and I said no. I don’t exactly feel like a victim. It felt like I changed my mind after my pants came off. When I told my friend what happened, he insisted it was sexual assault, that I was in denial, and that I was taking the situation too light. Im not sure what to think because I didn’t fight back and liked it. I feel weak. A part of me recognizes this could be sexual assault but I feel consent was there and I need to take some responsibility for not pushing him away afterwards. I’ve had no sexual experience prior to this. I talked to the guy after and he felt bad about pants coming off even though I didn’t want it to, but genuinely thought I was having a good time. It didn’t even occur to me until my friend said it. 

Am I victim that was coerced or was it a case of changing mind?","oeu37z sexualassault Am I considered a victim? Anxious_Effort /r/sexualassault/comments/oeu37z/am_i_considered_a_victim/ Went to a guy’s place with the intent of just chilling. We talked beforehand that’s the only thing we were going to do. Eventually we started to cuddle and make out. I told him 5-6x that “no, I didn’t want to go below the belt” but eventually gave in and my pants came off. Perhaps he was getting mixed signals cause I was saying no but my body wasn’t matching that. He started to finger me and my body was responding positively. He also stopped to ask a couple times if i wanted to stop and I said no. I don’t exactly feel like a victim. It felt like I changed my mind after my pants came off. When I told my friend what happened, he insisted it was sexual assault, that I was in denial, and that I was taking the situation too light. Im not sure what to think because I didn’t fight back and liked it. I feel weak. A part of me recognizes this could be sexual assault but I feel consent was there and I need to take some responsibility for not pushing him away afterwards. I’ve had no sexual experience prior to this. I talked to the guy after and he felt bad about pants coming off even though I didn’t want it to, but genuinely thought I was having a good time. It didn’t even occur to me until my friend said it. 

Am I victim that was coerced or was it a case of changing mind?",['\\bam\\s+i\\s+(?:a\\s+)?victim\\b'],"['\\bam\\s+i\\s+(?:a\\s+)?victim\\b', ""\\bi[’']?m\\s+not\\s+sure\\b"", '\\bassault\\b', '\\bfriend\\b', '\\bsexual(?:ly)?\\s+assault(?:ed|s|ing)?\\b']"
oeu37z,sexualassault,Am I considered a victim?,Anxious_Effort,11,11,True,5,1625575142,/r/sexualassault/comments/oeu37z/am_i_considered_a_victim/,"Went to a guy’s place with the intent of just chilling. We talked beforehand that’s the only thing we were going to do. Eventually we started to cuddle and make out. I told him 5-6x that “no, I didn’t want to go below the belt” but eventually gave in and my pants came off. Perhaps he was getting mixed signals cause I was saying no but my body wasn’t matching that. He started to finger me and my body was responding positively. He also stopped to ask a couple times if i wanted to stop and I said no. I don’t exactly feel like a victim. It felt like I changed my mind after my pants came off. When I told my friend what happened, he insisted it was sexual assault, that I was in denial, and that I was taking the situation too light. Im not sure what to think because I didn’t fight back and liked it. I feel weak. A part of me recognizes this could be sexual assault but I feel consent was there and I need to take some responsibility for not pushing him away afterwards. I’ve had no sexual experience prior to this. I talked to the guy after and he felt bad about pants coming off even though I didn’t want it to, but genuinely thought I was having a good time. It didn’t even occur to me until my friend said it. 

Am I victim that was coerced or was it a case of changing mind?","oeu37z sexualassault Am I considered a victim? Anxious_Effort /r/sexualassault/comments/oeu37z/am_i_considered_a_victim/ Went to a guy’s place with the intent of just chilling. We talked beforehand that’s the only thing we were going to do. Eventually we started to cuddle and make out. I told him 5-6x that “no, I didn’t want to go below the belt” but eventually gave in and my pants came off. Perhaps he was getting mixed signals cause I was saying no but my body wasn’t matching that. He started to finger me and my body was responding positively. He also stopped to ask a couple times if i wanted to stop and I said no. I don’t exactly feel like a victim. It felt like I changed my mind after my pants came off. When I told my friend what happened, he insisted it was sexual assault, that I was in denial, and that I was taking the situation too light. Im not sure what to think because I didn’t fight back and liked it. I feel weak. A part of me recognizes this could be sexual assault but I feel consent was there and I need to take some responsibility for not pushing him away afterwards. I’ve had no sexual experience prior to this. I talked to the guy after and he felt bad about pants coming off even though I didn’t want it to, but genuinely thought I was having a good time. It didn’t even occur to me until my friend said it. 

Am I victim that was coerced or was it a case of changing mind?",['\\bam\\s+i\\s+(?:a\\s+)?victim\\b'],"['\\bam\\s+i\\s+(?:a\\s+)?victim\\b', ""\\bi[’']?m\\s+not\\s+sure\\b"", '\\bassault\\b', '\\bfriend\\b', '\\bsexual(?:ly)?\\s+assault(?:ed|s|ing)?\\b']"
o2a8hv,sexualassault,Was I raped? What should I think about this?,sakic1212,18,5,False,0,1623970395,/r/sexualassault/comments/o2a8hv/was_i_raped_what_should_i_think_about_this/,"I have NEVER told this story since it happened about 5 years ago. As a man it feels degrading to talk about. This goes back to when I was 19 years old. I am a anxious, but attractive young man. I also was a virgin. It was my first day at college and the dorms were over-booked at the time, so they had about 15 students staying in a random motel until the dorms were vacant. I planned on getting drunk and taking a taxi over to the residence to party in the dorms. I drank about half a bottle of vodka and began to leave my room. On the way out of the hotel, I ran into a group of the students that were also staying at the hotel (2 girls and 2guys) . So I decided to stay and split the 2nd half of my bottle with the 4 of them and drink in this one girls hotel room. Eventually everyone left the room and I was left with the 1 girl in the hotel room. I again was a virgin with anxiety and no sexual experience. Also extremely drunk. I remember making out with her and her randomly saying “I’ve never been with a white guy before”. I was attracted to her so I was open to the idea at the time as well. I quickly found out that I was able to perform as I had no experience and was wasted. Which I remember her telling me that she “perferred being on top anyways”. This is where my memory is fogged. I remember her being very aggressive. I remember talling her that she is accidentally choking me. Which she replied “ive been doing that for over 20 minutes”.  I told her i couldn’t even feel it as I was so drunk. I remember her telling me to put my arms behind my back and holding a pillow on my face. Then I have a big gap in time... I remember waking up and seeing her laying next to me. I asked her what happened and she told me “I fell asleep”. The time was 5:30 AM... over 5 hours had passed since we started (I was never on top of her once). But i also had an erection and the condom was still on. I remember saying sorry I didn’t make you orgasm, which she replied “No, I came over 5 times”. Which i dont remember. I remember my head pounding in pain and needing to chug 6 straight bottle of water to feel normal. Also the next morning I woke up with over 20 purple hickeys all over my chest (which I don’t remember getting). This is how I lost my virginity. Was this sexual assault?","o2a8hv sexualassault Was I raped? What should I think about this? sakic1212 /r/sexualassault/comments/o2a8hv/was_i_raped_what_should_i_think_about_this/ I have NEVER told this story since it happened about 5 years ago. As a man it feels degrading to talk about. This goes back to when I was 19 years old. I am a anxious, but attractive young man. I also was a virgin. It was my first day at college and the dorms were over-booked at the time, so they had about 15 students staying in a random motel until the dorms were vacant. I planned on getting drunk and taking a taxi over to the residence to party in the dorms. I drank about half a bottle of vodka and began to leave my room. On the way out of the hotel, I ran into a group of the students that were also staying at the hotel (2 girls and 2guys) . So I decided to stay and split the 2nd half of my bottle with the 4 of them and drink in this one girls hotel room. Eventually everyone left the room and I was left with the 1 girl in the hotel room. I again was a virgin with anxiety and no sexual experience. Also extremely drunk. I remember making out with her and her randomly saying “I’ve never been with a white guy before”. I was attracted to her so I was open to the idea at the time as well. I quickly found out that I was able to perform as I had no experience and was wasted. Which I remember her telling me that she “perferred being on top anyways”. This is where my memory is fogged. I remember her being very aggressive. I remember talling her that she is accidentally choking me. Which she replied “ive been doing that for over 20 minutes”.  I told her i couldn’t even feel it as I was so drunk. I remember her telling me to put my arms behind my back and holding a pillow on my face. Then I have a big gap in time... I remember waking up and seeing her laying next to me. I asked her what happened and she told me “I fell asleep”. The time was 5:30 AM... over 5 hours had passed since we started (I was never on top of her once). But i also had an erection and the condom was still on. I remember saying sorry I didn’t make you orgasm, which she replied “No, I came over 5 times”. Which i dont remember. I remember my head pounding in pain and needing to chug 6 straight bottle of water to feel normal. Also the next morning I woke up with over 20 purple hickeys all over my chest (which I don’t remember getting). This is how I lost my virginity. Was this sexual assault?",['\\bwas\\s+this\\s+(?:sa|sexual\\s+assault)\\b'],"['\\bwas\\s+this\\s+(?:sa|sexual\\s+assault)\\b', '\\bassault\\b', '\\bsexual(?:ly)?\\s+assault(?:ed|s|ing)?\\b']"
o2a8hv,sexualassault,Was I raped? What should I think about this?,sakic1212,18,5,False,0,1623970395,/r/sexualassault/comments/o2a8hv/was_i_raped_what_should_i_think_about_this/,"I have NEVER told this story since it happened about 5 years ago. As a man it feels degrading to talk about. This goes back to when I was 19 years old. I am a anxious, but attractive young man. I also was a virgin. It was my first day at college and the dorms were over-booked at the time, so they had about 15 students staying in a random motel until the dorms were vacant. I planned on getting drunk and taking a taxi over to the residence to party in the dorms. I drank about half a bottle of vodka and began to leave my room. On the way out of the hotel, I ran into a group of the students that were also staying at the hotel (2 girls and 2guys) . So I decided to stay and split the 2nd half of my bottle with the 4 of them and drink in this one girls hotel room. Eventually everyone left the room and I was left with the 1 girl in the hotel room. I again was a virgin with anxiety and no sexual experience. Also extremely drunk. I remember making out with her and her randomly saying “I’ve never been with a white guy before”. I was attracted to her so I was open to the idea at the time as well. I quickly found out that I was able to perform as I had no experience and was wasted. Which I remember her telling me that she “perferred being on top anyways”. This is where my memory is fogged. I remember her being very aggressive. I remember talling her that she is accidentally choking me. Which she replied “ive been doing that for over 20 minutes”.  I told her i couldn’t even feel it as I was so drunk. I remember her telling me to put my arms behind my back and holding a pillow on my face. Then I have a big gap in time... I remember waking up and seeing her laying next to me. I asked her what happened and she told me “I fell asleep”. The time was 5:30 AM... over 5 hours had passed since we started (I was never on top of her once). But i also had an erection and the condom was still on. I remember saying sorry I didn’t make you orgasm, which she replied “No, I came over 5 times”. Which i dont remember. I remember my head pounding in pain and needing to chug 6 straight bottle of water to feel normal. Also the next morning I woke up with over 20 purple hickeys all over my chest (which I don’t remember getting). This is how I lost my virginity. Was this sexual assault?","o2a8hv sexualassault Was I raped? What should I think about this? sakic1212 /r/sexualassault/comments/o2a8hv/was_i_raped_what_should_i_think_about_this/ I have NEVER told this story since it happened about 5 years ago. As a man it feels degrading to talk about. This goes back to when I was 19 years old. I am a anxious, but attractive young man. I also was a virgin. It was my first day at college and the dorms were over-booked at the time, so they had about 15 students staying in a random motel until the dorms were vacant. I planned on getting drunk and taking a taxi over to the residence to party in the dorms. I drank about half a bottle of vodka and began to leave my room. On the way out of the hotel, I ran into a group of the students that were also staying at the hotel (2 girls and 2guys) . So I decided to stay and split the 2nd half of my bottle with the 4 of them and drink in this one girls hotel room. Eventually everyone left the room and I was left with the 1 girl in the hotel room. I again was a virgin with anxiety and no sexual experience. Also extremely drunk. I remember making out with her and her randomly saying “I’ve never been with a white guy before”. I was attracted to her so I was open to the idea at the time as well. I quickly found out that I was able to perform as I had no experience and was wasted. Which I remember her telling me that she “perferred being on top anyways”. This is where my memory is fogged. I remember her being very aggressive. I remember talling her that she is accidentally choking me. Which she replied “ive been doing that for over 20 minutes”.  I told her i couldn’t even feel it as I was so drunk. I remember her telling me to put my arms behind my back and holding a pillow on my face. Then I have a big gap in time... I remember waking up and seeing her laying next to me. I asked her what happened and she told me “I fell asleep”. The time was 5:30 AM... over 5 hours had passed since we started (I was never on top of her once). But i also had an erection and the condom was still on. I remember saying sorry I didn’t make you orgasm, which she replied “No, I came over 5 times”. Which i dont remember. I remember my head pounding in pain and needing to chug 6 straight bottle of water to feel normal. Also the next morning I woke up with over 20 purple hickeys all over my chest (which I don’t remember getting). This is how I lost my virginity. Was this sexual assault?",['\\bwas\\s+this\\s+(?:sa|sexual\\s+assault)\\b'],"['\\bwas\\s+this\\s+(?:sa|sexual\\s+assault)\\b', '\\bassault\\b', '\\bsexual(?:ly)?\\s+assault(?:ed|s|ing)?\\b']"
o0j4ce,sexualassault,"I'm not sure if I was raped; I enjoyed it, he's my friend.",Various-Committee-11,22,31,True,9,1623776489,/r/sexualassault/comments/o0j4ce/im_not_sure_if_i_was_raped_i_enjoyed_it_hes_my/,"TRIGGER WARNING: Descriptive content.

Hi - here's the short story (I'm really confused):

I recently reconnected (as friends) with a guy I used to have sexual relations with (friends with benefits situation). I went over to his house last night. We were in bed, ready to fall asleep. We started cuddling and making out - which I liked. I had a shirt and a thong on, he went to pull the thong off when I grabbed his hands and said ""No, leave those on. I don't think we're going to have sex tonight. I'm not on birth control anymore."" He said okay, and left them half off. (We had not had sex since our FWB situation ended months ago). We continued to make out, he pulled his boxers partly down, which I thought was just for sensation reasons. He leaned back over top of me, we continued kissing, it was hot, and then suddenly he stuck his dick in me - fast, without asking. I was shocked, if the lights were on, that shock would have been clearly evident on my face. For a moment, I remember thinking in my head ""what the fuck just happened"", as we were still making out and he continued to fuck me. I was already turned on, and I still was aroused, so I went with it. I didn't say anything. He still did not ask. We continued to have rough sex, which I really enjoyed and actively participated in.

My question is, is this rape? I enjoyed it. But I didn't consent. I didn't want to have sex, but at the same time, I was sexually aroused and wanted him - even though I didn't, which is why I didn't consent. But then I just continued on and decided to have sex and go with my feelings of arousal because the decision to have sex was already made for me.

He's a good person, and I'm not saying any of this to paint a bad image of him. I'm just really confused, and I'm not even sure if I should talk to him about this, or (if I do) how I should go about doing so.

Thanks in advance for reading this, and offering your opinions everyone. &lt;3","o0j4ce sexualassault I'm not sure if I was raped; I enjoyed it, he's my friend. Various-Committee-11 /r/sexualassault/comments/o0j4ce/im_not_sure_if_i_was_raped_i_enjoyed_it_hes_my/ TRIGGER WARNING: Descriptive content.

Hi - here's the short story (I'm really confused):

I recently reconnected (as friends) with a guy I used to have sexual relations with (friends with benefits situation). I went over to his house last night. We were in bed, ready to fall asleep. We started cuddling and making out - which I liked. I had a shirt and a thong on, he went to pull the thong off when I grabbed his hands and said ""No, leave those on. I don't think we're going to have sex tonight. I'm not on birth control anymore."" He said okay, and left them half off. (We had not had sex since our FWB situation ended months ago). We continued to make out, he pulled his boxers partly down, which I thought was just for sensation reasons. He leaned back over top of me, we continued kissing, it was hot, and then suddenly he stuck his dick in me - fast, without asking. I was shocked, if the lights were on, that shock would have been clearly evident on my face. For a moment, I remember thinking in my head ""what the fuck just happened"", as we were still making out and he continued to fuck me. I was already turned on, and I still was aroused, so I went with it. I didn't say anything. He still did not ask. We continued to have rough sex, which I really enjoyed and actively participated in.

My question is, is this rape? I enjoyed it. But I didn't consent. I didn't want to have sex, but at the same time, I was sexually aroused and wanted him - even though I didn't, which is why I didn't consent. But then I just continued on and decided to have sex and go with my feelings of arousal because the decision to have sex was already made for me.

He's a good person, and I'm not saying any of this to paint a bad image of him. I'm just really confused, and I'm not even sure if I should talk to him about this, or (if I do) how I should go about doing so.

Thanks in advance for reading this, and offering your opinions everyone. &lt;3","[""\\bi\\s+didn[’']t\\s+consent\\b"", ""\\b(?:he|she)[’']?s\\s+my\\s+friend\\b""]","[""\\bi\\s+didn[’']t\\s+consent\\b"", ""\\bi[’']?m\\s+not\\s+sure\\b"", ""\\b(?:he|she)[’']?s\\s+my\\s+friend\\b"", '\\brape\\b', '\\bfriend\\b']"
o0j4ce,sexualassault,"I'm not sure if I was raped; I enjoyed it, he's my friend.",Various-Committee-11,22,31,True,9,1623776489,/r/sexualassault/comments/o0j4ce/im_not_sure_if_i_was_raped_i_enjoyed_it_hes_my/,"TRIGGER WARNING: Descriptive content.

Hi - here's the short story (I'm really confused):

I recently reconnected (as friends) with a guy I used to have sexual relations with (friends with benefits situation). I went over to his house last night. We were in bed, ready to fall asleep. We started cuddling and making out - which I liked. I had a shirt and a thong on, he went to pull the thong off when I grabbed his hands and said ""No, leave those on. I don't think we're going to have sex tonight. I'm not on birth control anymore."" He said okay, and left them half off. (We had not had sex since our FWB situation ended months ago). We continued to make out, he pulled his boxers partly down, which I thought was just for sensation reasons. He leaned back over top of me, we continued kissing, it was hot, and then suddenly he stuck his dick in me - fast, without asking. I was shocked, if the lights were on, that shock would have been clearly evident on my face. For a moment, I remember thinking in my head ""what the fuck just happened"", as we were still making out and he continued to fuck me. I was already turned on, and I still was aroused, so I went with it. I didn't say anything. He still did not ask. We continued to have rough sex, which I really enjoyed and actively participated in.

My question is, is this rape? I enjoyed it. But I didn't consent. I didn't want to have sex, but at the same time, I was sexually aroused and wanted him - even though I didn't, which is why I didn't consent. But then I just continued on and decided to have sex and go with my feelings of arousal because the decision to have sex was already made for me.

He's a good person, and I'm not saying any of this to paint a bad image of him. I'm just really confused, and I'm not even sure if I should talk to him about this, or (if I do) how I should go about doing so.

Thanks in advance for reading this, and offering your opinions everyone. &lt;3","o0j4ce sexualassault I'm not sure if I was raped; I enjoyed it, he's my friend. Various-Committee-11 /r/sexualassault/comments/o0j4ce/im_not_sure_if_i_was_raped_i_enjoyed_it_hes_my/ TRIGGER WARNING: Descriptive content.

Hi - here's the short story (I'm really confused):

I recently reconnected (as friends) with a guy I used to have sexual relations with (friends with benefits situation). I went over to his house last night. We were in bed, ready to fall asleep. We started cuddling and making out - which I liked. I had a shirt and a thong on, he went to pull the thong off when I grabbed his hands and said ""No, leave those on. I don't think we're going to have sex tonight. I'm not on birth control anymore."" He said okay, and left them half off. (We had not had sex since our FWB situation ended months ago). We continued to make out, he pulled his boxers partly down, which I thought was just for sensation reasons. He leaned back over top of me, we continued kissing, it was hot, and then suddenly he stuck his dick in me - fast, without asking. I was shocked, if the lights were on, that shock would have been clearly evident on my face. For a moment, I remember thinking in my head ""what the fuck just happened"", as we were still making out and he continued to fuck me. I was already turned on, and I still was aroused, so I went with it. I didn't say anything. He still did not ask. We continued to have rough sex, which I really enjoyed and actively participated in.

My question is, is this rape? I enjoyed it. But I didn't consent. I didn't want to have sex, but at the same time, I was sexually aroused and wanted him - even though I didn't, which is why I didn't consent. But then I just continued on and decided to have sex and go with my feelings of arousal because the decision to have sex was already made for me.

He's a good person, and I'm not saying any of this to paint a bad image of him. I'm just really confused, and I'm not even sure if I should talk to him about this, or (if I do) how I should go about doing so.

Thanks in advance for reading this, and offering your opinions everyone. &lt;3","[""\\bi\\s+didn[’']t\\s+consent\\b"", ""\\b(?:he|she)[’']?s\\s+my\\s+friend\\b""]","[""\\bi\\s+didn[’']t\\s+consent\\b"", ""\\bi[’']?m\\s+not\\s+sure\\b"", ""\\b(?:he|she)[’']?s\\s+my\\s+friend\\b"", '\\brape\\b', '\\bfriend\\b']"
m6w7wu,sexualassault,Woman on woman sexual assault. Need advice or really anything,bigspookighost,18,8,True,1,1615972011,/r/sexualassault/comments/m6w7wu/woman_on_woman_sexual_assault_need_advice_or/,"I’ve recently had an uncomfortable encounter with a woman that has left me confused and humiliated. It happened a few months ago but basically my boyfriend and my boyfriends friends and his girlfriend met us on an out of town trip. We all went to this hot springs and I ended up getting very drunk. For a little reference, I’m straight, I’ve never been attracted to females sexually or otherwise. I’m very pro women and support women and love empowering women but I am not in any way sexually attracted to women. Anyways, we were about to leave the hot springs and we all went to go rinse off and change and leave. Me and her went into the locker room and it gets blurry from there. Alcohol plus the hot springs had made me pretty inebriated to the point I was almost blackout drunk. The next thing I knew we wound up in one shower together and my bathing suit was off. Also for reference, she was not drunk. I have bits and pieces of remembering her touching kissing and going down on me and feeling very uneasy uncomfortable and scared and just thinking “this shouldn’t be happening I want this to stop” I don’t remember leaving the hot springs or the drive back which was about an hour back to our hotel. As soon and me and my boyfriend got to our room I burst out crying and went to go take another shower. My boyfriend knew something bad had happened and just sat with me in the shower with his clothes on while I sobbed. He thought I had cheated on him with her at first and was very upset with me which just made me more confused and upset but once I was able to choke out the feeling of it and how upset I was he understood and was very caring and supportive. I didn’t think another woman could sexually me. I’d never heard of it happening and I felt very guilty, convincing myself it couldn’t be assault and that I was just a terrible girlfriend and it made me question a lot of things about myself. I was just confused about what happened and still am. It’s very hard for me to talk about it with people. It’s still hard to think about. I don’t know if I consented at any point. I tried to brush it off as drunk girl fun but this wasn’t that. I had only met her once before this trip so we weren’t close at all. I love my boyfriend very much. I still am hesitant to call it sexual assault. I know it wasn’t right but I’m still very confused and any advice or similar experiences would be very helpful. Thank you if you took the time to read this","m6w7wu sexualassault Woman on woman sexual assault. Need advice or really anything bigspookighost /r/sexualassault/comments/m6w7wu/woman_on_woman_sexual_assault_need_advice_or/ I’ve recently had an uncomfortable encounter with a woman that has left me confused and humiliated. It happened a few months ago but basically my boyfriend and my boyfriends friends and his girlfriend met us on an out of town trip. We all went to this hot springs and I ended up getting very drunk. For a little reference, I’m straight, I’ve never been attracted to females sexually or otherwise. I’m very pro women and support women and love empowering women but I am not in any way sexually attracted to women. Anyways, we were about to leave the hot springs and we all went to go rinse off and change and leave. Me and her went into the locker room and it gets blurry from there. Alcohol plus the hot springs had made me pretty inebriated to the point I was almost blackout drunk. The next thing I knew we wound up in one shower together and my bathing suit was off. Also for reference, she was not drunk. I have bits and pieces of remembering her touching kissing and going down on me and feeling very uneasy uncomfortable and scared and just thinking “this shouldn’t be happening I want this to stop” I don’t remember leaving the hot springs or the drive back which was about an hour back to our hotel. As soon and me and my boyfriend got to our room I burst out crying and went to go take another shower. My boyfriend knew something bad had happened and just sat with me in the shower with his clothes on while I sobbed. He thought I had cheated on him with her at first and was very upset with me which just made me more confused and upset but once I was able to choke out the feeling of it and how upset I was he understood and was very caring and supportive. I didn’t think another woman could sexually me. I’d never heard of it happening and I felt very guilty, convincing myself it couldn’t be assault and that I was just a terrible girlfriend and it made me question a lot of things about myself. I was just confused about what happened and still am. It’s very hard for me to talk about it with people. It’s still hard to think about. I don’t know if I consented at any point. I tried to brush it off as drunk girl fun but this wasn’t that. I had only met her once before this trip so we weren’t close at all. I love my boyfriend very much. I still am hesitant to call it sexual assault. I know it wasn’t right but I’m still very confused and any advice or similar experiences would be very helpful. Thank you if you took the time to read this","[""\\bdon[’']t\\s+know\\s+if\\s+i\\s+consent(?:ed)?\\b""]","[""\\bdon[’']t\\s+know\\s+if\\s+i\\s+consent(?:ed)?\\b"", '\\bboyfriend\\b', ""\\bi\\s+don[’']t\\s+know\\b"", '\\bassault\\b', '\\bgirlfriend\\b', '\\bsexual(?:ly)?\\s+assault(?:ed|s|ing)?\\b']"
m6w7wu,sexualassault,Woman on woman sexual assault. Need advice or really anything,bigspookighost,18,8,True,1,1615972011,/r/sexualassault/comments/m6w7wu/woman_on_woman_sexual_assault_need_advice_or/,"I’ve recently had an uncomfortable encounter with a woman that has left me confused and humiliated. It happened a few months ago but basically my boyfriend and my boyfriends friends and his girlfriend met us on an out of town trip. We all went to this hot springs and I ended up getting very drunk. For a little reference, I’m straight, I’ve never been attracted to females sexually or otherwise. I’m very pro women and support women and love empowering women but I am not in any way sexually attracted to women. Anyways, we were about to leave the hot springs and we all went to go rinse off and change and leave. Me and her went into the locker room and it gets blurry from there. Alcohol plus the hot springs had made me pretty inebriated to the point I was almost blackout drunk. The next thing I knew we wound up in one shower together and my bathing suit was off. Also for reference, she was not drunk. I have bits and pieces of remembering her touching kissing and going down on me and feeling very uneasy uncomfortable and scared and just thinking “this shouldn’t be happening I want this to stop” I don’t remember leaving the hot springs or the drive back which was about an hour back to our hotel. As soon and me and my boyfriend got to our room I burst out crying and went to go take another shower. My boyfriend knew something bad had happened and just sat with me in the shower with his clothes on while I sobbed. He thought I had cheated on him with her at first and was very upset with me which just made me more confused and upset but once I was able to choke out the feeling of it and how upset I was he understood and was very caring and supportive. I didn’t think another woman could sexually me. I’d never heard of it happening and I felt very guilty, convincing myself it couldn’t be assault and that I was just a terrible girlfriend and it made me question a lot of things about myself. I was just confused about what happened and still am. It’s very hard for me to talk about it with people. It’s still hard to think about. I don’t know if I consented at any point. I tried to brush it off as drunk girl fun but this wasn’t that. I had only met her once before this trip so we weren’t close at all. I love my boyfriend very much. I still am hesitant to call it sexual assault. I know it wasn’t right but I’m still very confused and any advice or similar experiences would be very helpful. Thank you if you took the time to read this","m6w7wu sexualassault Woman on woman sexual assault. Need advice or really anything bigspookighost /r/sexualassault/comments/m6w7wu/woman_on_woman_sexual_assault_need_advice_or/ I’ve recently had an uncomfortable encounter with a woman that has left me confused and humiliated. It happened a few months ago but basically my boyfriend and my boyfriends friends and his girlfriend met us on an out of town trip. We all went to this hot springs and I ended up getting very drunk. For a little reference, I’m straight, I’ve never been attracted to females sexually or otherwise. I’m very pro women and support women and love empowering women but I am not in any way sexually attracted to women. Anyways, we were about to leave the hot springs and we all went to go rinse off and change and leave. Me and her went into the locker room and it gets blurry from there. Alcohol plus the hot springs had made me pretty inebriated to the point I was almost blackout drunk. The next thing I knew we wound up in one shower together and my bathing suit was off. Also for reference, she was not drunk. I have bits and pieces of remembering her touching kissing and going down on me and feeling very uneasy uncomfortable and scared and just thinking “this shouldn’t be happening I want this to stop” I don’t remember leaving the hot springs or the drive back which was about an hour back to our hotel. As soon and me and my boyfriend got to our room I burst out crying and went to go take another shower. My boyfriend knew something bad had happened and just sat with me in the shower with his clothes on while I sobbed. He thought I had cheated on him with her at first and was very upset with me which just made me more confused and upset but once I was able to choke out the feeling of it and how upset I was he understood and was very caring and supportive. I didn’t think another woman could sexually me. I’d never heard of it happening and I felt very guilty, convincing myself it couldn’t be assault and that I was just a terrible girlfriend and it made me question a lot of things about myself. I was just confused about what happened and still am. It’s very hard for me to talk about it with people. It’s still hard to think about. I don’t know if I consented at any point. I tried to brush it off as drunk girl fun but this wasn’t that. I had only met her once before this trip so we weren’t close at all. I love my boyfriend very much. I still am hesitant to call it sexual assault. I know it wasn’t right but I’m still very confused and any advice or similar experiences would be very helpful. Thank you if you took the time to read this","[""\\bdon[’']t\\s+know\\s+if\\s+i\\s+consent(?:ed)?\\b""]","[""\\bdon[’']t\\s+know\\s+if\\s+i\\s+consent(?:ed)?\\b"", '\\bboyfriend\\b', ""\\bi\\s+don[’']t\\s+know\\b"", '\\bassault\\b', '\\bgirlfriend\\b', '\\bsexual(?:ly)?\\s+assault(?:ed|s|ing)?\\b']"
l4vrsn,sexualassault,I want to stay with him,[deleted],1,12,True,8,1611603951,/r/sexualassault/comments/l4vrsn/i_want_to_stay_with_him/,"Hi 👋🏼
I need advice.

Before I start, I know what you'll say. ""It was assault and he's bad and you should leave him."" I ask you, though, to be compassionate in your response. He's not bad, and my biggest hope is to work it out together.

A couple of weeks ago, I was hanging out with my boyfriend. He layed on top of me, both of us on our stomachs, on his bed. He doesn't have a couch or anything in his room so we often are on the bed, no big deal. The laying-on-top thing is also something we do sometimes.
(It's awkward to write, please forgive me) hHe started to dry-hump me and play-choke me, also something that we do sometimes. I know that you might think ""oh no! choking!"" but actually I like it and I was the one who introduced it into our relationship.
Except this time I didn't like it. I didn't consent. It was all very quick. I pulled his hand away and I think he thought I was moving his hand bc he was at the wrong angle or something, which is normal.
Afterwards, he realized what he had done and immediately felt so bad and apologized, and we've been talking about it. I know he didn't mean to. He's taking responsibility and being kind.
He realized what he had done and I kind of just sat there. It took me a while to come out of my gaze, and I felt like a robot. Once I returned to normal I hugged him and cried and it was nice.
He should have gotten consent. He didn't know I wasn't consenting, because he was being dumb and uneducated. We talked about consent and changes we'd make so that he knew if I wanted it or not. He and I are young and have lots of learning to do together.
I keep wondering if this means something bad. Or if there are other bad things that he's done, like being mean, or something.

I want to know: am I allowed to forgive him? Am I allowed to stay with him? Will it be ok? Will I be broken?

I know that the rules say no minimizing assault but I promise if you tell me he and I can figure it out that won't be minimizing it.

I want to stay with him.
____

If you have any questions I'll be happy to answer in the comments","l4vrsn sexualassault I want to stay with him [deleted] /r/sexualassault/comments/l4vrsn/i_want_to_stay_with_him/ Hi 👋🏼
I need advice.

Before I start, I know what you'll say. ""It was assault and he's bad and you should leave him."" I ask you, though, to be compassionate in your response. He's not bad, and my biggest hope is to work it out together.

A couple of weeks ago, I was hanging out with my boyfriend. He layed on top of me, both of us on our stomachs, on his bed. He doesn't have a couch or anything in his room so we often are on the bed, no big deal. The laying-on-top thing is also something we do sometimes.
(It's awkward to write, please forgive me) hHe started to dry-hump me and play-choke me, also something that we do sometimes. I know that you might think ""oh no! choking!"" but actually I like it and I was the one who introduced it into our relationship.
Except this time I didn't like it. I didn't consent. It was all very quick. I pulled his hand away and I think he thought I was moving his hand bc he was at the wrong angle or something, which is normal.
Afterwards, he realized what he had done and immediately felt so bad and apologized, and we've been talking about it. I know he didn't mean to. He's taking responsibility and being kind.
He realized what he had done and I kind of just sat there. It took me a while to come out of my gaze, and I felt like a robot. Once I returned to normal I hugged him and cried and it was nice.
He should have gotten consent. He didn't know I wasn't consenting, because he was being dumb and uneducated. We talked about consent and changes we'd make so that he knew if I wanted it or not. He and I are young and have lots of learning to do together.
I keep wondering if this means something bad. Or if there are other bad things that he's done, like being mean, or something.

I want to know: am I allowed to forgive him? Am I allowed to stay with him? Will it be ok? Will I be broken?

I know that the rules say no minimizing assault but I promise if you tell me he and I can figure it out that won't be minimizing it.

I want to stay with him.
____

If you have any questions I'll be happy to answer in the comments","[""\\bi\\s+didn[’']t\\s+consent\\b""]","[""\\bi\\s+didn[’']t\\s+consent\\b"", '\\bboyfriend\\b', '\\bassault\\b']"
l4vrsn,sexualassault,I want to stay with him,[deleted],1,12,True,8,1611603951,/r/sexualassault/comments/l4vrsn/i_want_to_stay_with_him/,"Hi 👋🏼
I need advice.

Before I start, I know what you'll say. ""It was assault and he's bad and you should leave him."" I ask you, though, to be compassionate in your response. He's not bad, and my biggest hope is to work it out together.

A couple of weeks ago, I was hanging out with my boyfriend. He layed on top of me, both of us on our stomachs, on his bed. He doesn't have a couch or anything in his room so we often are on the bed, no big deal. The laying-on-top thing is also something we do sometimes.
(It's awkward to write, please forgive me) hHe started to dry-hump me and play-choke me, also something that we do sometimes. I know that you might think ""oh no! choking!"" but actually I like it and I was the one who introduced it into our relationship.
Except this time I didn't like it. I didn't consent. It was all very quick. I pulled his hand away and I think he thought I was moving his hand bc he was at the wrong angle or something, which is normal.
Afterwards, he realized what he had done and immediately felt so bad and apologized, and we've been talking about it. I know he didn't mean to. He's taking responsibility and being kind.
He realized what he had done and I kind of just sat there. It took me a while to come out of my gaze, and I felt like a robot. Once I returned to normal I hugged him and cried and it was nice.
He should have gotten consent. He didn't know I wasn't consenting, because he was being dumb and uneducated. We talked about consent and changes we'd make so that he knew if I wanted it or not. He and I are young and have lots of learning to do together.
I keep wondering if this means something bad. Or if there are other bad things that he's done, like being mean, or something.

I want to know: am I allowed to forgive him? Am I allowed to stay with him? Will it be ok? Will I be broken?

I know that the rules say no minimizing assault but I promise if you tell me he and I can figure it out that won't be minimizing it.

I want to stay with him.
____

If you have any questions I'll be happy to answer in the comments","l4vrsn sexualassault I want to stay with him [deleted] /r/sexualassault/comments/l4vrsn/i_want_to_stay_with_him/ Hi 👋🏼
I need advice.

Before I start, I know what you'll say. ""It was assault and he's bad and you should leave him."" I ask you, though, to be compassionate in your response. He's not bad, and my biggest hope is to work it out together.

A couple of weeks ago, I was hanging out with my boyfriend. He layed on top of me, both of us on our stomachs, on his bed. He doesn't have a couch or anything in his room so we often are on the bed, no big deal. The laying-on-top thing is also something we do sometimes.
(It's awkward to write, please forgive me) hHe started to dry-hump me and play-choke me, also something that we do sometimes. I know that you might think ""oh no! choking!"" but actually I like it and I was the one who introduced it into our relationship.
Except this time I didn't like it. I didn't consent. It was all very quick. I pulled his hand away and I think he thought I was moving his hand bc he was at the wrong angle or something, which is normal.
Afterwards, he realized what he had done and immediately felt so bad and apologized, and we've been talking about it. I know he didn't mean to. He's taking responsibility and being kind.
He realized what he had done and I kind of just sat there. It took me a while to come out of my gaze, and I felt like a robot. Once I returned to normal I hugged him and cried and it was nice.
He should have gotten consent. He didn't know I wasn't consenting, because he was being dumb and uneducated. We talked about consent and changes we'd make so that he knew if I wanted it or not. He and I are young and have lots of learning to do together.
I keep wondering if this means something bad. Or if there are other bad things that he's done, like being mean, or something.

I want to know: am I allowed to forgive him? Am I allowed to stay with him? Will it be ok? Will I be broken?

I know that the rules say no minimizing assault but I promise if you tell me he and I can figure it out that won't be minimizing it.

I want to stay with him.
____

If you have any questions I'll be happy to answer in the comments","[""\\bi\\s+didn[’']t\\s+consent\\b""]","[""\\bi\\s+didn[’']t\\s+consent\\b"", '\\bboyfriend\\b', '\\bassault\\b']"
kd0vsu,sexualassault,I have a question,Anonymous2489104,10,12,True,4,1607963411,/r/sexualassault/comments/kd0vsu/i_have_a_question/,I was wondering if I’m allowed to be upset about this and consider it sexual assault. 2 months ago I was over my friends and some boys were coming over. I had knew about them but never met them. This one boy I’ve never met was friends with my friend and he has told her multiple times he thought I was attractive. I told her that I didn’t want to hook up with him prior because I didn’t find him attractive. There was alcohol involved and an hour before they had arrived me and my friends had drank a lot way more than I ever had before. I remember them coming in and I remember sitting down by the beer pong table and spilling over a cup that is the last thing I remember. I came back into consciousness and I was upstairs in a bedroom and making out with him in a bed. I was really out of it and kept on coming in and out of consciousness. The stuff I do remember are very fuzzy but I remember a couple times while making out I would throw my head back like I couldn’t keep it up or It would fall forward because I couldn’t  hold it up. After a while he asked me if I could take off my pants. ( I had never done anything before besides kiss someone and I prior to this night I didn’t want to bc I was super insecure about my body and every guy before him I had told them no). I should’ve just stood up for myself and told him no but I told him that I was too drunk to take them off thinking he would just get over the idea. This was my bad and I realize now he may have seen it as an invitation for him to take them off instead of me since I was too drunk to but anyways I went out of consciousness again and I woke up with my pants off and just underwear and he was fingering me (I was super sore the next day). After a while he asked me if I would give him head. I also didn’t just say no this time. I kept on making excuses saying I’ve never done it before and that I’m so drunk I can’t. I don’t remember exactly how many times he asked me but at least 5. After one of the times I gave in and just laid on his stomaxh and did it. I blacked out after the first 30 seconds I would say and then I jsut remember laying face down on the bed and asking him to set a timer for 30 minutes so I can sleep. I realize I could’ve just stopped this if I didn’t drink too much or told him no but i was wondering if he was in any wrong in this situation.,kd0vsu sexualassault I have a question Anonymous2489104 /r/sexualassault/comments/kd0vsu/i_have_a_question/ I was wondering if I’m allowed to be upset about this and consider it sexual assault. 2 months ago I was over my friends and some boys were coming over. I had knew about them but never met them. This one boy I’ve never met was friends with my friend and he has told her multiple times he thought I was attractive. I told her that I didn’t want to hook up with him prior because I didn’t find him attractive. There was alcohol involved and an hour before they had arrived me and my friends had drank a lot way more than I ever had before. I remember them coming in and I remember sitting down by the beer pong table and spilling over a cup that is the last thing I remember. I came back into consciousness and I was upstairs in a bedroom and making out with him in a bed. I was really out of it and kept on coming in and out of consciousness. The stuff I do remember are very fuzzy but I remember a couple times while making out I would throw my head back like I couldn’t keep it up or It would fall forward because I couldn’t  hold it up. After a while he asked me if I could take off my pants. ( I had never done anything before besides kiss someone and I prior to this night I didn’t want to bc I was super insecure about my body and every guy before him I had told them no). I should’ve just stood up for myself and told him no but I told him that I was too drunk to take them off thinking he would just get over the idea. This was my bad and I realize now he may have seen it as an invitation for him to take them off instead of me since I was too drunk to but anyways I went out of consciousness again and I woke up with my pants off and just underwear and he was fingering me (I was super sore the next day). After a while he asked me if I would give him head. I also didn’t just say no this time. I kept on making excuses saying I’ve never done it before and that I’m so drunk I can’t. I don’t remember exactly how many times he asked me but at least 5. After one of the times I gave in and just laid on his stomaxh and did it. I blacked out after the first 30 seconds I would say and then I jsut remember laying face down on the bed and asking him to set a timer for 30 minutes so I can sleep. I realize I could’ve just stopped this if I didn’t drink too much or told him no but i was wondering if he was in any wrong in this situation.,['\\bconsider(?:ed)?\\s+(?:it\\s+)?(?:sa|sexual\\s+assault)\\b'],"['\\bfriend\\b', '\\bassault\\b', '\\bsexual(?:ly)?\\s+assault(?:ed|s|ing)?\\b', '\\bconsider(?:ed)?\\s+(?:it\\s+)?(?:sa|sexual\\s+assault)\\b']"
kd0vsu,sexualassault,I have a question,Anonymous2489104,10,12,True,4,1607963411,/r/sexualassault/comments/kd0vsu/i_have_a_question/,I was wondering if I’m allowed to be upset about this and consider it sexual assault. 2 months ago I was over my friends and some boys were coming over. I had knew about them but never met them. This one boy I’ve never met was friends with my friend and he has told her multiple times he thought I was attractive. I told her that I didn’t want to hook up with him prior because I didn’t find him attractive. There was alcohol involved and an hour before they had arrived me and my friends had drank a lot way more than I ever had before. I remember them coming in and I remember sitting down by the beer pong table and spilling over a cup that is the last thing I remember. I came back into consciousness and I was upstairs in a bedroom and making out with him in a bed. I was really out of it and kept on coming in and out of consciousness. The stuff I do remember are very fuzzy but I remember a couple times while making out I would throw my head back like I couldn’t keep it up or It would fall forward because I couldn’t  hold it up. After a while he asked me if I could take off my pants. ( I had never done anything before besides kiss someone and I prior to this night I didn’t want to bc I was super insecure about my body and every guy before him I had told them no). I should’ve just stood up for myself and told him no but I told him that I was too drunk to take them off thinking he would just get over the idea. This was my bad and I realize now he may have seen it as an invitation for him to take them off instead of me since I was too drunk to but anyways I went out of consciousness again and I woke up with my pants off and just underwear and he was fingering me (I was super sore the next day). After a while he asked me if I would give him head. I also didn’t just say no this time. I kept on making excuses saying I’ve never done it before and that I’m so drunk I can’t. I don’t remember exactly how many times he asked me but at least 5. After one of the times I gave in and just laid on his stomaxh and did it. I blacked out after the first 30 seconds I would say and then I jsut remember laying face down on the bed and asking him to set a timer for 30 minutes so I can sleep. I realize I could’ve just stopped this if I didn’t drink too much or told him no but i was wondering if he was in any wrong in this situation.,kd0vsu sexualassault I have a question Anonymous2489104 /r/sexualassault/comments/kd0vsu/i_have_a_question/ I was wondering if I’m allowed to be upset about this and consider it sexual assault. 2 months ago I was over my friends and some boys were coming over. I had knew about them but never met them. This one boy I’ve never met was friends with my friend and he has told her multiple times he thought I was attractive. I told her that I didn’t want to hook up with him prior because I didn’t find him attractive. There was alcohol involved and an hour before they had arrived me and my friends had drank a lot way more than I ever had before. I remember them coming in and I remember sitting down by the beer pong table and spilling over a cup that is the last thing I remember. I came back into consciousness and I was upstairs in a bedroom and making out with him in a bed. I was really out of it and kept on coming in and out of consciousness. The stuff I do remember are very fuzzy but I remember a couple times while making out I would throw my head back like I couldn’t keep it up or It would fall forward because I couldn’t  hold it up. After a while he asked me if I could take off my pants. ( I had never done anything before besides kiss someone and I prior to this night I didn’t want to bc I was super insecure about my body and every guy before him I had told them no). I should’ve just stood up for myself and told him no but I told him that I was too drunk to take them off thinking he would just get over the idea. This was my bad and I realize now he may have seen it as an invitation for him to take them off instead of me since I was too drunk to but anyways I went out of consciousness again and I woke up with my pants off and just underwear and he was fingering me (I was super sore the next day). After a while he asked me if I would give him head. I also didn’t just say no this time. I kept on making excuses saying I’ve never done it before and that I’m so drunk I can’t. I don’t remember exactly how many times he asked me but at least 5. After one of the times I gave in and just laid on his stomaxh and did it. I blacked out after the first 30 seconds I would say and then I jsut remember laying face down on the bed and asking him to set a timer for 30 minutes so I can sleep. I realize I could’ve just stopped this if I didn’t drink too much or told him no but i was wondering if he was in any wrong in this situation.,['\\bconsider(?:ed)?\\s+(?:it\\s+)?(?:sa|sexual\\s+assault)\\b'],"['\\bfriend\\b', '\\bassault\\b', '\\bsexual(?:ly)?\\s+assault(?:ed|s|ing)?\\b', '\\bconsider(?:ed)?\\s+(?:it\\s+)?(?:sa|sexual\\s+assault)\\b']"
jsdyp7,sexualassault,Was this sexual assault?,mirmwr,13,4,False,0,1605120317,/r/sexualassault/comments/jsdyp7/was_this_sexual_assault/,When I was 12 and my brother was 14 he told me to touch his penis. One time. I did it. Never talked about it. I’m 38 and wondering if it was just typical kid/sibling stuff or something more. We have and always have had a good relationship but I keep thinking about this one interaction.,jsdyp7 sexualassault Was this sexual assault? mirmwr /r/sexualassault/comments/jsdyp7/was_this_sexual_assault/ When I was 12 and my brother was 14 he told me to touch his penis. One time. I did it. Never talked about it. I’m 38 and wondering if it was just typical kid/sibling stuff or something more. We have and always have had a good relationship but I keep thinking about this one interaction.,['\\bwas\\s+this\\s+(?:sa|sexual\\s+assault)\\b'],"['\\bwas\\s+this\\s+(?:sa|sexual\\s+assault)\\b', '\\bassault\\b', '\\bsexual(?:ly)?\\s+assault(?:ed|s|ing)?\\b']"
jmzle8,sexualassault,boyfriend pressuring me into head,randomuserr--1,11,4,False,0,1604361921,/r/sexualassault/comments/jmzle8/boyfriend_pressuring_me_into_head/,"i’ve been thinking back to this for a while now, he’s now my ex but this expierence has caused me to dislike the idea of giving head.

I was with my boyfriend at the time and I was giving him head, after a while I really wanted to leave to meet with other friends and he kept begging me to continue giving him head until he came, and I kept saying I didn’t want to and I wanted to leave, after he kept insisting and I felt pressured to, within the next hour I would stop every 5-10 minutes and ask to leave and say I reallt wanted to leave bht he kept begging and making me feel guilty saying he was about to cum, and he knew I was upset and said i’m sorry but continued to get me to give him head. I didn’t enjoy it at all and I just wanted to leave and I was scared to be with him and while giving him head I was crying a lot and he knew I was upset but didn’t notice I was crying a lot. afterwards I was super uncomfortable and scared to be next to him and walked away from him and went to my friend and cried and told her what happened. 

is this considered sexual assault?","jmzle8 sexualassault boyfriend pressuring me into head randomuserr--1 /r/sexualassault/comments/jmzle8/boyfriend_pressuring_me_into_head/ i’ve been thinking back to this for a while now, he’s now my ex but this expierence has caused me to dislike the idea of giving head.

I was with my boyfriend at the time and I was giving him head, after a while I really wanted to leave to meet with other friends and he kept begging me to continue giving him head until he came, and I kept saying I didn’t want to and I wanted to leave, after he kept insisting and I felt pressured to, within the next hour I would stop every 5-10 minutes and ask to leave and say I reallt wanted to leave bht he kept begging and making me feel guilty saying he was about to cum, and he knew I was upset and said i’m sorry but continued to get me to give him head. I didn’t enjoy it at all and I just wanted to leave and I was scared to be with him and while giving him head I was crying a lot and he knew I was upset but didn’t notice I was crying a lot. afterwards I was super uncomfortable and scared to be next to him and walked away from him and went to my friend and cried and told her what happened. 

is this considered sexual assault?",['\\bconsider(?:ed)?\\s+(?:it\\s+)?(?:sa|sexual\\s+assault)\\b'],"['\\bboyfriend\\b', '\\bassault\\b', '\\bconsider(?:ed)?\\s+(?:it\\s+)?(?:sa|sexual\\s+assault)\\b', '\\bfriend\\b', '\\bsexual(?:ly)?\\s+assault(?:ed|s|ing)?\\b']"
jmzle8,sexualassault,boyfriend pressuring me into head,randomuserr--1,11,4,False,0,1604361921,/r/sexualassault/comments/jmzle8/boyfriend_pressuring_me_into_head/,"i’ve been thinking back to this for a while now, he’s now my ex but this expierence has caused me to dislike the idea of giving head.

I was with my boyfriend at the time and I was giving him head, after a while I really wanted to leave to meet with other friends and he kept begging me to continue giving him head until he came, and I kept saying I didn’t want to and I wanted to leave, after he kept insisting and I felt pressured to, within the next hour I would stop every 5-10 minutes and ask to leave and say I reallt wanted to leave bht he kept begging and making me feel guilty saying he was about to cum, and he knew I was upset and said i’m sorry but continued to get me to give him head. I didn’t enjoy it at all and I just wanted to leave and I was scared to be with him and while giving him head I was crying a lot and he knew I was upset but didn’t notice I was crying a lot. afterwards I was super uncomfortable and scared to be next to him and walked away from him and went to my friend and cried and told her what happened. 

is this considered sexual assault?","jmzle8 sexualassault boyfriend pressuring me into head randomuserr--1 /r/sexualassault/comments/jmzle8/boyfriend_pressuring_me_into_head/ i’ve been thinking back to this for a while now, he’s now my ex but this expierence has caused me to dislike the idea of giving head.

I was with my boyfriend at the time and I was giving him head, after a while I really wanted to leave to meet with other friends and he kept begging me to continue giving him head until he came, and I kept saying I didn’t want to and I wanted to leave, after he kept insisting and I felt pressured to, within the next hour I would stop every 5-10 minutes and ask to leave and say I reallt wanted to leave bht he kept begging and making me feel guilty saying he was about to cum, and he knew I was upset and said i’m sorry but continued to get me to give him head. I didn’t enjoy it at all and I just wanted to leave and I was scared to be with him and while giving him head I was crying a lot and he knew I was upset but didn’t notice I was crying a lot. afterwards I was super uncomfortable and scared to be next to him and walked away from him and went to my friend and cried and told her what happened. 

is this considered sexual assault?",['\\bconsider(?:ed)?\\s+(?:it\\s+)?(?:sa|sexual\\s+assault)\\b'],"['\\bboyfriend\\b', '\\bassault\\b', '\\bconsider(?:ed)?\\s+(?:it\\s+)?(?:sa|sexual\\s+assault)\\b', '\\bfriend\\b', '\\bsexual(?:ly)?\\s+assault(?:ed|s|ing)?\\b']"
jcbfv6,sexualassault,Is It Considered Sexual Assault?,[deleted],15,13,True,3,1602860728,/r/sexualassault/comments/jcbfv6/is_it_considered_sexual_assault/,"Hi everyone! I guess if I even need to ask this question then it probably is sexual assault, I guess I just need a bit of reassurance.

Anyway, I’m not gonna get too into details, but this has happened with almost every person I have ever slept with. I either say no and they pressure me into it until I say yes, or I say yes because in the moment I don’t know how to say no to them.

I don’t know if it’s because I’m a people pleaser or because I’m afraid of what they’ll do if I say no. There’s been a lot of different reasons with different guys as to why I said yes when I really wanted to say no, but all I know is that after each time I always felt terrible about the experience and then stored it away in the back of my mind. It’s all been coming back recently since I’m in a relationship with a man and there have been several times where I have to tell him no because I’m not in the mood or whatever the reason. He always is understanding and stops, but then he thinks it’s because I’m not into him anymore, which isn’t the case at all. I think I just get a little uncomfortable when it comes to having sex a lot because most of the sex I’ve had was putting me in an uncomfortable situation, and I don’t know how to explain that to my partner. (Well I know how to explain it to him, but it’s very vulnerable and scary)

I know I wasn’t raped because I never told anyone no per se, but I definitely feel like I have been taken advantage of and I guess I needed some people who may be in the same boat to talk to. Anyway, is this considered sexual assault?","jcbfv6 sexualassault Is It Considered Sexual Assault? [deleted] /r/sexualassault/comments/jcbfv6/is_it_considered_sexual_assault/ Hi everyone! I guess if I even need to ask this question then it probably is sexual assault, I guess I just need a bit of reassurance.

Anyway, I’m not gonna get too into details, but this has happened with almost every person I have ever slept with. I either say no and they pressure me into it until I say yes, or I say yes because in the moment I don’t know how to say no to them.

I don’t know if it’s because I’m a people pleaser or because I’m afraid of what they’ll do if I say no. There’s been a lot of different reasons with different guys as to why I said yes when I really wanted to say no, but all I know is that after each time I always felt terrible about the experience and then stored it away in the back of my mind. It’s all been coming back recently since I’m in a relationship with a man and there have been several times where I have to tell him no because I’m not in the mood or whatever the reason. He always is understanding and stops, but then he thinks it’s because I’m not into him anymore, which isn’t the case at all. I think I just get a little uncomfortable when it comes to having sex a lot because most of the sex I’ve had was putting me in an uncomfortable situation, and I don’t know how to explain that to my partner. (Well I know how to explain it to him, but it’s very vulnerable and scary)

I know I wasn’t raped because I never told anyone no per se, but I definitely feel like I have been taken advantage of and I guess I needed some people who may be in the same boat to talk to. Anyway, is this considered sexual assault?",['\\bconsider(?:ed)?\\s+(?:it\\s+)?(?:sa|sexual\\s+assault)\\b'],"['\\bpartner\\b', ""\\bi\\s+don[’']t\\s+know\\b"", '\\bassault\\b', '\\bconsider(?:ed)?\\s+(?:it\\s+)?(?:sa|sexual\\s+assault)\\b', '\\bsexual(?:ly)?\\s+assault(?:ed|s|ing)?\\b']"
s32qw7,SexualHarassment,Is This Sexual Harassment/Assault/Abuse?,DP-06,5,5,True,1,1642089765,/r/SexualHarassment/comments/s32qw7/is_this_sexual_harassmentassaultabuse/,"\*WARNING: THIS IS A LONG POST\*

  
I’m 15f and this has been happening to me every single year since I was 8 years old. I don‘t live in my home country. I have been living outside since 2014 with my family (mom, dad and lil bro) The rest of my family lives in my home country. I have summer vacations every year in July-August, so my family and I visit out home country to meet our family every year.   


In 2014, when I was 8 years old, was when this incident happened to me for the first time. Since my cousins and I were so small, we used to play hide and seek with each other whenever we all gathered together at our main home. This one day, all of us were playing hide and seek, and I hid in a room on the 2nd floor along with my cousin sis (she’s one year smaller than me, let’s call her P). We both always did everything together, almost as if we were twins. One of my elder cousin brothers was the seeker, so the rest of us were hiding.   


A few minutes later, my other cousin bro (He was 13 back then. He is 20 years old rn, let’s call him B) too came into the same room as P and me. He said he was hiding in the same place as we are. We switched off the light so it would be harder to find us, and he sat on one corner of the bed. I sat on one of his laps and P sat on his other lap. He put his hands on our waists, each. P and I were trying to control our giggles so as to not get caught. Suddenly, B put his hands up our shirts and touched out chest area and nipples (ofc, we both were flat chested back then) He said, ‘When you’ll get older, your these thingies will be bigger.’ Of course, we understood nothing. Then, he put his hands into our pants and touched our pubic area (he did not finger us or anything, but just touched and rubbed it) and said ‘And hair will grow here’. Then, he asked us, ‘Even I have hair. See?’ And he took out his erect pe\*is and showed it to us. He made us both touch it and move our tiny hands all over it. Back then, I wasn’t aware of anything, so it did not matter to me much, but in later years, whenever I thought about it, I felt disgusted and grossed out as hell. I hate myself for doing so.

&amp;#x200B;

In the years that followed, whenever we visited our hometown, B found ways to touch me. My breasts started to grow when I was 10, so then he wanted to touch them even more than before. In 2015, 2016, 2017 until I was 11, whenever he touched my breasts, I did not quite realize that he was doing so. I would go over to my aunt’s house for sleepovers, and when I used to be absorbed in playing games, he would come and sit beside me, watch my game, put his hand over my shoulder and slide it into my shirt. Then he used to touch my nips, and kind of squeeze my breasts.   


From 2018 onwards, when I turned 12, I started to realize whenever he touched them. I tried to be understanding that he was just tryna have fun with me, so I pretended as if I did not know he was touching me, and I basically let him touch me whenever he got a chance.   


But last year, 2021, when I turned 15, he was practically behaving as if he was my boyfriend. It felt like he got more shameless over the years. He would touch my waist, back hug me, and do all sorts of touchy things only couples do to each other. I did manage to avoid him directly touching my breasts, but he still managed to touch the, from outside. He even flexed to me that he‘s been going to the gym and building up. He made me touch his muscular back and biceps against my own will, but I just went along with it.   


Since I am a k-pop fan, I decided to call him Oppa (elder bro) but he probably hated it when I kept reminding him that he was my elder bro. He just kept doing these things. The problem is that among all of my brothers, he is my favourite brother. I dunno why I cannot hate him despite him giving me these horrible experiences since my childhood, which I could not tell anyone. I thought if I told any of my family members, they would never let me meet him or go over to my aunt’s. I would hate that happening, so I decided to stay quiet.   


Now, because of this experience, I am afraid of making any guy friends as I think they would try to touch me as well. Plus, I am studying in an all girls school since 2014, so I have zero idea of how to act around guys.   


So, what exactly is this? Is it sexual harassment, assault or abuse?","s32qw7 SexualHarassment Is This Sexual Harassment/Assault/Abuse? DP-06 /r/SexualHarassment/comments/s32qw7/is_this_sexual_harassmentassaultabuse/ \*WARNING: THIS IS A LONG POST\*

  
I’m 15f and this has been happening to me every single year since I was 8 years old. I don‘t live in my home country. I have been living outside since 2014 with my family (mom, dad and lil bro) The rest of my family lives in my home country. I have summer vacations every year in July-August, so my family and I visit out home country to meet our family every year.   


In 2014, when I was 8 years old, was when this incident happened to me for the first time. Since my cousins and I were so small, we used to play hide and seek with each other whenever we all gathered together at our main home. This one day, all of us were playing hide and seek, and I hid in a room on the 2nd floor along with my cousin sis (she’s one year smaller than me, let’s call her P). We both always did everything together, almost as if we were twins. One of my elder cousin brothers was the seeker, so the rest of us were hiding.   


A few minutes later, my other cousin bro (He was 13 back then. He is 20 years old rn, let’s call him B) too came into the same room as P and me. He said he was hiding in the same place as we are. We switched off the light so it would be harder to find us, and he sat on one corner of the bed. I sat on one of his laps and P sat on his other lap. He put his hands on our waists, each. P and I were trying to control our giggles so as to not get caught. Suddenly, B put his hands up our shirts and touched out chest area and nipples (ofc, we both were flat chested back then) He said, ‘When you’ll get older, your these thingies will be bigger.’ Of course, we understood nothing. Then, he put his hands into our pants and touched our pubic area (he did not finger us or anything, but just touched and rubbed it) and said ‘And hair will grow here’. Then, he asked us, ‘Even I have hair. See?’ And he took out his erect pe\*is and showed it to us. He made us both touch it and move our tiny hands all over it. Back then, I wasn’t aware of anything, so it did not matter to me much, but in later years, whenever I thought about it, I felt disgusted and grossed out as hell. I hate myself for doing so.

&amp;#x200B;

In the years that followed, whenever we visited our hometown, B found ways to touch me. My breasts started to grow when I was 10, so then he wanted to touch them even more than before. In 2015, 2016, 2017 until I was 11, whenever he touched my breasts, I did not quite realize that he was doing so. I would go over to my aunt’s house for sleepovers, and when I used to be absorbed in playing games, he would come and sit beside me, watch my game, put his hand over my shoulder and slide it into my shirt. Then he used to touch my nips, and kind of squeeze my breasts.   


From 2018 onwards, when I turned 12, I started to realize whenever he touched them. I tried to be understanding that he was just tryna have fun with me, so I pretended as if I did not know he was touching me, and I basically let him touch me whenever he got a chance.   


But last year, 2021, when I turned 15, he was practically behaving as if he was my boyfriend. It felt like he got more shameless over the years. He would touch my waist, back hug me, and do all sorts of touchy things only couples do to each other. I did manage to avoid him directly touching my breasts, but he still managed to touch the, from outside. He even flexed to me that he‘s been going to the gym and building up. He made me touch his muscular back and biceps against my own will, but I just went along with it.   


Since I am a k-pop fan, I decided to call him Oppa (elder bro) but he probably hated it when I kept reminding him that he was my elder bro. He just kept doing these things. The problem is that among all of my brothers, he is my favourite brother. I dunno why I cannot hate him despite him giving me these horrible experiences since my childhood, which I could not tell anyone. I thought if I told any of my family members, they would never let me meet him or go over to my aunt’s. I would hate that happening, so I decided to stay quiet.   


Now, because of this experience, I am afraid of making any guy friends as I think they would try to touch me as well. Plus, I am studying in an all girls school since 2014, so I have zero idea of how to act around guys.   


So, what exactly is this? Is it sexual harassment, assault or abuse?",['\\bi\\s+just\\s+went\\s+along\\s+with\\s+it\\b'],"['\\bi\\s+just\\s+went\\s+along\\s+with\\s+it\\b', '\\bboyfriend\\b', '\\bassault\\b', '\\bsexual(?:ly)?\\s+harass(?:ment|ments|ed|es|ing)?\\b']"
1h7kfvn,Molested,Did my (F) ex-friend (F) rape/groom/molest me?,[deleted],50,11,True,5,1733434249,/r/Molested/comments/1h7kfvn/did_my_f_exfriend_f_rapegroommolest_me/,"Hey, honestly I don’t know where to begin. This is probably gonna be long and kinda messy and a bit graphic I guess so trigger warning. 

This happened when I was like 9-15, and I just pretended it never happened really, but now I have my first ever boyfriend and we’re talking about stuff like this and I don’t know what to tell him. 

Basically for backstory, I had a friend and she was my first/only friend when I was younger. My parents were really conservative, strict christians so I was never exposed to any of this stuff. I don’t even know if what happened counts as rape/grooming. 

So long story short, I developed my chest quicker than everyone and they were quite large. When I was 9 my ex-friend we’ll call S always wanted to see them. She’d grab them and poke them and made me take my shirt off for pictures. I didn’t like it but I was stupid and thought it wasn’t that bad and if I ignored it it would go away. This went on like on and off for a year or so and when we were like 10 she found her moms vibrator. She made me use it on myself by threatening to send the pictures of my boobs to the boys in my grade and I was already struggling with them groping me so I didn’t want that. I was scared and did what she said and I made myself cum for the first time. She recorded the whole thing and told me if I ever told she’d send this to my parents. This was a massive sin and everything so I was terrified of my parents finding out. I stopped hanging out with her as much and besides sleepovers every now and then where she’d make me watch her touch herself and showed me porn for the first time I thought it wasn’t that bad and I could handle it. 

Then when we were 13 we were at her pool and there was this older guy. He wasn’t ugly but he was creepy and he kept calling us pretty and princesses and stuff like that. I was uncomfortable and wanted to leave. But S told me to have fun and that guys would never flirt with me like this so I should enjoy it. She also reminded me of the video because she did that every time she wanted to get her way. Idk it’s honestly still kinda fuzzy but the guy came over to us and S pulled off my swimsuit top. I was so fucking scared I just froze. And it was so stupid because I guess he thought I was okay with it so he started grabbing my boobs. He licked and bit my nipples and I could feel his boner rub my front. I was just so scared I couldn’t move, after a while he came in his pants and left. I went home almost immediately and didn’t speak to S again and I thankfully moved out of the country. 

But I’m so stupid because when I was 15 I came back to visit. She said hi and apologised for everything, I knew her home life was bad so I believed her. We hung out twice and it was so normal and I think I wanted to pretend everything was all in my head and didn’t happen maybe? So when she invited me for a sleepover I said yes. I regret doing that every day. I got there and it was normal for a few hours, her parents left for a party and then she invited her boyfriend over. I didn’t know she had a boyfriend and despite the fact we were both 15 he was 28. I was uncomfortable but I ignored it for an hour or two until he told me he watched the video she took of me cumming for the first time all the time. I got scared and said I wanted to leave and they said if I stayed I didn’t have to do anything but watch and they wouldn’t send it to my parents. I agreed to stay cause I was scared. They played the video while she sucked him off and then the stroked himself until he came on my leg. I just froze again, I couldn’t do anything so after that we just watched a movie. I was crying the whole time until I felt him grab my thigh, the then touched me over my pants and I begged them to let me leave. This is where I don’t know if this can even be considered rape. He basically told me either he has sex with me or I have sex with S. I said I’d have sex with her because I just didn’t want him touching me. I got naked and he started groping me while I kissed her. It was my first kiss and I hate thinking about it, I was crying the whole time and I just kept asking them to leave. He made me give her oral until she came. And then he said I had to cum too, either he did it or me. I just didn’t want them touching me so I made myself cum while they watched. He told me he was proud and that made me so ill I ran to the bathroom to throw up. He left soon after before her parents came back and I just fell asleep. I left the next day and I haven’t ever seen her since but I hate every bit of it. I never spoke to anyone about it except one therapist who said it wasn’t rape because I technically chose to stay and do what they said. And since then I’ve just been pretending it doesn’t exist. 

I’m sorry I know this is a mess and I just don’t know my head’s all over the place. Basically I was wondering if that was rape or not? And if what S did to me counted as grooming or not since she was a girl and my age? I don’t know what to do or how to move on from this. I also don’t know how to tell my boyfriend because even though they never entered me or anything does that count as me losing my virginity? And I hate that I already had my first kiss. Sorry, I just feel so hopeless about all of this. I feel so stupid for making so many mistakes and putting myself in positions for that sort of stuff to happen. It was so so so dumb. ","1h7kfvn Molested Did my (F) ex-friend (F) rape/groom/molest me? [deleted] /r/Molested/comments/1h7kfvn/did_my_f_exfriend_f_rapegroommolest_me/ Hey, honestly I don’t know where to begin. This is probably gonna be long and kinda messy and a bit graphic I guess so trigger warning. 

This happened when I was like 9-15, and I just pretended it never happened really, but now I have my first ever boyfriend and we’re talking about stuff like this and I don’t know what to tell him. 

Basically for backstory, I had a friend and she was my first/only friend when I was younger. My parents were really conservative, strict christians so I was never exposed to any of this stuff. I don’t even know if what happened counts as rape/grooming. 

So long story short, I developed my chest quicker than everyone and they were quite large. When I was 9 my ex-friend we’ll call S always wanted to see them. She’d grab them and poke them and made me take my shirt off for pictures. I didn’t like it but I was stupid and thought it wasn’t that bad and if I ignored it it would go away. This went on like on and off for a year or so and when we were like 10 she found her moms vibrator. She made me use it on myself by threatening to send the pictures of my boobs to the boys in my grade and I was already struggling with them groping me so I didn’t want that. I was scared and did what she said and I made myself cum for the first time. She recorded the whole thing and told me if I ever told she’d send this to my parents. This was a massive sin and everything so I was terrified of my parents finding out. I stopped hanging out with her as much and besides sleepovers every now and then where she’d make me watch her touch herself and showed me porn for the first time I thought it wasn’t that bad and I could handle it. 

Then when we were 13 we were at her pool and there was this older guy. He wasn’t ugly but he was creepy and he kept calling us pretty and princesses and stuff like that. I was uncomfortable and wanted to leave. But S told me to have fun and that guys would never flirt with me like this so I should enjoy it. She also reminded me of the video because she did that every time she wanted to get her way. Idk it’s honestly still kinda fuzzy but the guy came over to us and S pulled off my swimsuit top. I was so fucking scared I just froze. And it was so stupid because I guess he thought I was okay with it so he started grabbing my boobs. He licked and bit my nipples and I could feel his boner rub my front. I was just so scared I couldn’t move, after a while he came in his pants and left. I went home almost immediately and didn’t speak to S again and I thankfully moved out of the country. 

But I’m so stupid because when I was 15 I came back to visit. She said hi and apologised for everything, I knew her home life was bad so I believed her. We hung out twice and it was so normal and I think I wanted to pretend everything was all in my head and didn’t happen maybe? So when she invited me for a sleepover I said yes. I regret doing that every day. I got there and it was normal for a few hours, her parents left for a party and then she invited her boyfriend over. I didn’t know she had a boyfriend and despite the fact we were both 15 he was 28. I was uncomfortable but I ignored it for an hour or two until he told me he watched the video she took of me cumming for the first time all the time. I got scared and said I wanted to leave and they said if I stayed I didn’t have to do anything but watch and they wouldn’t send it to my parents. I agreed to stay cause I was scared. They played the video while she sucked him off and then the stroked himself until he came on my leg. I just froze again, I couldn’t do anything so after that we just watched a movie. I was crying the whole time until I felt him grab my thigh, the then touched me over my pants and I begged them to let me leave. This is where I don’t know if this can even be considered rape. He basically told me either he has sex with me or I have sex with S. I said I’d have sex with her because I just didn’t want him touching me. I got naked and he started groping me while I kissed her. It was my first kiss and I hate thinking about it, I was crying the whole time and I just kept asking them to leave. He made me give her oral until she came. And then he said I had to cum too, either he did it or me. I just didn’t want them touching me so I made myself cum while they watched. He told me he was proud and that made me so ill I ran to the bathroom to throw up. He left soon after before her parents came back and I just fell asleep. I left the next day and I haven’t ever seen her since but I hate every bit of it. I never spoke to anyone about it except one therapist who said it wasn’t rape because I technically chose to stay and do what they said. And since then I’ve just been pretending it doesn’t exist. 

I’m sorry I know this is a mess and I just don’t know my head’s all over the place. Basically I was wondering if that was rape or not? And if what S did to me counted as grooming or not since she was a girl and my age? I don’t know what to do or how to move on from this. I also don’t know how to tell my boyfriend because even though they never entered me or anything does that count as me losing my virginity? And I hate that I already had my first kiss. Sorry, I just feel so hopeless about all of this. I feel so stupid for making so many mistakes and putting myself in positions for that sort of stuff to happen. It was so so so dumb. ","[""\\bit\\s+wasn[’']t\\s+that\\s+bad\\b""]","[""\\bi\\s+(?:genuinely|just|honestly|really|truly|still)\\s+don[’']t\\s+know\\b"", '\\bboyfriend\\b', ""\\bi\\s+don[’']t\\s+even\\s+know\\b"", ""\\bi\\s+didn[’']t\\s+know\\b"", ""\\bit\\s+wasn[’']t\\s+that\\s+bad\\b"", '\\bidk+k*\\b', ""\\bi\\s+don[’']t\\s+know\\b"", '\\brape\\b', '\\bfriend\\b', '\\bmolest(?:ed|ation|ations)?\\b']"
1gjwvhf,Molested,Did it really count?,bonelesstick,1,1,True,1,1730775261,/r/Molested/comments/1gjwvhf/did_it_really_count/,"I think I may have been sexually abused by my brother, but I'm starting to doubt it. I feel like it really wasn't that bad, and it really only happened a handful of times.

  
When I was 9-11, and my brother was 11-13, he would regularly show me porn. I felt like this was 'special' because I knew it was something we weren't supposed to see. One time my brother took me to the garage and made me suck his dick. I really did not want to, but I did it anyway. Apparently, I did such a bad job that he showed me blowjob porn so I 'learn to do it better', and thankfully, that never happened again. That moment still makes me feel disgusting, and I don't like swallowing my own saliva when I think about it. My brother and I slept in the same bed in our attic and basement during this time, and he convinced me to sleep naked. A few times, he made me open my legs so that he could examine my genitals to 'see if there was anything wrong,' and he told me it was possible for genitals to turn green. When I expressed that it was painful when he touched me, he told me to moan to get through the pain. I absolutely hate that I listened. Twice, I woke up to him humping or cuddling me. When I asked him about this, he said it was a 'leftover gene from the shy caveman.' I have no idea where the fuck he was getting his information, but whatever. And during the last couple of months, he would try to replicate sex positions with me, but I didn't participate because I was horribly uncomfortable with it during the last year. I got progressively more and more uncomfortable as it went on.

  
My brother is not a bad person, and we've never talked about what happened. I never want to anyway, and my parents don't know either. I know it could have been so much worse. I'm very glad I was never physically forced into anything, but I don't feel like my experience is bad enough to count as molestation or SA.","1gjwvhf Molested Did it really count? bonelesstick /r/Molested/comments/1gjwvhf/did_it_really_count/ I think I may have been sexually abused by my brother, but I'm starting to doubt it. I feel like it really wasn't that bad, and it really only happened a handful of times.

  
When I was 9-11, and my brother was 11-13, he would regularly show me porn. I felt like this was 'special' because I knew it was something we weren't supposed to see. One time my brother took me to the garage and made me suck his dick. I really did not want to, but I did it anyway. Apparently, I did such a bad job that he showed me blowjob porn so I 'learn to do it better', and thankfully, that never happened again. That moment still makes me feel disgusting, and I don't like swallowing my own saliva when I think about it. My brother and I slept in the same bed in our attic and basement during this time, and he convinced me to sleep naked. A few times, he made me open my legs so that he could examine my genitals to 'see if there was anything wrong,' and he told me it was possible for genitals to turn green. When I expressed that it was painful when he touched me, he told me to moan to get through the pain. I absolutely hate that I listened. Twice, I woke up to him humping or cuddling me. When I asked him about this, he said it was a 'leftover gene from the shy caveman.' I have no idea where the fuck he was getting his information, but whatever. And during the last couple of months, he would try to replicate sex positions with me, but I didn't participate because I was horribly uncomfortable with it during the last year. I got progressively more and more uncomfortable as it went on.

  
My brother is not a bad person, and we've never talked about what happened. I never want to anyway, and my parents don't know either. I know it could have been so much worse. I'm very glad I was never physically forced into anything, but I don't feel like my experience is bad enough to count as molestation or SA.",['\\bi\\s+(?:may|might)\\s+have\\s+been\\s+sexually\\s+abused\\b'],"['\\bsexual(?:ly)?\\s+abus(?:e|ed|es|ing)\\b', '\\bsa\\b', '\\bmolest(?:ed|ation|ations)?\\b', '\\bi\\s+(?:may|might)\\s+have\\s+been\\s+sexually\\s+abused\\b']"
1fczliu,Molested,Is this sexual assault?,lilyherefrfr,39,12,True,2,1725913748,/r/Molested/comments/1fczliu/is_this_sexual_assault/,"I remember being 7-8, my father always insisting to shower me, always rubbing his hands and 'cleaning' my private areas. I don't vividly recall the exact incident, but that image is always stuck in my head. It randomly pops up into my brain. 

When I got prescription glasses (I was 12), my father was angry. He pinned me to the bed and choked me , shoving his knee in my private area. My mom just watched and screamed, but didn't do anything.

I did something stupid and forgot to submit one of my assignments (I was 12 here too), my father found this out while we were inside the car, he was in the drivers seat and I was in the passenger seat next to him. He grabbed my neck and pinned it to the seat, shaking me angrily. My mom was in the backseat. She just watched.
He also once took my phone away, and when I asked him for it, my mom and him both told me to pull my pants down if I wanted it.
I failed one of my classes (I was 15), my father pinned me to the bed again, wrapping his hands around my neck and shoving it repeatedly into the bed, whacking and slapping my face, occasionally hitting my chest, I told him that he was touching my breasts and that it hurt, he told me I was lying, trying to get attention by saying that I was touching him sexually.


I'm 16 now, and for the past couple of months he has been literally sticking his finger in my asshole. He laughs and jokes while doing this, it makes me feel so dirty, but deep down I somehow like it, and that's what makes me hate myself. My father has done this infront of my mom too, she doesn't even tell him to stop, and when I complain to her, she says she doesn't bother telling him about it because he won't listen.
He also often talks about how I'm going to have 5 children and 'give them to him'. 

He also occasionally calls me slurs, like; bitch, cunt, slut, whore etc.

My father also left me and my mom when I was 9, for a younger woman, but he returned to us when she left him, I was around 11 when he came back.

When I sometimes use his YouTube or browser, I see videos like; ""how to attract younger women"", and videos of young women dancing and stuff.

 TLDR: I'm not sure if all that my father's done to me is sexual assault, and I've written all this and posted it here so I can find out if he has or not. Please anyone, someone, answer me.







","1fczliu Molested Is this sexual assault? lilyherefrfr /r/Molested/comments/1fczliu/is_this_sexual_assault/ I remember being 7-8, my father always insisting to shower me, always rubbing his hands and 'cleaning' my private areas. I don't vividly recall the exact incident, but that image is always stuck in my head. It randomly pops up into my brain. 

When I got prescription glasses (I was 12), my father was angry. He pinned me to the bed and choked me , shoving his knee in my private area. My mom just watched and screamed, but didn't do anything.

I did something stupid and forgot to submit one of my assignments (I was 12 here too), my father found this out while we were inside the car, he was in the drivers seat and I was in the passenger seat next to him. He grabbed my neck and pinned it to the seat, shaking me angrily. My mom was in the backseat. She just watched.
He also once took my phone away, and when I asked him for it, my mom and him both told me to pull my pants down if I wanted it.
I failed one of my classes (I was 15), my father pinned me to the bed again, wrapping his hands around my neck and shoving it repeatedly into the bed, whacking and slapping my face, occasionally hitting my chest, I told him that he was touching my breasts and that it hurt, he told me I was lying, trying to get attention by saying that I was touching him sexually.


I'm 16 now, and for the past couple of months he has been literally sticking his finger in my asshole. He laughs and jokes while doing this, it makes me feel so dirty, but deep down I somehow like it, and that's what makes me hate myself. My father has done this infront of my mom too, she doesn't even tell him to stop, and when I complain to her, she says she doesn't bother telling him about it because he won't listen.
He also often talks about how I'm going to have 5 children and 'give them to him'. 

He also occasionally calls me slurs, like; bitch, cunt, slut, whore etc.

My father also left me and my mom when I was 9, for a younger woman, but he returned to us when she left him, I was around 11 when he came back.

When I sometimes use his YouTube or browser, I see videos like; ""how to attract younger women"", and videos of young women dancing and stuff.

 TLDR: I'm not sure if all that my father's done to me is sexual assault, and I've written all this and posted it here so I can find out if he has or not. Please anyone, someone, answer me.







",['\\bis\\s+this\\s+(?:sa|sexual\\s+assault)\\b'],"['\\bis\\s+this\\s+(?:sa|sexual\\s+assault)\\b', ""\\bi[’']?m\\s+not\\s+sure\\b"", '\\bassault\\b', '\\bmolest(?:ed|ation|ations)?\\b', '\\bsexual(?:ly)?\\s+assault(?:ed|s|ing)?\\b']"
1dp70jd,Molested,I don’t know if this counts,AirandRen,1,1,False,0,1719429588,/r/Molested/comments/1dp70jd/i_dont_know_if_this_counts/,"Right now I’m 15 years old and my whole life my dad was kinda too close with me. It all started with him lightly touching my ass when I was walking around him, then he started spanking me when I walked around him. He was always putting me on his lap even when I was pretty heavy and older and when we were home alone watching movie together he always wanted me to put my head and hand on his thigh and I still remember how many times I was touching his … with the ends of my fingers and he was still holding my hand there so I couldn’t put my hand away. How I got older he was more and more touching my body. He grabbed my ass and played with it pretty often , he grabbed my waist from back and gave me kisses on my neck. When he was sitting he hugged my waists and put his head on my belly and touched my ass. Sometimes when I was laying in my bed on Tummy and had just panties( didn’t even have to have them) he came from behind and put his face on my ass

He did all those things when mom wasnt around. Does it count as sexual assault?","1dp70jd Molested I don’t know if this counts AirandRen /r/Molested/comments/1dp70jd/i_dont_know_if_this_counts/ Right now I’m 15 years old and my whole life my dad was kinda too close with me. It all started with him lightly touching my ass when I was walking around him, then he started spanking me when I walked around him. He was always putting me on his lap even when I was pretty heavy and older and when we were home alone watching movie together he always wanted me to put my head and hand on his thigh and I still remember how many times I was touching his … with the ends of my fingers and he was still holding my hand there so I couldn’t put my hand away. How I got older he was more and more touching my body. He grabbed my ass and played with it pretty often , he grabbed my waist from back and gave me kisses on my neck. When he was sitting he hugged my waists and put his head on my belly and touched my ass. Sometimes when I was laying in my bed on Tummy and had just panties( didn’t even have to have them) he came from behind and put his face on my ass

He did all those things when mom wasnt around. Does it count as sexual assault?",['\\bit\\s+count(?:s)?\\s+as\\s+(?:sa|sexual\\s+assault)\\b'],"['\\bit\\s+count(?:s)?\\s+as\\s+(?:sa|sexual\\s+assault)\\b', ""\\bi\\s+don[’']t\\s+know\\b"", '\\bassault\\b', '\\bmolest(?:ed|ation|ations)?\\b', '\\bsexual(?:ly)?\\s+assault(?:ed|s|ing)?\\b']"
1bpa0tj,Molested,"Foster care, need I say more?",RavanaWest,1,1,False,0,1711566340,/r/Molested/comments/1bpa0tj/foster_care_need_i_say_more/,"Foster care, need I say more? Probably not but I will anyway. 

I've been debating on posting for a while, I see people post their stories and feel the desire to do so too but it's difficult to get the courage.  I saw someone post recently with an incredibly tough story and I admired her bravery. So, here I am, and here it goes...

I was taken into foster care when I was 3. I was taken out of a really bad situation, abuse and neglect, drugs, criminal activities etc. I was never cared for, never felt a kind word, love or attention. I was always in the way and beaten for it. My older brothers took care of me but they were barely older and neglected too. I tell this part because it will explain why the next chapter of my life was allowed to happen.

The first foster home I was in, from age 3 -6. My foster father began coming in my room on the first night, he came in my room every single night until my brother finally told a teacher what was happening to me and we were removed from the home. 

For 3 years I was his and he made it clear to me that I was his. In the beginning he made me feel special, loved, he spoiled me and I needed that so I just went along with it. But it escalated.  It got dark, really dark and scary. He would put a pillow over my face to keep me quiet. My brother saved my life, I owe him everything. 

The abuse left me messed up, same issues you all deal with. Hypersexual urges, dark fantasies, cptsd, trust issues, daddy issues, all the issues. 

I had been in a good place for a while, got married, pretended to be normal, hide myself from myself. But then my husband died at only 36 and after the grief passed over a bit, i guess the new trauma of dealing with a sudden death and losing my protector, just woke everything back up in me. All the issues, all back, in full force like a ton of bricks. So here I am, going down the rabbit hole. Excuse me, coming through. 

Anyway, if you made it this far in this rambled mess of a post, thank you for taking the time to read it.  🩷💚🩷💚

*nervously clicks post and breathes a sigh of relief *","1bpa0tj Molested Foster care, need I say more? RavanaWest /r/Molested/comments/1bpa0tj/foster_care_need_i_say_more/ Foster care, need I say more? Probably not but I will anyway. 

I've been debating on posting for a while, I see people post their stories and feel the desire to do so too but it's difficult to get the courage.  I saw someone post recently with an incredibly tough story and I admired her bravery. So, here I am, and here it goes...

I was taken into foster care when I was 3. I was taken out of a really bad situation, abuse and neglect, drugs, criminal activities etc. I was never cared for, never felt a kind word, love or attention. I was always in the way and beaten for it. My older brothers took care of me but they were barely older and neglected too. I tell this part because it will explain why the next chapter of my life was allowed to happen.

The first foster home I was in, from age 3 -6. My foster father began coming in my room on the first night, he came in my room every single night until my brother finally told a teacher what was happening to me and we were removed from the home. 

For 3 years I was his and he made it clear to me that I was his. In the beginning he made me feel special, loved, he spoiled me and I needed that so I just went along with it. But it escalated.  It got dark, really dark and scary. He would put a pillow over my face to keep me quiet. My brother saved my life, I owe him everything. 

The abuse left me messed up, same issues you all deal with. Hypersexual urges, dark fantasies, cptsd, trust issues, daddy issues, all the issues. 

I had been in a good place for a while, got married, pretended to be normal, hide myself from myself. But then my husband died at only 36 and after the grief passed over a bit, i guess the new trauma of dealing with a sudden death and losing my protector, just woke everything back up in me. All the issues, all back, in full force like a ton of bricks. So here I am, going down the rabbit hole. Excuse me, coming through. 

Anyway, if you made it this far in this rambled mess of a post, thank you for taking the time to read it.  🩷💚🩷💚

*nervously clicks post and breathes a sigh of relief *",['\\bi\\s+just\\s+went\\s+along\\s+with\\s+it\\b'],"['\\bhusband\\b', '\\bi\\s+just\\s+went\\s+along\\s+with\\s+it\\b', '\\bmolest(?:ed|ation|ations)?\\b']"
183k39g,Molested,Pedophiles on this subreddit.,Consistent-Line746,1,1,False,0,1700919974,/r/Molested/comments/183k39g/pedophiles_on_this_subreddit/,"Hello, I’d like to put out there that this subreddit is not safe. I [15 F] have posted my story on here of my molestation from family hoping to find ways to cope or just have people to relate to, to not feel alone or make others not feel alone. I was open and vulnerable thinking most folks here were just like me but I’ve been deceived. I have had a lot of people messaging me asking if I’m okay and to share more details on my story which is fine and I appreciate it but most of it turns sexual, mind you, these are full grown adults chatting with me, a minor asking sexual things. I’ve only met three people who have been kind and actually helpful and became a friend to me and one close to my age. I don’t care about the age gaps but when it gets to be something sexual I’m done. From experience and what I’ve seen it seems older people will come on this subreddit and find young vulnerable molestation victims and take advantage of that, which is disgusting. I’ve had all of these people ask me if I liked my molestation, if i engaged in sex with my abuser willingly or touched my abuser back, asking for nudes, trying to talk about kinks/be kinky, trying to basically manipulate me and try and groom me. I was molested by my father and niece, I’ve had people talk about age play and cnc, trying to act like my father and “rape me”, and then asking if I touched my niece back or whatever. I don’t even want to go into detail on what they’ve said but it’s disgusting and I can’t believe we are casually letting pedophiles access minors and people so easily.  And not to mention the amount of times people have down played and tried to gaslight me into thinking I wasn’t molested or said it wasn’t that bad. I am at a loss for words and down right disgusted. If you ever come across anyone like this, even one slightly off putting comment, BLOCK THEM. Do not let these creeps take advantage of you because of your abusive experiences! And do NOT let anyone sit here and downplay or invalidate your feelings because touching someone in their private areas or making sexual comments/looks at you that make YOU uncomfortable is NEVER OKAY. Do not ever let someone make you feel like your just “making yourself a victim” when we are actual victims. I know it’s hard to get help and find resources and you feel able to talk on Reddit about this stuff and share it with others who experienced this stuff, just don’t. Please look up and call/text a hotline! They will help you or please talk to a trusted adult about this stuff and get therapy if you can. Whatever you’ve been through i am so sorry, and your feelings are very much valid and you are seen and heard, cared and loved for by everyone around you, never forget that. Stay safe everyone because these creeps will attack you mentally and emotionally, they know some of us are already mentally and emotionally weak but stay strong.","183k39g Molested Pedophiles on this subreddit. Consistent-Line746 /r/Molested/comments/183k39g/pedophiles_on_this_subreddit/ Hello, I’d like to put out there that this subreddit is not safe. I [15 F] have posted my story on here of my molestation from family hoping to find ways to cope or just have people to relate to, to not feel alone or make others not feel alone. I was open and vulnerable thinking most folks here were just like me but I’ve been deceived. I have had a lot of people messaging me asking if I’m okay and to share more details on my story which is fine and I appreciate it but most of it turns sexual, mind you, these are full grown adults chatting with me, a minor asking sexual things. I’ve only met three people who have been kind and actually helpful and became a friend to me and one close to my age. I don’t care about the age gaps but when it gets to be something sexual I’m done. From experience and what I’ve seen it seems older people will come on this subreddit and find young vulnerable molestation victims and take advantage of that, which is disgusting. I’ve had all of these people ask me if I liked my molestation, if i engaged in sex with my abuser willingly or touched my abuser back, asking for nudes, trying to talk about kinks/be kinky, trying to basically manipulate me and try and groom me. I was molested by my father and niece, I’ve had people talk about age play and cnc, trying to act like my father and “rape me”, and then asking if I touched my niece back or whatever. I don’t even want to go into detail on what they’ve said but it’s disgusting and I can’t believe we are casually letting pedophiles access minors and people so easily.  And not to mention the amount of times people have down played and tried to gaslight me into thinking I wasn’t molested or said it wasn’t that bad. I am at a loss for words and down right disgusted. If you ever come across anyone like this, even one slightly off putting comment, BLOCK THEM. Do not let these creeps take advantage of you because of your abusive experiences! And do NOT let anyone sit here and downplay or invalidate your feelings because touching someone in their private areas or making sexual comments/looks at you that make YOU uncomfortable is NEVER OKAY. Do not ever let someone make you feel like your just “making yourself a victim” when we are actual victims. I know it’s hard to get help and find resources and you feel able to talk on Reddit about this stuff and share it with others who experienced this stuff, just don’t. Please look up and call/text a hotline! They will help you or please talk to a trusted adult about this stuff and get therapy if you can. Whatever you’ve been through i am so sorry, and your feelings are very much valid and you are seen and heard, cared and loved for by everyone around you, never forget that. Stay safe everyone because these creeps will attack you mentally and emotionally, they know some of us are already mentally and emotionally weak but stay strong.","[""\\bit\\s+wasn[’']t\\s+that\\s+bad\\b""]","[""\\bit\\s+wasn[’']t\\s+that\\s+bad\\b"", '\\bfriend\\b', '\\bmolest(?:ed|ation|ations)?\\b', '\\brape\\b']"
zgb8tv,Molested,I live with guilt over enjoying being molested,ok-blue22,60,13,False,0,1670532792,/r/Molested/comments/zgb8tv/i_live_with_guilt_over_enjoying_being_molested/,"This is a throwaway account I'm only using to post about this. I have another Reddit account, but this is more personal than I'm comfortable with posting where all my friends and other people I know can see on my regular profile, so I'm posting anonymously.  I'm not going into any graphic details on what happened so I don't think this needs a trigger warning (sorry in advance if it does anyway) and I’ll try not to make this terribly long either. 

So my sister and I were molested by a relative who lived with us growing up. It went on for years, from when we were kids until we were preteens. The earliest I remember it happening was when I was 5 while sis was 4 and it stopped when we were 13 and 12. My sister and I had very different experiences when it was happening. Because, unlike her, I actually enjoyed it. I hate to admit that, but it's the truth. Again, not going into any details, but this relative led me to believe what was happening was normal and I just went along with it. He eventually started doing the same to my sister, but she never enjoyed it at all.

It stopped when my sister finally had enough and spoke up about it. Long story short, he was arrested, pleaded not guilty and went to trial where he was sentenced to over a hundred years. He’ll be in prison for the rest of his life. I was upset at first because I cared about him, as much I hate to admit that too, but I was taken to counseling where I quickly wizened up to the reality of my situation. I testified during the trial and my testimony helped put our molester away for good. In spite of all of that, my sister never forgave me for all that happened.

She practically blames me for being molested. She’s told me that what she recalls more than anything is how our molester would tell her that I liked it, so that meant she should as well. Honestly, I've never forgiven myself either. Even though I learned during counseling that I can't be blamed for what happened because I was a child who didn't know better. Still, I can't help but feel ashamed over what happened. I hate myself for having enjoyed it every time and even helped him with hiding what was going on so he wouldn’t get caught. I hate that I’m part of the reason he got away with it for so long.

I’ve been able to live with it for a while, but since this past Thanksgiving, I just can’t get it out of my head. What triggered it was me seeing my sister for the first time in like four years. I was happy to see her and she wasn’t mean or anything, but she never said more than a few words to me. I know she’s still bitter about what happened and might never forgive me. I don’t want to talk to her about it because we don’t ever talk anyway. I don’t know what to do, except write this and just hope that it helps somehow.

Thanks for reading.","zgb8tv Molested I live with guilt over enjoying being molested ok-blue22 /r/Molested/comments/zgb8tv/i_live_with_guilt_over_enjoying_being_molested/ This is a throwaway account I'm only using to post about this. I have another Reddit account, but this is more personal than I'm comfortable with posting where all my friends and other people I know can see on my regular profile, so I'm posting anonymously.  I'm not going into any graphic details on what happened so I don't think this needs a trigger warning (sorry in advance if it does anyway) and I’ll try not to make this terribly long either. 

So my sister and I were molested by a relative who lived with us growing up. It went on for years, from when we were kids until we were preteens. The earliest I remember it happening was when I was 5 while sis was 4 and it stopped when we were 13 and 12. My sister and I had very different experiences when it was happening. Because, unlike her, I actually enjoyed it. I hate to admit that, but it's the truth. Again, not going into any details, but this relative led me to believe what was happening was normal and I just went along with it. He eventually started doing the same to my sister, but she never enjoyed it at all.

It stopped when my sister finally had enough and spoke up about it. Long story short, he was arrested, pleaded not guilty and went to trial where he was sentenced to over a hundred years. He’ll be in prison for the rest of his life. I was upset at first because I cared about him, as much I hate to admit that too, but I was taken to counseling where I quickly wizened up to the reality of my situation. I testified during the trial and my testimony helped put our molester away for good. In spite of all of that, my sister never forgave me for all that happened.

She practically blames me for being molested. She’s told me that what she recalls more than anything is how our molester would tell her that I liked it, so that meant she should as well. Honestly, I've never forgiven myself either. Even though I learned during counseling that I can't be blamed for what happened because I was a child who didn't know better. Still, I can't help but feel ashamed over what happened. I hate myself for having enjoyed it every time and even helped him with hiding what was going on so he wouldn’t get caught. I hate that I’m part of the reason he got away with it for so long.

I’ve been able to live with it for a while, but since this past Thanksgiving, I just can’t get it out of my head. What triggered it was me seeing my sister for the first time in like four years. I was happy to see her and she wasn’t mean or anything, but she never said more than a few words to me. I know she’s still bitter about what happened and might never forgive me. I don’t want to talk to her about it because we don’t ever talk anyway. I don’t know what to do, except write this and just hope that it helps somehow.

Thanks for reading.",['\\bi\\s+just\\s+went\\s+along\\s+with\\s+it\\b'],"['\\bi\\s+just\\s+went\\s+along\\s+with\\s+it\\b', '\\bmolest(?:ed|ation|ations)?\\b', ""\\bi\\s+don[’']t\\s+know\\b""]"
1oj51ng,rape,Can it be classified as rape?,Personal_Candle_7183,4,10,False,0,1761745767,/r/rape/comments/1oj51ng/can_it_be_classified_as_rape/,So my friend had invited two guys over. Two guys i said i wasn’t comfortable with being around but she still did which it was her grandparents apartment so whatever 😭 It was a “2 man” type of thing i guess. Anyways they had came and had brought alc. The dude i was with was being pushy and rude all night. Calling me names and stuff. I got so drunk I had fell out of a window because said friend had wanted to hookup with the dude and kicked us out. Somehow we ended up in my car and started “going at it” which i didn’t say no to but at the same time i never wanted to be around him. I don’t remember what happened between then and going to taco bell with both of the guys but i ended up in a threesome with them?? There’s also a video that was taken without my consent. I don’t really remember much about the threesome except for the fact i had asked if they was clean and they both told me yes. (they were not🥲 i got 2 stis from that) and that’s all i remember from that night. I woke up feeling disgusting and awful from the snip-it’s i do remember . I don’t know what to classify it as cause i didn’t say no but i don’t think i wanted it. I’m just confused and would like other opinions.,1oj51ng rape Can it be classified as rape? Personal_Candle_7183 /r/rape/comments/1oj51ng/can_it_be_classified_as_rape/ So my friend had invited two guys over. Two guys i said i wasn’t comfortable with being around but she still did which it was her grandparents apartment so whatever 😭 It was a “2 man” type of thing i guess. Anyways they had came and had brought alc. The dude i was with was being pushy and rude all night. Calling me names and stuff. I got so drunk I had fell out of a window because said friend had wanted to hookup with the dude and kicked us out. Somehow we ended up in my car and started “going at it” which i didn’t say no to but at the same time i never wanted to be around him. I don’t remember what happened between then and going to taco bell with both of the guys but i ended up in a threesome with them?? There’s also a video that was taken without my consent. I don’t really remember much about the threesome except for the fact i had asked if they was clean and they both told me yes. (they were not🥲 i got 2 stis from that) and that’s all i remember from that night. I woke up feeling disgusting and awful from the snip-it’s i do remember . I don’t know what to classify it as cause i didn’t say no but i don’t think i wanted it. I’m just confused and would like other opinions.,"[""\\bi\\s+didn[’']t\\s+say\\s+no\\b""]","[""\\bi\\s+didn[’']t\\s+say\\s+no\\b"", '\\bfriend\\b', ""\\bi\\s+don[’']t\\s+know\\b"", '\\brape\\b']"
1oim8b2,rape,I was “sexually assaulted” by my brothers friend.,easterbubbly,18,18,True,2,1761687354,/r/rape/comments/1oim8b2/i_was_sexually_assaulted_by_my_brothers_friend/,"I personally don’t think this rape or assault but everyone I’ve told, said it was. 

So basically, I was smoking 🍃 with my brother and his friend one night, (btw I was 17 when this happened and my brother/friend were both 20) 
and my brother had basically passed out after 2 hours but since I hadn’t smoked as much, I was still fine and conscious. 

His friend, was fine but very very high, we both were. And we were just talking about life, and most of the time, when I’m high I get very horny. And once I said I was horny, I guess he took that as an invitation to rub my legs and kept slyly trying to rub my nipples through my tshirt. At the time, I can’t lie, I was attracted to him, but the fact that he was my brother friend made me uncomfortable. 

We were both technically “under the influence ” and I never walked away, I did tell him to stop but it was in a jokingly manner, I don’t know if I’m allowed to say I liked it because technically I didn’t consent to it, but I kinda liked it at the same time. I don’t know how to feel because everyone I’ve told, has said it was inappropriate and sexual assault, but I don’t feel that way? 

Maybe it’s because of the age difference? Idk. 



Sorry for any typos or bad writing! 🫩","1oim8b2 rape I was “sexually assaulted” by my brothers friend. easterbubbly /r/rape/comments/1oim8b2/i_was_sexually_assaulted_by_my_brothers_friend/ I personally don’t think this rape or assault but everyone I’ve told, said it was. 

So basically, I was smoking 🍃 with my brother and his friend one night, (btw I was 17 when this happened and my brother/friend were both 20) 
and my brother had basically passed out after 2 hours but since I hadn’t smoked as much, I was still fine and conscious. 

His friend, was fine but very very high, we both were. And we were just talking about life, and most of the time, when I’m high I get very horny. And once I said I was horny, I guess he took that as an invitation to rub my legs and kept slyly trying to rub my nipples through my tshirt. At the time, I can’t lie, I was attracted to him, but the fact that he was my brother friend made me uncomfortable. 

We were both technically “under the influence ” and I never walked away, I did tell him to stop but it was in a jokingly manner, I don’t know if I’m allowed to say I liked it because technically I didn’t consent to it, but I kinda liked it at the same time. I don’t know how to feel because everyone I’ve told, has said it was inappropriate and sexual assault, but I don’t feel that way? 

Maybe it’s because of the age difference? Idk. 



Sorry for any typos or bad writing! 🫩","[""\\bi\\s+didn[’']t\\s+consent\\b""]","[""\\bi\\s+didn[’']t\\s+consent\\b"", '\\bidk+k*\\b', ""\\bi\\s+don[’']t\\s+know\\b"", '\\bassault\\b', '\\brape\\b', '\\bfriend\\b', '\\bsexual(?:ly)?\\s+assault(?:ed|s|ing)?\\b']"
1nmw4aj,rape,My [23F] boyfriend [35M] made me have a threesome with his ex without asking me. Is it possible to recover from this?,Cute-Instance5521,10,6,False,0,1758471289,/r/rape/comments/1nmw4aj/my_23f_boyfriend_35m_made_me_have_a_threesome/,"My [23F] boyfriend [35M] and I have been together for 6 years, and we live together. He has always told me that his sex life before me was more exciting, and a lot of his friends would have group sex frequently. (All women) Our sex life is great. We have sex daily, sometimes multiple times per day. Even still, he says that he has needs that I can’t fulfill, but when I ask him what they are, he can’t tell me. He just says that it’s stuff he knows I wouldn’t like. But he won’t even tell me. He has always pressured me for an open relationship, to which I say no. He says he wants to see another woman fuck me because it would be really hot. I am bi-curious, but I have not explored with a woman before.

He has been saying he wants us to find a woman to have sex with together. For years I have told him I’m not comfortable with it. But it always leads to him crying and having a full mental breakdown that turns into him trying to break up with me. He says he doesn’t know what to do because he wants freedom but he doesn’t want to lose me or hurt me. He says it is normal for adults in relationships to have a 3rd to play with, but not to date.

The other night he invited his ex girlfriend [29F] to our apartment without asking me. When I got home from work, he told me that he had invited her over. He assured me they hadn’t spoken in years, and that he just wanted to check in on her as a friend, and that he thinks I will really like her. I am very introverted, and especially after working, I got upset that he blindsided me with this. Especially considering it was his ex girlfriend and he didn’t even ask me. I felt betrayed because I didn’t know they had even spoken, much less him inviting her to our apartment.

She arrived shortly after, and I felt uncomfortable immediately. She is loud and bubbly and pretty- the opposite of me. We talked in our living room for a while, it was all innocent. My boyfriend was being attentive to me the whole time, I think because he knew I was uncomfortable. After an hour or so, she and my boyfriend started drinking together. I don’t drink, so I did not. She seemed drunk, and after talking a while longer, I was ready for bed. I was already feeling upset, and I had to go to an early appointment in the morning. I was surprised to hear him say that she could stay the night here, and she shouldn’t drive. I felt like I couldn’t say no because it was late, she was drunk, and I was afraid he would be upset if I admitted I didn’t want her to stay.

I went to bed, and then he invited her INTO OUR BED without asking me. Even though we have an entire 2nd bedroom in our apartment with a bed in it! They got on either side of me so I was in the middle. My boyfriend cuddled me, reached across to start touching her chest. With his other hand, he started sliding my pants off under the blanket. I grabbed onto my pants and tried to pull them up. He got more forceful, pinning my hands behind me to take my pants and underwear off. I kept saying “stop” over and over. I kicked and struggled and was pushing him away from me to keep my clothes on, but it didn’t matter. He got my clothes off and penetrated me from behind, right in front of her.

I tried so hard to make it stop. I was trying to push him off with all of my strength, but it didn’t matter. I felt like I was going to cry. I was humiliated and confused. I don’t even have words. Everything just froze in that moment. It felt surreal. I couldn’t even look at her, I had no idea what was going on. I don’t know if he knew I was serious.

Did they talk about this before? Were they planning for this to happen? Is she just as confused as I am? I have no idea.

A lot of things happened. I feel very embarrassed, and talking about it feels humiliating. He didn’t actually fuck her, but he did everything else with her. I’ve never seen him so sexually aggressive and forceful before. It almost felt like he was possessed. She also did some things to me, and my boyfriend had me do some things to her. It finally ended when he finished. We all laid back in the bed and cuddled and went to sleep. I feel like this was my fault for not stopping it. I cried when they were both asleep.

I don’t know if he knew I was serious. I’ve been telling myself he didn’t know, and didn’t mean it that way. If he had known I was serious, surely he would have stopped. And after initially resisting, I did participate in it.

In the morning, I left early for my appointment while they were both still asleep. I was glad to be out of it, but I wasn’t very comfortable with the two of them being alone together. But I know he would be disappointed in me and be upset if I told him that. By the time I got home from my appointment, she was gone. My boyfriend was being very attentive and sweet to me. He was so happy about the night, and keeps thanking me, saying it was so hot to see her with me. I stayed relatively quiet, which seems like it upset him.

That night at dinner, he casually mentioned that he had cooked this meal for her for breakfast that morning after she blew him. I asked him what he meant, and he said that she gave him a blowjob after I left. I feel devastated. I feel like I was cheated on. I told him I didn’t like that, and he got mad at me for being upset. He said he thought it was fine since we had sex already last night. I told him it felt different because I wasn’t there and we had never talked about this before. 

He doesn’t understand my pov, and he kept insisting he didn’t do anything wrong. He said I was shaming him for his sexual needs, and he was able to facefuck her hard, which is something he needs. (I have a bad gag reflex from a medical issue, and I can’t go very deep without throwing up. I am very insecure about this, but we have always had a great sex life. I still give him head frequently, I just don’t usually deepthroat. And he has always enjoyed it, and told me that he does.) He told me he has a lot of sexual needs, and I knew this from the beginning. He told me he doesn’t want there to have to be drama, and sex can be casual and it’s not a big deal for adults and friends to have relationships like this. He got frustrated at me because he thinks I am too jealous and always ruin things and maybe I am too immature for him. Then he started crying because he doesn’t know what to do because he wants to be happy but he doesn’t want to lose me. He doesn’t want to have to choose between me and freedom, and thinks if I was more mature this wouldn’t be an issue.

I left our apartment by myself because I was upset. I feel like I am the crazy one. He has a lot more experience than me, he has been married and divorced before me, and dated a few people before me. He is my first real relationship, so I don’t have anything to compare it to. He does treat me very well otherwise, and I know he loves me. I don’t think he would hurt me on purpose. But I do feel hurt and he is making me feel like I am crazy for feeling hurt because “nothing bad happened.”

I don’t know what to do now. At first I felt embarrassed and naive, but after reflecting and looking at more Reddit posts, now I feel more betrayed. I stayed at my friend’s house last night instead of going home. I texted him that I would be staying at my friends. He has sent me 20 long messages last night and this morning about how much he loves me and he’s not understanding what I am upset about. He thought it was a fun time. He accused me of being jealous and naive, then begging me to talk to him and come home, and then saying he doesn’t know what to do since he can’t have anything he wants without me being upset about it.

I am just now starting to see that this is considered SA. That feels like a very big and heavy accusation. I feel torn. I can’t imagine leaving him, I really thought we would get married. I don’t think I can forget what happened. I feel so disgusting and ashamed, and sad and confused. I haven’t spoken to him yet. I don’t know what to say. If I stay, what are the chances it would happen again? He is really making me believe nothing that happened was wrong and playing with my head. Is it possible for a relationship to ever heal from this? 

TLDR: My [23F] boyfriend [35M] made me have a threesome with his ex without asking me. Is it possible to recover from this? ","1nmw4aj rape My [23F] boyfriend [35M] made me have a threesome with his ex without asking me. Is it possible to recover from this? Cute-Instance5521 /r/rape/comments/1nmw4aj/my_23f_boyfriend_35m_made_me_have_a_threesome/ My [23F] boyfriend [35M] and I have been together for 6 years, and we live together. He has always told me that his sex life before me was more exciting, and a lot of his friends would have group sex frequently. (All women) Our sex life is great. We have sex daily, sometimes multiple times per day. Even still, he says that he has needs that I can’t fulfill, but when I ask him what they are, he can’t tell me. He just says that it’s stuff he knows I wouldn’t like. But he won’t even tell me. He has always pressured me for an open relationship, to which I say no. He says he wants to see another woman fuck me because it would be really hot. I am bi-curious, but I have not explored with a woman before.

He has been saying he wants us to find a woman to have sex with together. For years I have told him I’m not comfortable with it. But it always leads to him crying and having a full mental breakdown that turns into him trying to break up with me. He says he doesn’t know what to do because he wants freedom but he doesn’t want to lose me or hurt me. He says it is normal for adults in relationships to have a 3rd to play with, but not to date.

The other night he invited his ex girlfriend [29F] to our apartment without asking me. When I got home from work, he told me that he had invited her over. He assured me they hadn’t spoken in years, and that he just wanted to check in on her as a friend, and that he thinks I will really like her. I am very introverted, and especially after working, I got upset that he blindsided me with this. Especially considering it was his ex girlfriend and he didn’t even ask me. I felt betrayed because I didn’t know they had even spoken, much less him inviting her to our apartment.

She arrived shortly after, and I felt uncomfortable immediately. She is loud and bubbly and pretty- the opposite of me. We talked in our living room for a while, it was all innocent. My boyfriend was being attentive to me the whole time, I think because he knew I was uncomfortable. After an hour or so, she and my boyfriend started drinking together. I don’t drink, so I did not. She seemed drunk, and after talking a while longer, I was ready for bed. I was already feeling upset, and I had to go to an early appointment in the morning. I was surprised to hear him say that she could stay the night here, and she shouldn’t drive. I felt like I couldn’t say no because it was late, she was drunk, and I was afraid he would be upset if I admitted I didn’t want her to stay.

I went to bed, and then he invited her INTO OUR BED without asking me. Even though we have an entire 2nd bedroom in our apartment with a bed in it! They got on either side of me so I was in the middle. My boyfriend cuddled me, reached across to start touching her chest. With his other hand, he started sliding my pants off under the blanket. I grabbed onto my pants and tried to pull them up. He got more forceful, pinning my hands behind me to take my pants and underwear off. I kept saying “stop” over and over. I kicked and struggled and was pushing him away from me to keep my clothes on, but it didn’t matter. He got my clothes off and penetrated me from behind, right in front of her.

I tried so hard to make it stop. I was trying to push him off with all of my strength, but it didn’t matter. I felt like I was going to cry. I was humiliated and confused. I don’t even have words. Everything just froze in that moment. It felt surreal. I couldn’t even look at her, I had no idea what was going on. I don’t know if he knew I was serious.

Did they talk about this before? Were they planning for this to happen? Is she just as confused as I am? I have no idea.

A lot of things happened. I feel very embarrassed, and talking about it feels humiliating. He didn’t actually fuck her, but he did everything else with her. I’ve never seen him so sexually aggressive and forceful before. It almost felt like he was possessed. She also did some things to me, and my boyfriend had me do some things to her. It finally ended when he finished. We all laid back in the bed and cuddled and went to sleep. I feel like this was my fault for not stopping it. I cried when they were both asleep.

I don’t know if he knew I was serious. I’ve been telling myself he didn’t know, and didn’t mean it that way. If he had known I was serious, surely he would have stopped. And after initially resisting, I did participate in it.

In the morning, I left early for my appointment while they were both still asleep. I was glad to be out of it, but I wasn’t very comfortable with the two of them being alone together. But I know he would be disappointed in me and be upset if I told him that. By the time I got home from my appointment, she was gone. My boyfriend was being very attentive and sweet to me. He was so happy about the night, and keeps thanking me, saying it was so hot to see her with me. I stayed relatively quiet, which seems like it upset him.

That night at dinner, he casually mentioned that he had cooked this meal for her for breakfast that morning after she blew him. I asked him what he meant, and he said that she gave him a blowjob after I left. I feel devastated. I feel like I was cheated on. I told him I didn’t like that, and he got mad at me for being upset. He said he thought it was fine since we had sex already last night. I told him it felt different because I wasn’t there and we had never talked about this before. 

He doesn’t understand my pov, and he kept insisting he didn’t do anything wrong. He said I was shaming him for his sexual needs, and he was able to facefuck her hard, which is something he needs. (I have a bad gag reflex from a medical issue, and I can’t go very deep without throwing up. I am very insecure about this, but we have always had a great sex life. I still give him head frequently, I just don’t usually deepthroat. And he has always enjoyed it, and told me that he does.) He told me he has a lot of sexual needs, and I knew this from the beginning. He told me he doesn’t want there to have to be drama, and sex can be casual and it’s not a big deal for adults and friends to have relationships like this. He got frustrated at me because he thinks I am too jealous and always ruin things and maybe I am too immature for him. Then he started crying because he doesn’t know what to do because he wants to be happy but he doesn’t want to lose me. He doesn’t want to have to choose between me and freedom, and thinks if I was more mature this wouldn’t be an issue.

I left our apartment by myself because I was upset. I feel like I am the crazy one. He has a lot more experience than me, he has been married and divorced before me, and dated a few people before me. He is my first real relationship, so I don’t have anything to compare it to. He does treat me very well otherwise, and I know he loves me. I don’t think he would hurt me on purpose. But I do feel hurt and he is making me feel like I am crazy for feeling hurt because “nothing bad happened.”

I don’t know what to do now. At first I felt embarrassed and naive, but after reflecting and looking at more Reddit posts, now I feel more betrayed. I stayed at my friend’s house last night instead of going home. I texted him that I would be staying at my friends. He has sent me 20 long messages last night and this morning about how much he loves me and he’s not understanding what I am upset about. He thought it was a fun time. He accused me of being jealous and naive, then begging me to talk to him and come home, and then saying he doesn’t know what to do since he can’t have anything he wants without me being upset about it.

I am just now starting to see that this is considered SA. That feels like a very big and heavy accusation. I feel torn. I can’t imagine leaving him, I really thought we would get married. I don’t think I can forget what happened. I feel so disgusting and ashamed, and sad and confused. I haven’t spoken to him yet. I don’t know what to say. If I stay, what are the chances it would happen again? He is really making me believe nothing that happened was wrong and playing with my head. Is it possible for a relationship to ever heal from this? 

TLDR: My [23F] boyfriend [35M] made me have a threesome with his ex without asking me. Is it possible to recover from this? ",['\\bconsider(?:ed)?\\s+(?:it\\s+)?(?:sa|sexual\\s+assault)\\b'],"['\\bboyfriend\\b', ""\\bi\\s+didn[’']t\\s+know\\b"", ""\\bi\\s+don[’']t\\s+know\\b"", '\\bgirlfriend\\b', '\\bsa\\b', '\\brape\\b', '\\bconsider(?:ed)?\\s+(?:it\\s+)?(?:sa|sexual\\s+assault)\\b', '\\bfriend\\b']"
1nid1rf,rape,I've been raped by more woman then men and I think there are more female rapists then society lets on,[deleted],114,42,True,11,1758016040,/r/rape/comments/1nid1rf/ive_been_raped_by_more_woman_then_men_and_i_think/,"I have memories of getting forced to give a woman cunnilingus when I was a toddler, and in elementary I was assulted multiple times by a female classmate. 

Last year I had sex with a girl while wasted and she was sober, I didn't consent to it and just lay there coldly and I don't know if that was actually rape but I didn't want it and i didn't consent either. That didn't traumatize and I don't care about it because I was into her, but I didn't like the sex.

And recently I got raped by a guy, and that did traumatize me a lot because he was inside me and shit. And coz it's the most recent and I've been rumanating about it.

And I was traumatized from that girl assulting me in elementary, but I got over it (I wasn't attracted to her and she pissed me off) 

I just think there are more female rapists then society lets on, coz looking at the gender rapist stats is strange because how are there barely any female rapists compared to male ones yet I've been raped by 3 females in my 17 years of life 

Thanks for listening to me ramble about shit 
","1nid1rf rape I've been raped by more woman then men and I think there are more female rapists then society lets on [deleted] /r/rape/comments/1nid1rf/ive_been_raped_by_more_woman_then_men_and_i_think/ I have memories of getting forced to give a woman cunnilingus when I was a toddler, and in elementary I was assulted multiple times by a female classmate. 

Last year I had sex with a girl while wasted and she was sober, I didn't consent to it and just lay there coldly and I don't know if that was actually rape but I didn't want it and i didn't consent either. That didn't traumatize and I don't care about it because I was into her, but I didn't like the sex.

And recently I got raped by a guy, and that did traumatize me a lot because he was inside me and shit. And coz it's the most recent and I've been rumanating about it.

And I was traumatized from that girl assulting me in elementary, but I got over it (I wasn't attracted to her and she pissed me off) 

I just think there are more female rapists then society lets on, coz looking at the gender rapist stats is strange because how are there barely any female rapists compared to male ones yet I've been raped by 3 females in my 17 years of life 

Thanks for listening to me ramble about shit 
","[""\\bi\\s+didn[’']t\\s+consent\\b""]","[""\\bi\\s+didn[’']t\\s+consent\\b"", ""\\bi\\s+don[’']t\\s+know\\b"", '\\brape\\b']"
1k32yh6,rape,I saw my rapist at the park and we talked like nothing happened,Recent-Ad3080,1,1,True,4,1745087441,/r/rape/comments/1k32yh6/i_saw_my_rapist_at_the_park_and_we_talked_like/,"I got sexually assaulted around three years ago and didn’t realize it was sexual assault until I fully mentally processed the whole thing months afterwards. I was still in high school when it happened and the guy was a basketball player that went to my school. I didn’t know him that well but our friend groups got along. I never reported it. Nobody would believe me anyway. I healed on my own and moved on. 

Recently my friend and I were both back home from college and decided to hang out, get some food take a night walk in our hometown park to catch up. On our way we came across my rapist and one of his friends also hanging out along the same trail. I froze. It was the strangest feeling in the world.

His friend stopped us because he wanted to get my friends number which left me and my rapist to the side alone. He spoke to me like nothing. He smiled and laughed and said “it’s been a while since I’ve seen you.” I just went along with it. I smiled to his face and laughed with him like nothing. I asked how he had been. I was friendly, way more friendly than I should’ve been. We all made friendly banter with each other and eventually me and my friend said our goodbyes and kept walking. 

It’s been about a week or so and I feel like a faker. I can’t stop thinking about the interaction and telling myself, “if he really did rape you, you wouldn’t have been as nice as you were. it was way too easy for you to talk to him, which means it was never rape and you’re just making it up.”
Logically I know that isn’t true. He did assault me. I know it. He had me face down, he humiliated me and took my dignity from me. And then blocked me afterwards so I wouldn’t confront him about it. So I know it really did happen and I’m not making it up by means of common sense. But I still feel awful, like a liar, like I exaggerated everything. Why was it so easy for me to make small talk with someone like that? It shouldn’t have been that easy. 

Anyway. Just looking for some insight ","1k32yh6 rape I saw my rapist at the park and we talked like nothing happened Recent-Ad3080 /r/rape/comments/1k32yh6/i_saw_my_rapist_at_the_park_and_we_talked_like/ I got sexually assaulted around three years ago and didn’t realize it was sexual assault until I fully mentally processed the whole thing months afterwards. I was still in high school when it happened and the guy was a basketball player that went to my school. I didn’t know him that well but our friend groups got along. I never reported it. Nobody would believe me anyway. I healed on my own and moved on. 

Recently my friend and I were both back home from college and decided to hang out, get some food take a night walk in our hometown park to catch up. On our way we came across my rapist and one of his friends also hanging out along the same trail. I froze. It was the strangest feeling in the world.

His friend stopped us because he wanted to get my friends number which left me and my rapist to the side alone. He spoke to me like nothing. He smiled and laughed and said “it’s been a while since I’ve seen you.” I just went along with it. I smiled to his face and laughed with him like nothing. I asked how he had been. I was friendly, way more friendly than I should’ve been. We all made friendly banter with each other and eventually me and my friend said our goodbyes and kept walking. 

It’s been about a week or so and I feel like a faker. I can’t stop thinking about the interaction and telling myself, “if he really did rape you, you wouldn’t have been as nice as you were. it was way too easy for you to talk to him, which means it was never rape and you’re just making it up.”
Logically I know that isn’t true. He did assault me. I know it. He had me face down, he humiliated me and took my dignity from me. And then blocked me afterwards so I wouldn’t confront him about it. So I know it really did happen and I’m not making it up by means of common sense. But I still feel awful, like a liar, like I exaggerated everything. Why was it so easy for me to make small talk with someone like that? It shouldn’t have been that easy. 

Anyway. Just looking for some insight ",['\\bi\\s+just\\s+went\\s+along\\s+with\\s+it\\b'],"['\\bi\\s+just\\s+went\\s+along\\s+with\\s+it\\b', ""\\bi\\s+didn[’']t\\s+know\\b"", '\\bassault\\b', '\\brape\\b', '\\bfriend\\b', '\\bsexual(?:ly)?\\s+assault(?:ed|s|ing)?\\b']"
1izl05i,rape,Was it Rape?,lukesgfiloveluke,1,1,False,0,1740676651,/r/rape/comments/1izl05i/was_it_rape/,"Was it rape?

Hi, first of all thank you to anyone who takes the time to read this. Second, I’m very sorry you’re in this subreddit, as I know if you’re here you’ve likely experienced trauma just I have. 

On August 22nd, 2023, I was sexually assaulted. I won’t get into the details of this incident, since I’m working on not relying on reassurance for others in knowing this was real. But I thought this was important to include, because it affects how I view sex.

In 2022, I lost my virginity. It’s very complicated, so I am confused as to whether or not this was rape. One day, a friend gave me a guy’s Instagram. I was looking for friends with benefits, not really sex, just you know, the inappropriate stuff that 17 year olds get up to. Anyways, for some reason I messaged him “come to the movies, I’ll make it worth your while!”. To this day, I’m not sure what I meant, but I did not mean sex. Not in a movie theater that’s for sure. So he ends up coming to the movies, my friends are there with me as well. Somehow we all end up driving to my house and hanging out there. Me and him are flirting a lot, and we somehow convinced my parents to let him sleepover along with my two other friends (both underage female). As the night goes on, we start kissing and such. Eventually his hand ends up in my pants (whilst my friends are in the room) I didn’t say no, and I wasn’t uncomfortable, though it felt odd with my friends in the room. He says something along the lines of “tight and wet- just the way I like it.”. This leads me to telling him I am virgin, and he says he doesn’t care. Somehow, my friends still in the room, he is on top of me, and then inside me. He didn’t ask for consent, and I didn’t tell him to stop. A few minutes later I giggle “I just lost my virginity” to my friends in the room and they give me a high five. Then, me and my friends go to the bathroom to discuss it and I just start shaking and freaking out. I said “am I bad a person?” At this point in time I was recovering from scrupulously OCD (sort of religious, but I thought anything sexual I did was bad) and I kept freaking out. We go back in the room and he gets really upset, and one of my friends is comforting him. He keeps saying stuff like “I fucked up” and that type of thing. I reassure him that I’m not mad and that I am okay. 

Three years later, as I am reflecting on my sexual experiences, I am questioning if this is rape or not. Something to keep in mind is that I have OCD, which gives me intrusive thoughts, so this could be an intrusive thought saying I was raped. Yet here are the reasons I think it was rape:

 1.) He never asked for consent, which I think is super important the first time someone has sex especially.
2.) I freaked out the exact same way as I did after I was assaulted. 
3.) I have questioned this for years.
4.) I feel it was pressured because who would have sex with their friends in the room? 

Anyways. Thanks for reading this if you did. Any tips or thoughts would be greatly appreciated. ","1izl05i rape Was it Rape? lukesgfiloveluke /r/rape/comments/1izl05i/was_it_rape/ Was it rape?

Hi, first of all thank you to anyone who takes the time to read this. Second, I’m very sorry you’re in this subreddit, as I know if you’re here you’ve likely experienced trauma just I have. 

On August 22nd, 2023, I was sexually assaulted. I won’t get into the details of this incident, since I’m working on not relying on reassurance for others in knowing this was real. But I thought this was important to include, because it affects how I view sex.

In 2022, I lost my virginity. It’s very complicated, so I am confused as to whether or not this was rape. One day, a friend gave me a guy’s Instagram. I was looking for friends with benefits, not really sex, just you know, the inappropriate stuff that 17 year olds get up to. Anyways, for some reason I messaged him “come to the movies, I’ll make it worth your while!”. To this day, I’m not sure what I meant, but I did not mean sex. Not in a movie theater that’s for sure. So he ends up coming to the movies, my friends are there with me as well. Somehow we all end up driving to my house and hanging out there. Me and him are flirting a lot, and we somehow convinced my parents to let him sleepover along with my two other friends (both underage female). As the night goes on, we start kissing and such. Eventually his hand ends up in my pants (whilst my friends are in the room) I didn’t say no, and I wasn’t uncomfortable, though it felt odd with my friends in the room. He says something along the lines of “tight and wet- just the way I like it.”. This leads me to telling him I am virgin, and he says he doesn’t care. Somehow, my friends still in the room, he is on top of me, and then inside me. He didn’t ask for consent, and I didn’t tell him to stop. A few minutes later I giggle “I just lost my virginity” to my friends in the room and they give me a high five. Then, me and my friends go to the bathroom to discuss it and I just start shaking and freaking out. I said “am I bad a person?” At this point in time I was recovering from scrupulously OCD (sort of religious, but I thought anything sexual I did was bad) and I kept freaking out. We go back in the room and he gets really upset, and one of my friends is comforting him. He keeps saying stuff like “I fucked up” and that type of thing. I reassure him that I’m not mad and that I am okay. 

Three years later, as I am reflecting on my sexual experiences, I am questioning if this is rape or not. Something to keep in mind is that I have OCD, which gives me intrusive thoughts, so this could be an intrusive thought saying I was raped. Yet here are the reasons I think it was rape:

 1.) He never asked for consent, which I think is super important the first time someone has sex especially.
2.) I freaked out the exact same way as I did after I was assaulted. 
3.) I have questioned this for years.
4.) I feel it was pressured because who would have sex with their friends in the room? 

Anyways. Thanks for reading this if you did. Any tips or thoughts would be greatly appreciated. ","[""\\bi\\s+didn[’']t\\s+say\\s+no\\b""]","[""\\bi\\s+didn[’']t\\s+say\\s+no\\b"", ""\\bi[’']?m\\s+not\\s+sure\\b"", '\\brape\\b', '\\bfriend\\b', '\\bsexual(?:ly)?\\s+assault(?:ed|s|ing)?\\b']"
1hwn8rs,rape,Did anyone else’s rapist not realise he raped you?,radfem22,1,1,True,5,1736351411,/r/rape/comments/1hwn8rs/did_anyone_elses_rapist_not_realise_he_raped_you/,"This is driving me crazy. It feels so invalidating. I confronted my rapist years later about how much he traumatised me and he freaked out. He kept saying he’s a good person so there is no way he raped me (I hadn’t even brought that word up, he did) and that I should
use the word SA instead. He understands now that what he did was wrong but back then he didn’t know how consent worked and he didn’t realise that I didn’t consent. He asked me if I consider him a rapist and when I didn’t answer he started yelling at me “tell me I’m not a rapist, say it, say it, say it” I felt intimidated but stayed quiet. The fact is he still slept with me without my consent. It was horrible, I was so scared. I froze and dissociated, lying there just waiting for it to be over. His intentions in that moment don’t change that. ","1hwn8rs rape Did anyone else’s rapist not realise he raped you? radfem22 /r/rape/comments/1hwn8rs/did_anyone_elses_rapist_not_realise_he_raped_you/ This is driving me crazy. It feels so invalidating. I confronted my rapist years later about how much he traumatised me and he freaked out. He kept saying he’s a good person so there is no way he raped me (I hadn’t even brought that word up, he did) and that I should
use the word SA instead. He understands now that what he did was wrong but back then he didn’t know how consent worked and he didn’t realise that I didn’t consent. He asked me if I consider him a rapist and when I didn’t answer he started yelling at me “tell me I’m not a rapist, say it, say it, say it” I felt intimidated but stayed quiet. The fact is he still slept with me without my consent. It was horrible, I was so scared. I froze and dissociated, lying there just waiting for it to be over. His intentions in that moment don’t change that. ","[""\\bi\\s+didn[’']t\\s+consent\\b""]","['\\bsa\\b', ""\\bi\\s+didn[’']t\\s+consent\\b"", '\\brape\\b']"
1h6w11d,rape,Did my (F) ex-friend (F) rape/groom me?,[deleted],8,6,True,1,1733358741,/r/rape/comments/1h6w11d/did_my_f_exfriend_f_rapegroom_me/,"Hey, honestly I don’t know where to begin. This is probably gonna be long and kinda messy and a bit graphic I guess so trigger warning. 

This happened when I was like 9-15, and I just pretended it never happened really, but now I have my first ever boyfriend and we’re talking about stuff like this and I don’t know what to tell him. 

Basically for backstory, I had a friend and she was my first/only friend when I was younger. My parents were really conservative, strict christians so I was never exposed to any of this stuff. I don’t even know if what happened counts as rape/grooming. 

So long story short, I developed my chest quicker than everyone and they were quite large. When I was 9 my ex-friend we’ll call S always wanted to see them. She’d grab them and poke them and made me take my shirt off for pictures. I didn’t like it but I was stupid and thought it wasn’t that bad and if I ignored it it would go away. This went on like on and off for a year or so and when we were like 10 she found her moms vibrator. She made me use it on myself by threatening to send the pictures of my boobs to the boys in my grade and I was already struggling with them groping me so I didn’t want that. I was scared and did what she said and I made myself cum for the first time. She recorded the whole thing and told me if I ever told she’d send this to my parents. This was a massive sin and everything so I was terrified of my parents finding out. I stopped hanging out with her as much and besides sleepovers every now and then where she’d make me watch her touch herself and showed me porn for the first time I thought it wasn’t that bad and I could handle it. 

Then when we were 13 we were at her pool and there was this older guy. He wasn’t ugly but he was creepy and he kept calling us pretty and princesses and stuff like that. I was uncomfortable and wanted to leave. But S told me to have fun and that guys would never flirt with me like this so I should enjoy it. She also reminded me of the video because she did that every time she wanted to get her way. Idk it’s honestly still kinda fuzzy but the guy came over to us and S pulled off my swimsuit top. I was so fucking scared I just froze. And it was so stupid because I guess he thought I was okay with it so he started grabbing my boobs. He licked and bit my nipples and I could feel his boner rub my front. I was just so scared I couldn’t move, after a while he came in his pants and left. I went home almost immediately and didn’t speak to S again and I thankfully moved out of the country. 

But I’m so stupid because when I was 15 I came back to visit. She said hi and apologised for everything, I knew her home life was bad so I believed her. We hung out twice and it was so normal and I think I wanted to pretend everything was all in my head and didn’t happen maybe? So when she invited me for a sleepover I said yes. I regret doing that every day. I got there and it was normal for a few hours, her parents left for a party and then she invited her boyfriend over. I didn’t know she had a boyfriend and despite the fact we were both 15 he was 28. I was uncomfortable but I ignored it for an hour or two until he told me he watched the video she took of me cumming for the first time all the time. I got scared and said I wanted to leave and they said if I stayed I didn’t have to do anything but watch and they wouldn’t send it to my parents. I agreed to stay cause I was scared. They played the video while she sucked him off and then the stroked himself until he came on my leg. I just froze again, I couldn’t do anything so after that we just watched a movie. I was crying the whole time until I felt him grab my thigh, the then touched me over my pants and I begged them to let me leave. This is where I don’t know if this can even be considered rape. He basically told me either he has sex with me or I have sex with S. I said I’d have sex with her because I just didn’t want him touching me. I got naked and he started groping me while I kissed her. It was my first kiss and I hate thinking about it, I was crying the whole time and I just kept asking them to leave. He made me give her oral until she came. And then he said I had to cum too, either he did it or me. I just didn’t want them touching me so I made myself cum while they watched. He told me he was proud and that made me so ill I ran to the bathroom to throw up. He left soon after before her parents came back and I just fell asleep. I left the next day and I haven’t ever seen her since but I hate every bit of it. I never spoke to anyone about it except one therapist who said it wasn’t rape because I technically chose to stay and do what they said. And since then I’ve just been pretending it doesn’t exist. 

I’m sorry I know this is a mess and I just don’t know my head’s all over the place. Basically I was wondering if that was rape or not? And if what S did to me counted as grooming or not since she was a girl and my age? I don’t know what to do or how to move on from this. I also don’t know how to tell my boyfriend because even though they never entered me or anything does that count as me losing my virginity? And I hate that I already had my first kiss. Sorry, I just feel so hopeless about all of this. I feel so stupid for making so many mistakes and putting myself in positions for that sort of stuff to happen. It was so so so dumb. ","1h6w11d rape Did my (F) ex-friend (F) rape/groom me? [deleted] /r/rape/comments/1h6w11d/did_my_f_exfriend_f_rapegroom_me/ Hey, honestly I don’t know where to begin. This is probably gonna be long and kinda messy and a bit graphic I guess so trigger warning. 

This happened when I was like 9-15, and I just pretended it never happened really, but now I have my first ever boyfriend and we’re talking about stuff like this and I don’t know what to tell him. 

Basically for backstory, I had a friend and she was my first/only friend when I was younger. My parents were really conservative, strict christians so I was never exposed to any of this stuff. I don’t even know if what happened counts as rape/grooming. 

So long story short, I developed my chest quicker than everyone and they were quite large. When I was 9 my ex-friend we’ll call S always wanted to see them. She’d grab them and poke them and made me take my shirt off for pictures. I didn’t like it but I was stupid and thought it wasn’t that bad and if I ignored it it would go away. This went on like on and off for a year or so and when we were like 10 she found her moms vibrator. She made me use it on myself by threatening to send the pictures of my boobs to the boys in my grade and I was already struggling with them groping me so I didn’t want that. I was scared and did what she said and I made myself cum for the first time. She recorded the whole thing and told me if I ever told she’d send this to my parents. This was a massive sin and everything so I was terrified of my parents finding out. I stopped hanging out with her as much and besides sleepovers every now and then where she’d make me watch her touch herself and showed me porn for the first time I thought it wasn’t that bad and I could handle it. 

Then when we were 13 we were at her pool and there was this older guy. He wasn’t ugly but he was creepy and he kept calling us pretty and princesses and stuff like that. I was uncomfortable and wanted to leave. But S told me to have fun and that guys would never flirt with me like this so I should enjoy it. She also reminded me of the video because she did that every time she wanted to get her way. Idk it’s honestly still kinda fuzzy but the guy came over to us and S pulled off my swimsuit top. I was so fucking scared I just froze. And it was so stupid because I guess he thought I was okay with it so he started grabbing my boobs. He licked and bit my nipples and I could feel his boner rub my front. I was just so scared I couldn’t move, after a while he came in his pants and left. I went home almost immediately and didn’t speak to S again and I thankfully moved out of the country. 

But I’m so stupid because when I was 15 I came back to visit. She said hi and apologised for everything, I knew her home life was bad so I believed her. We hung out twice and it was so normal and I think I wanted to pretend everything was all in my head and didn’t happen maybe? So when she invited me for a sleepover I said yes. I regret doing that every day. I got there and it was normal for a few hours, her parents left for a party and then she invited her boyfriend over. I didn’t know she had a boyfriend and despite the fact we were both 15 he was 28. I was uncomfortable but I ignored it for an hour or two until he told me he watched the video she took of me cumming for the first time all the time. I got scared and said I wanted to leave and they said if I stayed I didn’t have to do anything but watch and they wouldn’t send it to my parents. I agreed to stay cause I was scared. They played the video while she sucked him off and then the stroked himself until he came on my leg. I just froze again, I couldn’t do anything so after that we just watched a movie. I was crying the whole time until I felt him grab my thigh, the then touched me over my pants and I begged them to let me leave. This is where I don’t know if this can even be considered rape. He basically told me either he has sex with me or I have sex with S. I said I’d have sex with her because I just didn’t want him touching me. I got naked and he started groping me while I kissed her. It was my first kiss and I hate thinking about it, I was crying the whole time and I just kept asking them to leave. He made me give her oral until she came. And then he said I had to cum too, either he did it or me. I just didn’t want them touching me so I made myself cum while they watched. He told me he was proud and that made me so ill I ran to the bathroom to throw up. He left soon after before her parents came back and I just fell asleep. I left the next day and I haven’t ever seen her since but I hate every bit of it. I never spoke to anyone about it except one therapist who said it wasn’t rape because I technically chose to stay and do what they said. And since then I’ve just been pretending it doesn’t exist. 

I’m sorry I know this is a mess and I just don’t know my head’s all over the place. Basically I was wondering if that was rape or not? And if what S did to me counted as grooming or not since she was a girl and my age? I don’t know what to do or how to move on from this. I also don’t know how to tell my boyfriend because even though they never entered me or anything does that count as me losing my virginity? And I hate that I already had my first kiss. Sorry, I just feel so hopeless about all of this. I feel so stupid for making so many mistakes and putting myself in positions for that sort of stuff to happen. It was so so so dumb. ","[""\\bit\\s+wasn[’']t\\s+that\\s+bad\\b""]","[""\\bi\\s+(?:genuinely|just|honestly|really|truly|still)\\s+don[’']t\\s+know\\b"", '\\bboyfriend\\b', ""\\bi\\s+don[’']t\\s+even\\s+know\\b"", ""\\bi\\s+didn[’']t\\s+know\\b"", ""\\bit\\s+wasn[’']t\\s+that\\s+bad\\b"", '\\bidk+k*\\b', ""\\bi\\s+don[’']t\\s+know\\b"", '\\brape\\b', '\\bfriend\\b']"
1g6a6an,rape,Anyone else pretend to enjoy it so they’d get done with it faster?,Healthy-Experience73,1,1,False,0,1729226516,/r/rape/comments/1g6a6an/anyone_else_pretend_to_enjoy_it_so_theyd_get_done/,"I pretended to enjoy it because it happened so fast and I didn’t feel anything really. I froze and they kept going I didn’t know how to make it stop and felt powerless to fight back. I faked moans so they’d get more into it I guess just so it’d be over with faster. Later, someone who I thought was safer at least and I had built some trust with.. I would fake it for him too but we only did stuff while we were drinking and I thought it was normal to not feel pleasure all the time and since I was drunk i thought it wasn’t that bad and would get better. Turns out he was raping me a lot and knew I would be blaming myself. I feel ashamed because I don’t want people to think I liked getting raped or for any reason invited it to happen to me when rape is never the survivor’s fault. I know peoples bodies can respond the opposite despite not liking it wanting it or inviting it so I shouldn’t feel ashamed. I tried to make the moans believable but at some point when I became aware that it was apart of my survival tactics and freeze response to just help them get it over with faster, it helped me see what he was doing to me. What they all had done to me.  I wish I could have physically fought them off of me instead of doing that. It scares me that I thought the “safer person” was treating me right either. I just hadn’t ever been treated better than that before so I thought he was my knight in shining armor while ignoring what was actually happening to me because I typically blamed myself for being abused cuz that’s just what I was trained or manipulated into believing. They love it when you believe that it’s your fault so they can pretend to be the good guy still. Manipulated so much I thought I was getting treated better just to find out he was doing it all and worse while saying he’d never hurt me. I’m mad at myself for having freeze response &amp; whatever the fuck the faking was. I should have tried harder to physically fight back. I should have at least tried. I don’t know why I couldn’t. I’m mad at myself for giving people the benefit of the doubt too much or to the wrong people. I’m mad I trusted the one guy. Idk what to do. Rant over. Ty","1g6a6an rape Anyone else pretend to enjoy it so they’d get done with it faster? Healthy-Experience73 /r/rape/comments/1g6a6an/anyone_else_pretend_to_enjoy_it_so_theyd_get_done/ I pretended to enjoy it because it happened so fast and I didn’t feel anything really. I froze and they kept going I didn’t know how to make it stop and felt powerless to fight back. I faked moans so they’d get more into it I guess just so it’d be over with faster. Later, someone who I thought was safer at least and I had built some trust with.. I would fake it for him too but we only did stuff while we were drinking and I thought it was normal to not feel pleasure all the time and since I was drunk i thought it wasn’t that bad and would get better. Turns out he was raping me a lot and knew I would be blaming myself. I feel ashamed because I don’t want people to think I liked getting raped or for any reason invited it to happen to me when rape is never the survivor’s fault. I know peoples bodies can respond the opposite despite not liking it wanting it or inviting it so I shouldn’t feel ashamed. I tried to make the moans believable but at some point when I became aware that it was apart of my survival tactics and freeze response to just help them get it over with faster, it helped me see what he was doing to me. What they all had done to me.  I wish I could have physically fought them off of me instead of doing that. It scares me that I thought the “safer person” was treating me right either. I just hadn’t ever been treated better than that before so I thought he was my knight in shining armor while ignoring what was actually happening to me because I typically blamed myself for being abused cuz that’s just what I was trained or manipulated into believing. They love it when you believe that it’s your fault so they can pretend to be the good guy still. Manipulated so much I thought I was getting treated better just to find out he was doing it all and worse while saying he’d never hurt me. I’m mad at myself for having freeze response &amp; whatever the fuck the faking was. I should have tried harder to physically fight back. I should have at least tried. I don’t know why I couldn’t. I’m mad at myself for giving people the benefit of the doubt too much or to the wrong people. I’m mad I trusted the one guy. Idk what to do. Rant over. Ty","[""\\bit\\s+wasn[’']t\\s+that\\s+bad\\b""]","[""\\bit\\s+wasn[’']t\\s+that\\s+bad\\b"", ""\\bi\\s+didn[’']t\\s+know\\b"", '\\bidk+k*\\b', ""\\bi\\s+don[’']t\\s+know\\b"", '\\brape\\b']"
1fql40h,rape,I wish I was beautiful. Then I wouldn’t be raped and abused and bullied. 17F. TW. Graphic,Stuckinyourroom,52,12,False,0,1727435116,/r/rape/comments/1fql40h/i_wish_i_was_beautiful_then_i_wouldnt_be_raped/,"I’ve never been pretty. I wasn’t very socially aware when I was younger because I had undiagnosed autism so if people weren’t openly mean I would think they are being nice even if they were making fun of me or using me or grooming me. But when I was younger I was really nice and tried to be friends with everyone and was never confrontational when people did things that hurt me because I wanted to resolve the tension. 

These things put together make me never be liked. Always taken advantage of. Whether in school or outside of school. I was like the phrase “I wear my heart on my sleeve” and people would just take advantage.

I feel like if maybe I was pretty it would’ve evened it out a bit. People have a tendency to not like ugly people being nice to them rather than pretty people being nice to them. If I was pretty they would’ve just respected how nice I was.

When I was first raped I was 8 years old. The first time it happened was with a 14 year old girl at a sports summer camp. We were all going swimming and she asked me if I wanted to go in a private changing cubicle with her because she was scared of getting changed in the big changing room with all the others girls but scared to be alone. And because I was socially unaware I didn’t see this as concerning in any way. 

We went in and she asked me if she wanted her to teach me a game big girls play. And I said sure because I was going through a phase where I wanted to be grown up and she knew this. I already had my swimming costume on under my clothes but when she took off the swimming costume too I got uncomfortable and was like “I’m already wearing a swimming costume” and she said “it’s part of the game” and I told her I don’t want to play the game and she got really angry at me and told me that maybe I’m not as cool and mature as she though and I said “maybe we can play later” and she said “no we have to play it now” and I told her I don’t want to be naked infront of her and she said we are both girls and so it’s not weird and then aggressively grabbed me and started pulling it off which I freezed because she was hurting me and I didn’t know what to do. 

Then she started touching me down there and I pulled away a bit and she again not angry at me and was like it’s just a game stop messing about. And then I just went along with it. And she fingered me which hurt but she was insistent I was being dramatic and we had oral sex. I didn’t know what any of it was but the oral I admitted felt good when she asked which makes me cringe.

Afterwards she told me that soon the fingering will feel good too and that I just needed to trust her. This is a fun game that big girls play. She said I’m lucky to be her friend because usually it’s pretty girls who get to play this game but she’s giving me the chance to anyway and that my at the time 6 year old sister is so much more prettier than me so she’s probably going to get to play this game easy when she’s older. So she’s giving me a head start as a not pretty girl. 

And then everytime we’d go swimming or if she saw me go to the bathroom alone she’d follow me and she’d rape me. And show me porn (some of which was of children to make me see this as more normal which has really fucked me up now I’m older and know how awful that is) and she taught me how to masturbate so I could “practice” the game she even gave me hickeys at one point which obviously you don’t expect it to be hickeys on a child so people though it was eczema. And I was getting treated for eczema and no one questioned if that’s what it was.

I’ve been raped at older ages by other people. But this was the most traumatic. Especially since she admitted it’s because I’m ugly. I’m even more ugly now. I used to at least have nice hair and be really skinny. But when I started antidepressants I lost some of my hair due to bad side effects and also gained weight and even since stopping I still have permanently ruined my metabolism so it’s really hard to loose weight. And I don’t need to eat much  which can make social situations with food awkward because I physically cannot stomach a lot of food anymore. Like 3 meals a day is too much. So usually I’m only able to eat 1 and a half. And still barely loose weight or even gain weight which is insane. Also I have really bad achne now. A dislocated jaw which makes my face lopsided sometimes but the NHS don’t want to do surgery. And also my self harm scars and I get facial hair I need to shave off because of PCOS.

I hate being ugly. I’d probably have a good life if I looked more like my sister. My sister is so ungrateful. She’s treated so nice by everyone. And she’s so mean. Like she’s actually not a nice person. She’s even used the fact I’ve been raped against me in arguments.

She is the spoiled younger child by my parents. And is a brat who always has to get what she wants. I used to adore her but now I don’t. Because she treats me like and outsider because she resents me for my trauma and mental health issues which I understand is hard to see but I don’t choose to be this way. I don’t want to have this trauma. ","1fql40h rape I wish I was beautiful. Then I wouldn’t be raped and abused and bullied. 17F. TW. Graphic Stuckinyourroom /r/rape/comments/1fql40h/i_wish_i_was_beautiful_then_i_wouldnt_be_raped/ I’ve never been pretty. I wasn’t very socially aware when I was younger because I had undiagnosed autism so if people weren’t openly mean I would think they are being nice even if they were making fun of me or using me or grooming me. But when I was younger I was really nice and tried to be friends with everyone and was never confrontational when people did things that hurt me because I wanted to resolve the tension. 

These things put together make me never be liked. Always taken advantage of. Whether in school or outside of school. I was like the phrase “I wear my heart on my sleeve” and people would just take advantage.

I feel like if maybe I was pretty it would’ve evened it out a bit. People have a tendency to not like ugly people being nice to them rather than pretty people being nice to them. If I was pretty they would’ve just respected how nice I was.

When I was first raped I was 8 years old. The first time it happened was with a 14 year old girl at a sports summer camp. We were all going swimming and she asked me if I wanted to go in a private changing cubicle with her because she was scared of getting changed in the big changing room with all the others girls but scared to be alone. And because I was socially unaware I didn’t see this as concerning in any way. 

We went in and she asked me if she wanted her to teach me a game big girls play. And I said sure because I was going through a phase where I wanted to be grown up and she knew this. I already had my swimming costume on under my clothes but when she took off the swimming costume too I got uncomfortable and was like “I’m already wearing a swimming costume” and she said “it’s part of the game” and I told her I don’t want to play the game and she got really angry at me and told me that maybe I’m not as cool and mature as she though and I said “maybe we can play later” and she said “no we have to play it now” and I told her I don’t want to be naked infront of her and she said we are both girls and so it’s not weird and then aggressively grabbed me and started pulling it off which I freezed because she was hurting me and I didn’t know what to do. 

Then she started touching me down there and I pulled away a bit and she again not angry at me and was like it’s just a game stop messing about. And then I just went along with it. And she fingered me which hurt but she was insistent I was being dramatic and we had oral sex. I didn’t know what any of it was but the oral I admitted felt good when she asked which makes me cringe.

Afterwards she told me that soon the fingering will feel good too and that I just needed to trust her. This is a fun game that big girls play. She said I’m lucky to be her friend because usually it’s pretty girls who get to play this game but she’s giving me the chance to anyway and that my at the time 6 year old sister is so much more prettier than me so she’s probably going to get to play this game easy when she’s older. So she’s giving me a head start as a not pretty girl. 

And then everytime we’d go swimming or if she saw me go to the bathroom alone she’d follow me and she’d rape me. And show me porn (some of which was of children to make me see this as more normal which has really fucked me up now I’m older and know how awful that is) and she taught me how to masturbate so I could “practice” the game she even gave me hickeys at one point which obviously you don’t expect it to be hickeys on a child so people though it was eczema. And I was getting treated for eczema and no one questioned if that’s what it was.

I’ve been raped at older ages by other people. But this was the most traumatic. Especially since she admitted it’s because I’m ugly. I’m even more ugly now. I used to at least have nice hair and be really skinny. But when I started antidepressants I lost some of my hair due to bad side effects and also gained weight and even since stopping I still have permanently ruined my metabolism so it’s really hard to loose weight. And I don’t need to eat much  which can make social situations with food awkward because I physically cannot stomach a lot of food anymore. Like 3 meals a day is too much. So usually I’m only able to eat 1 and a half. And still barely loose weight or even gain weight which is insane. Also I have really bad achne now. A dislocated jaw which makes my face lopsided sometimes but the NHS don’t want to do surgery. And also my self harm scars and I get facial hair I need to shave off because of PCOS.

I hate being ugly. I’d probably have a good life if I looked more like my sister. My sister is so ungrateful. She’s treated so nice by everyone. And she’s so mean. Like she’s actually not a nice person. She’s even used the fact I’ve been raped against me in arguments.

She is the spoiled younger child by my parents. And is a brat who always has to get what she wants. I used to adore her but now I don’t. Because she treats me like and outsider because she resents me for my trauma and mental health issues which I understand is hard to see but I don’t choose to be this way. I don’t want to have this trauma. ",['\\bi\\s+just\\s+went\\s+along\\s+with\\s+it\\b'],"['\\bi\\s+just\\s+went\\s+along\\s+with\\s+it\\b', ""\\bi\\s+didn[’']t\\s+know\\b"", '\\bfriend\\b', '\\brape\\b']"
1bk4mst,rape,Does this count as sexual assault if you don't include age,Hot-Masterpiece4325,1,1,False,0,1711021591,/r/rape/comments/1bk4mst/does_this_count_as_sexual_assault_if_you_dont/,"I(13M back then, now 15) am starting to wonder if I really sexually assaulted or if I wanted it... my ex friend(16M back then, now 18) used to always nag me about giving him a blowjob, he tried to pay me at one point for one, he used to just randomly whip his dick out and place it on my arm while I'm playing video games, he tried to manipulate me into doing anal with him which did work once but I stopped after a few seconds, whenever I did suck his dick, he would aways be forceful with it, my throat would always be hurting for the next few days, he tried anal on me without lubricant and protection on me, he used to always forcefully sleep with me as well and treated me like his damn teddy bear, he grabbed my thigh way too much out of nowhere during dinner if im next to him, and he used to always say ""but you enjoy it right?"" Or ""were just trying to see if your gay or not"". By the way this Is how I figured I'm not gay","1bk4mst rape Does this count as sexual assault if you don't include age Hot-Masterpiece4325 /r/rape/comments/1bk4mst/does_this_count_as_sexual_assault_if_you_dont/ I(13M back then, now 15) am starting to wonder if I really sexually assaulted or if I wanted it... my ex friend(16M back then, now 18) used to always nag me about giving him a blowjob, he tried to pay me at one point for one, he used to just randomly whip his dick out and place it on my arm while I'm playing video games, he tried to manipulate me into doing anal with him which did work once but I stopped after a few seconds, whenever I did suck his dick, he would aways be forceful with it, my throat would always be hurting for the next few days, he tried anal on me without lubricant and protection on me, he used to always forcefully sleep with me as well and treated me like his damn teddy bear, he grabbed my thigh way too much out of nowhere during dinner if im next to him, and he used to always say ""but you enjoy it right?"" Or ""were just trying to see if your gay or not"". By the way this Is how I figured I'm not gay",['\\bdoes\\s+this\\s+count\\s+as\\s+(?:sa|sexual\\s+assault)\\b'],"['\\bassault\\b', '\\brape\\b', '\\bdoes\\s+this\\s+count\\s+as\\s+(?:sa|sexual\\s+assault)\\b', '\\bfriend\\b', '\\bsexual(?:ly)?\\s+assault(?:ed|s|ing)?\\b']"
1amljr8,rape,Am I a victim of r/sa or neither?,Bucktoothasaincows,1,1,True,1,1707476115,/r/rape/comments/1amljr8/am_i_a_victim_of_rsa_or_neither/,I had a bf who I was v sexually active with but one day things were just different. Me and him where in the living room after watching a movie and his parents weren’t home so I thought it would be the perfect opportunity to give him oral- this led to more making out after and he began pleasuring me with his fingers down there. He asked if we could have s3&gt;&lt; but I said no as I wasn’t comfortable doing so in the moment especially because I thought his parents would be home soon. he said that was fine yet continued to ask and I continued to say no but we continued with everything else. He then told me to bend over which I did but I did so in thinking he was trying to get a better angle in pleasuring me with his hands and trusted him until I realised he was trying to push it in. When I realised what he was doing I let him but really didn’t want too especially after telling him no so many times. I told a friend I got r-ed by him but maybe because I bent over like he asked he assumed that was me giving him permission or something although either way wouldn’t that have been coercion. Let me know please cause it a big accusation to throw around.,1amljr8 rape Am I a victim of r/sa or neither? Bucktoothasaincows /r/rape/comments/1amljr8/am_i_a_victim_of_rsa_or_neither/ I had a bf who I was v sexually active with but one day things were just different. Me and him where in the living room after watching a movie and his parents weren’t home so I thought it would be the perfect opportunity to give him oral- this led to more making out after and he began pleasuring me with his fingers down there. He asked if we could have s3&gt;&lt; but I said no as I wasn’t comfortable doing so in the moment especially because I thought his parents would be home soon. he said that was fine yet continued to ask and I continued to say no but we continued with everything else. He then told me to bend over which I did but I did so in thinking he was trying to get a better angle in pleasuring me with his hands and trusted him until I realised he was trying to push it in. When I realised what he was doing I let him but really didn’t want too especially after telling him no so many times. I told a friend I got r-ed by him but maybe because I bent over like he asked he assumed that was me giving him permission or something although either way wouldn’t that have been coercion. Let me know please cause it a big accusation to throw around.,['\\bam\\s+i\\s+(?:a\\s+)?victim\\b'],"['\\bsa\\b', '\\bam\\s+i\\s+(?:a\\s+)?victim\\b', '\\bfriend\\b', '\\brape\\b']"
1ai8kay,rape,Adhd bf doesn't hear consent...,Dsdvt,1,1,True,7,1707000618,/r/rape/comments/1ai8kay/adhd_bf_doesnt_hear_consent/,"
I'm 24, my boyfriend is 28 diagnosed with ADHD and medicated. 
And i've been raped several times in our 1year relationship...
My boyfriend has a really bad form of ADHD and it's really hard for him to be present sometimes, and he also can get overwhelmed by how many emotions are going inside.

I would say we've had 5 ""incidents"" untill now ... 
2 when we were high and he pushed a bit but i couldn't manage to say no during so i got a bit numb (which are grey areas)
We are content creators, once when i didn't want to continue a blowjob anymore after 45min of filming, i said i didn't want to continue anymore, he didn't get it, he was emerged into filming, felt bad about making me do that for so long and felt like it would have been all for nothing without a cum shot so continued not realising it wasn't consensual
Once he was horny, i said no, told him that i didn't want anything to happen, fell asleep and woke up with him touching me, i said no again but was super drowsy fell back asleep, to wake up again still being touched saying no again. The memory is blurry but it went back and forth again like that a bunch untill he backed down
Once i was doing content sexting with a guy, he wanted to film me doing that and him participating when i wasn't filming for the sexting. He was inside me just for a few seconds before in btw filming. But i realised i wasnt into it and a few minutes after when he asked if he could do it and film it I told him i wanted nothing to do with another camera and wasn't into doing anything but the sexting. And when i was in doggy style filming for the sexting not seeing, he pushed his dick inside while filming with his camera, i ended being shocked needing a few seconds, to say stop again, and just then he realised it wasn't consensual and stopped (i was hurt inside) he was too focused in his head wanting to film his thing to realise that i had say no

I wanted to post on the adhd sub because i'm not sure people not familiar with adhd can understand how adhd can fuck with your brain and on what you're focused on, that it's hard to detach, on how much you're present etc... It doesn't excuse it we agreee but it explains 
Please believe me if i didn't stop this relationship untill now it's because i know he never meant anything and every time in our relationship except those, when i said no he stopped right away never questioning why. 
However we have a problems because those time happened. And even if it was traumatic for him to wake up not understanding wtf happened because his brain didn't compute my no and suddenly be facing rape, for me i don't have words to describe how it is to be a rape victim over and over ...
And up to now most of our conversations even just after the last rape have been about him, about how he feels, about making me understand that he had never meant it to happen, that he is traumatized by what he has done. Which i understand and empathyze
Today i told him that I don't know how to move past it anymore .... That I'm tired about the conversation being about him when i'm the victim, and that i need the conversation to be about me. Unfortunately he gets triggered because he doesn't know how to live with what he has done, cannot face it so he gets frustrated, overwelmed and that's when he snaps, shut down and his empathy becomes shady, he started saying some stuff such as : but i agreed in the past to be sexual with him when i was sexting for our page, that we should work together on it not happening again, that they were accidents, that i didn't say no again when he ask if he could just film for 1min, that i should maybe say no more clearly or repeat it to help him
I got really hurt and left the house 

This is the text message i got a few hours after: ""I get all fucking triggered because I also experienced trauma from this, and I just want us to come together about it and mourn together. Yet you feel like you want to make it all about you, or that there's nothing for you to do about it towards me. That I'm just a dick and to go get checked. I feel really fucking alone about it. And me saying this doesn't invalidate your experience or your trauma, but it's definitely not kind towards me. If someone kills someone completely on accident, even if they're let go from responsibilities about it. They can still get PTSD and be fucked up about it. And I'm fucked up about it, and forced back into the memory and forced to bend over backwards to claim full responsibility. It's a fucking nightmare. And this is me trying my best to communicate with you earlier and not shut down for fucking days.""

I understand that he is traumatized, I don't want to take that out, and I think he should talk about it with someone, i indeed recommended therapy, because i have suffered, suffered even more from all the conversations being about him, and can't be there for him right now especially when i only got some sorries drown by shady consent concept comments. I want to be recognised for the victim i am and i want him to be there for me finally otherwise i don't know how to rebuild anything...

Rape that happen in a relationship are really complicated and adhd doesn't help
And i'm just very disturbed right now by his reaction, that his pain is taking so much over that he is having such a shitty reaction... That i know he doesn't mean but still

I have no idea how to handle things, I can't be around someone making it about him but it just sucks to have adhd destroying a relationship like that. 

EDIT 08/02 (hope you will see it): thank you so much for all your support people, thank you so much for having red everything and taken time to answer, thank you so much for your validation, and for all the support i'm still getting. He lost me 6 days ago when i confronted him on the last rape that happened 12 days ago to ask him to have the conversation about me and take responsibility, that he got triggered and not ok. I haven't let him in my apartment since, he has to come back and take his stuff tomorrow when a friend will be able to be there. It's been really hard because i have barely slept in days, i'm traumatized, and through texts he kept deflecting, making it about his trauma, putting everything on me or on his neurodivergence, until he basically was like I think you're too sensitive and over reacting, i have blocked him for now. I have reached out to friends, i have sent a distress message to many psychologists and i'm having an appointment today, but having also your support on Reddit while i was spiraling (still am) those last 6 days has been amazing for me. So thank you very much you've helped me a lot. And you keep helping ","1ai8kay rape Adhd bf doesn't hear consent... Dsdvt /r/rape/comments/1ai8kay/adhd_bf_doesnt_hear_consent/ 
I'm 24, my boyfriend is 28 diagnosed with ADHD and medicated. 
And i've been raped several times in our 1year relationship...
My boyfriend has a really bad form of ADHD and it's really hard for him to be present sometimes, and he also can get overwhelmed by how many emotions are going inside.

I would say we've had 5 ""incidents"" untill now ... 
2 when we were high and he pushed a bit but i couldn't manage to say no during so i got a bit numb (which are grey areas)
We are content creators, once when i didn't want to continue a blowjob anymore after 45min of filming, i said i didn't want to continue anymore, he didn't get it, he was emerged into filming, felt bad about making me do that for so long and felt like it would have been all for nothing without a cum shot so continued not realising it wasn't consensual
Once he was horny, i said no, told him that i didn't want anything to happen, fell asleep and woke up with him touching me, i said no again but was super drowsy fell back asleep, to wake up again still being touched saying no again. The memory is blurry but it went back and forth again like that a bunch untill he backed down
Once i was doing content sexting with a guy, he wanted to film me doing that and him participating when i wasn't filming for the sexting. He was inside me just for a few seconds before in btw filming. But i realised i wasnt into it and a few minutes after when he asked if he could do it and film it I told him i wanted nothing to do with another camera and wasn't into doing anything but the sexting. And when i was in doggy style filming for the sexting not seeing, he pushed his dick inside while filming with his camera, i ended being shocked needing a few seconds, to say stop again, and just then he realised it wasn't consensual and stopped (i was hurt inside) he was too focused in his head wanting to film his thing to realise that i had say no

I wanted to post on the adhd sub because i'm not sure people not familiar with adhd can understand how adhd can fuck with your brain and on what you're focused on, that it's hard to detach, on how much you're present etc... It doesn't excuse it we agreee but it explains 
Please believe me if i didn't stop this relationship untill now it's because i know he never meant anything and every time in our relationship except those, when i said no he stopped right away never questioning why. 
However we have a problems because those time happened. And even if it was traumatic for him to wake up not understanding wtf happened because his brain didn't compute my no and suddenly be facing rape, for me i don't have words to describe how it is to be a rape victim over and over ...
And up to now most of our conversations even just after the last rape have been about him, about how he feels, about making me understand that he had never meant it to happen, that he is traumatized by what he has done. Which i understand and empathyze
Today i told him that I don't know how to move past it anymore .... That I'm tired about the conversation being about him when i'm the victim, and that i need the conversation to be about me. Unfortunately he gets triggered because he doesn't know how to live with what he has done, cannot face it so he gets frustrated, overwelmed and that's when he snaps, shut down and his empathy becomes shady, he started saying some stuff such as : but i agreed in the past to be sexual with him when i was sexting for our page, that we should work together on it not happening again, that they were accidents, that i didn't say no again when he ask if he could just film for 1min, that i should maybe say no more clearly or repeat it to help him
I got really hurt and left the house 

This is the text message i got a few hours after: ""I get all fucking triggered because I also experienced trauma from this, and I just want us to come together about it and mourn together. Yet you feel like you want to make it all about you, or that there's nothing for you to do about it towards me. That I'm just a dick and to go get checked. I feel really fucking alone about it. And me saying this doesn't invalidate your experience or your trauma, but it's definitely not kind towards me. If someone kills someone completely on accident, even if they're let go from responsibilities about it. They can still get PTSD and be fucked up about it. And I'm fucked up about it, and forced back into the memory and forced to bend over backwards to claim full responsibility. It's a fucking nightmare. And this is me trying my best to communicate with you earlier and not shut down for fucking days.""

I understand that he is traumatized, I don't want to take that out, and I think he should talk about it with someone, i indeed recommended therapy, because i have suffered, suffered even more from all the conversations being about him, and can't be there for him right now especially when i only got some sorries drown by shady consent concept comments. I want to be recognised for the victim i am and i want him to be there for me finally otherwise i don't know how to rebuild anything...

Rape that happen in a relationship are really complicated and adhd doesn't help
And i'm just very disturbed right now by his reaction, that his pain is taking so much over that he is having such a shitty reaction... That i know he doesn't mean but still

I have no idea how to handle things, I can't be around someone making it about him but it just sucks to have adhd destroying a relationship like that. 

EDIT 08/02 (hope you will see it): thank you so much for all your support people, thank you so much for having red everything and taken time to answer, thank you so much for your validation, and for all the support i'm still getting. He lost me 6 days ago when i confronted him on the last rape that happened 12 days ago to ask him to have the conversation about me and take responsibility, that he got triggered and not ok. I haven't let him in my apartment since, he has to come back and take his stuff tomorrow when a friend will be able to be there. It's been really hard because i have barely slept in days, i'm traumatized, and through texts he kept deflecting, making it about his trauma, putting everything on me or on his neurodivergence, until he basically was like I think you're too sensitive and over reacting, i have blocked him for now. I have reached out to friends, i have sent a distress message to many psychologists and i'm having an appointment today, but having also your support on Reddit while i was spiraling (still am) those last 6 days has been amazing for me. So thank you very much you've helped me a lot. And you keep helping ","[""\\bi\\s+didn[’']t\\s+say\\s+no\\b""]","['\\bboyfriend\\b', ""\\bi\\s+didn[’']t\\s+say\\s+no\\b"", ""\\bi\\s+don[’']t\\s+know\\b"", ""\\bi[’']?m\\s+not\\s+sure\\b"", '\\brape\\b', '\\bfriend\\b']"
1ag4qno,rape,Was this rape?,Relevant-Heart-8826,1,1,False,0,1706769662,/r/rape/comments/1ag4qno/was_this_rape/,"Was this r@pe?

(F21) 
 

This is kinda long be prepared to read. 

Okay, so I lost my virginity last year when I turned 20 and it was a bad experience. It was completely consensual, but it was very painful and I did not enjoy it one bit. I had no interest in the guy. My friend just convinced me to get it over with, yes she was in the hotel where it happend, yes we are that close. However I had no feelings for the guy. I knew him through her and I simply wasn’t attracted to him. Fast forward a couple months, I’m hanging out with that same friend, this time at her house. She invites two dudes, I later found out the reason it was two was because she was tryna get laid and the person she was tryna get laid with wanted his cousin to get laid too cuz he was his ride. One, when I went over her house I had no idea she was going to invite these men, buts it’s her house who am I to tell her anything. We were already drinking, I was having some vodka but fortunately I am able to handle my liquor well. I was tipsy, but nothing too crazy I never get drunk. My friend and her buddy disappear which leaves me with the other guy. He was alright, he was nice, and you know what I accepted his advances and we began to have sex. Idk if I was just not into him or wet enough or did not have enough foreplay but the whole time he was thrusting it fucking hurt like hell. Apparently he was bigger than the guy I lost my virginity with. I wasn’t used to penetration and I’m still like very tight sorry for the tmi. So he’s thrusting and I tell him to slow down, he listens, it still hurts so I tell him to stop. I’m laying on the floor btw and he’s on top. I then tell him again to just stop because I’m assuming that he didn’t hear me the first time. So when he didn’t hear me a second time, I decided to physically push his chest back to get him off, that’s when I knew he def heard me the first and second time. Because when I did that he just keep on thrusting even harder and ignored my request and physically trying to stop him. It was extremely painful, I gave up trying to push him off, he finished on my stomach. So I laid there and took the pain. My pain tolerance is very low. That same night I ubered home and till this day my friend still doesn’t know what happened. She was upstairs the whole time that occurred. I did say yes in the beginning and I wasn’t drunk just tipsy. I know you are able to go back and say no I don’t want this. So I’m pretty sure I been sexually assaulted? Can someone please confirm this, I just wanna know if I am right.","1ag4qno rape Was this rape? Relevant-Heart-8826 /r/rape/comments/1ag4qno/was_this_rape/ Was this r@pe?

(F21) 
 

This is kinda long be prepared to read. 

Okay, so I lost my virginity last year when I turned 20 and it was a bad experience. It was completely consensual, but it was very painful and I did not enjoy it one bit. I had no interest in the guy. My friend just convinced me to get it over with, yes she was in the hotel where it happend, yes we are that close. However I had no feelings for the guy. I knew him through her and I simply wasn’t attracted to him. Fast forward a couple months, I’m hanging out with that same friend, this time at her house. She invites two dudes, I later found out the reason it was two was because she was tryna get laid and the person she was tryna get laid with wanted his cousin to get laid too cuz he was his ride. One, when I went over her house I had no idea she was going to invite these men, buts it’s her house who am I to tell her anything. We were already drinking, I was having some vodka but fortunately I am able to handle my liquor well. I was tipsy, but nothing too crazy I never get drunk. My friend and her buddy disappear which leaves me with the other guy. He was alright, he was nice, and you know what I accepted his advances and we began to have sex. Idk if I was just not into him or wet enough or did not have enough foreplay but the whole time he was thrusting it fucking hurt like hell. Apparently he was bigger than the guy I lost my virginity with. I wasn’t used to penetration and I’m still like very tight sorry for the tmi. So he’s thrusting and I tell him to slow down, he listens, it still hurts so I tell him to stop. I’m laying on the floor btw and he’s on top. I then tell him again to just stop because I’m assuming that he didn’t hear me the first time. So when he didn’t hear me a second time, I decided to physically push his chest back to get him off, that’s when I knew he def heard me the first and second time. Because when I did that he just keep on thrusting even harder and ignored my request and physically trying to stop him. It was extremely painful, I gave up trying to push him off, he finished on my stomach. So I laid there and took the pain. My pain tolerance is very low. That same night I ubered home and till this day my friend still doesn’t know what happened. She was upstairs the whole time that occurred. I did say yes in the beginning and I wasn’t drunk just tipsy. I know you are able to go back and say no I don’t want this. So I’m pretty sure I been sexually assaulted? Can someone please confirm this, I just wanna know if I am right.",['\\bidk\\b.*\\bif\\s+i\\b.*\\b(?:even\\s+)?was\\b.*sexually\\s+assaulted\\b'],"['\\bidk\\b.*\\bif\\s+i\\b.*\\b(?:even\\s+)?was\\b.*sexually\\s+assaulted\\b', '\\bidk+k*\\b', '\\brape\\b', '\\bfriend\\b', '\\bsexual(?:ly)?\\s+assault(?:ed|s|ing)?\\b']"
1afn80p,rape,He put his penis in my anal area without asking during sex not sure how to process,Kind-Beautiful6111,1,1,True,5,1706721966,/r/rape/comments/1afn80p/he_put_his_penis_in_my_anal_area_without_asking/,"I was hesistant to post this because it makes the whole thing real…. I don’t think he was able to penetrate because I’m a anal virgin… but regardless please read my story 

Last night I had car sex with what was a one night stand but now fwb. 
We were having consensual vaginal sex and licking my anus. 
Then…. He put his finger in my ass, It took me by surprise but I didn’t mind it felt ok.
Then he started to place his penis on the entrance of my ass, no warning. I tried to gesture hm to stop, he repositioned my hands … he continued… I said no faintly … he continued… he didn’t penetrate (that’s what I’m telling myself anyways?) because I’m a anal virgin so wasn’t possible but I did feel pressure in that area, no pain but felt his penis … then he suddenly stopped I’m not sure if it was because of the look on my face or that he felt I was so tight and wouldn’t be possible. Maybe he suddenly came to his senses I don’t know 

For context I was slightly high so didn’t have my usual strength, he’s not the tallest or biggest guy but in that moment I felt helples. 

He continued to lick my Pusey and we continued vagina sex until he came. It wasn’t until he dropped me home and I came down from my high that I realised the full context of what had happened 

I can’t believe I’m asking this but pretending it didn’t happen will probably be worse for my mental health …. Was I sexually assaulted or raped? I keep telling myself it’s not really rape but more to protect myself from breaking down 

I sent him a text to confront him. He blocked me. No reply 

Please be gentle in the replies","1afn80p rape He put his penis in my anal area without asking during sex not sure how to process Kind-Beautiful6111 /r/rape/comments/1afn80p/he_put_his_penis_in_my_anal_area_without_asking/ I was hesistant to post this because it makes the whole thing real…. I don’t think he was able to penetrate because I’m a anal virgin… but regardless please read my story 

Last night I had car sex with what was a one night stand but now fwb. 
We were having consensual vaginal sex and licking my anus. 
Then…. He put his finger in my ass, It took me by surprise but I didn’t mind it felt ok.
Then he started to place his penis on the entrance of my ass, no warning. I tried to gesture hm to stop, he repositioned my hands … he continued… I said no faintly … he continued… he didn’t penetrate (that’s what I’m telling myself anyways?) because I’m a anal virgin so wasn’t possible but I did feel pressure in that area, no pain but felt his penis … then he suddenly stopped I’m not sure if it was because of the look on my face or that he felt I was so tight and wouldn’t be possible. Maybe he suddenly came to his senses I don’t know 

For context I was slightly high so didn’t have my usual strength, he’s not the tallest or biggest guy but in that moment I felt helples. 

He continued to lick my Pusey and we continued vagina sex until he came. It wasn’t until he dropped me home and I came down from my high that I realised the full context of what had happened 

I can’t believe I’m asking this but pretending it didn’t happen will probably be worse for my mental health …. Was I sexually assaulted or raped? I keep telling myself it’s not really rape but more to protect myself from breaking down 

I sent him a text to confront him. He blocked me. No reply 

Please be gentle in the replies",['\\bwas\\s+i\\s+sexually\\s+assaulted\\b'],"[""\\bi\\s+don[’']t\\s+know\\b"", ""\\bi[’']?m\\s+not\\s+sure\\b"", '\\brape\\b', '\\bwas\\s+i\\s+sexually\\s+assaulted\\b', '\\bsexual(?:ly)?\\s+assault(?:ed|s|ing)?\\b']"
18ckmpy,rape,Was it rape?,JicamaNew8156,1,1,True,1,1701914526,/r/rape/comments/18ckmpy/was_it_rape/,"I(19f) really need someone’s opinion on this, because it’s been bugging me for a while. 

Last summer I was in Korea to take language courses. It was my first time being there and I was traveling alone. I didn’t really know many people so one day a guy approached me on the subway station. He was very polite and told me I was beautiful and asked if he could get my contact. I told him thanks for the compliment but that I had I boyfriend and wasn’t interested. (I was not attracted to him at all and he was 24 when I was 18). He asked if he still could get my contact just to be friends and I said sure because he seemed like a nice and polite person. Sidenote: this wasn’t uncommon even for girls to approach me in public there for friendship, so I didn’t really think much of it. He ended up asking me if I was busy then and there. I was alone the entire day and was just wandering around on my own, so he invited me to grab a coffee. We ended up at a dog cafe which was nice! But he sometimes tried sneaking in a compliment or two which I would just laugh off or pretend I didn’t hear (yes I know I should’ve seen the signs). We eventually went to go eat something cuz I was hungry, but he took me to a food place that was also like a bar (just that you got your own booth). I also didn’t think much of that because I know it’s common and I know they often drink at dinner. So we ended up eating and drinking soju. And he ended up ordering a lot of bottles (I didn’t decline though), and would always fill up my glass to take shots. Eventually he became more and more flirty, so I tried rejecting him more firmly several times, and told him that I only want to be friends with him, and also decided to FaceTime my boyfriend with him so he would understand that I was in a committed relationship (my then current boyfriend knew that I was hanging out with this dude). He poured me more and more and after I can’t really remember much other than one second where I suddenly was in a hotel lobby leaning against the wall while I watched him book a room. And the second thing I remember was him having sex with me but I didn’t say no or tried to resist. Then I woke up the next morning trying to shake him off and blocked him everywhere. Was he just a douchebag or is it rape?

Thank you for taking the time to read everything.","18ckmpy rape Was it rape? JicamaNew8156 /r/rape/comments/18ckmpy/was_it_rape/ I(19f) really need someone’s opinion on this, because it’s been bugging me for a while. 

Last summer I was in Korea to take language courses. It was my first time being there and I was traveling alone. I didn’t really know many people so one day a guy approached me on the subway station. He was very polite and told me I was beautiful and asked if he could get my contact. I told him thanks for the compliment but that I had I boyfriend and wasn’t interested. (I was not attracted to him at all and he was 24 when I was 18). He asked if he still could get my contact just to be friends and I said sure because he seemed like a nice and polite person. Sidenote: this wasn’t uncommon even for girls to approach me in public there for friendship, so I didn’t really think much of it. He ended up asking me if I was busy then and there. I was alone the entire day and was just wandering around on my own, so he invited me to grab a coffee. We ended up at a dog cafe which was nice! But he sometimes tried sneaking in a compliment or two which I would just laugh off or pretend I didn’t hear (yes I know I should’ve seen the signs). We eventually went to go eat something cuz I was hungry, but he took me to a food place that was also like a bar (just that you got your own booth). I also didn’t think much of that because I know it’s common and I know they often drink at dinner. So we ended up eating and drinking soju. And he ended up ordering a lot of bottles (I didn’t decline though), and would always fill up my glass to take shots. Eventually he became more and more flirty, so I tried rejecting him more firmly several times, and told him that I only want to be friends with him, and also decided to FaceTime my boyfriend with him so he would understand that I was in a committed relationship (my then current boyfriend knew that I was hanging out with this dude). He poured me more and more and after I can’t really remember much other than one second where I suddenly was in a hotel lobby leaning against the wall while I watched him book a room. And the second thing I remember was him having sex with me but I didn’t say no or tried to resist. Then I woke up the next morning trying to shake him off and blocked him everywhere. Was he just a douchebag or is it rape?

Thank you for taking the time to read everything.","[""\\bi\\s+didn[’']t\\s+say\\s+no\\b""]","[""\\bi\\s+didn[’']t\\s+say\\s+no\\b"", ""\\bi\\s+didn[’']t\\s+really\\s+know\\b"", '\\bboyfriend\\b', '\\brape\\b']"
17gqpbx,rape,I know this probably isn’t considered rape then what is it?,Appropriate-Cod1965,1,1,False,0,1698304091,/r/rape/comments/17gqpbx/i_know_this_probably_isnt_considered_rape_then/,"I know this isn’t probably isn’t considered rape then what is it, someone please let me know. So, a few years ago my “stepdad” put his fingers inside me more than once without my consent and plenty other weird stuff that he used to do that I don’t really wanna get into, but I’m trying to figure out if this is considered SA or rape. Someone please let me know","17gqpbx rape I know this probably isn’t considered rape then what is it? Appropriate-Cod1965 /r/rape/comments/17gqpbx/i_know_this_probably_isnt_considered_rape_then/ I know this isn’t probably isn’t considered rape then what is it, someone please let me know. So, a few years ago my “stepdad” put his fingers inside me more than once without my consent and plenty other weird stuff that he used to do that I don’t really wanna get into, but I’m trying to figure out if this is considered SA or rape. Someone please let me know",['\\bconsider(?:ed)?\\s+(?:it\\s+)?(?:sa|sexual\\s+assault)\\b'],"['\\bsa\\b', '\\brape\\b', '\\bconsider(?:ed)?\\s+(?:it\\s+)?(?:sa|sexual\\s+assault)\\b']"
16jwrr1,rape,did my boyfriend rape me?,timeisaliemyguy,1,1,False,0,1694833751,/r/rape/comments/16jwrr1/did_my_boyfriend_rape_me/,"8 days ago i got really high with my boyfriend to the point i was unresponsive, all i could do was lay down on my stomach and groan out whenever he talked to me. at some point he got behind me and started having sex with me, asking me every now and then if this was okay and kept going even when i didnt answer. i just laid there crying until he was done with me, and he left me there to go take a shower. before that, back in july i had an early-term miscarriage and was very ill because of it and he was taking care of me during that week, and had sex with me during my miscarriage. i didn’t say no but i didn’t say yes either.

i feel so conflicted. i love him, hes all i have and we’re having consensual sex but did he rape me? i feel like he did but at the same time i dont even know what to think. ever since both of those incidents i can barely look at myself and i drink everyday, and take xanax to calm myself. any thoughts?","16jwrr1 rape did my boyfriend rape me? timeisaliemyguy /r/rape/comments/16jwrr1/did_my_boyfriend_rape_me/ 8 days ago i got really high with my boyfriend to the point i was unresponsive, all i could do was lay down on my stomach and groan out whenever he talked to me. at some point he got behind me and started having sex with me, asking me every now and then if this was okay and kept going even when i didnt answer. i just laid there crying until he was done with me, and he left me there to go take a shower. before that, back in july i had an early-term miscarriage and was very ill because of it and he was taking care of me during that week, and had sex with me during my miscarriage. i didn’t say no but i didn’t say yes either.

i feel so conflicted. i love him, hes all i have and we’re having consensual sex but did he rape me? i feel like he did but at the same time i dont even know what to think. ever since both of those incidents i can barely look at myself and i drink everyday, and take xanax to calm myself. any thoughts?","[""\\bi\\s+didn[’']t\\s+say\\s+no\\b""]","[""\\bi\\s+didn[’']t\\s+say\\s+no\\b"", '\\bboyfriend\\b', '\\brape\\b']"
166r908,rape,he came in me without my consent,scoliroll,1,0,True,1,1693525916,/r/rape/comments/166r908/he_came_in_me_without_my_consent/,"so i met this guy on hinge (yeah yeah first mistake). i had in my bio that i really wanted to take things slow, that i was *not* looking for a hookup. he told me he was the same way, that he’s never had a real relationship before and he wants to try it out.

we have only hung out for a few weeks if even that honestly, but i told him multiple times that i wasn’t ready for sex, that i’m not even on birth control. he said that was perfectly okay, he wasn’t rushing anything.

yesterday we hung out and i told him i wanted to take it slow but i do want to do stuff with him. then we saw a movie together and made out and i told him i’d be okay with doing some stuff just not sex. we went to my car and i told him again, twice, that i was okay with doing stuff, just not sex. 

next thing i know one thing leads to another and he’s slowly inserting himself inside of me. i didn’t say yes, but i didn’t say no. i just let it happen. and literally a minute later he pulls out and gets soft, tells me i need to go get some plan b. i was like “well i probably don’t need that unless you came in me” and he was like “uhh i did.” i thought he was joking. i was shocked and horrified and immediately jumped into the driver’s seat so we could go get something.

we went to 4 different places and nowhere had it. thank God i told my friend about what happened, she lives across town and was able to get something for me. i made him send me $50 then dropped him off. 

today i texted him and told him what happened was not okay. that it would have been if he hadn’t come inside of me. i got the typical response, “it’s natural to come together when you do as much as we did, don’t blame me just because i’m the man” blah blah blah. 

honestly i feel numb and don’t really know what to do. my friend is telling me to get tested before the 24 hour period is up in case i ever want to go to the police. really don’t want to hear what my parents would have to say though and i know i won’t be able to afford all this shit on my own.","166r908 rape he came in me without my consent scoliroll /r/rape/comments/166r908/he_came_in_me_without_my_consent/ so i met this guy on hinge (yeah yeah first mistake). i had in my bio that i really wanted to take things slow, that i was *not* looking for a hookup. he told me he was the same way, that he’s never had a real relationship before and he wants to try it out.

we have only hung out for a few weeks if even that honestly, but i told him multiple times that i wasn’t ready for sex, that i’m not even on birth control. he said that was perfectly okay, he wasn’t rushing anything.

yesterday we hung out and i told him i wanted to take it slow but i do want to do stuff with him. then we saw a movie together and made out and i told him i’d be okay with doing some stuff just not sex. we went to my car and i told him again, twice, that i was okay with doing stuff, just not sex. 

next thing i know one thing leads to another and he’s slowly inserting himself inside of me. i didn’t say yes, but i didn’t say no. i just let it happen. and literally a minute later he pulls out and gets soft, tells me i need to go get some plan b. i was like “well i probably don’t need that unless you came in me” and he was like “uhh i did.” i thought he was joking. i was shocked and horrified and immediately jumped into the driver’s seat so we could go get something.

we went to 4 different places and nowhere had it. thank God i told my friend about what happened, she lives across town and was able to get something for me. i made him send me $50 then dropped him off. 

today i texted him and told him what happened was not okay. that it would have been if he hadn’t come inside of me. i got the typical response, “it’s natural to come together when you do as much as we did, don’t blame me just because i’m the man” blah blah blah. 

honestly i feel numb and don’t really know what to do. my friend is telling me to get tested before the 24 hour period is up in case i ever want to go to the police. really don’t want to hear what my parents would have to say though and i know i won’t be able to afford all this shit on my own.","[""\\bi\\s+didn[’']t\\s+say\\s+no\\b""]","['\\bfriend\\b', ""\\bi\\s+didn[’']t\\s+say\\s+no\\b"", '\\brape\\b']"
13l5sgk,rape,Is this considered rape?,my_throw_away_yay,8,6,True,2,1684432427,/r/rape/comments/13l5sgk/is_this_considered_rape/,"I’m not too experienced when it comes to relationships but a couple weeks ago I had a talk with my sister about consent and rape.

It made me think of my relationship and how pushy my boyfriend can be at times. He has a very high sex drive and ideally wants to have sex 3+ times a day, I’m already overwhelmed with once a day. 

When I say no, he often begins to touch me or pull his dick out and keeps doing so until we have sex. It does get me horny sometimes but I still don’t really want to have sex. Only if I get angry he accepts no as an answer. There have been instances where I said yes and we ended up having sex but I didn’t enjoy it and just wanted it to be over. 

He’s also admitted to touching me while I was sleeping to which I didn’t consent. 

According to my sister, this is rape, but I wanted to see what other people online have to say (I’m not about to talk about this to my friends and family.)
I hope I am not being hurtful or disrespectful, and if I am, please let me know!","13l5sgk rape Is this considered rape? my_throw_away_yay /r/rape/comments/13l5sgk/is_this_considered_rape/ I’m not too experienced when it comes to relationships but a couple weeks ago I had a talk with my sister about consent and rape.

It made me think of my relationship and how pushy my boyfriend can be at times. He has a very high sex drive and ideally wants to have sex 3+ times a day, I’m already overwhelmed with once a day. 

When I say no, he often begins to touch me or pull his dick out and keeps doing so until we have sex. It does get me horny sometimes but I still don’t really want to have sex. Only if I get angry he accepts no as an answer. There have been instances where I said yes and we ended up having sex but I didn’t enjoy it and just wanted it to be over. 

He’s also admitted to touching me while I was sleeping to which I didn’t consent. 

According to my sister, this is rape, but I wanted to see what other people online have to say (I’m not about to talk about this to my friends and family.)
I hope I am not being hurtful or disrespectful, and if I am, please let me know!","[""\\bi\\s+didn[’']t\\s+consent\\b""]","[""\\bi\\s+didn[’']t\\s+consent\\b"", '\\bboyfriend\\b', '\\brape\\b']"
11zvj55,rape,Am I a victim?,MaintenanceUnusual59,5,3,False,0,1679601771,/r/rape/comments/11zvj55/am_i_a_victim/,"I’m from Wisconsin, USA and I (M17) lost my virginity to a 29 y/o man and got infected with HIV and Hepatitis B. After I found out, I feel like the man I had sex with took advantage of me. I’ve realized I’m still very naive, ignorant, inexperienced and easily influenced. Also I didn’t have complete sexual education. For instance, I had no idea gay men were at greater risk of becoming infected, especially if they were the one being penetrated. I had no idea what PrEP and PEP was either. It happened in my first night alone at another city within the state (we were alone in my apartment). He contacted me online, complimented me, asked me if I had ever had sex and asked me to send him my location. I just wanted to meet new people and told myself it’s fine if it leads to sex as long as I’m comfortable. When we were in my living room he told me multiple times that we should go to bed. I didn’t want to so I kept telling him “no, later” “not yet” or evading the proposal. It was too late already so he had to stay for the night. I put my pajamas on and he got naked, saying that’s the way he slept and closed the door of my bedroom. When we were laying in bed, he put his hands under my shirt and started touching my private parts. I didn’t know what to do. I stayed quiet because I felt like I didn’t have the strength to say “no” and to be honest I was confused (part of me wanted him to continue and part of me wanted to get out of there). He then told me repeated times to take off my clothes but I always told him I was too nervous/embarrassed to do it. He continued to touch me and took my shorts off regardless. Then he told me to lay on top on him, which I did, and asked me to take off my shirt. I said no one time but agreed to do it after he asked me again. After that he told me not to worry about condoms and said I could trust him. During sex he instructed me what to do. I never told him to stop, though. 

I was really nervous and I didn’t really know him well so I was afraid of him stealing, hurting me and of how he would react if I refused to do something. At that moment STDs never crossed my mind as I was thinking about all these other things. There were times I wish I could have stopped or go slower but I felt like it was too late for me to do that and there was no way back. He knew I was 17.

We also shared nudes.","11zvj55 rape Am I a victim? MaintenanceUnusual59 /r/rape/comments/11zvj55/am_i_a_victim/ I’m from Wisconsin, USA and I (M17) lost my virginity to a 29 y/o man and got infected with HIV and Hepatitis B. After I found out, I feel like the man I had sex with took advantage of me. I’ve realized I’m still very naive, ignorant, inexperienced and easily influenced. Also I didn’t have complete sexual education. For instance, I had no idea gay men were at greater risk of becoming infected, especially if they were the one being penetrated. I had no idea what PrEP and PEP was either. It happened in my first night alone at another city within the state (we were alone in my apartment). He contacted me online, complimented me, asked me if I had ever had sex and asked me to send him my location. I just wanted to meet new people and told myself it’s fine if it leads to sex as long as I’m comfortable. When we were in my living room he told me multiple times that we should go to bed. I didn’t want to so I kept telling him “no, later” “not yet” or evading the proposal. It was too late already so he had to stay for the night. I put my pajamas on and he got naked, saying that’s the way he slept and closed the door of my bedroom. When we were laying in bed, he put his hands under my shirt and started touching my private parts. I didn’t know what to do. I stayed quiet because I felt like I didn’t have the strength to say “no” and to be honest I was confused (part of me wanted him to continue and part of me wanted to get out of there). He then told me repeated times to take off my clothes but I always told him I was too nervous/embarrassed to do it. He continued to touch me and took my shorts off regardless. Then he told me to lay on top on him, which I did, and asked me to take off my shirt. I said no one time but agreed to do it after he asked me again. After that he told me not to worry about condoms and said I could trust him. During sex he instructed me what to do. I never told him to stop, though. 

I was really nervous and I didn’t really know him well so I was afraid of him stealing, hurting me and of how he would react if I refused to do something. At that moment STDs never crossed my mind as I was thinking about all these other things. There were times I wish I could have stopped or go slower but I felt like it was too late for me to do that and there was no way back. He knew I was 17.

We also shared nudes.",['\\bam\\s+i\\s+(?:a\\s+)?victim\\b'],"[""\\bi\\s+didn[’']t\\s+know\\b"", '\\bam\\s+i\\s+(?:a\\s+)?victim\\b', ""\\bi\\s+didn[’']t\\s+really\\s+know\\b"", '\\brape\\b']"
115hy9e,rape,I have experienced assault and sexual trauma but still have the mindset of not being able to say I was raped due to knowing people have been through so much worse experiences.,2002nbpan,29,2,False,0,1676734535,/r/rape/comments/115hy9e/i_have_experienced_assault_and_sexual_trauma_but/,"I never dated anyone before I was 19. I was never very open to talking about or interested in discussing physical intimacy with another person. It was mostly due to the fact that I think until you’re 18 you shouldn’t start “doing it” due to consent and things, education should definitely start sooner it’s important to know about the human bodies. I started to learn more and change my mindset after I turned 18, because I was at the age where I could legally give full consent. 
I went to college and met this person who seemed really chill. I was 18 and they were 20. I was in their dorm with them doing homework and was getting overwhelmed so I asked for a hug/cuddle. They then proceeded to kiss me and pin me down. They made me touch their genitalia but didn’t touch mine just groped my chest. There was no discussion and no consent, but I didn’t say no, I didn’t stop them, I went along with it, so I wasn’t sure it was really sexual assault. But regardless it affected me negatively. 

My first ever boyfriend was at 19. I was head over heels, desperate for love and attention. Looking back he just wanted money, someone to drive him around, and a warm body to use as he pleased. I had told him on our first date that I had a bit of trauma around intimacy and he said he understood and had been sexually assaulted too. There were a lot of red flags but I was wearing rose tinted glasses. 
He pressured me to let him go without a condom after not even dating for a week. He pressured me to go down on him after I told him I wasn’t ready. He started touching me while I was asleep without discussing it prior. He initiated while I was having a mental breakdown and was having 5u!c!d4l ideations, I asked what he was doing and he said “I thought this would make you feel better” and continued when all I said was ok in a very confused way. He pressured me to let him finish inside when I had said I wasn’t comfortable with that when I didn’t know if we’d be long term and headed toward a committed relationship. He pressured me to engage in @n@l when I told him that it was something I would not do. He was very selfish, he engaged until he finished and never tried to pleasure me. He would immediately get dressed, lay back down and scroll on his phone. He always had me in a position where he wouldn’t see my face. He constantly brought up CNC. He literally texted me “since we’ve both been sexually assaulted, would you be willing to do rape play with me?” He wanted me to tell him no, struggle against him, and cry while he pinned me down and went at it. It made me uncomfortable but I played along because I thought if I didn’t do what he wanted he wouldn’t love me and he’d leave me. I let him have sex with me whenever he wanted because I didn’t want him to leave me. 

I keep blaming myself. I let it happen so it couldn’t really be sexual assault, it couldn’t really be rape could it? I chose to play along and let him do whatever he wanted thinking that would make him love me more and stay with me forever. 

I feel like I’d be some kind of imposter if I said I’ve been raped. I’ve read and heard people’s stories and they’ve been through so much worse. 

I talked about the fact that he initiated during a mental breakdown and continued without discussion with my therapist recently to try and actually process through things and she told me that was rape and that it was common for sexual assault and rape victims to invalidate themselves because of seeing others as having been through worse/more. 

For awhile I didn’t really think about or try to process that trauma. I just knew it was a thing that happened and I couldn’t tell anyone about it. So I basically repressed it for the last two years. 

I came to the realization he manipulated me in many ways and was mentally abusive.

There was one time he hit me and made my nose bleed, I was laughing and crying I was so confused. We would occasionally play fight but he never motioned toward me with a closed fist, it was typically wrestling around and him pinning me down. But we were standing in the kitchen play fighting softly with open palms and then he suddenly went toward my face with a closed fist and hit my nose and I immediately started bleeding. He said he wasn’t trying to actually hit me and he thought I was going to move. He begged me to not say a word to anyone about it, so I didn’t. 

He was a liar, a cheat, a manipulator, a thief, and an abuser. 

But somehow I still circle back to blaming myself for everything. I feel broken and have for a while.","115hy9e rape I have experienced assault and sexual trauma but still have the mindset of not being able to say I was raped due to knowing people have been through so much worse experiences. 2002nbpan /r/rape/comments/115hy9e/i_have_experienced_assault_and_sexual_trauma_but/ I never dated anyone before I was 19. I was never very open to talking about or interested in discussing physical intimacy with another person. It was mostly due to the fact that I think until you’re 18 you shouldn’t start “doing it” due to consent and things, education should definitely start sooner it’s important to know about the human bodies. I started to learn more and change my mindset after I turned 18, because I was at the age where I could legally give full consent. 
I went to college and met this person who seemed really chill. I was 18 and they were 20. I was in their dorm with them doing homework and was getting overwhelmed so I asked for a hug/cuddle. They then proceeded to kiss me and pin me down. They made me touch their genitalia but didn’t touch mine just groped my chest. There was no discussion and no consent, but I didn’t say no, I didn’t stop them, I went along with it, so I wasn’t sure it was really sexual assault. But regardless it affected me negatively. 

My first ever boyfriend was at 19. I was head over heels, desperate for love and attention. Looking back he just wanted money, someone to drive him around, and a warm body to use as he pleased. I had told him on our first date that I had a bit of trauma around intimacy and he said he understood and had been sexually assaulted too. There were a lot of red flags but I was wearing rose tinted glasses. 
He pressured me to let him go without a condom after not even dating for a week. He pressured me to go down on him after I told him I wasn’t ready. He started touching me while I was asleep without discussing it prior. He initiated while I was having a mental breakdown and was having 5u!c!d4l ideations, I asked what he was doing and he said “I thought this would make you feel better” and continued when all I said was ok in a very confused way. He pressured me to let him finish inside when I had said I wasn’t comfortable with that when I didn’t know if we’d be long term and headed toward a committed relationship. He pressured me to engage in @n@l when I told him that it was something I would not do. He was very selfish, he engaged until he finished and never tried to pleasure me. He would immediately get dressed, lay back down and scroll on his phone. He always had me in a position where he wouldn’t see my face. He constantly brought up CNC. He literally texted me “since we’ve both been sexually assaulted, would you be willing to do rape play with me?” He wanted me to tell him no, struggle against him, and cry while he pinned me down and went at it. It made me uncomfortable but I played along because I thought if I didn’t do what he wanted he wouldn’t love me and he’d leave me. I let him have sex with me whenever he wanted because I didn’t want him to leave me. 

I keep blaming myself. I let it happen so it couldn’t really be sexual assault, it couldn’t really be rape could it? I chose to play along and let him do whatever he wanted thinking that would make him love me more and stay with me forever. 

I feel like I’d be some kind of imposter if I said I’ve been raped. I’ve read and heard people’s stories and they’ve been through so much worse. 

I talked about the fact that he initiated during a mental breakdown and continued without discussion with my therapist recently to try and actually process through things and she told me that was rape and that it was common for sexual assault and rape victims to invalidate themselves because of seeing others as having been through worse/more. 

For awhile I didn’t really think about or try to process that trauma. I just knew it was a thing that happened and I couldn’t tell anyone about it. So I basically repressed it for the last two years. 

I came to the realization he manipulated me in many ways and was mentally abusive.

There was one time he hit me and made my nose bleed, I was laughing and crying I was so confused. We would occasionally play fight but he never motioned toward me with a closed fist, it was typically wrestling around and him pinning me down. But we were standing in the kitchen play fighting softly with open palms and then he suddenly went toward my face with a closed fist and hit my nose and I immediately started bleeding. He said he wasn’t trying to actually hit me and he thought I was going to move. He begged me to not say a word to anyone about it, so I didn’t. 

He was a liar, a cheat, a manipulator, a thief, and an abuser. 

But somehow I still circle back to blaming myself for everything. I feel broken and have for a while.","[""\\bi\\s+didn[’']t\\s+say\\s+no\\b""]","['\\bboyfriend\\b', ""\\bi\\s+didn[’']t\\s+say\\s+no\\b"", ""\\bi\\s+didn[’']t\\s+know\\b"", '\\bassault\\b', '\\brape\\b', ""\\bi\\s+wasn[’']t\\s+sure\\b"", '\\bsexual(?:ly)?\\s+assault(?:ed|s|ing)?\\b']"
10rq9u9,rape,I feel bad for having a rape kink,throway082018,13,7,True,1,1675345813,/r/rape/comments/10rq9u9/i_feel_bad_for_having_a_rape_kink/,"I never talked about my experience in detail with anyone so it feels nice to type this all out, but feel free to ignore this if it triggers you :)

I (20F) was raped by a classmate when we were both 16. I was at a party with one of my closest friends (M17) at the time, I decided it was okay for me to sleep there (extremely dumb and blame myself to this day). I was the only girl, there was only one room, I laid down in the bed and my classmate started running his hands on my body and putting my hands on his (I was also really really drunk, I was throwing up before I even got to the party because I was drinking with other friends). 

I was able to get up because the other guys there were talking about how one of them have never kissed a girl, so I got up and kissed him and went to lay down next to my friend (he was on a mattress on the floor) and tried to fall asleep but a little after my classmate laid behind me and put his hands on me again, I was wearing fishnets and a skirt, he pulled down my fishnets and tried to force himself inside of me and from there it gets blurry. I remember he stopped and typed on his phone something like “let’s continue” and I typed “this isn’t a good place” and he got up and left. 

I don’t know if he was able to penetrate me, there was a little specs of blood (I was a virgin) in my underwear but I thought it was because my period had just ended a few days before but I’ll never know. I went home at 7:30AM and slept until around 3PM, when I got up I felt dirty and took a long shower, I felt a huge discomfort in my private area and wanted to cry, but I didn’t think it was rape at the time because i didn’t say no and when I said it wasn’t a good place he left. 

He asked me jokingly how much I charged for sex once when me and some of my friends were joking around and it made me extremely uncomfortable. 

Now for the title, recently I noticed that I’m into some very brutal stuff when it comes to kinks, including rape kink, I fantasize about it often and it makes me feel so shitty. I can’t make sense of how one day I’ll be crying because I remember that day I was raped and the next day I’ll be fantasizing about being raped again, I don’t know what to do about this I just want to lay down and cry about how much of hypocrite I am.","10rq9u9 rape I feel bad for having a rape kink throway082018 /r/rape/comments/10rq9u9/i_feel_bad_for_having_a_rape_kink/ I never talked about my experience in detail with anyone so it feels nice to type this all out, but feel free to ignore this if it triggers you :)

I (20F) was raped by a classmate when we were both 16. I was at a party with one of my closest friends (M17) at the time, I decided it was okay for me to sleep there (extremely dumb and blame myself to this day). I was the only girl, there was only one room, I laid down in the bed and my classmate started running his hands on my body and putting my hands on his (I was also really really drunk, I was throwing up before I even got to the party because I was drinking with other friends). 

I was able to get up because the other guys there were talking about how one of them have never kissed a girl, so I got up and kissed him and went to lay down next to my friend (he was on a mattress on the floor) and tried to fall asleep but a little after my classmate laid behind me and put his hands on me again, I was wearing fishnets and a skirt, he pulled down my fishnets and tried to force himself inside of me and from there it gets blurry. I remember he stopped and typed on his phone something like “let’s continue” and I typed “this isn’t a good place” and he got up and left. 

I don’t know if he was able to penetrate me, there was a little specs of blood (I was a virgin) in my underwear but I thought it was because my period had just ended a few days before but I’ll never know. I went home at 7:30AM and slept until around 3PM, when I got up I felt dirty and took a long shower, I felt a huge discomfort in my private area and wanted to cry, but I didn’t think it was rape at the time because i didn’t say no and when I said it wasn’t a good place he left. 

He asked me jokingly how much I charged for sex once when me and some of my friends were joking around and it made me extremely uncomfortable. 

Now for the title, recently I noticed that I’m into some very brutal stuff when it comes to kinks, including rape kink, I fantasize about it often and it makes me feel so shitty. I can’t make sense of how one day I’ll be crying because I remember that day I was raped and the next day I’ll be fantasizing about being raped again, I don’t know what to do about this I just want to lay down and cry about how much of hypocrite I am.","[""\\bi\\s+didn[’']t\\s+say\\s+no\\b""]","[""\\bi\\s+didn[’']t\\s+say\\s+no\\b"", '\\bfriend\\b', ""\\bi\\s+don[’']t\\s+know\\b"", '\\brape\\b']"
1056yi1,rape,My father,Slow_Particular448,46,9,False,0,1673042550,/r/rape/comments/1056yi1/my_father/,"… is weird. I hate how he rubs my thigh, how he gropes my butt or touches it at any given time.

I refuse to bend over to get something now. He always slaps my butt.

I’m 15. It’s been happening since 7.

Coming up behind me while im squatting during our exercises just to feel me

I sometimes don’t know if I’m a victim, considering my mom says he was ‘just drunk’

he doesnt drink, though. not anymore that is.

she also likes pointing out my chest and slapping my butt when i bend over. she stopped after i told her what my dad did when i was seven, though. but she didnt do anything about it

Am i a victim..?? or do they just refuse to do anything about it..

I’m not allowed to tell anyone else because my mom’s paranoid I’ll be taken away

She doesnt want me to tell my grandparents
my therapist
psychiatrist
anyone that can help she refuses for me to tell.","1056yi1 rape My father Slow_Particular448 /r/rape/comments/1056yi1/my_father/ … is weird. I hate how he rubs my thigh, how he gropes my butt or touches it at any given time.

I refuse to bend over to get something now. He always slaps my butt.

I’m 15. It’s been happening since 7.

Coming up behind me while im squatting during our exercises just to feel me

I sometimes don’t know if I’m a victim, considering my mom says he was ‘just drunk’

he doesnt drink, though. not anymore that is.

she also likes pointing out my chest and slapping my butt when i bend over. she stopped after i told her what my dad did when i was seven, though. but she didnt do anything about it

Am i a victim..?? or do they just refuse to do anything about it..

I’m not allowed to tell anyone else because my mom’s paranoid I’ll be taken away

She doesnt want me to tell my grandparents
my therapist
psychiatrist
anyone that can help she refuses for me to tell.",['\\bam\\s+i\\s+(?:a\\s+)?victim\\b'],"['\\bam\\s+i\\s+(?:a\\s+)?victim\\b', '\\brape\\b']"
zs6o78,rape,there's no way there's a God bc how could anyone ever just let this stuff keep happening. WASNT ONCE ENOUGH?? WASNT TWICE ENOUGH??? WASNT 3 FUCKING TIMES ENOUGH???? IF THERE IS A GOD I FUCKING HATE HIM AND HE OWES ME AND ANYONE ELSE WHO SUFFERED THIS AN APOLOGY (LONG VENT/RANT/MY STORY IDK),the__adelaide_parade,39,5,True,1,1671668941,/r/rape/comments/zs6o78/theres_no_way_theres_a_god_bc_how_could_anyone/,"Tw for drug use. Yall know the subreddit so other triggers (sa rape grooming abuse) mentioned should be expected.

My step dad did stuff to me when I was 14 and 15. Ever since I've been so fucked up. I have disgusting fetishes and date and fuck just about anyone who gives me attention. And if I find someone who doesn't immediately take advantage of my nievety, high drive, and numbness I fall deeply in love with them to the point of obsession and anxious attachment.

Its like I attract these people. My step dad groomed me and molested me as a teen. I used to remember every detail of it. I hated it and I hated even more that it felt good. After he started messing with me I got a high sex drive. I masturbated a lot to the stuff he did to me. Sometimes I wanted him to do it again only to jack off to it just to end up with a full sobbing breakdown after finishing.

 I started trying to talk about it and ended up further getting groomed on the internet by adults getting off to my stories and telling me what they'd do if they were my dad instead, fucking evil pigs. And I put myself in those situations. I knew they were adults I knew I shouldn't have sent pictures I knew I shouldn't have talked to them. I dont know how many people saw my 16 year old body. They always told me how mature I was. I liked the attention. I wanted to be abused more.

I mean I didn't want it but I did. I have no idea how to explain how much I loved and hated men. I do know I always always wanted to be loved. Despite it all but they'd only ever hurt me or degrade and humiliate me.

Fast forward though abusive relationships and exploitative men to September of 2021. I just broke up with a shitty boyfriend that was the nicest one yet. I was just fucking whoever to get over him. I was safe tho. Condoms, meeting up in public first, things like that, well I had a meet up with someone and when we went back to their house I made it clear I was on my period and was planning on doing dinner and going home. He drugged and raped me and I spent the night bc I wasn't conscious enough to drive or get away. I just remember bits and pieces but I remember him saying he had a breeding kink while raping me and telling me he was gonna finish inside me.

I tried to kill myself after that. Ended up in the hospital and psych ward only to be neglected shamed and preached at by everyone there who encountered me. They gave me fucking crayons like a toddler and I kept having to answer stupid questions about why I was there as if anyone else whod been through what I had wouldnt also be. They treated me like a nutcase. I lost 20 lbs in the span of a week from the OD, having my stomach pumped, and not being able to stomach food only to be told I looked better when I got out because I was skinnier by my male coworker (he only thought I was sick he didn't know the details but still).

Some family took me in when they heard about the suicide attempt and I moved 10 hours away from my hometown. I was given the opportunity to go to school. Back to my usual mediocre/shitty hookups. 

Then I met him. I can't briefly describe how much this man changed my life.. He treated me like a person. He cooked for me. He drove me places. He treated me like a human. We were never a serious relationship. I fell in love with him and it was too much knowing he didn't feel the same way and he was just nice so I ended things back in August.

2 weeks after ""breaking up"" with him I was at a get together with a coworker her bf and their roommate who was a guy.

We were drinking and they raped me and took turns. The coworker had long nails and I got lesions inside. It all hurt so bad I just remember screaming. I remember thinking about the guy I just broke up with and how gentle he'd always been with me as if I wasn't just a fuck doll. I remembered being treated like a human. I was targeted by this coworker I know it. She knew my trauma she pretended to empathize with me and be safe just to get me involved in an orgy that I didn't consent to.

In late October I reached out to the guy I had been seeing before and found out he moved across the country in the time we'd been apart. We started talking again and now we're dating. He says he loves me now. He's buying me a plane ticket to fly me there for valentines day. He was devastated abt hearing what happened hes been nothing but nice and now I'm his girlfriend. Ive never been treated like this. He talks about how beautiful I am. He tells me he loves me and misses me. He hates the people that did these things to me. I love him so much he sees me as a person. He cares about me. He makes sure I drink water. Isn't that funny? He asks me to text him when I get home. He says he wished he knew he loved me sooner. I just hope this doesn't get taken away bc I know who I am. I know that predators know im prey and I know that if this ends ill end up back where I always do.


All that aside idk what I was hoping for in sharing this. Just to get it all out I guess. Im emotional today. I started out typing this angry and sad and now I'm just reminded of how much happier and safer I feel with my boyfriend.

 All I ever wanted was to be loved. I desperately wish I could go back though. I wish I could've gotten out. I wish I didn't end up the way I did. I dont believe in virginity I think its a gross concept but I wish I'd saved it for the guy im with now. Sex with him is how its supposed to be. I wish I hadn't slept with so many people who hurt me and my body. I wish that I could've been shown how to love myself sooner. Because I love myself now. There's so many things I wish I could change. My boyfriend loves me the way a man is supposed to love a woman. I wish I'd know this feeling sooner. Because up until now id only ever been a little girl loved by a man and then a victim used by evil people. Now im a woman loved by a man who treats me like a person deserving of respect and dignity.

I just hope that God, the universe, higher power or whatever doesn't take this away from me. The rug has been pulled out from under me so many times. I dont think my heart can take it one more time. Not when im finally learning to heal again. Ending this as a prayer to whoever is in charge of making things happen. Please don't take this away from me. I just want to live and be loved.","zs6o78 rape there's no way there's a God bc how could anyone ever just let this stuff keep happening. WASNT ONCE ENOUGH?? WASNT TWICE ENOUGH??? WASNT 3 FUCKING TIMES ENOUGH???? IF THERE IS A GOD I FUCKING HATE HIM AND HE OWES ME AND ANYONE ELSE WHO SUFFERED THIS AN APOLOGY (LONG VENT/RANT/MY STORY IDK) the__adelaide_parade /r/rape/comments/zs6o78/theres_no_way_theres_a_god_bc_how_could_anyone/ Tw for drug use. Yall know the subreddit so other triggers (sa rape grooming abuse) mentioned should be expected.

My step dad did stuff to me when I was 14 and 15. Ever since I've been so fucked up. I have disgusting fetishes and date and fuck just about anyone who gives me attention. And if I find someone who doesn't immediately take advantage of my nievety, high drive, and numbness I fall deeply in love with them to the point of obsession and anxious attachment.

Its like I attract these people. My step dad groomed me and molested me as a teen. I used to remember every detail of it. I hated it and I hated even more that it felt good. After he started messing with me I got a high sex drive. I masturbated a lot to the stuff he did to me. Sometimes I wanted him to do it again only to jack off to it just to end up with a full sobbing breakdown after finishing.

 I started trying to talk about it and ended up further getting groomed on the internet by adults getting off to my stories and telling me what they'd do if they were my dad instead, fucking evil pigs. And I put myself in those situations. I knew they were adults I knew I shouldn't have sent pictures I knew I shouldn't have talked to them. I dont know how many people saw my 16 year old body. They always told me how mature I was. I liked the attention. I wanted to be abused more.

I mean I didn't want it but I did. I have no idea how to explain how much I loved and hated men. I do know I always always wanted to be loved. Despite it all but they'd only ever hurt me or degrade and humiliate me.

Fast forward though abusive relationships and exploitative men to September of 2021. I just broke up with a shitty boyfriend that was the nicest one yet. I was just fucking whoever to get over him. I was safe tho. Condoms, meeting up in public first, things like that, well I had a meet up with someone and when we went back to their house I made it clear I was on my period and was planning on doing dinner and going home. He drugged and raped me and I spent the night bc I wasn't conscious enough to drive or get away. I just remember bits and pieces but I remember him saying he had a breeding kink while raping me and telling me he was gonna finish inside me.

I tried to kill myself after that. Ended up in the hospital and psych ward only to be neglected shamed and preached at by everyone there who encountered me. They gave me fucking crayons like a toddler and I kept having to answer stupid questions about why I was there as if anyone else whod been through what I had wouldnt also be. They treated me like a nutcase. I lost 20 lbs in the span of a week from the OD, having my stomach pumped, and not being able to stomach food only to be told I looked better when I got out because I was skinnier by my male coworker (he only thought I was sick he didn't know the details but still).

Some family took me in when they heard about the suicide attempt and I moved 10 hours away from my hometown. I was given the opportunity to go to school. Back to my usual mediocre/shitty hookups. 

Then I met him. I can't briefly describe how much this man changed my life.. He treated me like a person. He cooked for me. He drove me places. He treated me like a human. We were never a serious relationship. I fell in love with him and it was too much knowing he didn't feel the same way and he was just nice so I ended things back in August.

2 weeks after ""breaking up"" with him I was at a get together with a coworker her bf and their roommate who was a guy.

We were drinking and they raped me and took turns. The coworker had long nails and I got lesions inside. It all hurt so bad I just remember screaming. I remember thinking about the guy I just broke up with and how gentle he'd always been with me as if I wasn't just a fuck doll. I remembered being treated like a human. I was targeted by this coworker I know it. She knew my trauma she pretended to empathize with me and be safe just to get me involved in an orgy that I didn't consent to.

In late October I reached out to the guy I had been seeing before and found out he moved across the country in the time we'd been apart. We started talking again and now we're dating. He says he loves me now. He's buying me a plane ticket to fly me there for valentines day. He was devastated abt hearing what happened hes been nothing but nice and now I'm his girlfriend. Ive never been treated like this. He talks about how beautiful I am. He tells me he loves me and misses me. He hates the people that did these things to me. I love him so much he sees me as a person. He cares about me. He makes sure I drink water. Isn't that funny? He asks me to text him when I get home. He says he wished he knew he loved me sooner. I just hope this doesn't get taken away bc I know who I am. I know that predators know im prey and I know that if this ends ill end up back where I always do.


All that aside idk what I was hoping for in sharing this. Just to get it all out I guess. Im emotional today. I started out typing this angry and sad and now I'm just reminded of how much happier and safer I feel with my boyfriend.

 All I ever wanted was to be loved. I desperately wish I could go back though. I wish I could've gotten out. I wish I didn't end up the way I did. I dont believe in virginity I think its a gross concept but I wish I'd saved it for the guy im with now. Sex with him is how its supposed to be. I wish I hadn't slept with so many people who hurt me and my body. I wish that I could've been shown how to love myself sooner. Because I love myself now. There's so many things I wish I could change. My boyfriend loves me the way a man is supposed to love a woman. I wish I'd know this feeling sooner. Because up until now id only ever been a little girl loved by a man and then a victim used by evil people. Now im a woman loved by a man who treats me like a person deserving of respect and dignity.

I just hope that God, the universe, higher power or whatever doesn't take this away from me. The rug has been pulled out from under me so many times. I dont think my heart can take it one more time. Not when im finally learning to heal again. Ending this as a prayer to whoever is in charge of making things happen. Please don't take this away from me. I just want to live and be loved.","[""\\bi\\s+didn[’']t\\s+consent\\b""]","['\\bboyfriend\\b', ""\\bi\\s+didn[’']t\\s+consent\\b"", '\\bidk+k*\\b', '\\bsa\\b', '\\brape\\b', '\\bgirlfriend\\b', '\\bmolest(?:ed|ation|ations)?\\b']"
zndu4h,rape,Is this sexual assault,Thick-Nobody9601,15,26,False,0,1671194696,/r/rape/comments/zndu4h/is_this_sexual_assault/,"I agreed to do anal sex with my partner, it hurt to much and I told him to stop and he said no and kept going
Is this assault as I agreed to do it in the first place","zndu4h rape Is this sexual assault Thick-Nobody9601 /r/rape/comments/zndu4h/is_this_sexual_assault/ I agreed to do anal sex with my partner, it hurt to much and I told him to stop and he said no and kept going
Is this assault as I agreed to do it in the first place",['\\bis\\s+this\\s+(?:sa|sexual\\s+assault)\\b'],"['\\bpartner\\b', '\\bis\\s+this\\s+(?:sa|sexual\\s+assault)\\b', '\\bassault\\b', '\\brape\\b', '\\bsexual(?:ly)?\\s+assault(?:ed|s|ing)?\\b']"
zmsnom,rape,not sure whether i was raped or not,deadparentgang,11,3,False,0,1671129901,/r/rape/comments/zmsnom/not_sure_whether_i_was_raped_or_not/,"i (18F) was dating a guy (now my ex) when i was 15 who i lost my virginity to. we were on a camping trip with my family about a month after we started dating, and we had talked about maybe having sex at one point but we hadn’t really discussed when (especially since it would be my first time but not his). of course, we’re alone in the tent (which we shared with my FAMILY) and my mom was sitting outside behind it inside the car and couldn’t see or hear anything. im not sure where the rest of my family was at this moment.

at this point we’re just cuddling and then he  flips me over and pulls my pants down without saying anything/asking if i wanted to have sex. i told him i didn’t feel comfortable because my mom was so close and i was worried she would see/hear us, but he told me it was fine. he was being kind of aggressive about it and i just went along with it even though it hurt because i felt bad saying no. it only lasted for like a minute but afterwards i felt really off but i thought that bc i had wanted to have sex with him at some point, that it was okay.

we ended up having sex twice after that, one other time while we were literally in the tent WITH my family and everyone was sleeping, again with me telling him i was uncomfortable because they were so close, but i was also sad and crying because i had been fighting with my family about something and i felt like the argument was my fault and like i was an asshole. i don’t know if this was him taking advantage of the fact that i was sad, me feeling like sex would help me feel better, or me again feeling bad if i said no. the other time we did it, i told him i wanted to and that time was fine and there wasn’t any issues. i know i for sure wanted to do it then.

everytime after that when we had sex, i wanted to, but i never felt like it was special to him in the way that it was to me. he had been with a few other people before and i kinda just felt like another number to him. not to mention one of my friends at the time told me a rumor that he had raped his ex, but i never confirmed this with him because i didn’t want him to think i was accusing him of anything. he also eventually cheated on me with his best friends girlfriend at some point, maybe multiple times, but again, i never confirmed this with him because i didn’t find out until a year and a half after we brokeup (his then-bestfriend told me). he was also bipolar, in love with his ex, suicidal, gaslit the living shit out of me and lied about everything he could when we were together.

im not really sure what to make of this. i know it was 3 years ago but im just realizing this now that he may have coerced me and that it wasn’t a mutual agreement for my first time.","zmsnom rape not sure whether i was raped or not deadparentgang /r/rape/comments/zmsnom/not_sure_whether_i_was_raped_or_not/ i (18F) was dating a guy (now my ex) when i was 15 who i lost my virginity to. we were on a camping trip with my family about a month after we started dating, and we had talked about maybe having sex at one point but we hadn’t really discussed when (especially since it would be my first time but not his). of course, we’re alone in the tent (which we shared with my FAMILY) and my mom was sitting outside behind it inside the car and couldn’t see or hear anything. im not sure where the rest of my family was at this moment.

at this point we’re just cuddling and then he  flips me over and pulls my pants down without saying anything/asking if i wanted to have sex. i told him i didn’t feel comfortable because my mom was so close and i was worried she would see/hear us, but he told me it was fine. he was being kind of aggressive about it and i just went along with it even though it hurt because i felt bad saying no. it only lasted for like a minute but afterwards i felt really off but i thought that bc i had wanted to have sex with him at some point, that it was okay.

we ended up having sex twice after that, one other time while we were literally in the tent WITH my family and everyone was sleeping, again with me telling him i was uncomfortable because they were so close, but i was also sad and crying because i had been fighting with my family about something and i felt like the argument was my fault and like i was an asshole. i don’t know if this was him taking advantage of the fact that i was sad, me feeling like sex would help me feel better, or me again feeling bad if i said no. the other time we did it, i told him i wanted to and that time was fine and there wasn’t any issues. i know i for sure wanted to do it then.

everytime after that when we had sex, i wanted to, but i never felt like it was special to him in the way that it was to me. he had been with a few other people before and i kinda just felt like another number to him. not to mention one of my friends at the time told me a rumor that he had raped his ex, but i never confirmed this with him because i didn’t want him to think i was accusing him of anything. he also eventually cheated on me with his best friends girlfriend at some point, maybe multiple times, but again, i never confirmed this with him because i didn’t find out until a year and a half after we brokeup (his then-bestfriend told me). he was also bipolar, in love with his ex, suicidal, gaslit the living shit out of me and lied about everything he could when we were together.

im not really sure what to make of this. i know it was 3 years ago but im just realizing this now that he may have coerced me and that it wasn’t a mutual agreement for my first time.",['\\bi\\s+just\\s+went\\s+along\\s+with\\s+it\\b'],"['\\bi\\s+just\\s+went\\s+along\\s+with\\s+it\\b', ""\\bi\\s+don[’']t\\s+know\\b"", ""\\bi[’']?m\\s+not\\s+sure\\b"", '\\brape\\b', '\\bgirlfriend\\b']"
zahp8i,rape,Was it sexual assault?,mtn52001,18,28,False,0,1669975410,/r/rape/comments/zahp8i/was_it_sexual_assault/,"In HS a female acquaintance came up to me and grabbed me by my penis, in front of my friends. I was shocked and felt put on the spot. But I didn’t say anything because at the time I was still closeted and wanted to fight the gay allegations.

However when I got home, I fantasized about it going further and masturbated a couple times. So I never was able to tell if it was SA or not. I had very high libido as a teenager, and even tho I consider myself 95% homosexual, there’s a part of me that wouldn’t mind experimenting w a woman. I don’t consider myself bisexual tho. But regardless of sexuality or what I did, I didn’t express or imply consent to being grabbed in that manner.  I definitely looked at that friend a bit differently after that, and til today I still feel some resentment. 

Was I sexually assaulted or am I just confused?","zahp8i rape Was it sexual assault? mtn52001 /r/rape/comments/zahp8i/was_it_sexual_assault/ In HS a female acquaintance came up to me and grabbed me by my penis, in front of my friends. I was shocked and felt put on the spot. But I didn’t say anything because at the time I was still closeted and wanted to fight the gay allegations.

However when I got home, I fantasized about it going further and masturbated a couple times. So I never was able to tell if it was SA or not. I had very high libido as a teenager, and even tho I consider myself 95% homosexual, there’s a part of me that wouldn’t mind experimenting w a woman. I don’t consider myself bisexual tho. But regardless of sexuality or what I did, I didn’t express or imply consent to being grabbed in that manner.  I definitely looked at that friend a bit differently after that, and til today I still feel some resentment. 

Was I sexually assaulted or am I just confused?",['\\bwas\\s+i\\s+sexually\\s+assaulted\\b'],"['\\bsa\\b', '\\bassault\\b', '\\brape\\b', '\\bwas\\s+i\\s+sexually\\s+assaulted\\b', '\\bfriend\\b', '\\bsexual(?:ly)?\\s+assault(?:ed|s|ing)?\\b']"
xa0jmp,rape,Is this SA??,GoddessOfTheUnwanted,6,4,False,0,1662742421,/r/rape/comments/xa0jmp/is_this_sa/,"Idk if this is necessary but I'm under 16 and I'm sorry if I'm not allowed to be here. I'm new to Reddit and I don't know the rules.

Alr so when I (F) was around 4-5? I had this neighbor (F20s) who used to babysit me and my sister whenever my mom goes to work(she works the night shift most of time). Whenever we would go to bed she would make me do inappropriate stuff such as kiss her, suck her n1ppl3s, touch her, put her tongue in my mouth etc. 

I let her do those stuff and she never touched my private parts so idk I think I'm being dramatic??","xa0jmp rape Is this SA?? GoddessOfTheUnwanted /r/rape/comments/xa0jmp/is_this_sa/ Idk if this is necessary but I'm under 16 and I'm sorry if I'm not allowed to be here. I'm new to Reddit and I don't know the rules.

Alr so when I (F) was around 4-5? I had this neighbor (F20s) who used to babysit me and my sister whenever my mom goes to work(she works the night shift most of time). Whenever we would go to bed she would make me do inappropriate stuff such as kiss her, suck her n1ppl3s, touch her, put her tongue in my mouth etc. 

I let her do those stuff and she never touched my private parts so idk I think I'm being dramatic??",['\\bis\\s+this\\s+(?:sa|sexual\\s+assault)\\b'],"['\\bis\\s+this\\s+(?:sa|sexual\\s+assault)\\b', ""\\bi\\s+don[’']t\\s+know\\b"", '\\bidk+k*\\b', '\\bsa\\b', '\\brape\\b']"
wm4bz6,rape,was i sexually assaulted? please help,nccoyne,20,17,True,5,1660257165,/r/rape/comments/wm4bz6/was_i_sexually_assaulted_please_help/,"A friend (female) and I (female) had a few drinks last night. Neither of us were drunk, but we both were tipsy. She started trying to kiss me, which I was initially okay with, but she kept going and trying to give me hickeys. She kept pulling me onto her, even though I tried to pull away, and kept trying to make out with me, quite literally forcing her tongue down my throat. I said no several times, it was obvious I didn’t want to, but she kept going. She tried to unbutton my jeans, I moved away, so she just put her hand down them instead and started touching me, and then started fingering me. I kept trying to move, but it was awkward based on the position we were both in. I didn’t want to hurt her, at all, but I had to shove her and make her leave. I feel violated, but idk if it’s a big deal or not because I knew she had had a few drinks. Can someone tell me what they think this was?","wm4bz6 rape was i sexually assaulted? please help nccoyne /r/rape/comments/wm4bz6/was_i_sexually_assaulted_please_help/ A friend (female) and I (female) had a few drinks last night. Neither of us were drunk, but we both were tipsy. She started trying to kiss me, which I was initially okay with, but she kept going and trying to give me hickeys. She kept pulling me onto her, even though I tried to pull away, and kept trying to make out with me, quite literally forcing her tongue down my throat. I said no several times, it was obvious I didn’t want to, but she kept going. She tried to unbutton my jeans, I moved away, so she just put her hand down them instead and started touching me, and then started fingering me. I kept trying to move, but it was awkward based on the position we were both in. I didn’t want to hurt her, at all, but I had to shove her and make her leave. I feel violated, but idk if it’s a big deal or not because I knew she had had a few drinks. Can someone tell me what they think this was?",['\\bwas\\s+i\\s+sexually\\s+assaulted\\b'],"['\\bidk+k*\\b', '\\brape\\b', '\\bwas\\s+i\\s+sexually\\s+assaulted\\b', '\\bfriend\\b', '\\bsexual(?:ly)?\\s+assault(?:ed|s|ing)?\\b']"
wbthai,rape,I think I was assaulted by my gynecologist,canonell,6,7,True,3,1659173108,/r/rape/comments/wbthai/i_think_i_was_assaulted_by_my_gynecologist/,"I had to go to the gynecologist due to health issues in the area, and I was extremely anxious about getting a pelvic exam due to significant sexual trauma. I told her about my trauma, to which she was rather insensitive. I also told her I had severe pain upon penetration and had had it for as long as I can remember. When she examined me, I don't remember if she told me what she was going to do first (which I know might be crucial but I was super disassociated) but she inserted her finger really fast, which immediately triggered a trauma response and I started having a severe panic attack. Then, when she tried to insert the speculum, it was instantly excruciating. I instinctually started clamping my legs shut, which she pried opened and told me to ""just relax"" which triggered me even more. I was shuffling up the chair trying to get away from her but she wouldn't stop and continued to tell me to relax. I couldn't even say no I was so shocked. My legs kept involuntarily closing which she kept fighting. Afterwards she told me I had vaginismus, which she obviously knew fairly early into the exam. I have been significantly traumatised by this experience and an terrified to go back to any gynecologist, which sucks because I really need to get my physical issues sorted. Was this assault or rape? I don't know because I didn't say no but my trauma therapist says it was.","wbthai rape I think I was assaulted by my gynecologist canonell /r/rape/comments/wbthai/i_think_i_was_assaulted_by_my_gynecologist/ I had to go to the gynecologist due to health issues in the area, and I was extremely anxious about getting a pelvic exam due to significant sexual trauma. I told her about my trauma, to which she was rather insensitive. I also told her I had severe pain upon penetration and had had it for as long as I can remember. When she examined me, I don't remember if she told me what she was going to do first (which I know might be crucial but I was super disassociated) but she inserted her finger really fast, which immediately triggered a trauma response and I started having a severe panic attack. Then, when she tried to insert the speculum, it was instantly excruciating. I instinctually started clamping my legs shut, which she pried opened and told me to ""just relax"" which triggered me even more. I was shuffling up the chair trying to get away from her but she wouldn't stop and continued to tell me to relax. I couldn't even say no I was so shocked. My legs kept involuntarily closing which she kept fighting. Afterwards she told me I had vaginismus, which she obviously knew fairly early into the exam. I have been significantly traumatised by this experience and an terrified to go back to any gynecologist, which sucks because I really need to get my physical issues sorted. Was this assault or rape? I don't know because I didn't say no but my trauma therapist says it was.","[""\\bi\\s+didn[’']t\\s+say\\s+no\\b""]","[""\\bi\\s+didn[’']t\\s+say\\s+no\\b"", ""\\bi\\s+don[’']t\\s+know\\b"", '\\bassault\\b', '\\brape\\b']"
vi5ikg,rape,"I think I was raped at 14, and I am only just coming to terms with it.",pommiej,24,13,True,4,1655905173,/r/rape/comments/vi5ikg/i_think_i_was_raped_at_14_and_i_am_only_just/,"when I was 14 I was dating this guy. I was in love with him. I am now 19 in a committed 3 year relationship and as I look back on my first relationship I really do believe I was in love with this guy, or as in love as a 14 year old can be. should also mention I am a female, and my then boyfriend was in my year at school and was 15 at the time.

being 14, we were experimenting with things sexually (I know, we were young). we did pretty much everything apart from penetrative sex. I had told him I didn't want to have sex until we could get condoms for obvious reasons. I also told him I didn't want to have sex until I was 15, because I didn't want to grow up and know that id lost my virginity at 14 as it just is so young, and 15 sounded better in my head.

this boy slowly started losing interest in me as a person; he wouldn't make any effort to talk to me in school, barely spoke to me on text despite being online (texting other girls, which I knew but wouldn't admit to myself) and the only times we would ever talk was the one time a week he would come to my house or I would go to his house after school. he just didn't want anything to do with me and silly 14 year old me should have taken that as a hint. he would still be super sexual with me when we were together, which confused me at the time but now it makes perfect sense as I look back on it...

one time we were making out in my room and we were both feeling each other up with nothing on from the waist down. nothing happened apart from some grinding and touching. it was the closest I felt we could go before having sex. however, we did this a second time and he put his penis inside me. I didn't really know what was happening, I just kinda let it happen. I didn't resist or say anything. but I didn't want it to happen. he came inside me within literally 5 or so seconds, so I didn't even have time to process before the major damage was done. shortly after this, maybe a week later, we broke up as he liked another girl and he cussed me out calling me a slut (this broke me, I was in bits for months after we split even though he was a wanker).

ive never really been traumatised by this as it wasn't really traumatic. I loved him and I obviously wanted to please him by letting it happen and hoped it would make him change his feelings toward me. but now, at 19, I cry for my 14 year old self. I was just a child (and I still feel that I am to some degree) and I had no self respect. I'm angry I let this happen and I never really considered it sexual assault. its only recently that I've actually begun to accept that this was sexual assault and I did not consent to this, and he knew this as I had previously had in depth conversations with him regarding the matter.","vi5ikg rape I think I was raped at 14, and I am only just coming to terms with it. pommiej /r/rape/comments/vi5ikg/i_think_i_was_raped_at_14_and_i_am_only_just/ when I was 14 I was dating this guy. I was in love with him. I am now 19 in a committed 3 year relationship and as I look back on my first relationship I really do believe I was in love with this guy, or as in love as a 14 year old can be. should also mention I am a female, and my then boyfriend was in my year at school and was 15 at the time.

being 14, we were experimenting with things sexually (I know, we were young). we did pretty much everything apart from penetrative sex. I had told him I didn't want to have sex until we could get condoms for obvious reasons. I also told him I didn't want to have sex until I was 15, because I didn't want to grow up and know that id lost my virginity at 14 as it just is so young, and 15 sounded better in my head.

this boy slowly started losing interest in me as a person; he wouldn't make any effort to talk to me in school, barely spoke to me on text despite being online (texting other girls, which I knew but wouldn't admit to myself) and the only times we would ever talk was the one time a week he would come to my house or I would go to his house after school. he just didn't want anything to do with me and silly 14 year old me should have taken that as a hint. he would still be super sexual with me when we were together, which confused me at the time but now it makes perfect sense as I look back on it...

one time we were making out in my room and we were both feeling each other up with nothing on from the waist down. nothing happened apart from some grinding and touching. it was the closest I felt we could go before having sex. however, we did this a second time and he put his penis inside me. I didn't really know what was happening, I just kinda let it happen. I didn't resist or say anything. but I didn't want it to happen. he came inside me within literally 5 or so seconds, so I didn't even have time to process before the major damage was done. shortly after this, maybe a week later, we broke up as he liked another girl and he cussed me out calling me a slut (this broke me, I was in bits for months after we split even though he was a wanker).

ive never really been traumatised by this as it wasn't really traumatic. I loved him and I obviously wanted to please him by letting it happen and hoped it would make him change his feelings toward me. but now, at 19, I cry for my 14 year old self. I was just a child (and I still feel that I am to some degree) and I had no self respect. I'm angry I let this happen and I never really considered it sexual assault. its only recently that I've actually begun to accept that this was sexual assault and I did not consent to this, and he knew this as I had previously had in depth conversations with him regarding the matter.",['\\bconsider(?:ed)?\\s+(?:it\\s+)?(?:sa|sexual\\s+assault)\\b'],"[""\\bi\\s+didn[’']t\\s+really\\s+know\\b"", '\\bboyfriend\\b', '\\bassault\\b', '\\brape\\b', '\\bconsider(?:ed)?\\s+(?:it\\s+)?(?:sa|sexual\\s+assault)\\b', '\\bsexual(?:ly)?\\s+assault(?:ed|s|ing)?\\b']"
u9329j,rape,My BF raped me,[deleted],49,11,True,5,1650591489,/r/rape/comments/u9329j/my_bf_raped_me/,"
I went over to his house to watch a movie. His brother watched it with us. Afterward we went up to his room. I wanted to go up because I wanted to make out. Like we always do

He tried to use his fingers on me but I said no.

He climbed on me and I let him rub himself on me.  It felt nice.

He yanked my pants down and I said no. 

He pulled himself out of his pants and I said no. 

He forced my legs open and I begged him not to.

He entered me and I cried and begged him to stop.

He whispered I'm so sorry in my ear while he raped me. 

He caressed my face and hair and whispered that it would all be over soon. 

Just let me cum and I'll let you up

But as he got closer he changed. He stopped apologizing and got mean.

He started saying I made him do it because I was a tease.

He said he could tell I liked it.

He said he loved the way his cock looked sliding in and out of me.

Finally he was done. He collapsed on top of me and said see it wasn't that bad.

Then he told me I should go before his parents got home and found me in his room.

I walked home in a daze.

I wanted to tell my dad but when I got home and saw him sitting on the couch I freaked and just ran to my room.

Then I went and showered him off of me.","u9329j rape My BF raped me [deleted] /r/rape/comments/u9329j/my_bf_raped_me/ 
I went over to his house to watch a movie. His brother watched it with us. Afterward we went up to his room. I wanted to go up because I wanted to make out. Like we always do

He tried to use his fingers on me but I said no.

He climbed on me and I let him rub himself on me.  It felt nice.

He yanked my pants down and I said no. 

He pulled himself out of his pants and I said no. 

He forced my legs open and I begged him not to.

He entered me and I cried and begged him to stop.

He whispered I'm so sorry in my ear while he raped me. 

He caressed my face and hair and whispered that it would all be over soon. 

Just let me cum and I'll let you up

But as he got closer he changed. He stopped apologizing and got mean.

He started saying I made him do it because I was a tease.

He said he could tell I liked it.

He said he loved the way his cock looked sliding in and out of me.

Finally he was done. He collapsed on top of me and said see it wasn't that bad.

Then he told me I should go before his parents got home and found me in his room.

I walked home in a daze.

I wanted to tell my dad but when I got home and saw him sitting on the couch I freaked and just ran to my room.

Then I went and showered him off of me.","[""\\bit\\s+wasn[’']t\\s+that\\s+bad\\b""]","[""\\bit\\s+wasn[’']t\\s+that\\s+bad\\b"", '\\brape\\b']"
tmn8l8,rape,Was this SA? I'm so confused and need reassurance to not feel like a fraud,Normal_Orange9947,25,9,True,2,1648140772,/r/rape/comments/tmn8l8/was_this_sa_im_so_confused_and_need_reassurance/,"Back when I was 15, I had a boyfriend who was super pushy about sex. We would be kissing and making out which I was completely fine with but then he would either get on top of me or put me on top on him and like ""line up"" his penis with my vagina and try to have sex. When he would do this, I would stop kissing him and would try and squirm away in the most discrete way possible. I was scared to say no but every time I thought he had inserted himself a rush of fear and anxiety overwhelmed me. I would feel so awful every time and he would just be like ""maybe next time."" I would always dread being alone with him because I didn't want this to happen. Finally I had either convinced myself that I wanted it or was tired of the constant fear and anxiety that when he had put me on top on him and pushed me down I just went along with it. When I think of it now, a wave of disgust, anxiety, and fear with myself and what happened washes over me. I just felt so worn down at the time and I didn't want to continue with him trying so I just got it over with. I don't know if this is sexual assault, I feel like it is but I feel so responsible. I didn't want to have sex at all but I never said no directly and I feel like a liar when I saw I was assaulted. I feel like i'm just pretending and it actually was consensual cause i went along with it and didn't say no. Also, when I was 14, one of my brother's friends tried to get with me (he was 17-18 at the time) and had often pushed my head down to give him a BJ and just did a lot of sexual stuff with me which again, I didn't want to, but I also never said no and I kept going back to see him (that's a whole other horrible story). So my previous sexual experiences before my boyfriend when I was 15 weren't very good. I just feel like if I was really assaulted I wouldn't have gone back to either of them each time. I'm in college now and in one of my classes we are discussing sexual assault. I just really need reassurance to not constantly feel like a liar and fraud. So from what I have said, do you guy's think that what happened was actual sexual assault or am I just over exaggerating. The last thing I want to do is make it so that I am diminishing the experiences of true survivors by claiming that my experiences were sexual assault.","tmn8l8 rape Was this SA? I'm so confused and need reassurance to not feel like a fraud Normal_Orange9947 /r/rape/comments/tmn8l8/was_this_sa_im_so_confused_and_need_reassurance/ Back when I was 15, I had a boyfriend who was super pushy about sex. We would be kissing and making out which I was completely fine with but then he would either get on top of me or put me on top on him and like ""line up"" his penis with my vagina and try to have sex. When he would do this, I would stop kissing him and would try and squirm away in the most discrete way possible. I was scared to say no but every time I thought he had inserted himself a rush of fear and anxiety overwhelmed me. I would feel so awful every time and he would just be like ""maybe next time."" I would always dread being alone with him because I didn't want this to happen. Finally I had either convinced myself that I wanted it or was tired of the constant fear and anxiety that when he had put me on top on him and pushed me down I just went along with it. When I think of it now, a wave of disgust, anxiety, and fear with myself and what happened washes over me. I just felt so worn down at the time and I didn't want to continue with him trying so I just got it over with. I don't know if this is sexual assault, I feel like it is but I feel so responsible. I didn't want to have sex at all but I never said no directly and I feel like a liar when I saw I was assaulted. I feel like i'm just pretending and it actually was consensual cause i went along with it and didn't say no. Also, when I was 14, one of my brother's friends tried to get with me (he was 17-18 at the time) and had often pushed my head down to give him a BJ and just did a lot of sexual stuff with me which again, I didn't want to, but I also never said no and I kept going back to see him (that's a whole other horrible story). So my previous sexual experiences before my boyfriend when I was 15 weren't very good. I just feel like if I was really assaulted I wouldn't have gone back to either of them each time. I'm in college now and in one of my classes we are discussing sexual assault. I just really need reassurance to not constantly feel like a liar and fraud. So from what I have said, do you guy's think that what happened was actual sexual assault or am I just over exaggerating. The last thing I want to do is make it so that I am diminishing the experiences of true survivors by claiming that my experiences were sexual assault.","['\\bwas\\s+this\\s+(?:sa|sexual\\s+assault)\\b', '\\bi\\s+just\\s+went\\s+along\\s+with\\s+it\\b']","['\\bi\\s+just\\s+went\\s+along\\s+with\\s+it\\b', '\\bboyfriend\\b', ""\\bi\\s+don[’']t\\s+know\\b"", '\\bsa\\b', '\\bwas\\s+this\\s+(?:sa|sexual\\s+assault)\\b', '\\bassault\\b', '\\brape\\b', '\\bsexual(?:ly)?\\s+assault(?:ed|s|ing)?\\b']"
tgpi30,rape,Is this sexual assault..?(Please read),VinnyChargerMajor,9,9,True,4,1647565892,/r/rape/comments/tgpi30/is_this_sexual_assaultplease_read/,I was 8 he was 13 and hes a relative that I had begged to have a sleepover with because we were close.. the night is very vague as Im 15 now but I remember him playing with me I don’t remember anything of consenting or what not but I was 8… How was I supposed to know? I guess Im just trying to see if Im at fault here or not… because hes so close in families and stuff other stuff has happened since making me feel even more sure I never consented as of now Im finally able to feel comfortable with this one person but its all online and im unsure of what to think will happen if we meet in person which hopefully will happen this summer … thoughts?,tgpi30 rape Is this sexual assault..?(Please read) VinnyChargerMajor /r/rape/comments/tgpi30/is_this_sexual_assaultplease_read/ I was 8 he was 13 and hes a relative that I had begged to have a sleepover with because we were close.. the night is very vague as Im 15 now but I remember him playing with me I don’t remember anything of consenting or what not but I was 8… How was I supposed to know? I guess Im just trying to see if Im at fault here or not… because hes so close in families and stuff other stuff has happened since making me feel even more sure I never consented as of now Im finally able to feel comfortable with this one person but its all online and im unsure of what to think will happen if we meet in person which hopefully will happen this summer … thoughts?,['\\bis\\s+this\\s+(?:sa|sexual\\s+assault)\\b'],"['\\bis\\s+this\\s+(?:sa|sexual\\s+assault)\\b', '\\bsexual(?:ly)?\\s+assault(?:ed|s|ing)?\\b', '\\bassault\\b', '\\brape\\b']"
t22y7s,rape,Am I overreacting,Ok-Hamster1159,4,9,True,4,1645898266,/r/rape/comments/t22y7s/am_i_overreacting/,"Ok I'll try to make this as short as possible while still keeping all the details in. ((If u want to skip added context I'll add a ☆☆☆in front of the important parts, I know this is long)))

A guy I'd been talking to had mentioned hanging out last night. He hadn't texted me all day so I wasn't sure if we were still hanging out, and my friends wanted to drink. So I texted him (a * before it is his text)

hey we hanging later or nah I j wanna know if I should drink or no

*Do what you wanna do

ok imma drink then

*Ok

(Flash forward a few hours, I'm plastered out of my mind) 

*u wanna come over

yea

*come on over them

bet
leaving now

*Ok

jk I'm drunk 

*Say less

Leaving now

*mhm

And then I told him I was there.
 So I get to his dorm hall and he lets me in obviously he knows I'm f****** plastered so before I can even go up the steps to get to his room he grabs me by the back of my shirt and pulls me close in to him and says ""straighten up"" and like walks me up the stairs because there were people out there and I guess he didn't want them knowing I was drunk or anything.

 So we're in his room and we've been talking for a little bit and he lies down on his bed and I sit down and lay down beside him on the bed. And he goes ""woah now don't be trying to get on top of me""But I wasn't even trying to I was literally just laying down beside him. He kept saying that he didn't know if I should be over cause I was so drunk and he didn't want any allegations but I said we're not gonna have sex so it was OK. 

 Then my friends find his Instagram account and text him checking in on me cause  apparently I ran over there and they were worried if I made it there or not. So he's like ""wtf"" and starts to type out for one of my friends to come get me but then deletes it before sending and video calls her instead. She states that she just wanted to make sure I made it safely over there, and make sure I'm safe. So I tell her ""don't worry, we're not gonna have sex or do anything "" and he's like ""yea we're not gonna fuck she's fucked up"" and we both establish and clarify we're not gonna have sex.

So we hangup and stuff and just hangout and then he calls one of his teammates  and says, ""yo bro is it wrong if a girl's intoxicated and she's trynna give u top"" (I was not trying to like we had not kissed at this point or grabbed or fondled anything, I was standing across the room when he said that) and his teammate said, ""idk bro, have u both been drinking?"" He says ""yea"" (he had not been drinking. He was sober.  In fact, I know he smokes w friends so I had asked him earlier if he was high and he said no so he had nothing in his system.) And his teammate goes, ""well if ur both intoxicated and don't have sex it should b fine"". And then I can't remember exact details bit the phone call ended.

I think I sat down on the bed and talked more and then said I had to pee so I got up to use the bathroom and when I did he said something about wanting to give me head when I got back. Can't rlly remember just remember he had a huge boner lol

★★★★★★

Anyways I get back from bathroom and he tells me to get on the bed (doggy style) and when I do he says ""I don't know if I should even be giving you head right now"" and I said ""well as long as we don't have sex it's fine"".

He gave me head from the back for a little and then said ""get on ur back"" so I did, and then he put his dick in me. No warning, no asking, he just put it in. We had established MULTIPLE times, that we were not gonna have sex that night because i was so fucked up and he was sober. And my friends can attest because i told them and he told them we weren't going to fuck bc they were wordied for me. Especially bc i had been raped by someone who was sober while i was drunk before. (It was way worse and different than this tho) he went for like 5 strokes and then pulled out, actually now that I'm thinking about it I don't know how long it lasted. I can't really remember and my brains a little fuzzy bc of how drunk I was. I just know it wasn't long at all, maybe 2 minutes at most. Which makes me think he knew it was wrong. I had said that we were not going to have sex. He had said we weren't going to have sex. I told my friends he wasn't gonna try anything like that. And then he did that.

That is sex right??? I don't know if rape is too strong a word for what happened. I didn't say no. To be fair I didn't know he was gonna put it in until he did tho.

★★★★★★


I have been raped by someone when I was blackout drunk and they were completely sober before, u can see my earlier post. Did I get raped again? I feel like I did. Especially because we had established we weren't gonna have sex. And he was completely sober. And showed signs of knowing that he shouldn't do anything with me because I was so drunk.

Is this rape?","t22y7s rape Am I overreacting Ok-Hamster1159 /r/rape/comments/t22y7s/am_i_overreacting/ Ok I'll try to make this as short as possible while still keeping all the details in. ((If u want to skip added context I'll add a ☆☆☆in front of the important parts, I know this is long)))

A guy I'd been talking to had mentioned hanging out last night. He hadn't texted me all day so I wasn't sure if we were still hanging out, and my friends wanted to drink. So I texted him (a * before it is his text)

hey we hanging later or nah I j wanna know if I should drink or no

*Do what you wanna do

ok imma drink then

*Ok

(Flash forward a few hours, I'm plastered out of my mind) 

*u wanna come over

yea

*come on over them

bet
leaving now

*Ok

jk I'm drunk 

*Say less

Leaving now

*mhm

And then I told him I was there.
 So I get to his dorm hall and he lets me in obviously he knows I'm f****** plastered so before I can even go up the steps to get to his room he grabs me by the back of my shirt and pulls me close in to him and says ""straighten up"" and like walks me up the stairs because there were people out there and I guess he didn't want them knowing I was drunk or anything.

 So we're in his room and we've been talking for a little bit and he lies down on his bed and I sit down and lay down beside him on the bed. And he goes ""woah now don't be trying to get on top of me""But I wasn't even trying to I was literally just laying down beside him. He kept saying that he didn't know if I should be over cause I was so drunk and he didn't want any allegations but I said we're not gonna have sex so it was OK. 

 Then my friends find his Instagram account and text him checking in on me cause  apparently I ran over there and they were worried if I made it there or not. So he's like ""wtf"" and starts to type out for one of my friends to come get me but then deletes it before sending and video calls her instead. She states that she just wanted to make sure I made it safely over there, and make sure I'm safe. So I tell her ""don't worry, we're not gonna have sex or do anything "" and he's like ""yea we're not gonna fuck she's fucked up"" and we both establish and clarify we're not gonna have sex.

So we hangup and stuff and just hangout and then he calls one of his teammates  and says, ""yo bro is it wrong if a girl's intoxicated and she's trynna give u top"" (I was not trying to like we had not kissed at this point or grabbed or fondled anything, I was standing across the room when he said that) and his teammate said, ""idk bro, have u both been drinking?"" He says ""yea"" (he had not been drinking. He was sober.  In fact, I know he smokes w friends so I had asked him earlier if he was high and he said no so he had nothing in his system.) And his teammate goes, ""well if ur both intoxicated and don't have sex it should b fine"". And then I can't remember exact details bit the phone call ended.

I think I sat down on the bed and talked more and then said I had to pee so I got up to use the bathroom and when I did he said something about wanting to give me head when I got back. Can't rlly remember just remember he had a huge boner lol

★★★★★★

Anyways I get back from bathroom and he tells me to get on the bed (doggy style) and when I do he says ""I don't know if I should even be giving you head right now"" and I said ""well as long as we don't have sex it's fine"".

He gave me head from the back for a little and then said ""get on ur back"" so I did, and then he put his dick in me. No warning, no asking, he just put it in. We had established MULTIPLE times, that we were not gonna have sex that night because i was so fucked up and he was sober. And my friends can attest because i told them and he told them we weren't going to fuck bc they were wordied for me. Especially bc i had been raped by someone who was sober while i was drunk before. (It was way worse and different than this tho) he went for like 5 strokes and then pulled out, actually now that I'm thinking about it I don't know how long it lasted. I can't really remember and my brains a little fuzzy bc of how drunk I was. I just know it wasn't long at all, maybe 2 minutes at most. Which makes me think he knew it was wrong. I had said that we were not going to have sex. He had said we weren't going to have sex. I told my friends he wasn't gonna try anything like that. And then he did that.

That is sex right??? I don't know if rape is too strong a word for what happened. I didn't say no. To be fair I didn't know he was gonna put it in until he did tho.

★★★★★★


I have been raped by someone when I was blackout drunk and they were completely sober before, u can see my earlier post. Did I get raped again? I feel like I did. Especially because we had established we weren't gonna have sex. And he was completely sober. And showed signs of knowing that he shouldn't do anything with me because I was so drunk.

Is this rape?","[""\\bi\\s+didn[’']t\\s+say\\s+no\\b""]","[""\\bi\\s+didn[’']t\\s+say\\s+no\\b"", ""\\bi\\s+didn[’']t\\s+know\\b"", '\\bidk+k*\\b', ""\\bi\\s+don[’']t\\s+know\\b"", '\\brape\\b', ""\\bi\\s+wasn[’']t\\s+sure\\b""]"
t038vo,rape,I went from googling baby names to “is it rape if it’s your husband”,iatthpd1987,94,12,False,0,1645681527,/r/rape/comments/t038vo/i_went_from_googling_baby_names_to_is_it_rape_if/,"I don’t know if this is even rape. I got married young and was super naive. I spent years with him, and he was verbally, mentally and a few times physically abusive. I guess I would consider him also sexually abusive. I don’t know because I was trying so hard to get him to love me during all of this. I was trapped in a vicious cycle and just trying to survive.

He told me he was a sex addict and needed sex every day. He was my first relationship, and I was extremely religious at the time, and hasn’t even kissed or dated a boy before. Sex was always painful with him, and he still demanded it daily. He refused to use lube, and there was never foreplay. He would just shove it in. I remember after two years it still hurt and I started sitting in the bathtub afterwards because it made me so sore. He would also shove his fingers in me. I told him it hurt and that I didn’t like it, but he would just get mad and tell me girls were suppose to like it and would do it anyways.

I remember one night we had been drinking and I was drunk and sleepy. He crawled on top of me and started having sex, but I was too drunk to even more or say anything. I don’t remember it hurting, just that I was barely conscious and blacked out at the end. Another time during intercourse, he suddenly switched to anal. He had me bent over and took me completely by surprise. We had never talked about doing that, and he didn’t use lube. I just tried to take it despite how much it hurt. You can just google what happens when you don’t lubricate properly for that… it was extremely painful for weeks.

A few years into marriage, he admitted he had cheated on me numerous times. I was numb but didn’t say much. I got drunk that night and he initiated sex. I didn’t want to of course, but I didn’t say no or fight him. I never did. 

I tried to distance myself from him after that, and he didn’t try to have sex with me again for a while. That changed when his birthday rolled around and I agreed to go out and meet some of his friends at a bar. Once there, I learned that my husband wanted us to go to the strip club afterwards. So I started drinking. I didn’t want to go, and at the time, I buried my emotions with alcohol. Both of us were several beers in by the time we started heading for the strip club. It was late when he parked in the lot. Instead of getting out, he climbed on top of me and started having sex. It hurt so bad I was silently crying and praying that God would save me. It felt like it lasted forever. I just stared out the window and kept crying. He either didn’t notice or didn’t care. When he finished, he drove us home. 

A few weeks later, I found out I was pregnant. Long story short, I miscarried at 9 weeks. Two weeks later, my husband started trying to have sex with me. I wasn’t ready and I wasn’t on birth control, and he refused condoms our entire relationship. I tried to brush him off, but he persisted and ended up cumming in me. I left him the next day and thankfully didn’t get pregnant again.

So. I guess I know what he did was messed up, but I don’t know if I would use a label as strong as rape. I never verbally said no, and usually didn’t even resist. He just used me for sex and for the most part, I just let him. I’m happy to no longer be a human fleshlight, but I just don’t know how to handle my past. Help?","t038vo rape I went from googling baby names to “is it rape if it’s your husband” iatthpd1987 /r/rape/comments/t038vo/i_went_from_googling_baby_names_to_is_it_rape_if/ I don’t know if this is even rape. I got married young and was super naive. I spent years with him, and he was verbally, mentally and a few times physically abusive. I guess I would consider him also sexually abusive. I don’t know because I was trying so hard to get him to love me during all of this. I was trapped in a vicious cycle and just trying to survive.

He told me he was a sex addict and needed sex every day. He was my first relationship, and I was extremely religious at the time, and hasn’t even kissed or dated a boy before. Sex was always painful with him, and he still demanded it daily. He refused to use lube, and there was never foreplay. He would just shove it in. I remember after two years it still hurt and I started sitting in the bathtub afterwards because it made me so sore. He would also shove his fingers in me. I told him it hurt and that I didn’t like it, but he would just get mad and tell me girls were suppose to like it and would do it anyways.

I remember one night we had been drinking and I was drunk and sleepy. He crawled on top of me and started having sex, but I was too drunk to even more or say anything. I don’t remember it hurting, just that I was barely conscious and blacked out at the end. Another time during intercourse, he suddenly switched to anal. He had me bent over and took me completely by surprise. We had never talked about doing that, and he didn’t use lube. I just tried to take it despite how much it hurt. You can just google what happens when you don’t lubricate properly for that… it was extremely painful for weeks.

A few years into marriage, he admitted he had cheated on me numerous times. I was numb but didn’t say much. I got drunk that night and he initiated sex. I didn’t want to of course, but I didn’t say no or fight him. I never did. 

I tried to distance myself from him after that, and he didn’t try to have sex with me again for a while. That changed when his birthday rolled around and I agreed to go out and meet some of his friends at a bar. Once there, I learned that my husband wanted us to go to the strip club afterwards. So I started drinking. I didn’t want to go, and at the time, I buried my emotions with alcohol. Both of us were several beers in by the time we started heading for the strip club. It was late when he parked in the lot. Instead of getting out, he climbed on top of me and started having sex. It hurt so bad I was silently crying and praying that God would save me. It felt like it lasted forever. I just stared out the window and kept crying. He either didn’t notice or didn’t care. When he finished, he drove us home. 

A few weeks later, I found out I was pregnant. Long story short, I miscarried at 9 weeks. Two weeks later, my husband started trying to have sex with me. I wasn’t ready and I wasn’t on birth control, and he refused condoms our entire relationship. I tried to brush him off, but he persisted and ended up cumming in me. I left him the next day and thankfully didn’t get pregnant again.

So. I guess I know what he did was messed up, but I don’t know if I would use a label as strong as rape. I never verbally said no, and usually didn’t even resist. He just used me for sex and for the most part, I just let him. I’m happy to no longer be a human fleshlight, but I just don’t know how to handle my past. Help?","[""\\bi\\s+didn[’']t\\s+say\\s+no\\b""]","[""\\bi\\s+(?:genuinely|just|honestly|really|truly|still)\\s+don[’']t\\s+know\\b"", ""\\bi\\s+didn[’']t\\s+say\\s+no\\b"", ""\\bi\\s+don[’']t\\s+know\\b"", '\\brape\\b', '\\bhusband\\b']"
szsr8c,rape,Is this sexual assault,Wyprice,10,2,False,0,1645652301,/r/rape/comments/szsr8c/is_this_sexual_assault/,"Okay so this happened like a month ago but I've been going over it in my mind. I went to a college party, drank some alcohol played some games. However, towards the end of the night a guy I started talking to and was also really drunk put his head in my lap and then slowly coerced me into this room. I followed him talked to him about games, and told him I was demi sexual and had no intention of having sex. That being said, I'm really just indifferent and my memory of it is hazy but I remember somehow we ended up on a bathroom floor with me shirtless and basically asleep. He gave me head while I was falling asleep on his bed, and I slept with him completely nude with casual fingering and jerking off here and there... But I have no idea if I was too drunk to consent, if he was too drunk to consent. If its classified as sexual assault or whatever... idk I kinda just want other people's opinion on the matter.","szsr8c rape Is this sexual assault Wyprice /r/rape/comments/szsr8c/is_this_sexual_assault/ Okay so this happened like a month ago but I've been going over it in my mind. I went to a college party, drank some alcohol played some games. However, towards the end of the night a guy I started talking to and was also really drunk put his head in my lap and then slowly coerced me into this room. I followed him talked to him about games, and told him I was demi sexual and had no intention of having sex. That being said, I'm really just indifferent and my memory of it is hazy but I remember somehow we ended up on a bathroom floor with me shirtless and basically asleep. He gave me head while I was falling asleep on his bed, and I slept with him completely nude with casual fingering and jerking off here and there... But I have no idea if I was too drunk to consent, if he was too drunk to consent. If its classified as sexual assault or whatever... idk I kinda just want other people's opinion on the matter.",['\\bis\\s+this\\s+(?:sa|sexual\\s+assault)\\b'],"['\\bis\\s+this\\s+(?:sa|sexual\\s+assault)\\b', '\\bidk+k*\\b', '\\bassault\\b', '\\brape\\b', '\\bsexual(?:ly)?\\s+assault(?:ed|s|ing)?\\b']"
s3d5ez,rape,I don’t know if my current boyfriend raped or sexually assaulted me at the beginning of our relationship and it’s consuming me,Grouchy_Cress4934,14,12,False,0,1642117221,/r/rape/comments/s3d5ez/i_dont_know_if_my_current_boyfriend_raped_or/,"Any response would mean a lot to me, I have nobody to talk to right now. Before our first date I had sent him nudes and we sexted. I did that due to pressure but still willingly. When we met up my plan was to not have sex with him. We made out, he fingered me. Later on we continued making out and I sucked his dick. He asked about sex and I said I don’t know because I am a very timid person and feel bad saying no. He said “it’s kind of already happening anyways” and then I just remember him putting his dick in me. Even though I liked him and was treating him like I liked him, I didn’t want to have sex on the first date and I wanted to use a condom. I didn’t express that because he didn’t care to ask about how I was feeling and why I said “I don’t know” he just continued to initiate sex. He also expressed that he has a foot fetish and on our 2nd or third date we were both drunk and he asked to take my socks off while we were making out/getting sexual. I had sent him pictures of my feet but I either said I don’t know, or straight up no, and he forcibly took them off of me. He was laughing while doing it because he thought it wasn’t a big deal or that it was a joke. I was hesitant because I didn’t know if I wanted to try stuff with my feet and I thought he wouldn’t like them so I didn’t feel ready. Is it still sexual assault if I was treating him like I really liked him and was sexually attracted to him? I said I don’t know so it feels like a grey area and like it’s my fault. I didn’t express the reasons why I didn’t want to have sex or take my socks off because it all happened so quickly. Then I just went along with it because I didn’t feel like my needs mattered. So I never immediately expressed the fact that I was extremely uncomfortable. A while later I told him I felt bad that he didn’t think about my emotions in those situations and didn’t bother to ask why I said I don’t know. I told him to never do it again to anyone and he said he didn’t remember it well but he was sorry and said he felt like a bad person. I never thought of it possibly being sexual assault until now. He is about to be 21 and I’m 18 and I don’t know if he abused his power because he knew I liked him and that I’m an anxious person. I feel guilty being affected by this because he did say he felt bad about it and we haven’t been in a position like that again. I don’t think he meant to scar me like this but I’m worried about why he showed no concern about my emotions at the time and why he didn’t question me about my answer of “I don’t know.” Is this considered sexual assault and is it possible to have a relationship with someone who sexually assaulted you?","s3d5ez rape I don’t know if my current boyfriend raped or sexually assaulted me at the beginning of our relationship and it’s consuming me Grouchy_Cress4934 /r/rape/comments/s3d5ez/i_dont_know_if_my_current_boyfriend_raped_or/ Any response would mean a lot to me, I have nobody to talk to right now. Before our first date I had sent him nudes and we sexted. I did that due to pressure but still willingly. When we met up my plan was to not have sex with him. We made out, he fingered me. Later on we continued making out and I sucked his dick. He asked about sex and I said I don’t know because I am a very timid person and feel bad saying no. He said “it’s kind of already happening anyways” and then I just remember him putting his dick in me. Even though I liked him and was treating him like I liked him, I didn’t want to have sex on the first date and I wanted to use a condom. I didn’t express that because he didn’t care to ask about how I was feeling and why I said “I don’t know” he just continued to initiate sex. He also expressed that he has a foot fetish and on our 2nd or third date we were both drunk and he asked to take my socks off while we were making out/getting sexual. I had sent him pictures of my feet but I either said I don’t know, or straight up no, and he forcibly took them off of me. He was laughing while doing it because he thought it wasn’t a big deal or that it was a joke. I was hesitant because I didn’t know if I wanted to try stuff with my feet and I thought he wouldn’t like them so I didn’t feel ready. Is it still sexual assault if I was treating him like I really liked him and was sexually attracted to him? I said I don’t know so it feels like a grey area and like it’s my fault. I didn’t express the reasons why I didn’t want to have sex or take my socks off because it all happened so quickly. Then I just went along with it because I didn’t feel like my needs mattered. So I never immediately expressed the fact that I was extremely uncomfortable. A while later I told him I felt bad that he didn’t think about my emotions in those situations and didn’t bother to ask why I said I don’t know. I told him to never do it again to anyone and he said he didn’t remember it well but he was sorry and said he felt like a bad person. I never thought of it possibly being sexual assault until now. He is about to be 21 and I’m 18 and I don’t know if he abused his power because he knew I liked him and that I’m an anxious person. I feel guilty being affected by this because he did say he felt bad about it and we haven’t been in a position like that again. I don’t think he meant to scar me like this but I’m worried about why he showed no concern about my emotions at the time and why he didn’t question me about my answer of “I don’t know.” Is this considered sexual assault and is it possible to have a relationship with someone who sexually assaulted you?","['\\bconsider(?:ed)?\\s+(?:it\\s+)?(?:sa|sexual\\s+assault)\\b', '\\bi\\s+just\\s+went\\s+along\\s+with\\s+it\\b']","['\\bi\\s+just\\s+went\\s+along\\s+with\\s+it\\b', '\\bboyfriend\\b', ""\\bi\\s+didn[’']t\\s+know\\b"", ""\\bi\\s+don[’']t\\s+know\\b"", '\\bassault\\b', '\\brape\\b', '\\bconsider(?:ed)?\\s+(?:it\\s+)?(?:sa|sexual\\s+assault)\\b', '\\bsexual(?:ly)?\\s+assault(?:ed|s|ing)?\\b']"
r1kq2o,rape,i think i was raped but I feel like it was my fault,lmaovaishi,1,7,True,2,1637804304,/r/rape/comments/r1kq2o/i_think_i_was_raped_but_i_feel_like_it_was_my/,"I brought a guy home after going to the club. I was very drunk and all my flatmates told me not to. I can barely remember anything but he didn’t even ask to use a condom or ask if I was on birth control until I told him I was on the nuvaring. I know that in my right mind I would never fuck a stranger without a condom but before I could say anything he put it in. When I asked if he was gonna cum in me he said that “he already did”. I’m incredibly ill now and worried that I have symptoms of early pregnancy. He is in my course so I have to see him everyday and idk if it’s rape bc I didn’t say no. He actually came inside me multiple times but I don’t know why I didn’t protest more. I feel used and disgusted. He acts like a nice person because this isn’t the usual narrative of a brutal rape, and since I never said no, he probably thinks nothing was wrong. 

I can only remember being in so much pain after because I wasn’t very wet. I don’t know what to do. Someone please help me.","r1kq2o rape i think i was raped but I feel like it was my fault lmaovaishi /r/rape/comments/r1kq2o/i_think_i_was_raped_but_i_feel_like_it_was_my/ I brought a guy home after going to the club. I was very drunk and all my flatmates told me not to. I can barely remember anything but he didn’t even ask to use a condom or ask if I was on birth control until I told him I was on the nuvaring. I know that in my right mind I would never fuck a stranger without a condom but before I could say anything he put it in. When I asked if he was gonna cum in me he said that “he already did”. I’m incredibly ill now and worried that I have symptoms of early pregnancy. He is in my course so I have to see him everyday and idk if it’s rape bc I didn’t say no. He actually came inside me multiple times but I don’t know why I didn’t protest more. I feel used and disgusted. He acts like a nice person because this isn’t the usual narrative of a brutal rape, and since I never said no, he probably thinks nothing was wrong. 

I can only remember being in so much pain after because I wasn’t very wet. I don’t know what to do. Someone please help me.","[""\\bi\\s+didn[’']t\\s+say\\s+no\\b""]","[""\\bi\\s+didn[’']t\\s+say\\s+no\\b"", '\\bidk+k*\\b', ""\\bi\\s+don[’']t\\s+know\\b"", '\\brape\\b']"
q4hmx7,rape,I was coerced into having sex or else HE would’ve done something worse. *Advice needed*,[deleted],12,5,True,2,1633770291,/r/rape/comments/q4hmx7/i_was_coerced_into_having_sex_or_else_he_wouldve/,"Trigger warning: description of rape and usage of sexual terms

It was supposed to be a simple hangout.

I hadn’t seen my best friend in a while. It was a really spur of the moment thing. I was in town, he happened to be off of work. Why not right?

We met up. He said why don’t we take his car to drive around? I thought it was sweet since my car was having some issues already. If only I knew his true intentions.

I hopped in and we started talking. He started driving around. Everything seemed normal. But I was wrong.

He was being more touchy than normal. Felt his hand on my thigh. Kept trying to hold my hand. I mentioned my fiancé, hoping he would back off. That didn’t phase him.

Suddenly he parks the car out of sight. My instincts were telling me something was off. But what was I gonna do? I didn’t have money for a fare, my parents werent in town, and my fiancé is two hours away carless. I try to calm down. This is my best friend we are talking about. He was harmless.

Harmless my fucking ass.

He tries to be cute. Starts complimenting me. He ends up kissing me and feeling me all over. I froze. He tries touching me down there. I told him no. My whole body language told him no. I wasn’t interested. 

But he didn’t care.

He threatened to lie to my fiancé that we’ve been having an affair unless I gave into him. He pressured me into having sex with him because I OWED it to him. It wasn’t fair we never hooked up. I didn’t know what to say. Or what to do. I was scared. I didn’t know where I was. I should’ve ran out. I should’ve fought. I should’ve done something.

Instead he took advantage of me. He forced me to go in the backseat with him. Tricking me. Saying let’s make out for a little bit. Then he would take me back to my car. I said no. Should’ve known that was a fucking lie. He pulled down his pants, telling me to suck him off or else he would lie. I told him no. Then he tells me to take my pants off instead.

I try not to cry. I tell him I cant. He says yes I can. I’m shaking as I take my pants off. 

I didn’t verbally consent. I didn’t say yes. I did not want this. I did not want this. I DIDNT FUCKING WANT THIS. 

He pulled me on top of him. He started thrusting into me. I wanted to puke each time he moaned. He kept telling me I was a good girl, how good I felt, and that nobody had to know. He said I was his. I kept telling myself it would be over soon. It didn’t feel good. It hurt. 

I hate how I just fucking took it. I should’ve fucking fought. But I was scared. He was already having a rough grip on me, I didn’t want anything else to happen. 

He pushed my hips down and came inside me. I wanted to burst into tears. I DIDNT FUCKING ASK FOR THIS.

He threw me aside and pulled up his pants. I did the same. I was in a haze. I couldn’t believe what just happened. Suddenly I get even more freaked out. I told him he needed to get me Plan B. He literally scoffed at me saying I need to buy it myself. I demanded he get me one since I didn’t ask for it to happen. 

He took me to a pharmacy and got it. I quickly gulped it in the car. He races to drop me back off at my car, complaining about his fiancée needing him home. My heart drops. I feel sick. He’s engaged and acting like this? This was the first time I even heard of that. He starts acting like nothing ever happened, yet wants to get rid of me so quick. 

I get dropped off. He leaves instantly. I start crying. I feel used. I feel dirty. I don’t know what to do now.

I didn’t consent to any of this. But I went along with it because I was scared and didn’t know what else to do. I didn’t want him causing problems. I felt pressured. I felt fucking coerced. 

My fiancé. My poor fucking fiancé. How do I even tell him about this? 

I don’t know what this falls under. I don’t want to press charges because…I don’t know if this is considered rape or assault because even tho I said no I still went along with it. And the fucker came in me when I never consented to that either. 

What do I do?","q4hmx7 rape I was coerced into having sex or else HE would’ve done something worse. *Advice needed* [deleted] /r/rape/comments/q4hmx7/i_was_coerced_into_having_sex_or_else_he_wouldve/ Trigger warning: description of rape and usage of sexual terms

It was supposed to be a simple hangout.

I hadn’t seen my best friend in a while. It was a really spur of the moment thing. I was in town, he happened to be off of work. Why not right?

We met up. He said why don’t we take his car to drive around? I thought it was sweet since my car was having some issues already. If only I knew his true intentions.

I hopped in and we started talking. He started driving around. Everything seemed normal. But I was wrong.

He was being more touchy than normal. Felt his hand on my thigh. Kept trying to hold my hand. I mentioned my fiancé, hoping he would back off. That didn’t phase him.

Suddenly he parks the car out of sight. My instincts were telling me something was off. But what was I gonna do? I didn’t have money for a fare, my parents werent in town, and my fiancé is two hours away carless. I try to calm down. This is my best friend we are talking about. He was harmless.

Harmless my fucking ass.

He tries to be cute. Starts complimenting me. He ends up kissing me and feeling me all over. I froze. He tries touching me down there. I told him no. My whole body language told him no. I wasn’t interested. 

But he didn’t care.

He threatened to lie to my fiancé that we’ve been having an affair unless I gave into him. He pressured me into having sex with him because I OWED it to him. It wasn’t fair we never hooked up. I didn’t know what to say. Or what to do. I was scared. I didn’t know where I was. I should’ve ran out. I should’ve fought. I should’ve done something.

Instead he took advantage of me. He forced me to go in the backseat with him. Tricking me. Saying let’s make out for a little bit. Then he would take me back to my car. I said no. Should’ve known that was a fucking lie. He pulled down his pants, telling me to suck him off or else he would lie. I told him no. Then he tells me to take my pants off instead.

I try not to cry. I tell him I cant. He says yes I can. I’m shaking as I take my pants off. 

I didn’t verbally consent. I didn’t say yes. I did not want this. I did not want this. I DIDNT FUCKING WANT THIS. 

He pulled me on top of him. He started thrusting into me. I wanted to puke each time he moaned. He kept telling me I was a good girl, how good I felt, and that nobody had to know. He said I was his. I kept telling myself it would be over soon. It didn’t feel good. It hurt. 

I hate how I just fucking took it. I should’ve fucking fought. But I was scared. He was already having a rough grip on me, I didn’t want anything else to happen. 

He pushed my hips down and came inside me. I wanted to burst into tears. I DIDNT FUCKING ASK FOR THIS.

He threw me aside and pulled up his pants. I did the same. I was in a haze. I couldn’t believe what just happened. Suddenly I get even more freaked out. I told him he needed to get me Plan B. He literally scoffed at me saying I need to buy it myself. I demanded he get me one since I didn’t ask for it to happen. 

He took me to a pharmacy and got it. I quickly gulped it in the car. He races to drop me back off at my car, complaining about his fiancée needing him home. My heart drops. I feel sick. He’s engaged and acting like this? This was the first time I even heard of that. He starts acting like nothing ever happened, yet wants to get rid of me so quick. 

I get dropped off. He leaves instantly. I start crying. I feel used. I feel dirty. I don’t know what to do now.

I didn’t consent to any of this. But I went along with it because I was scared and didn’t know what else to do. I didn’t want him causing problems. I felt pressured. I felt fucking coerced. 

My fiancé. My poor fucking fiancé. How do I even tell him about this? 

I don’t know what this falls under. I don’t want to press charges because…I don’t know if this is considered rape or assault because even tho I said no I still went along with it. And the fucker came in me when I never consented to that either. 

What do I do?","[""\\bi\\s+didn[’']t\\s+consent\\b""]","[""\\bi\\s+didn[’']t\\s+consent\\b"", ""\\bi\\s+didn[’']t\\s+know\\b"", ""\\bi\\s+don[’']t\\s+know\\b"", '\\bassault\\b', '\\brape\\b', '\\bfriend\\b']"
p8wigt,rape,I finally reported it and told my parents. My dad is angry with me for not reporting sooner and I’m depressed because he’s right.,[deleted],49,12,True,3,1629570153,/r/rape/comments/p8wigt/i_finally_reported_it_and_told_my_parents_my_dad/,"My dad is angry with me for not reporting this the day it happened or after (in September 2020). He said, “Think of all the girls he’s hurt since then because you let him get away with it.”

I can’t stop thinking about it. I can’t stop worrying. I reported it three days ago and the officer was off work the next two days and I still haven’t heard from the detective. I’m sick with worry that my abuser is currently hurting others. I don’t know why but i assumed he only hurt me. He assaulted and abused me many more times and told me he loved me while he was inside me on a different occasion during consensual sex but after slapping me hard without my approval, and said, “You’re gonna come fuck me in the park by my house anytime I want now. Right?”

One time he jammed himself into me without warning and I sobbed from the pain but he kept going on top of me and didn’t stop. One time he slapped me over and over again, wagged his finger at me, his face shaking in anger, telling me, “I can do whatever I want, got it?” Over and over because I said we need a condom before we start.

There were several times where I would say “Wait” as he was about to enter me and he would enter anyway and say “Wait for what?”

One time I met up for what I thought would be exciting sex but he was in a bad mood and started kissing my neck and I wasn’t feeling it and pulled away but he started fingering me and pushed me on my back and I kept talking, kept asking what was wrong, saying “wait” and he finally said, “SHUT UP!” so angrily, his face shaking, and he told me, “say I can fuck you” and I was scared so I complied.  I blacked out during, don’t remember any of it. He had to wake me up and asked why I was panting nervously like a dog. 

He is a predator. I let him get away. If I hadn’t texted my friends the day of the first assault, and if they didn’t show up, I wonder if he would have fully raped my vagina (he forced me to give oral when I didn’t consent to it and slammed my head on him repeatedly and lay on top of me asking over and over for sex even though I kept shaking my head and saying I can’t). I wonder if he would have ghosted me. I wonder if he only became nice after to keep me from reporting it. He did say he was paranoid and scared I would because I said I would call the cops while my friends drove to us.

I didn’t because we smoked marijuana and I was afraid to get arrested.

I’m so depressed. I feel worse now that I’ve accepted it was sexual assault and he is a predator. I felt sad before throughout our hookups because I thought I loved him and that he was wounded and didn’t mean to hurt me. But this? This reality I’ve finally faced? Hits me like a ton of bricks and I understand why I wanted to pretend we were in a passionate affair. But if I were a normal person, I would have reported him and moved on by now and saved other women.

I told the girl he’s currently hooking up with and she said “I’m sorry your boundaries were crossed, I know him and he’s a dumbass.”

Being a dumbass doesn’t excuse what he did to my body and mind and I don’t think he’s dumb at all. He knew what he was doing and he enjoyed it. The assault I reported, The one that happened at my house, I went t my room to escape him because he kept asking over and over and laying on top of me asking for sex even as I said no, and he came to my room and forced me to give oral and slammed my head on him. He didn’t respect my safe space but he knows how important a safe space is since once he told me he always designates a space space at parties for people t calm down when high. 

Lately I wish I wasn’t born, life is such a joke. I don’t want to be here. I’m not sure what I believe but my religious upbringing is the only reason I haven’t killed myself yet. The tiny chance hell exists terrifies me.","p8wigt rape I finally reported it and told my parents. My dad is angry with me for not reporting sooner and I’m depressed because he’s right. [deleted] /r/rape/comments/p8wigt/i_finally_reported_it_and_told_my_parents_my_dad/ My dad is angry with me for not reporting this the day it happened or after (in September 2020). He said, “Think of all the girls he’s hurt since then because you let him get away with it.”

I can’t stop thinking about it. I can’t stop worrying. I reported it three days ago and the officer was off work the next two days and I still haven’t heard from the detective. I’m sick with worry that my abuser is currently hurting others. I don’t know why but i assumed he only hurt me. He assaulted and abused me many more times and told me he loved me while he was inside me on a different occasion during consensual sex but after slapping me hard without my approval, and said, “You’re gonna come fuck me in the park by my house anytime I want now. Right?”

One time he jammed himself into me without warning and I sobbed from the pain but he kept going on top of me and didn’t stop. One time he slapped me over and over again, wagged his finger at me, his face shaking in anger, telling me, “I can do whatever I want, got it?” Over and over because I said we need a condom before we start.

There were several times where I would say “Wait” as he was about to enter me and he would enter anyway and say “Wait for what?”

One time I met up for what I thought would be exciting sex but he was in a bad mood and started kissing my neck and I wasn’t feeling it and pulled away but he started fingering me and pushed me on my back and I kept talking, kept asking what was wrong, saying “wait” and he finally said, “SHUT UP!” so angrily, his face shaking, and he told me, “say I can fuck you” and I was scared so I complied.  I blacked out during, don’t remember any of it. He had to wake me up and asked why I was panting nervously like a dog. 

He is a predator. I let him get away. If I hadn’t texted my friends the day of the first assault, and if they didn’t show up, I wonder if he would have fully raped my vagina (he forced me to give oral when I didn’t consent to it and slammed my head on him repeatedly and lay on top of me asking over and over for sex even though I kept shaking my head and saying I can’t). I wonder if he would have ghosted me. I wonder if he only became nice after to keep me from reporting it. He did say he was paranoid and scared I would because I said I would call the cops while my friends drove to us.

I didn’t because we smoked marijuana and I was afraid to get arrested.

I’m so depressed. I feel worse now that I’ve accepted it was sexual assault and he is a predator. I felt sad before throughout our hookups because I thought I loved him and that he was wounded and didn’t mean to hurt me. But this? This reality I’ve finally faced? Hits me like a ton of bricks and I understand why I wanted to pretend we were in a passionate affair. But if I were a normal person, I would have reported him and moved on by now and saved other women.

I told the girl he’s currently hooking up with and she said “I’m sorry your boundaries were crossed, I know him and he’s a dumbass.”

Being a dumbass doesn’t excuse what he did to my body and mind and I don’t think he’s dumb at all. He knew what he was doing and he enjoyed it. The assault I reported, The one that happened at my house, I went t my room to escape him because he kept asking over and over and laying on top of me asking for sex even as I said no, and he came to my room and forced me to give oral and slammed my head on him. He didn’t respect my safe space but he knows how important a safe space is since once he told me he always designates a space space at parties for people t calm down when high. 

Lately I wish I wasn’t born, life is such a joke. I don’t want to be here. I’m not sure what I believe but my religious upbringing is the only reason I haven’t killed myself yet. The tiny chance hell exists terrifies me.","[""\\bi\\s+didn[’']t\\s+consent\\b""]","[""\\bi\\s+didn[’']t\\s+consent\\b"", ""\\bi\\s+don[’']t\\s+know\\b"", ""\\bi[’']?m\\s+not\\s+sure\\b"", '\\bassault\\b', '\\brape\\b', '\\bsexual(?:ly)?\\s+assault(?:ed|s|ing)?\\b']"
mxuymr,rape,Not really rape but I wish it didn’t happen,Queencarmen02,33,6,False,0,1619304427,/r/rape/comments/mxuymr/not_really_rape_but_i_wish_it_didnt_happen/,"This happened a little more than a year ago when I was 15..

I was at a party and one of my friends older brother was there. He’s in college and I had a big ass crush on him and we would flirt with each other from time to time.
I don’t really remember how this happened but we wound up alone in a room together and we were just talking and laughing. But then he told me to close my eyes and when I opened them he had his dick out right in front of me. I was really freaked out cuz I had never seen one this up close and I didn’t expect it but I tried to play it off so I just laughed and told him to put that away. But he said he saw me blushing and that I wanted to touch it. So I just said he was so dumb and I got up to leave but then he got up and like put it against me and said how much he liked my butt. Then he said to sit back down and I did. 

I’m not gonna get into what happened after that but it should be obvious. I really didn’t want to be there and I thought he knew that but he was just confused afterwards. He told me that if I said no or pushed him off that he would have stopped but that he thinks I enjoyed it. I dont know why I didn’t say no but I’m also like a short Hispanic girl and he’s a really tall white guy so I don’t think I could have pushed him off. We haven’t talked much in like a year since all the quarantine stuff started and I do miss hanging out with him but I wish he understood that that wasn’t okay.","mxuymr rape Not really rape but I wish it didn’t happen Queencarmen02 /r/rape/comments/mxuymr/not_really_rape_but_i_wish_it_didnt_happen/ This happened a little more than a year ago when I was 15..

I was at a party and one of my friends older brother was there. He’s in college and I had a big ass crush on him and we would flirt with each other from time to time.
I don’t really remember how this happened but we wound up alone in a room together and we were just talking and laughing. But then he told me to close my eyes and when I opened them he had his dick out right in front of me. I was really freaked out cuz I had never seen one this up close and I didn’t expect it but I tried to play it off so I just laughed and told him to put that away. But he said he saw me blushing and that I wanted to touch it. So I just said he was so dumb and I got up to leave but then he got up and like put it against me and said how much he liked my butt. Then he said to sit back down and I did. 

I’m not gonna get into what happened after that but it should be obvious. I really didn’t want to be there and I thought he knew that but he was just confused afterwards. He told me that if I said no or pushed him off that he would have stopped but that he thinks I enjoyed it. I dont know why I didn’t say no but I’m also like a short Hispanic girl and he’s a really tall white guy so I don’t think I could have pushed him off. We haven’t talked much in like a year since all the quarantine stuff started and I do miss hanging out with him but I wish he understood that that wasn’t okay.","[""\\bi\\s+didn[’']t\\s+say\\s+no\\b""]","[""\\bi\\s+didn[’']t\\s+say\\s+no\\b"", '\\brape\\b']"
ltwanp,rape,I’m confused at what to do or think or how to act...,OilUnited7343,16,3,False,0,1614456784,/r/rape/comments/ltwanp/im_confused_at_what_to_do_or_think_or_how_to_act/,"So I had this friend. We had grown pretty close during the past 6 months. Yesterday we went on a trip together with some of our friends. He and I slept together. I had for a long time suspected that he thought of me more than just a friend. So I wasn’t very comfortable sleeping with him because I feared he might decide to take advantage of me, but then again I had no reason to say no to him. That night he drank a bit. And I was pretty sure he wasn’t drunk. In bed, we slept. I didn’t sleep though because I had a feeling that he might take advantage of me at any moment. So I lay I bed still for around thirty minutes, pretending to be asleep. And he did exactly what I thought he would do but pray to god he would be decent enough to control himself. He inched towards me, closer and closer. His breathing hit the nape of my neck. His arm swing over my body as he began sliding his hand over my chest. Then he advanced his hand down to my private part. At that point I thought I’d had enough and was confused at what to do, so I got out of bed and left the room, my friend still pretending to be asleep. I got outside and sat alone and thought about what to make of all that had transpired. After a while he phoned me but I didn’t pick up. He texted me asking what I was doing. I didn’t answer. I didn’t know what to do. Is this thing that I had experienced a sexual assault? I didn’t give consent but then again I didn’t say no. But of course, I didn’t say no because I was pretending to be asleep. So clearly he was taking advantage of me. Or maybe he thought I was giving consent by lying still in bed. But come on, how could I have given consent if I was asleep!!","ltwanp rape I’m confused at what to do or think or how to act... OilUnited7343 /r/rape/comments/ltwanp/im_confused_at_what_to_do_or_think_or_how_to_act/ So I had this friend. We had grown pretty close during the past 6 months. Yesterday we went on a trip together with some of our friends. He and I slept together. I had for a long time suspected that he thought of me more than just a friend. So I wasn’t very comfortable sleeping with him because I feared he might decide to take advantage of me, but then again I had no reason to say no to him. That night he drank a bit. And I was pretty sure he wasn’t drunk. In bed, we slept. I didn’t sleep though because I had a feeling that he might take advantage of me at any moment. So I lay I bed still for around thirty minutes, pretending to be asleep. And he did exactly what I thought he would do but pray to god he would be decent enough to control himself. He inched towards me, closer and closer. His breathing hit the nape of my neck. His arm swing over my body as he began sliding his hand over my chest. Then he advanced his hand down to my private part. At that point I thought I’d had enough and was confused at what to do, so I got out of bed and left the room, my friend still pretending to be asleep. I got outside and sat alone and thought about what to make of all that had transpired. After a while he phoned me but I didn’t pick up. He texted me asking what I was doing. I didn’t answer. I didn’t know what to do. Is this thing that I had experienced a sexual assault? I didn’t give consent but then again I didn’t say no. But of course, I didn’t say no because I was pretending to be asleep. So clearly he was taking advantage of me. Or maybe he thought I was giving consent by lying still in bed. But come on, how could I have given consent if I was asleep!!","[""\\bi\\s+didn[’']t\\s+say\\s+no\\b""]","[""\\bi\\s+didn[’']t\\s+say\\s+no\\b"", ""\\bi\\s+didn[’']t\\s+know\\b"", '\\bassault\\b', '\\brape\\b', '\\bfriend\\b', '\\bsexual(?:ly)?\\s+assault(?:ed|s|ing)?\\b']"
k5wyvy,rape,Is this sexual assault?,throwawayckxkdl,24,40,True,18,1607001209,/r/rape/comments/k5wyvy/is_this_sexual_assault/,"Hello. Throwaway for obvious reasons.

I'm a 20 year old male, now at university. This happened when I was 17.

I was never socially active as a teenager though I played sports and stuff, and a friend invited me to a house party. I didn't drink alot of alcohol or take any drugs, but when I was upstairs in the bathroom a girl started flirting with me. She was attractive and I vaguely knew her so I responded and we left to go in the garden. She was slightly drunk but I'm not sure.

Bear in mind I even then was well over 6 feet tall and 240 pounds, I do boxing and weight lifting, whereas she was about a foot smaller than me and half my size. We started kissing (which I hadn't done before) and she started touching my crotch. I wasn't comfortable with this and I asked her to stop. She laughed and didn't, so I moved her hand away lightly. She then shouted out that I ""touched her"".

I apologised, seeing as we were in the bushes at the top of the garden (about 100 yards long) and I didn't want a scene. It's sort of a blur now, but she basically said that if I didn't ""stop being a baby"" she'd tell everyone at the party I assaulted her.

The only way I can describe what happened next is when you get caught with a good shot in a spar and you're awake but ""in third person"". I know she pulled my trousers and pants down and started riding me, and I must have ejaculated at some point as I found I was sticky later. I had dried mud all over my butt as well.

She left and I just sat there for a while, then went home (not far to walk) in a daze. I remember running a shower and scrubbing the dirt off like a madman, and I went to sleep after.

I didn't report it or anything and for the next few months I didn't speak to her or see her again. I moved out of the area for university and haven't been back since.

But I'm just wondering now, is this a sexual assault? I must have been erect throughout it but I was a virgin and I definitely didn't consent to it, I was afraid of her saying I raped her or something horrible like that.

I plan to get therapy as this has given me a phobia of intimacy and I still haven't been in a relationship to this day","k5wyvy rape Is this sexual assault? throwawayckxkdl /r/rape/comments/k5wyvy/is_this_sexual_assault/ Hello. Throwaway for obvious reasons.

I'm a 20 year old male, now at university. This happened when I was 17.

I was never socially active as a teenager though I played sports and stuff, and a friend invited me to a house party. I didn't drink alot of alcohol or take any drugs, but when I was upstairs in the bathroom a girl started flirting with me. She was attractive and I vaguely knew her so I responded and we left to go in the garden. She was slightly drunk but I'm not sure.

Bear in mind I even then was well over 6 feet tall and 240 pounds, I do boxing and weight lifting, whereas she was about a foot smaller than me and half my size. We started kissing (which I hadn't done before) and she started touching my crotch. I wasn't comfortable with this and I asked her to stop. She laughed and didn't, so I moved her hand away lightly. She then shouted out that I ""touched her"".

I apologised, seeing as we were in the bushes at the top of the garden (about 100 yards long) and I didn't want a scene. It's sort of a blur now, but she basically said that if I didn't ""stop being a baby"" she'd tell everyone at the party I assaulted her.

The only way I can describe what happened next is when you get caught with a good shot in a spar and you're awake but ""in third person"". I know she pulled my trousers and pants down and started riding me, and I must have ejaculated at some point as I found I was sticky later. I had dried mud all over my butt as well.

She left and I just sat there for a while, then went home (not far to walk) in a daze. I remember running a shower and scrubbing the dirt off like a madman, and I went to sleep after.

I didn't report it or anything and for the next few months I didn't speak to her or see her again. I moved out of the area for university and haven't been back since.

But I'm just wondering now, is this a sexual assault? I must have been erect throughout it but I was a virgin and I definitely didn't consent to it, I was afraid of her saying I raped her or something horrible like that.

I plan to get therapy as this has given me a phobia of intimacy and I still haven't been in a relationship to this day",['\\bis\\s+this\\s+(?:sa|sexual\\s+assault)\\b'],"['\\bis\\s+this\\s+(?:sa|sexual\\s+assault)\\b', ""\\bi[’']?m\\s+not\\s+sure\\b"", '\\bassault\\b', '\\brape\\b', '\\bfriend\\b', '\\bsexual(?:ly)?\\s+assault(?:ed|s|ing)?\\b']"
1ozi9ii,TwoXChromosomes,Is this considered SA or just a misunderstanding?,NoReality4528,0,11,True,4,1763391045,/r/TwoXChromosomes/comments/1ozi9ii/is_this_considered_sa_or_just_a_misunderstanding/,"I’ll try to keep it short. About three months ago, my friends and I met a group of guys on a night out. Since then, we’ve been partying together almost every weekend. One friend, L, is now with one of them. Another friend, H, has been on-and-off with a guy we’ll call J, he’s been trying to date her, but she keeps giving mixed signals.

Last weekend, I went out with L, her boyfriend, and J. H wasn’t there. J is the only one who lives alone near town, so we all slept at his place. L and her boyfriend took his bed, and J and I were supposed to sleep on opposite ends of his L-shaped couch.

My hand ended up next to his head, and he started kissing it. After a while, he moved to lie next to me. I changed into pajamas, came back, and lay down in the same spot, this time putting my leg over him. He started caressing my leg, then between my legs, and eventually inside my pants, touching my clit.

The next day, I panicked about what H would think. I told my girl group what happened but said I didn’t really want it. L told J, and I found out he felt terrible and cried because he thought I wanted it based on my body language. I then asked L to tell him I did want it.

But honestly, I don’t fully know what I wanted. It happened quickly, and I didn’t have time to think, even though I did put my leg over him. But i enjoyed it somehow. He never asked, but he believed he had non-verbal consent. Would you say this was SA, or just a sad misunderstanding?","1ozi9ii TwoXChromosomes Is this considered SA or just a misunderstanding? NoReality4528 /r/TwoXChromosomes/comments/1ozi9ii/is_this_considered_sa_or_just_a_misunderstanding/ I’ll try to keep it short. About three months ago, my friends and I met a group of guys on a night out. Since then, we’ve been partying together almost every weekend. One friend, L, is now with one of them. Another friend, H, has been on-and-off with a guy we’ll call J, he’s been trying to date her, but she keeps giving mixed signals.

Last weekend, I went out with L, her boyfriend, and J. H wasn’t there. J is the only one who lives alone near town, so we all slept at his place. L and her boyfriend took his bed, and J and I were supposed to sleep on opposite ends of his L-shaped couch.

My hand ended up next to his head, and he started kissing it. After a while, he moved to lie next to me. I changed into pajamas, came back, and lay down in the same spot, this time putting my leg over him. He started caressing my leg, then between my legs, and eventually inside my pants, touching my clit.

The next day, I panicked about what H would think. I told my girl group what happened but said I didn’t really want it. L told J, and I found out he felt terrible and cried because he thought I wanted it based on my body language. I then asked L to tell him I did want it.

But honestly, I don’t fully know what I wanted. It happened quickly, and I didn’t have time to think, even though I did put my leg over him. But i enjoyed it somehow. He never asked, but he believed he had non-verbal consent. Would you say this was SA, or just a sad misunderstanding?",['\\bconsider(?:ed)?\\s+(?:it\\s+)?(?:sa|sexual\\s+assault)\\b'],"['\\bsa\\b', '\\bfriend\\b', '\\bboyfriend\\b', '\\bconsider(?:ed)?\\s+(?:it\\s+)?(?:sa|sexual\\s+assault)\\b']"
1ghylt9,TwoXChromosomes,How is this SA?,No-Debate607,1,0,True,22,1730560327,/r/TwoXChromosomes/comments/1ghylt9/how_is_this_sa/,"It was 1- 2 AM. I (18f) was in bed until I heard someone open my door and saw it was a guy who lives in the same flat of me. I said ""you're in the wrong room"" as he stumbled in and kind of freaked out when I saw him holding his dick. I grabbed his arm and tried pulling him out but he literally wouldn't budge and he was starting to stand in front of my bed as if he was about to pee on it while holding his dick. When I tried pulling away again, he collapsed on my bed. I went to the office to get the people to remove him and they said that his whole front including his hair was covered in ""water"" they believe. My whole sheets and pillows were wet but when I smelled them, it smelled like sin and it honestly made me gag. The smell is still burning in my nose.

I understand that it was unintentional since he was stupidly drunk but ew.

I told some people about it but they disagreed with me when I said I don’t believe it’s SA since he was drunk and only thought my room was his, right?","1ghylt9 TwoXChromosomes How is this SA? No-Debate607 /r/TwoXChromosomes/comments/1ghylt9/how_is_this_sa/ It was 1- 2 AM. I (18f) was in bed until I heard someone open my door and saw it was a guy who lives in the same flat of me. I said ""you're in the wrong room"" as he stumbled in and kind of freaked out when I saw him holding his dick. I grabbed his arm and tried pulling him out but he literally wouldn't budge and he was starting to stand in front of my bed as if he was about to pee on it while holding his dick. When I tried pulling away again, he collapsed on my bed. I went to the office to get the people to remove him and they said that his whole front including his hair was covered in ""water"" they believe. My whole sheets and pillows were wet but when I smelled them, it smelled like sin and it honestly made me gag. The smell is still burning in my nose.

I understand that it was unintentional since he was stupidly drunk but ew.

I told some people about it but they disagreed with me when I said I don’t believe it’s SA since he was drunk and only thought my room was his, right?",['\\bis\\s+this\\s+(?:sa|sexual\\s+assault)\\b'],"['\\bsa\\b', '\\bis\\s+this\\s+(?:sa|sexual\\s+assault)\\b']"
1e84yyu,TwoXChromosomes,Didn’t realize I was assaulted,Sally_Blowes,1,0,True,4,1721507700,/r/TwoXChromosomes/comments/1e84yyu/didnt_realize_i_was_assaulted/,"TW: sexual assault 

Ten years ago I was online dating. Went out with this one guy, the date was fine- typical tepid first date but I was young enough to think that tepid was fine. 
Second date and third date, more of the same. The guy was kind of awkward but ultimately seemed nice enough.
Fourth date he invites me over to his place to make hot cocoa and watch a movie.

Full disclosure, I hadn’t really dated much before this. At the time I was in my 20s and had just gotten out of a relationship that had lasted nearly 6 years.

 Being a little green around the gills dating wise, I took what he said at face value. I even went to two different supermarkets looking for the “good cocoa”.

I wasn’t totally naive. I realized that it being the fourth date (whatever that means) and going back to his place meant something was going to happen.

I get there and barely after we say our hellos he shoves his tongue down my throat. He backed me into his bedroom and started taking my clothes off. I wasn’t ready. The stupid cocoa was still in the grocery bag.
Before I could even really understand what happened we were having sex. I didn’t like it or want it. It was so painful that I was subconsciously hitting him every time he thrust. 
It was so, so painful.
But I didn’t say stop, I didn’t say no. I wanted to. I hated every second of it but I just kind of went on autopilot.
Right before it happened, I made some lame attempt at a “whoa, what’s the rush?” and that’s about it.

After it was over I laid there and couldn’t really understand what had just happened. 
He was cold and quiet. 
I left and took a cab home and felt completely empty and disgusting.

I bled for days after. I remember my vulva was so swollen that it scared me.

The worst part: I dated him for almost 2 years after that. 
In hindsight, I never ever felt safe around him. It was my first “grownup” relationship and I assumed that’s just how it was supposed to be.

About a month ago the question “was I raped?” came into my mind and I haven’t been able to shake it.

How could I be raped and not realize it?
Why did I continue to date this man?
I don’t understand.

I don’t know why I’m writing this on here, really. If anyone is reading this, thank you for listening. 
","1e84yyu TwoXChromosomes Didn’t realize I was assaulted Sally_Blowes /r/TwoXChromosomes/comments/1e84yyu/didnt_realize_i_was_assaulted/ TW: sexual assault 

Ten years ago I was online dating. Went out with this one guy, the date was fine- typical tepid first date but I was young enough to think that tepid was fine. 
Second date and third date, more of the same. The guy was kind of awkward but ultimately seemed nice enough.
Fourth date he invites me over to his place to make hot cocoa and watch a movie.

Full disclosure, I hadn’t really dated much before this. At the time I was in my 20s and had just gotten out of a relationship that had lasted nearly 6 years.

 Being a little green around the gills dating wise, I took what he said at face value. I even went to two different supermarkets looking for the “good cocoa”.

I wasn’t totally naive. I realized that it being the fourth date (whatever that means) and going back to his place meant something was going to happen.

I get there and barely after we say our hellos he shoves his tongue down my throat. He backed me into his bedroom and started taking my clothes off. I wasn’t ready. The stupid cocoa was still in the grocery bag.
Before I could even really understand what happened we were having sex. I didn’t like it or want it. It was so painful that I was subconsciously hitting him every time he thrust. 
It was so, so painful.
But I didn’t say stop, I didn’t say no. I wanted to. I hated every second of it but I just kind of went on autopilot.
Right before it happened, I made some lame attempt at a “whoa, what’s the rush?” and that’s about it.

After it was over I laid there and couldn’t really understand what had just happened. 
He was cold and quiet. 
I left and took a cab home and felt completely empty and disgusting.

I bled for days after. I remember my vulva was so swollen that it scared me.

The worst part: I dated him for almost 2 years after that. 
In hindsight, I never ever felt safe around him. It was my first “grownup” relationship and I assumed that’s just how it was supposed to be.

About a month ago the question “was I raped?” came into my mind and I haven’t been able to shake it.

How could I be raped and not realize it?
Why did I continue to date this man?
I don’t understand.

I don’t know why I’m writing this on here, really. If anyone is reading this, thank you for listening. 
","[""\\bi\\s+didn[’']t\\s+say\\s+no\\b""]","[""\\bi\\s+didn[’']t\\s+say\\s+no\\b"", ""\\bi\\s+don[’']t\\s+know\\b"", '\\bassault\\b', '\\bsexual(?:ly)?\\s+assault(?:ed|s|ing)?\\b']"
1at5d0b,TwoXChromosomes,I made a bad decision and now I’m disgusted with myself,Starrovingaway,1,0,True,5,1708186074,/r/TwoXChromosomes/comments/1at5d0b/i_made_a_bad_decision_and_now_im_disgusted_with/,"I made a bad decision a few weeks ago and met up with a guy I met online who I think may have taken advantage of me, but no matter how many times people tell me that it wasn’t my fault and I didn’t deserve it, I can help but feel like I did it to myself. Everyday since it happened I just can’t stop telling myself that it was my fault. I decided to take Xanax for my severe anxiety before meeting up with the guy and then accept drinks him and my memory got all fucked up after we left the bar and went to his apartment. I remember bits and pieces of what happened but I don’t remember the details, which include going to his room and him taking control of the situation and having his way with me. The thing is I didn’t say no, but he didn’t completely respect my boundaries and didn’t care about how I felt during the whole thing. I remember I said yes maybe like twice to certain things but not to everything, and I can’t help but feel like I wouldn’t have said yes if I was sober. When he was done with me he kicked me out even though I was under the impression that he was gonna let me stay over when we were texting before, and he knew I was fucked up and I had a long way home when he wanted me out but he made it clear that he didn’t care. I even got lost trying to find my way out of his apartment because of how out of it I was. Then he texted me two days later saying that he didn’t want to see me again. This was my first time meeting up with someone online in 4 years and I just wanted to try and put myself out there and my friends were encouraging me to because I never do anything like this. And it wasn’t like this was a spontaneous thing, I had been texting the guy for 3 weeks before we met up, but now I feel disgusted with myself and Idk if I ever wanna meet up with someone online again. I’ve heard the horror stories before and I should’ve listened to them because if I did then I wouldn’t be in this situation. I honestly feel like no matter what anyone tells me I feel like did this to myself and I feel regretful of everything that happened and I hate that I have to live with knowing this for the rest of my life.","1at5d0b TwoXChromosomes I made a bad decision and now I’m disgusted with myself Starrovingaway /r/TwoXChromosomes/comments/1at5d0b/i_made_a_bad_decision_and_now_im_disgusted_with/ I made a bad decision a few weeks ago and met up with a guy I met online who I think may have taken advantage of me, but no matter how many times people tell me that it wasn’t my fault and I didn’t deserve it, I can help but feel like I did it to myself. Everyday since it happened I just can’t stop telling myself that it was my fault. I decided to take Xanax for my severe anxiety before meeting up with the guy and then accept drinks him and my memory got all fucked up after we left the bar and went to his apartment. I remember bits and pieces of what happened but I don’t remember the details, which include going to his room and him taking control of the situation and having his way with me. The thing is I didn’t say no, but he didn’t completely respect my boundaries and didn’t care about how I felt during the whole thing. I remember I said yes maybe like twice to certain things but not to everything, and I can’t help but feel like I wouldn’t have said yes if I was sober. When he was done with me he kicked me out even though I was under the impression that he was gonna let me stay over when we were texting before, and he knew I was fucked up and I had a long way home when he wanted me out but he made it clear that he didn’t care. I even got lost trying to find my way out of his apartment because of how out of it I was. Then he texted me two days later saying that he didn’t want to see me again. This was my first time meeting up with someone online in 4 years and I just wanted to try and put myself out there and my friends were encouraging me to because I never do anything like this. And it wasn’t like this was a spontaneous thing, I had been texting the guy for 3 weeks before we met up, but now I feel disgusted with myself and Idk if I ever wanna meet up with someone online again. I’ve heard the horror stories before and I should’ve listened to them because if I did then I wouldn’t be in this situation. I honestly feel like no matter what anyone tells me I feel like did this to myself and I feel regretful of everything that happened and I hate that I have to live with knowing this for the rest of my life.","[""\\bi\\s+didn[’']t\\s+say\\s+no\\b""]","[""\\bi\\s+didn[’']t\\s+say\\s+no\\b"", '\\bidk+k*\\b']"
1ai9m4a,TwoXChromosomes,What do you guys think about women who knowingly hook up with a rapist?,luujunk,1,0,False,0,1707003440,/r/TwoXChromosomes/comments/1ai9m4a/what_do_you_guys_think_about_women_who_knowingly/,"I’m in the military and there’s this girl in my platoon who is hooking up with a guy in our platoon she knows tried to rape a girl a couple months ago. She used to sympathize for the girl, but now that she hooks up with him, she makes excuses for him saying that she doesn’t fully believe her or it wasn’t that bad. Also, she knows he has a current girlfriend and is still hooking up with him. I’ve been SA’d numerous times in the past in the military by different men, so this is clouding my mind.

I’ve had past issues with her starting issues with me at work because my boyfriend used to be her best friend and now he doesn’t hang with her anymore.

I find this woman so disgusting, it makes my brain hurt. She’s incredibly hedonistic, especially in her sexuality where she only thinks about what she can get out of guys with no regard for others. I just look at her like filth right now. I hate knowing that male rapists aren’t completely turned away by suitors once they are found to be rapists. I hate knowing that they can just go live a normal sexual life after what they do to other girls.

Is it wrong for me to be thinking of her in this way? Is my anger misplaced? She’s in her early 30s and has kids from a divorced marriage, so I don’t see the immaturity aspect. Am I putting too much moral responsibility on her?","1ai9m4a TwoXChromosomes What do you guys think about women who knowingly hook up with a rapist? luujunk /r/TwoXChromosomes/comments/1ai9m4a/what_do_you_guys_think_about_women_who_knowingly/ I’m in the military and there’s this girl in my platoon who is hooking up with a guy in our platoon she knows tried to rape a girl a couple months ago. She used to sympathize for the girl, but now that she hooks up with him, she makes excuses for him saying that she doesn’t fully believe her or it wasn’t that bad. Also, she knows he has a current girlfriend and is still hooking up with him. I’ve been SA’d numerous times in the past in the military by different men, so this is clouding my mind.

I’ve had past issues with her starting issues with me at work because my boyfriend used to be her best friend and now he doesn’t hang with her anymore.

I find this woman so disgusting, it makes my brain hurt. She’s incredibly hedonistic, especially in her sexuality where she only thinks about what she can get out of guys with no regard for others. I just look at her like filth right now. I hate knowing that male rapists aren’t completely turned away by suitors once they are found to be rapists. I hate knowing that they can just go live a normal sexual life after what they do to other girls.

Is it wrong for me to be thinking of her in this way? Is my anger misplaced? She’s in her early 30s and has kids from a divorced marriage, so I don’t see the immaturity aspect. Am I putting too much moral responsibility on her?","[""\\bit\\s+wasn[’']t\\s+that\\s+bad\\b""]","['\\bboyfriend\\b', ""\\bit\\s+wasn[’']t\\s+that\\s+bad\\b"", '\\bgirlfriend\\b', '\\bsa\\b', '\\brape\\b', '\\bfriend\\b']"
177zela,TwoXChromosomes,Block and delete?,QuasarchShooby,1,0,True,1,1697318486,/r/TwoXChromosomes/comments/177zela/block_and_delete/,"Some months ago, I was hooking up with a guy. We hooked up maybe five or six times. I ended up ghosting him because there were some issues with him respecting my no. Ever since then, he has attempted virtually every medium to contact me. This includes over text, two separate Instagram accounts, and a dating app. I’ve blocked him with each attempt. His most recent message was to my business’s Instagram account, and it said this. ” Hey, i just wanted to text u again to apologize again for that last night we were together. U were right , I should’ve just stopped when u said. I was just really drunk, thought u were just annoyed I couldn’t stay hard and didn’t wanna disappoint u. When we talked about that later, I barely remembered it, but I did later . So i just wanted to apologize. I hope ur doing well.”

Yeah………

As I did with the other attempts, I blocked him after I received this message. But days later, I got a phone call and a series of text messages from someone that lived at his apartment. He said “You don't know me but my name Redacted... and I would love to talk to you... you dated someone I know I live in redacted  Apartments. Maybe you should give me a call.”  

To say I am disgusted is an understatement. I want to unblock original guy and cuss him out for giving out my number like this.  obviously though, that isn’t a good idea. What should I do? I told guy number two that I didn’t consent to my number being given to him, and he has since apologized. Should I do anything else?  should I ignore original guy and hope he eventually gets the message?","177zela TwoXChromosomes Block and delete? QuasarchShooby /r/TwoXChromosomes/comments/177zela/block_and_delete/ Some months ago, I was hooking up with a guy. We hooked up maybe five or six times. I ended up ghosting him because there were some issues with him respecting my no. Ever since then, he has attempted virtually every medium to contact me. This includes over text, two separate Instagram accounts, and a dating app. I’ve blocked him with each attempt. His most recent message was to my business’s Instagram account, and it said this. ” Hey, i just wanted to text u again to apologize again for that last night we were together. U were right , I should’ve just stopped when u said. I was just really drunk, thought u were just annoyed I couldn’t stay hard and didn’t wanna disappoint u. When we talked about that later, I barely remembered it, but I did later . So i just wanted to apologize. I hope ur doing well.”

Yeah………

As I did with the other attempts, I blocked him after I received this message. But days later, I got a phone call and a series of text messages from someone that lived at his apartment. He said “You don't know me but my name Redacted... and I would love to talk to you... you dated someone I know I live in redacted  Apartments. Maybe you should give me a call.”  

To say I am disgusted is an understatement. I want to unblock original guy and cuss him out for giving out my number like this.  obviously though, that isn’t a good idea. What should I do? I told guy number two that I didn’t consent to my number being given to him, and he has since apologized. Should I do anything else?  should I ignore original guy and hope he eventually gets the message?","[""\\bi\\s+didn[’']t\\s+consent\\b""]","[""\\bi\\s+didn[’']t\\s+consent\\b""]"
11v4l3n,TwoXChromosomes,Was I assaulted ?,Catlovercaity,18,8,False,0,1679182478,/r/TwoXChromosomes/comments/11v4l3n/was_i_assaulted/,"Was I sexually assaulted/ need help as this was 5 years ago and can’t stop thinking about it

Okay I’m sorry if this is going to be a long one. I’ll start this off by saying I’m 19F and this is an incident that happened to me when I was 14 and to this day I still think about it and I honestly can’t tell if i was sexually assaulted or not. I am looking for an honest outside opinion. 


So what happened is i was in science class and I sat next to this guy who was quite a good friend of mine and I had a little bit of a crush on. In science class we sat on stools and they had like a small hole about the width of two fingers in them.We were kinda mucking about and he stuck his fingers through the hole in the stool. I was wearing a skirt, cycling shorts ,tights and pants so he did not make direct contact or penetration and it was through 4 layers of clothing. I was immediately uncomfortable so I left to go to the bathroom. It was lunch next and I worked up the courage to tell what had happened to my close girl friends and they immediately advised i go and tell the guidance counsellor. I did this and she went and spoke to him that same afternoon. When i asked what was going to happen she said he had cried lots so was clearly sorry and it was my fault for mucking aboutand that was that.I had to stay in the same classes as him for the next two years.I flunked science. To begin with for the first year or so my friends were really supportive and everyone shunned him and it was ok. I got quite depressed but my friends were there for me. About a year later he started hanging out with us again and I explained to my friends that this made me uncomfortable but they said he had “demonstrated” on one of them what had happened and I had been overreacting and needed to get over it already. For my remaining time at school I had no friends and ultimately tried to take my life. Lucking I’m in a much better place now and no longer at school. 

It’s worth noting I am also autistic so often misunderstand social situations so I would just like an honest opinion of the situation and if i over reacted so I can just stop thinking about it once and for all. Thanks in advance","11v4l3n TwoXChromosomes Was I assaulted ? Catlovercaity /r/TwoXChromosomes/comments/11v4l3n/was_i_assaulted/ Was I sexually assaulted/ need help as this was 5 years ago and can’t stop thinking about it

Okay I’m sorry if this is going to be a long one. I’ll start this off by saying I’m 19F and this is an incident that happened to me when I was 14 and to this day I still think about it and I honestly can’t tell if i was sexually assaulted or not. I am looking for an honest outside opinion. 


So what happened is i was in science class and I sat next to this guy who was quite a good friend of mine and I had a little bit of a crush on. In science class we sat on stools and they had like a small hole about the width of two fingers in them.We were kinda mucking about and he stuck his fingers through the hole in the stool. I was wearing a skirt, cycling shorts ,tights and pants so he did not make direct contact or penetration and it was through 4 layers of clothing. I was immediately uncomfortable so I left to go to the bathroom. It was lunch next and I worked up the courage to tell what had happened to my close girl friends and they immediately advised i go and tell the guidance counsellor. I did this and she went and spoke to him that same afternoon. When i asked what was going to happen she said he had cried lots so was clearly sorry and it was my fault for mucking aboutand that was that.I had to stay in the same classes as him for the next two years.I flunked science. To begin with for the first year or so my friends were really supportive and everyone shunned him and it was ok. I got quite depressed but my friends were there for me. About a year later he started hanging out with us again and I explained to my friends that this made me uncomfortable but they said he had “demonstrated” on one of them what had happened and I had been overreacting and needed to get over it already. For my remaining time at school I had no friends and ultimately tried to take my life. Lucking I’m in a much better place now and no longer at school. 

It’s worth noting I am also autistic so often misunderstand social situations so I would just like an honest opinion of the situation and if i over reacted so I can just stop thinking about it once and for all. Thanks in advance",['\\bwas\\s+i\\s+sexually\\s+assaulted\\b'],"['\\bwas\\s+i\\s+sexually\\s+assaulted\\b', '\\bfriend\\b', '\\bsexual(?:ly)?\\s+assault(?:ed|s|ing)?\\b']"
va835y,TwoXChromosomes,Midwife vs OBGYN Doctor for childbirth - anecdotal review,Jessy104,35,16,True,3,1654986255,/r/TwoXChromosomes/comments/va835y/midwife_vs_obgyn_doctor_for_childbirth_anecdotal/,"For my first baby, I just went to the maternity clinic at the hospital that my family doctor referred me to… I didn’t really have a preference or did any research so I just went along with it. It was a rotating service for doctors that work at the hospital and the care was clinical and minimal - It was typically 45 minutes in the waiting room, 5-10 minute appointment, no bedside manner or asking about me, I was just an incubator. I always felt really nervous to ask questions and just did whatever they told me to. 

For my second, I knew early on I wanted to try a different approach and went with a midwife. I’m only 28 weeks along but cannot praise this approach enough. They take their time and make it personal, it’s about me and my experience, they ask me multiple times throughout the appointment if I have any questions, they let me know my options with different tests and what the results mean in a tangible way, there’s always samples of vitamins/supplements/formula/diapers in the office, they let me know that my needs came first… it just is a better overall experience. 

I also want to stress that my first pregnancy had no complications and I had a fairly ‘easy’ natural childbirth so my family doctor said midwife would be a good choice. Both of my sisters had issues and c-section so they chose to stick with an ob. 

I’m in Canada so there was no extra cost either way, midwives have hospital privileges and I’ll still be giving birth at the hospital. They also provide care to me and baby from 8weeks preg-6 weeks postpartum.","va835y TwoXChromosomes Midwife vs OBGYN Doctor for childbirth - anecdotal review Jessy104 /r/TwoXChromosomes/comments/va835y/midwife_vs_obgyn_doctor_for_childbirth_anecdotal/ For my first baby, I just went to the maternity clinic at the hospital that my family doctor referred me to… I didn’t really have a preference or did any research so I just went along with it. It was a rotating service for doctors that work at the hospital and the care was clinical and minimal - It was typically 45 minutes in the waiting room, 5-10 minute appointment, no bedside manner or asking about me, I was just an incubator. I always felt really nervous to ask questions and just did whatever they told me to. 

For my second, I knew early on I wanted to try a different approach and went with a midwife. I’m only 28 weeks along but cannot praise this approach enough. They take their time and make it personal, it’s about me and my experience, they ask me multiple times throughout the appointment if I have any questions, they let me know my options with different tests and what the results mean in a tangible way, there’s always samples of vitamins/supplements/formula/diapers in the office, they let me know that my needs came first… it just is a better overall experience. 

I also want to stress that my first pregnancy had no complications and I had a fairly ‘easy’ natural childbirth so my family doctor said midwife would be a good choice. Both of my sisters had issues and c-section so they chose to stick with an ob. 

I’m in Canada so there was no extra cost either way, midwives have hospital privileges and I’ll still be giving birth at the hospital. They also provide care to me and baby from 8weeks preg-6 weeks postpartum.",['\\bi\\s+just\\s+went\\s+along\\s+with\\s+it\\b'],['\\bi\\s+just\\s+went\\s+along\\s+with\\s+it\\b']
slbxo8,TwoXChromosomes,I went in to get an ultrasound and I left with an IUD without my explicit consent,Larayah,260,67,True,12,1644081202,/r/TwoXChromosomes/comments/slbxo8/i_went_in_to_get_an_ultrasound_and_i_left_with_an/,"Long story short, I went to the gynecologic with the intention of getting myself checked out and asking about birth control. I left with an IUD in tears.

Long story:

At the start of the visit (that was about 20 minutes) the doctor told me that the pills I wanted wouldn't be a great fit because of my weight. I said okay, in my mind thinking that then I wouldn't get anything. I had never been on hormones and I was a little scared of the possible mood swings and such. This was also my second ever trip to the gynecologist and I was really nervous.

She asked me if I had considered a contraceptive implant or an IUD, but I said that I was scared of them both because I wouldn't be able to get them out myself.

She just said that I should think it over and that she'd be able to put the IUD in right now. I said that I was scared of the pain, so if it would hurt a lot to put it in, then I don't want it. I said that I had read horror stories about it. She didn't really say anything to that, and we started the examination.

In the end, there was nothing wrong, and then I'm not completely sure what happened next because of the shock and the pain. Suddenly she's opening the box and inserting the IUD and I kind of blacked out, I know I was screaming and it was absolute hell. The worst pain of my life. I didn't even take a painkiller before because I didn't know it was going to happen.

The nurse that was by my head (I guess there to keep me calm) was also kind of chuckling and commenting that my eyes were really wide and telling me to breathe. I guess trauma is funny. They did keep asking me if I was okay, but I was in shock and just said yes, I guess.

So the doctor didn't really explain anything about the IUD (I know how it works since I've researched it but she didn't know that) and didn't really get my consent to put it in either. I didn't explicitly say no, but I think she should have made sure? She also kept asking me if I felt like she was pressuring me, and I think that it was sign that she felt like she WAS pressuring me.

So if we had paused at any point, I would have said no to the IUD, because I did not want one before the visit. But it was over kind of fast.

I left the office kind of in a haze, and then I broke down in tears at the bus stop. And now I'm traumatized and I don't want to go in again for my checkup in the summer. I'm thinking of filing a complaint.

Am I overreacting?

EDIT: Thank you all so much for the support and helping me to understand that this was much more serious than I first thought. It is much appreciated.

I have filed the complaint. I'll see how they respond and then I'll see if I'll take it further. I don't want to start a whole process, but I want the doctor to know she messed up.

Also, I checked the time of my bus ticket and the whole thing actually lasted closer to 30 minutes, which makes sense since there was the ultrasound as well. I guess that's a trauma response as well.

EDIT2: I did not sign anything. I don't know if you're supposed to do that here or not (I'm not in the US).

You can read in my story where I'm a little hazy because of the shock, but I am sure of that. I also never said yes to the IUD, I think she just assumed it was okay since I didn't say no either. She inserted it right after the the ultrasound. 

And it was not planned beforehand. Of that I'm sure we well, as I was just going to ask about birth control pills.

EDIT A MONTH LATER: I got an email from the senior physician of the department. It basically said ""Sorry you felt like you were pressured. The doctor says you said yes to getting the IUD. There's nothing we can do about the pain anyway, bye."" So it's basically my word against hers and I also had a problem with ""You FELT like"" so I responded, kindly. Just waiting on a response.","slbxo8 TwoXChromosomes I went in to get an ultrasound and I left with an IUD without my explicit consent Larayah /r/TwoXChromosomes/comments/slbxo8/i_went_in_to_get_an_ultrasound_and_i_left_with_an/ Long story short, I went to the gynecologic with the intention of getting myself checked out and asking about birth control. I left with an IUD in tears.

Long story:

At the start of the visit (that was about 20 minutes) the doctor told me that the pills I wanted wouldn't be a great fit because of my weight. I said okay, in my mind thinking that then I wouldn't get anything. I had never been on hormones and I was a little scared of the possible mood swings and such. This was also my second ever trip to the gynecologist and I was really nervous.

She asked me if I had considered a contraceptive implant or an IUD, but I said that I was scared of them both because I wouldn't be able to get them out myself.

She just said that I should think it over and that she'd be able to put the IUD in right now. I said that I was scared of the pain, so if it would hurt a lot to put it in, then I don't want it. I said that I had read horror stories about it. She didn't really say anything to that, and we started the examination.

In the end, there was nothing wrong, and then I'm not completely sure what happened next because of the shock and the pain. Suddenly she's opening the box and inserting the IUD and I kind of blacked out, I know I was screaming and it was absolute hell. The worst pain of my life. I didn't even take a painkiller before because I didn't know it was going to happen.

The nurse that was by my head (I guess there to keep me calm) was also kind of chuckling and commenting that my eyes were really wide and telling me to breathe. I guess trauma is funny. They did keep asking me if I was okay, but I was in shock and just said yes, I guess.

So the doctor didn't really explain anything about the IUD (I know how it works since I've researched it but she didn't know that) and didn't really get my consent to put it in either. I didn't explicitly say no, but I think she should have made sure? She also kept asking me if I felt like she was pressuring me, and I think that it was sign that she felt like she WAS pressuring me.

So if we had paused at any point, I would have said no to the IUD, because I did not want one before the visit. But it was over kind of fast.

I left the office kind of in a haze, and then I broke down in tears at the bus stop. And now I'm traumatized and I don't want to go in again for my checkup in the summer. I'm thinking of filing a complaint.

Am I overreacting?

EDIT: Thank you all so much for the support and helping me to understand that this was much more serious than I first thought. It is much appreciated.

I have filed the complaint. I'll see how they respond and then I'll see if I'll take it further. I don't want to start a whole process, but I want the doctor to know she messed up.

Also, I checked the time of my bus ticket and the whole thing actually lasted closer to 30 minutes, which makes sense since there was the ultrasound as well. I guess that's a trauma response as well.

EDIT2: I did not sign anything. I don't know if you're supposed to do that here or not (I'm not in the US).

You can read in my story where I'm a little hazy because of the shock, but I am sure of that. I also never said yes to the IUD, I think she just assumed it was okay since I didn't say no either. She inserted it right after the the ultrasound. 

And it was not planned beforehand. Of that I'm sure we well, as I was just going to ask about birth control pills.

EDIT A MONTH LATER: I got an email from the senior physician of the department. It basically said ""Sorry you felt like you were pressured. The doctor says you said yes to getting the IUD. There's nothing we can do about the pain anyway, bye."" So it's basically my word against hers and I also had a problem with ""You FELT like"" so I responded, kindly. Just waiting on a response.","[""\\bi\\s+didn[’']t\\s+say\\s+no\\b""]","[""\\bi\\s+didn[’']t\\s+know\\b"", ""\\bi\\s+didn[’']t\\s+say\\s+no\\b"", ""\\bi\\s+don[’']t\\s+know\\b""]"
s4lh03,TwoXChromosomes,URGENT EX RAPIST IM CHARGING IS POSTING ON THE CUDDLE R4R SUBREDDIT WANTING DRUNK CUDDLES,thrawyhsp,36,7,True,1,1642256936,/r/TwoXChromosomes/comments/s4lh03/urgent_ex_rapist_im_charging_is_posting_on_the/,"What do I DO??! HE IS NOW POSTING

ON R4R SUBREDDITS WANTING ADULT BEVERAGES WITH A GAL

If you remember my first post 2 or 3 months ago, I was talking about how I had to use a SAFE WORD during cuddling and he would either ""not hear me"" and keep going, or stop for 1-3 minutes then try again. 

Wise individuals told me you SHOULD NOT have to use a safeword during cuddle/compassionate moments like those. But I had to ALL THE TIME.

Please help me. What do I do? I have my official police report mini card.. I don't know what to do.

Do I submit these tips to a cyber crime line? Idk.

North CAROLINA CLT

Edit: I'm so worried for other women or feminine identifying/leaning peeps even androgynous and it's giving me a panic attack 

I reported one of his photos because it contained a photo I didn't consent to being in (now) but was coerced at the time and it was immediately taken down.

He has an identifying marvel tattoo on his chest and his arm. I don't know if I screenshotted his profile before it got taken down diligently. So pissed at myself.

Edit: IT WAS REMOVED AND HE TEMP BANNED AHAHAH","s4lh03 TwoXChromosomes URGENT EX RAPIST IM CHARGING IS POSTING ON THE CUDDLE R4R SUBREDDIT WANTING DRUNK CUDDLES thrawyhsp /r/TwoXChromosomes/comments/s4lh03/urgent_ex_rapist_im_charging_is_posting_on_the/ What do I DO??! HE IS NOW POSTING

ON R4R SUBREDDITS WANTING ADULT BEVERAGES WITH A GAL

If you remember my first post 2 or 3 months ago, I was talking about how I had to use a SAFE WORD during cuddling and he would either ""not hear me"" and keep going, or stop for 1-3 minutes then try again. 

Wise individuals told me you SHOULD NOT have to use a safeword during cuddle/compassionate moments like those. But I had to ALL THE TIME.

Please help me. What do I do? I have my official police report mini card.. I don't know what to do.

Do I submit these tips to a cyber crime line? Idk.

North CAROLINA CLT

Edit: I'm so worried for other women or feminine identifying/leaning peeps even androgynous and it's giving me a panic attack 

I reported one of his photos because it contained a photo I didn't consent to being in (now) but was coerced at the time and it was immediately taken down.

He has an identifying marvel tattoo on his chest and his arm. I don't know if I screenshotted his profile before it got taken down diligently. So pissed at myself.

Edit: IT WAS REMOVED AND HE TEMP BANNED AHAHAH","[""\\bi\\s+didn[’']t\\s+consent\\b""]","[""\\bi\\s+didn[’']t\\s+consent\\b"", ""\\bi\\s+don[’']t\\s+know\\b"", '\\bidk+k*\\b']"
rz2qqm,TwoXChromosomes,I didn't say no or try to stop him so why did I start crying and want to leave?,blueberrybuttercream,31,22,True,3,1641656893,/r/TwoXChromosomes/comments/rz2qqm/i_didnt_say_no_or_try_to_stop_him_so_why_did_i/,"I went to a very new bf's house tonight and by the end I asked if I could leave and drove home sobbing. I never said no or pushed him away or did anything to stop him so why did I get so upset like he did anything wrong?

I got out of an awful very long relationship nearly a year ago. Outside of everything else that was wrong with the relationship, he also coerced me into sex and physical things for the majority of the time despite knowing I didn't want to. I heard over and over again that I was a problem because normal couples have sex, he can't be with someone who doesn't want regular sex, he'll leave me, show some enthusiasm, act like I want it, if I loved him I would want to have sex, and many more. I dealt with it by grinning and bearing it and trying to get it over with as soon as possible. I often cried during and after. He acted surprise to find this despite me always being tense and quiet and limiting how much and where he touched me and never initiating and in general not wanting to be physical with him. Idk how it could have possibly been missed. He accused me of being asexual and made me feel broken as a woman. I started to feel like I might be.

I met a very very kind, sweet, and caring man from online dating about 2 months ago and within the last couple days we had the whole exclusivity and relationship talk so now he's my boyfriend I suppose. He invited me over to his place and things were going well no problem but at one point I asked how he thought things were going. He gave a very lukewarm tone and answered with ""good"". I jokingly said that wasn't very enthusiastic and he said he didn't get enthusiastic about things. It made me feel badly to be honest. I went way out of my comfort zone to go to his house and he didn't even really prepare anything. I don't know what I should have expected but all he did was start kissing me. We essentially just made out in the dark with a few comments here and there. 

After his comment ruined my happy mood he just went back to kissing me but my body language changed entirely. I grit my teeth and did not kiss back, I closed my hands into fists, and crossed my arms over my chest. Things got really really awkward because he started to rub me on my lower abdomen for like awhile. I take it he thought he was in the general vagina region but it was not anywhere close to being between my legs. I didn't say anything to him kissing me or the weird attempted stomach fingering but it was very uncomfortable. I laid there silently and not moving so I guess he understood I wasn't going to be finishing from that. He then moved behind me like a big spoon and fell asleep. I started thinking and it really upset me he could miss such obvious discomfort from me. I started to cry and tried peeling his arms off me but he woke up and grabbed me again. I just wanted to get out and go home while he was asleep but if he woke up he just kept pulling me towards him in different ways, kissing me more, telling me he loved me, asking if I was okay, etc. I eventually asked to go to the bathroom and he was going to take me but I grabbed all my things and asked to leave instead. He was clearly very tired but asked me what was wrong and asked me to talk to him. I wasn't in a good state and just wanted to leave. He hugged me and walked me to my car outside and told me to get home safe. I drove home very slowly sobbing the entire way.

In his defense it was night, the lights were off, and he had no glasses on to see me clearly. I already have bad communication skills and I don't know why I couldn't just say to stop. He would have immediately. He's made it clear he wants me to anytime I'm uncomfortable and he's always been extremely patient with me in every way. Other than this, I can't say I've had remotely any issue with him. But right now I feel like I never want to see him again. I also feel like this is something deeply wrong with me. How can I have a normal relationship and physical experiences if I can't say no then want to bail and disappear on the guy when he did nothing wrong? Even if I never see him again couldn't this just happen again with another guy? I know I'm not okay. I can't act like a victim when there are real sexual assault victims who fight tooth and nail against their attackers. I know I have no excuse to cry. I don't know what to do. I just want to be in a happy and normal relationship with a good man who loves and respects me.","rz2qqm TwoXChromosomes I didn't say no or try to stop him so why did I start crying and want to leave? blueberrybuttercream /r/TwoXChromosomes/comments/rz2qqm/i_didnt_say_no_or_try_to_stop_him_so_why_did_i/ I went to a very new bf's house tonight and by the end I asked if I could leave and drove home sobbing. I never said no or pushed him away or did anything to stop him so why did I get so upset like he did anything wrong?

I got out of an awful very long relationship nearly a year ago. Outside of everything else that was wrong with the relationship, he also coerced me into sex and physical things for the majority of the time despite knowing I didn't want to. I heard over and over again that I was a problem because normal couples have sex, he can't be with someone who doesn't want regular sex, he'll leave me, show some enthusiasm, act like I want it, if I loved him I would want to have sex, and many more. I dealt with it by grinning and bearing it and trying to get it over with as soon as possible. I often cried during and after. He acted surprise to find this despite me always being tense and quiet and limiting how much and where he touched me and never initiating and in general not wanting to be physical with him. Idk how it could have possibly been missed. He accused me of being asexual and made me feel broken as a woman. I started to feel like I might be.

I met a very very kind, sweet, and caring man from online dating about 2 months ago and within the last couple days we had the whole exclusivity and relationship talk so now he's my boyfriend I suppose. He invited me over to his place and things were going well no problem but at one point I asked how he thought things were going. He gave a very lukewarm tone and answered with ""good"". I jokingly said that wasn't very enthusiastic and he said he didn't get enthusiastic about things. It made me feel badly to be honest. I went way out of my comfort zone to go to his house and he didn't even really prepare anything. I don't know what I should have expected but all he did was start kissing me. We essentially just made out in the dark with a few comments here and there. 

After his comment ruined my happy mood he just went back to kissing me but my body language changed entirely. I grit my teeth and did not kiss back, I closed my hands into fists, and crossed my arms over my chest. Things got really really awkward because he started to rub me on my lower abdomen for like awhile. I take it he thought he was in the general vagina region but it was not anywhere close to being between my legs. I didn't say anything to him kissing me or the weird attempted stomach fingering but it was very uncomfortable. I laid there silently and not moving so I guess he understood I wasn't going to be finishing from that. He then moved behind me like a big spoon and fell asleep. I started thinking and it really upset me he could miss such obvious discomfort from me. I started to cry and tried peeling his arms off me but he woke up and grabbed me again. I just wanted to get out and go home while he was asleep but if he woke up he just kept pulling me towards him in different ways, kissing me more, telling me he loved me, asking if I was okay, etc. I eventually asked to go to the bathroom and he was going to take me but I grabbed all my things and asked to leave instead. He was clearly very tired but asked me what was wrong and asked me to talk to him. I wasn't in a good state and just wanted to leave. He hugged me and walked me to my car outside and told me to get home safe. I drove home very slowly sobbing the entire way.

In his defense it was night, the lights were off, and he had no glasses on to see me clearly. I already have bad communication skills and I don't know why I couldn't just say to stop. He would have immediately. He's made it clear he wants me to anytime I'm uncomfortable and he's always been extremely patient with me in every way. Other than this, I can't say I've had remotely any issue with him. But right now I feel like I never want to see him again. I also feel like this is something deeply wrong with me. How can I have a normal relationship and physical experiences if I can't say no then want to bail and disappear on the guy when he did nothing wrong? Even if I never see him again couldn't this just happen again with another guy? I know I'm not okay. I can't act like a victim when there are real sexual assault victims who fight tooth and nail against their attackers. I know I have no excuse to cry. I don't know what to do. I just want to be in a happy and normal relationship with a good man who loves and respects me.","[""\\bi\\s+didn[’']t\\s+say\\s+no\\b""]","['\\bboyfriend\\b', ""\\bi\\s+didn[’']t\\s+say\\s+no\\b"", '\\bidk+k*\\b', ""\\bi\\s+don[’']t\\s+know\\b"", '\\bassault\\b', '\\bsexual(?:ly)?\\s+assault(?:ed|s|ing)?\\b']"
qtcja7,TwoXChromosomes,At which point can something be considered rape?,Pale_Train_9173,16,23,True,6,1636845171,/r/TwoXChromosomes/comments/qtcja7/at_which_point_can_something_be_considered_rape/,"Edit: To everyone who took her/his/their time to answer to my post: Thank you so much! I cried a lot, but despite that, you gave me very valuable input and a lot to think about.

&amp;#x200B;

My husband (m34) and i (f30) don't have a lot of sex, due to other problems in our relationship. I am the ""problematic one"" there, meaning i am the one who doesn't  want to sleep with him, or better, i somehow can't. It's not some kind  of revenge from my side, it just doesn't feel right for me, when there  is so much else that needs resolve first (i know that some people might  see it in a different way, and that's perfectly fine!).

We also went to a  therapist, to which we don't go anymore after my husband said that it  wasn't worth anything, because we still don't sleep with each other more often... . There was a time when he was very abusive to me (verbally, the  reason was not the lack of sex, and he was very controlling, taking away  my card of our bankaccount, etc.), basically telling me i was a  worthless piece of sh\*t, and i think this contributed to my feeling of  not feeling safe around him to relax enough to become intimate again. I really tried to come over it and forget it, but even after 2 years it stuck and my mind can't process it. He also has a  caring and nice side though, so it is not like every day is hell, so maybe i should be happy, at the same time it makes things just more complicated.

It didn't help that up until recently, my husbands opinion always  had been that in our relationship the only problem is the lack of sex,  and that maybe i should seek professional help, giving me all  responsibility. I felt wrong and guilty all the time, and somehow still  do, although something in my mind tells me that this thought is also not correct.

So, after this little bit of context, here is what happened and why i am asking:

One afternoon when we were alone, my husband started kissing and  touching me. When he started to undress me i told him that i don't want  to sleep with him, he continued, and i didn't say anything anymore. He  was already hard and touched me a little bit more, until it seemed as if  he wanted to enter me, and again i tensed and said ""no"", not in a loud  angry voice, but it didn't sound playful/flirty either. I tried to pull  up my pants, and he stopped me and told me i should wait, just wait, and  then penetrated me. I just felt numb and didn't push him off or  anything, after some thrusts the doorbell rang and disrupted what was  happening. Afterwards i went into our bedroom and cried a lot and i don't even really know why, i felt awful for the rest of the day.  When i was still sad in the evening my husband got really angry,  because i said that i felt terrible because of what had happened (I said  sth. like ""because of what you did!""), and he almost yelled: ""What  do you think it was? Huh? Huh?"", to which i just replied: ""I said no  and you still did it..."".

Weeks, some months, went by, and we haven't slept with each other  since then, he also didn't try to again, and i still try to figure out  what that was. I told two of my closest friends about it, and they said  that it was basically rape, but somehow some part of me doesn't want to  believe it, i feel ashamed and embarrassed, and some naive romantic part  of me tells me that it couldn't have been rape because we are married  and he is my husband, or that it's my own fault because i didn't say no  vehemently enough, that i should have fought back more.

I don't trust my  gut-feeling at all and find it very difficult to distinguish between me  overreacting or making a victim out of myself and feeling ""rightfully""  hurt. Or is it an absolutely individual thing and up to oneself to set  boundaries?

I feel so bad about everything and don't really know why.

I am sorry if this is not the right subforum. If that is the case i  would be very happy if you gave me some advice where posting this is  more appropriate. Furthermore, i am also sorry for mistakes and/or bad  grammar, english isn't my first language :|.

Thank you so much for reading.","qtcja7 TwoXChromosomes At which point can something be considered rape? Pale_Train_9173 /r/TwoXChromosomes/comments/qtcja7/at_which_point_can_something_be_considered_rape/ Edit: To everyone who took her/his/their time to answer to my post: Thank you so much! I cried a lot, but despite that, you gave me very valuable input and a lot to think about.

&amp;#x200B;

My husband (m34) and i (f30) don't have a lot of sex, due to other problems in our relationship. I am the ""problematic one"" there, meaning i am the one who doesn't  want to sleep with him, or better, i somehow can't. It's not some kind  of revenge from my side, it just doesn't feel right for me, when there  is so much else that needs resolve first (i know that some people might  see it in a different way, and that's perfectly fine!).

We also went to a  therapist, to which we don't go anymore after my husband said that it  wasn't worth anything, because we still don't sleep with each other more often... . There was a time when he was very abusive to me (verbally, the  reason was not the lack of sex, and he was very controlling, taking away  my card of our bankaccount, etc.), basically telling me i was a  worthless piece of sh\*t, and i think this contributed to my feeling of  not feeling safe around him to relax enough to become intimate again. I really tried to come over it and forget it, but even after 2 years it stuck and my mind can't process it. He also has a  caring and nice side though, so it is not like every day is hell, so maybe i should be happy, at the same time it makes things just more complicated.

It didn't help that up until recently, my husbands opinion always  had been that in our relationship the only problem is the lack of sex,  and that maybe i should seek professional help, giving me all  responsibility. I felt wrong and guilty all the time, and somehow still  do, although something in my mind tells me that this thought is also not correct.

So, after this little bit of context, here is what happened and why i am asking:

One afternoon when we were alone, my husband started kissing and  touching me. When he started to undress me i told him that i don't want  to sleep with him, he continued, and i didn't say anything anymore. He  was already hard and touched me a little bit more, until it seemed as if  he wanted to enter me, and again i tensed and said ""no"", not in a loud  angry voice, but it didn't sound playful/flirty either. I tried to pull  up my pants, and he stopped me and told me i should wait, just wait, and  then penetrated me. I just felt numb and didn't push him off or  anything, after some thrusts the doorbell rang and disrupted what was  happening. Afterwards i went into our bedroom and cried a lot and i don't even really know why, i felt awful for the rest of the day.  When i was still sad in the evening my husband got really angry,  because i said that i felt terrible because of what had happened (I said  sth. like ""because of what you did!""), and he almost yelled: ""What  do you think it was? Huh? Huh?"", to which i just replied: ""I said no  and you still did it..."".

Weeks, some months, went by, and we haven't slept with each other  since then, he also didn't try to again, and i still try to figure out  what that was. I told two of my closest friends about it, and they said  that it was basically rape, but somehow some part of me doesn't want to  believe it, i feel ashamed and embarrassed, and some naive romantic part  of me tells me that it couldn't have been rape because we are married  and he is my husband, or that it's my own fault because i didn't say no  vehemently enough, that i should have fought back more.

I don't trust my  gut-feeling at all and find it very difficult to distinguish between me  overreacting or making a victim out of myself and feeling ""rightfully""  hurt. Or is it an absolutely individual thing and up to oneself to set  boundaries?

I feel so bad about everything and don't really know why.

I am sorry if this is not the right subforum. If that is the case i  would be very happy if you gave me some advice where posting this is  more appropriate. Furthermore, i am also sorry for mistakes and/or bad  grammar, english isn't my first language :|.

Thank you so much for reading.","[""\\bi\\s+didn[’']t\\s+say\\s+no\\b""]","['\\bhusband\\b', ""\\bi\\s+didn[’']t\\s+say\\s+no\\b"", '\\brape\\b']"
pqt13v,TwoXChromosomes,I think I was assaulted last night,Randomerkat,0,18,True,1,1631994063,/r/TwoXChromosomes/comments/pqt13v/i_think_i_was_assaulted_last_night/,"I don’t know what to do. How to feel. Is it bad I feel numb about it? It happens to all of us. 

I met him on tinder and went to his hotel room with the intent of hooking up. I didn’t bring up condoms because I wasn’t 100% sure and figured it would be an easy out. Things were going great, he was telling me how hot I was, rubbing me a bit. All of that lasted 5 min before he put it in. Without a condom. I didn’t even get the chance to tell him no condom no deal. I was a little crossfaded and receptive initially but it hurt and I bled afterward. Idk if it was assault or bad sex. I didn’t say no and when I told him to stop he did.

Idk. It still hurts today. I don’t have therapy until the 4th and I’m reeling","pqt13v TwoXChromosomes I think I was assaulted last night Randomerkat /r/TwoXChromosomes/comments/pqt13v/i_think_i_was_assaulted_last_night/ I don’t know what to do. How to feel. Is it bad I feel numb about it? It happens to all of us. 

I met him on tinder and went to his hotel room with the intent of hooking up. I didn’t bring up condoms because I wasn’t 100% sure and figured it would be an easy out. Things were going great, he was telling me how hot I was, rubbing me a bit. All of that lasted 5 min before he put it in. Without a condom. I didn’t even get the chance to tell him no condom no deal. I was a little crossfaded and receptive initially but it hurt and I bled afterward. Idk if it was assault or bad sex. I didn’t say no and when I told him to stop he did.

Idk. It still hurts today. I don’t have therapy until the 4th and I’m reeling","['\\bif\\s+it\\s+was\\s+assault\\b', ""\\bi\\s+didn[’']t\\s+say\\s+no\\b""]","['\\bif\\s+it\\s+was\\s+assault\\b', ""\\bi\\s+didn[’']t\\s+say\\s+no\\b"", ""\\bi\\s+don[’']t\\s+know\\b"", '\\bidk+k*\\b', '\\bassault\\b']"
pqqbpm,TwoXChromosomes,Not saying no isn't a yes,catsinbananahats,73,15,True,2,1631984967,/r/TwoXChromosomes/comments/pqqbpm/not_saying_no_isnt_a_yes/,"I didn't say no when my boyfriend pinned me down with his hands and kissed me even as I tried to move my head away from him

I didn't say no when a stranger woke me up by putting his hands on my waist and kissing me on the lips.

But I didn't say yes either.","pqqbpm TwoXChromosomes Not saying no isn't a yes catsinbananahats /r/TwoXChromosomes/comments/pqqbpm/not_saying_no_isnt_a_yes/ I didn't say no when my boyfriend pinned me down with his hands and kissed me even as I tried to move my head away from him

I didn't say no when a stranger woke me up by putting his hands on my waist and kissing me on the lips.

But I didn't say yes either.","[""\\bi\\s+didn[’']t\\s+say\\s+no\\b""]","['\\bboyfriend\\b', ""\\bi\\s+didn[’']t\\s+say\\s+no\\b""]"
pqizwe,TwoXChromosomes,"Unpopular Opinion: I'm tired of hearing the whole ""it's not your job to teach someone about XYZ""...",AnxietyDepressedFun,727,188,True,28,1631955600,/r/TwoXChromosomes/comments/pqizwe/unpopular_opinion_im_tired_of_hearing_the_whole/,"I realize this will likely not be a popular post based on the number of times I see this phrase in the comments on this particular sub but I still wanted to share this, maybe controversial but ultimately, alternative view/thought process.

I hate willful ignorance probably more than anything, but being *""willfully ignorant of""* &amp; just being *""ignorant of""* are different things. Some people grow up sheltered, privileged, unaware of the existence of prejudice or malice - They are ignorant in the sense that they don't yet know that another view, or experience, is different than their own. Willful ignorance however, is when someone knows those things but chooses to dismiss or ignore them altogether to remain close-minded. So when I see people say things like ""It's not your job to teach your boyfriend about sexism"" or ""it's not your job to explain what privilege is to others"" it bothers me because we were all ignorant of something, sometime in our life &amp; if someone didn't teach us, we'd never know. I think it is our job, especially with those we're close with to at least try and help them understand something they may not be aware of. Now if the person does know &amp; chooses to keep recognizing ONLY their experience, that's willful ignorance and it's not your job to ""convince them"" something merits consideration.

As an example, when I was around 18-19 I worked as a server/bartender and became good friends with this guy named Rocky. I should explain that I went to a small school (200 kids maybe) and it was almost completely white and I honestly had very little interaction with people from other races - which sucks btw - so there were a lot of things I didn't understand about the POC experience. Was I aware of racism? Yes, of course this is America but I didn't really understand the real life implications or experience of POC. Rocky was a black guy, and being friends with him was easy but I was constantly learning from him about his experience. One night we're working behind the bar together &amp; this group comes in, they start ordering drinks but I also notice they keep calling Rocky, Tyrone. Now in my head I'm thinking they just can't see his name tag or maybe they misheard him, I'll correct them but when I do the guy just says ""oh he your boyfriend or something?"" I just said no, he's my friend &amp; his name is Rocky but I realized this guy was *only* planning to respect Rocky if we were dating.

Later when the bar closed I asked Rocky what was up because I could see he was down. He explained how often that shit happened, where they'd use a ""stereotypical black guy name"" in a pejorative way unless a white person was around to give him ""legitimacy"". He told me about how these little things (micro-aggressions) had happened his whole life, how it affected him &amp; his brothers. Rocky didn't have to share that with me, he could have taken the ""it's not my job to explain racism to you"" route but then I might never have understood micro-aggressions in the way I do now.

Yes I agree to some degree that it's every individuals responsibility to learn about how their experiences aren't shared by all, but I also think it's every one's job to help others who want to learn, understand them better. We don't all have the same experience and we don't all learn things at the same time so if it's not our job to help others understand, then whose job is it?

Really I guess this long rant is because I want to see more people sharing their experiences so we can understand them better and learn how to be better allies to each other. It would be amazing if people didn't need experiences like mine with Rocky to understand the weight of some things, but often it's just a lack of exposure and not willful ignorance.

**ETA: Due to the volume of messages attacking me, my husband and whatever minor semantics bothered people about this observation and request for more understanding I'm taking a break from the sub for a while. It's clear that while many are interested in using this forum for helping others understand women's perspectives, others are intent on using it to disparage others for simply not knowing something. I stand behind my statements.**","pqizwe TwoXChromosomes Unpopular Opinion: I'm tired of hearing the whole ""it's not your job to teach someone about XYZ""... AnxietyDepressedFun /r/TwoXChromosomes/comments/pqizwe/unpopular_opinion_im_tired_of_hearing_the_whole/ I realize this will likely not be a popular post based on the number of times I see this phrase in the comments on this particular sub but I still wanted to share this, maybe controversial but ultimately, alternative view/thought process.

I hate willful ignorance probably more than anything, but being *""willfully ignorant of""* &amp; just being *""ignorant of""* are different things. Some people grow up sheltered, privileged, unaware of the existence of prejudice or malice - They are ignorant in the sense that they don't yet know that another view, or experience, is different than their own. Willful ignorance however, is when someone knows those things but chooses to dismiss or ignore them altogether to remain close-minded. So when I see people say things like ""It's not your job to teach your boyfriend about sexism"" or ""it's not your job to explain what privilege is to others"" it bothers me because we were all ignorant of something, sometime in our life &amp; if someone didn't teach us, we'd never know. I think it is our job, especially with those we're close with to at least try and help them understand something they may not be aware of. Now if the person does know &amp; chooses to keep recognizing ONLY their experience, that's willful ignorance and it's not your job to ""convince them"" something merits consideration.

As an example, when I was around 18-19 I worked as a server/bartender and became good friends with this guy named Rocky. I should explain that I went to a small school (200 kids maybe) and it was almost completely white and I honestly had very little interaction with people from other races - which sucks btw - so there were a lot of things I didn't understand about the POC experience. Was I aware of racism? Yes, of course this is America but I didn't really understand the real life implications or experience of POC. Rocky was a black guy, and being friends with him was easy but I was constantly learning from him about his experience. One night we're working behind the bar together &amp; this group comes in, they start ordering drinks but I also notice they keep calling Rocky, Tyrone. Now in my head I'm thinking they just can't see his name tag or maybe they misheard him, I'll correct them but when I do the guy just says ""oh he your boyfriend or something?"" I just said no, he's my friend &amp; his name is Rocky but I realized this guy was *only* planning to respect Rocky if we were dating.

Later when the bar closed I asked Rocky what was up because I could see he was down. He explained how often that shit happened, where they'd use a ""stereotypical black guy name"" in a pejorative way unless a white person was around to give him ""legitimacy"". He told me about how these little things (micro-aggressions) had happened his whole life, how it affected him &amp; his brothers. Rocky didn't have to share that with me, he could have taken the ""it's not my job to explain racism to you"" route but then I might never have understood micro-aggressions in the way I do now.

Yes I agree to some degree that it's every individuals responsibility to learn about how their experiences aren't shared by all, but I also think it's every one's job to help others who want to learn, understand them better. We don't all have the same experience and we don't all learn things at the same time so if it's not our job to help others understand, then whose job is it?

Really I guess this long rant is because I want to see more people sharing their experiences so we can understand them better and learn how to be better allies to each other. It would be amazing if people didn't need experiences like mine with Rocky to understand the weight of some things, but often it's just a lack of exposure and not willful ignorance.

**ETA: Due to the volume of messages attacking me, my husband and whatever minor semantics bothered people about this observation and request for more understanding I'm taking a break from the sub for a while. It's clear that while many are interested in using this forum for helping others understand women's perspectives, others are intent on using it to disparage others for simply not knowing something. I stand behind my statements.**","[""\\b(?:he|she)[’']?s\\s+my\\s+friend\\b""]","['\\bboyfriend\\b', ""\\bi\\s+didn[’']t\\s+understand\\b"", ""\\b(?:he|she)[’']?s\\s+my\\s+friend\\b"", '\\bhusband\\b', '\\bfriend\\b']"
of0lau,sexualassault,am i a victim?,Automatic-Couple-791,22,12,True,3,1625595087,https://www.reddit.com/r/sexualassault/comments/of0lau/am_i_a_victim/,"I recently broke up with my boyfriend of around a year because he started getting very pushy about sex. When we first started dating I was a virgin and he had experience so I would have sex with him basically whenever he initiated it because a part of me wanted to be perfect or something. Fast forward around 8-9 months I started to hate having sex with him. It always felt like sex was always about him and whenever he wanted to have it. I had told him before I didn’t always like it super rough or super fast and every time we had sex that’s how it was. I started denying him sex because I just didn’t want it nor enjoy it. He started complaining all the time that we never have sex and saying things like “i’m too cranky i need to nut soon.” One morning before I started denying him sex completely, I woke up and he was trying to put it in and i pretended to stay asleep to see if he would stop and he didn’t until i “woke” up and pushed him away. I’ve been telling a few of my friends about this and some of them are saying i’m a victim of sexual assault, and some are saying i’m not because we were still having sex occasionally around when it happened when I would just give in to his complaints. any thoughts?",,['\\bam\\s+i\\s+(?:a\\s+)?victim\\b'],"['\\bam\\s+i\\s+(?:a\\s+)?victim\\b', '\\bboyfriend\\b', '\\bassault\\b', '\\bsexual(?:ly)?\\s+assault(?:ed|s|ing)?\\b']"
of0lau,sexualassault,am i a victim?,Automatic-Couple-791,22,12,True,3,1625595087,https://www.reddit.com/r/sexualassault/comments/of0lau/am_i_a_victim/,"I recently broke up with my boyfriend of around a year because he started getting very pushy about sex. When we first started dating I was a virgin and he had experience so I would have sex with him basically whenever he initiated it because a part of me wanted to be perfect or something. Fast forward around 8-9 months I started to hate having sex with him. It always felt like sex was always about him and whenever he wanted to have it. I had told him before I didn’t always like it super rough or super fast and every time we had sex that’s how it was. I started denying him sex because I just didn’t want it nor enjoy it. He started complaining all the time that we never have sex and saying things like “i’m too cranky i need to nut soon.” One morning before I started denying him sex completely, I woke up and he was trying to put it in and i pretended to stay asleep to see if he would stop and he didn’t until i “woke” up and pushed him away. I’ve been telling a few of my friends about this and some of them are saying i’m a victim of sexual assault, and some are saying i’m not because we were still having sex occasionally around when it happened when I would just give in to his complaints. any thoughts?",,['\\bam\\s+i\\s+(?:a\\s+)?victim\\b'],"['\\bam\\s+i\\s+(?:a\\s+)?victim\\b', '\\bboyfriend\\b', '\\bassault\\b', '\\bsexual(?:ly)?\\s+assault(?:ed|s|ing)?\\b']"
oeu37z,sexualassault,Am I considered a victim?,Anxious_Effort,11,11,True,5,1625575142,https://www.reddit.com/r/sexualassault/comments/oeu37z/am_i_considered_a_victim/,"Went to a guy’s place with the intent of just chilling. We talked beforehand that’s the only thing we were going to do. Eventually we started to cuddle and make out. I told him 5-6x that “no, I didn’t want to go below the belt” but eventually gave in and my pants came off. Perhaps he was getting mixed signals cause I was saying no but my body wasn’t matching that. He started to finger me and my body was responding positively. He also stopped to ask a couple times if i wanted to stop and I said no. I don’t exactly feel like a victim. It felt like I changed my mind after my pants came off. When I told my friend what happened, he insisted it was sexual assault, that I was in denial, and that I was taking the situation too light. Im not sure what to think because I didn’t fight back and liked it. I feel weak. A part of me recognizes this could be sexual assault but I feel consent was there and I need to take some responsibility for not pushing him away afterwards. I’ve had no sexual experience prior to this. I talked to the guy after and he felt bad about pants coming off even though I didn’t want it to, but genuinely thought I was having a good time. It didn’t even occur to me until my friend said it. 

Am I victim that was coerced or was it a case of changing mind?",,['\\bam\\s+i\\s+(?:a\\s+)?victim\\b'],"['\\bam\\s+i\\s+(?:a\\s+)?victim\\b', ""\\bi[’']?m\\s+not\\s+sure\\b"", '\\bassault\\b', '\\bfriend\\b', '\\bsexual(?:ly)?\\s+assault(?:ed|s|ing)?\\b']"
oeu37z,sexualassault,Am I considered a victim?,Anxious_Effort,11,11,True,5,1625575142,https://www.reddit.com/r/sexualassault/comments/oeu37z/am_i_considered_a_victim/,"Went to a guy’s place with the intent of just chilling. We talked beforehand that’s the only thing we were going to do. Eventually we started to cuddle and make out. I told him 5-6x that “no, I didn’t want to go below the belt” but eventually gave in and my pants came off. Perhaps he was getting mixed signals cause I was saying no but my body wasn’t matching that. He started to finger me and my body was responding positively. He also stopped to ask a couple times if i wanted to stop and I said no. I don’t exactly feel like a victim. It felt like I changed my mind after my pants came off. When I told my friend what happened, he insisted it was sexual assault, that I was in denial, and that I was taking the situation too light. Im not sure what to think because I didn’t fight back and liked it. I feel weak. A part of me recognizes this could be sexual assault but I feel consent was there and I need to take some responsibility for not pushing him away afterwards. I’ve had no sexual experience prior to this. I talked to the guy after and he felt bad about pants coming off even though I didn’t want it to, but genuinely thought I was having a good time. It didn’t even occur to me until my friend said it. 

Am I victim that was coerced or was it a case of changing mind?",,['\\bam\\s+i\\s+(?:a\\s+)?victim\\b'],"['\\bam\\s+i\\s+(?:a\\s+)?victim\\b', ""\\bi[’']?m\\s+not\\s+sure\\b"", '\\bassault\\b', '\\bfriend\\b', '\\bsexual(?:ly)?\\s+assault(?:ed|s|ing)?\\b']"
o2a8hv,sexualassault,Was I raped? What should I think about this?,sakic1212,16,5,False,0,1623970395,https://www.reddit.com/r/sexualassault/comments/o2a8hv/was_i_raped_what_should_i_think_about_this/,"I have NEVER told this story since it happened about 5 years ago. As a man it feels degrading to talk about. This goes back to when I was 19 years old. I am a anxious, but attractive young man. I also was a virgin. It was my first day at college and the dorms were over-booked at the time, so they had about 15 students staying in a random motel until the dorms were vacant. I planned on getting drunk and taking a taxi over to the residence to party in the dorms. I drank about half a bottle of vodka and began to leave my room. On the way out of the hotel, I ran into a group of the students that were also staying at the hotel (2 girls and 2guys) . So I decided to stay and split the 2nd half of my bottle with the 4 of them and drink in this one girls hotel room. Eventually everyone left the room and I was left with the 1 girl in the hotel room. I again was a virgin with anxiety and no sexual experience. Also extremely drunk. I remember making out with her and her randomly saying “I’ve never been with a white guy before”. I was attracted to her so I was open to the idea at the time as well. I quickly found out that I was able to perform as I had no experience and was wasted. Which I remember her telling me that she “perferred being on top anyways”. This is where my memory is fogged. I remember her being very aggressive. I remember talling her that she is accidentally choking me. Which she replied “ive been doing that for over 20 minutes”.  I told her i couldn’t even feel it as I was so drunk. I remember her telling me to put my arms behind my back and holding a pillow on my face. Then I have a big gap in time... I remember waking up and seeing her laying next to me. I asked her what happened and she told me “I fell asleep”. The time was 5:30 AM... over 5 hours had passed since we started (I was never on top of her once). But i also had an erection and the condom was still on. I remember saying sorry I didn’t make you orgasm, which she replied “No, I came over 5 times”. Which i dont remember. I remember my head pounding in pain and needing to chug 6 straight bottle of water to feel normal. Also the next morning I woke up with over 20 purple hickeys all over my chest (which I don’t remember getting). This is how I lost my virginity. Was this sexual assault?",,['\\bwas\\s+this\\s+(?:sa|sexual\\s+assault)\\b'],"['\\bwas\\s+this\\s+(?:sa|sexual\\s+assault)\\b', '\\bassault\\b', '\\bsexual(?:ly)?\\s+assault(?:ed|s|ing)?\\b']"
o2a8hv,sexualassault,Was I raped? What should I think about this?,sakic1212,16,5,False,0,1623970395,https://www.reddit.com/r/sexualassault/comments/o2a8hv/was_i_raped_what_should_i_think_about_this/,"I have NEVER told this story since it happened about 5 years ago. As a man it feels degrading to talk about. This goes back to when I was 19 years old. I am a anxious, but attractive young man. I also was a virgin. It was my first day at college and the dorms were over-booked at the time, so they had about 15 students staying in a random motel until the dorms were vacant. I planned on getting drunk and taking a taxi over to the residence to party in the dorms. I drank about half a bottle of vodka and began to leave my room. On the way out of the hotel, I ran into a group of the students that were also staying at the hotel (2 girls and 2guys) . So I decided to stay and split the 2nd half of my bottle with the 4 of them and drink in this one girls hotel room. Eventually everyone left the room and I was left with the 1 girl in the hotel room. I again was a virgin with anxiety and no sexual experience. Also extremely drunk. I remember making out with her and her randomly saying “I’ve never been with a white guy before”. I was attracted to her so I was open to the idea at the time as well. I quickly found out that I was able to perform as I had no experience and was wasted. Which I remember her telling me that she “perferred being on top anyways”. This is where my memory is fogged. I remember her being very aggressive. I remember talling her that she is accidentally choking me. Which she replied “ive been doing that for over 20 minutes”.  I told her i couldn’t even feel it as I was so drunk. I remember her telling me to put my arms behind my back and holding a pillow on my face. Then I have a big gap in time... I remember waking up and seeing her laying next to me. I asked her what happened and she told me “I fell asleep”. The time was 5:30 AM... over 5 hours had passed since we started (I was never on top of her once). But i also had an erection and the condom was still on. I remember saying sorry I didn’t make you orgasm, which she replied “No, I came over 5 times”. Which i dont remember. I remember my head pounding in pain and needing to chug 6 straight bottle of water to feel normal. Also the next morning I woke up with over 20 purple hickeys all over my chest (which I don’t remember getting). This is how I lost my virginity. Was this sexual assault?",,['\\bwas\\s+this\\s+(?:sa|sexual\\s+assault)\\b'],"['\\bwas\\s+this\\s+(?:sa|sexual\\s+assault)\\b', '\\bassault\\b', '\\bsexual(?:ly)?\\s+assault(?:ed|s|ing)?\\b']"
o0j4ce,sexualassault,"I'm not sure if I was raped; I enjoyed it, he's my friend.",Various-Committee-11,23,34,True,9,1623776489,https://www.reddit.com/r/sexualassault/comments/o0j4ce/im_not_sure_if_i_was_raped_i_enjoyed_it_hes_my/,"TRIGGER WARNING: Descriptive content.

Hi - here's the short story (I'm really confused):

I recently reconnected (as friends) with a guy I used to have sexual relations with (friends with benefits situation). I went over to his house last night. We were in bed, ready to fall asleep. We started cuddling and making out - which I liked. I had a shirt and a thong on, he went to pull the thong off when I grabbed his hands and said ""No, leave those on. I don't think we're going to have sex tonight. I'm not on birth control anymore."" He said okay, and left them half off. (We had not had sex since our FWB situation ended months ago). We continued to make out, he pulled his boxers partly down, which I thought was just for sensation reasons. He leaned back over top of me, we continued kissing, it was hot, and then suddenly he stuck his dick in me - fast, without asking. I was shocked, if the lights were on, that shock would have been clearly evident on my face. For a moment, I remember thinking in my head ""what the fuck just happened"", as we were still making out and he continued to fuck me. I was already turned on, and I still was aroused, so I went with it. I didn't say anything. He still did not ask. We continued to have rough sex, which I really enjoyed and actively participated in.

My question is, is this rape? I enjoyed it. But I didn't consent. I didn't want to have sex, but at the same time, I was sexually aroused and wanted him - even though I didn't, which is why I didn't consent. But then I just continued on and decided to have sex and go with my feelings of arousal because the decision to have sex was already made for me.

He's a good person, and I'm not saying any of this to paint a bad image of him. I'm just really confused, and I'm not even sure if I should talk to him about this, or (if I do) how I should go about doing so.

Thanks in advance for reading this, and offering your opinions everyone. <3",,"[""\\bi\\s+didn[’']t\\s+consent\\b"", ""\\b(?:he|she)[’']?s\\s+my\\s+friend\\b""]","[""\\bi\\s+didn[’']t\\s+consent\\b"", ""\\bi[’']?m\\s+not\\s+sure\\b"", ""\\b(?:he|she)[’']?s\\s+my\\s+friend\\b"", '\\bassault\\b', '\\brape\\b', '\\bfriend\\b']"
o0j4ce,sexualassault,"I'm not sure if I was raped; I enjoyed it, he's my friend.",Various-Committee-11,23,34,True,9,1623776489,https://www.reddit.com/r/sexualassault/comments/o0j4ce/im_not_sure_if_i_was_raped_i_enjoyed_it_hes_my/,"TRIGGER WARNING: Descriptive content.

Hi - here's the short story (I'm really confused):

I recently reconnected (as friends) with a guy I used to have sexual relations with (friends with benefits situation). I went over to his house last night. We were in bed, ready to fall asleep. We started cuddling and making out - which I liked. I had a shirt and a thong on, he went to pull the thong off when I grabbed his hands and said ""No, leave those on. I don't think we're going to have sex tonight. I'm not on birth control anymore."" He said okay, and left them half off. (We had not had sex since our FWB situation ended months ago). We continued to make out, he pulled his boxers partly down, which I thought was just for sensation reasons. He leaned back over top of me, we continued kissing, it was hot, and then suddenly he stuck his dick in me - fast, without asking. I was shocked, if the lights were on, that shock would have been clearly evident on my face. For a moment, I remember thinking in my head ""what the fuck just happened"", as we were still making out and he continued to fuck me. I was already turned on, and I still was aroused, so I went with it. I didn't say anything. He still did not ask. We continued to have rough sex, which I really enjoyed and actively participated in.

My question is, is this rape? I enjoyed it. But I didn't consent. I didn't want to have sex, but at the same time, I was sexually aroused and wanted him - even though I didn't, which is why I didn't consent. But then I just continued on and decided to have sex and go with my feelings of arousal because the decision to have sex was already made for me.

He's a good person, and I'm not saying any of this to paint a bad image of him. I'm just really confused, and I'm not even sure if I should talk to him about this, or (if I do) how I should go about doing so.

Thanks in advance for reading this, and offering your opinions everyone. <3",,"[""\\bi\\s+didn[’']t\\s+consent\\b"", ""\\b(?:he|she)[’']?s\\s+my\\s+friend\\b""]","[""\\bi\\s+didn[’']t\\s+consent\\b"", ""\\bi[’']?m\\s+not\\s+sure\\b"", ""\\b(?:he|she)[’']?s\\s+my\\s+friend\\b"", '\\bassault\\b', '\\brape\\b', '\\bfriend\\b']"
m6w7wu,sexualassault,Woman on woman sexual assault. Need advice or really anything,bigspookighost,20,8,True,1,1615972011,https://www.reddit.com/r/sexualassault/comments/m6w7wu/woman_on_woman_sexual_assault_need_advice_or/,"I’ve recently had an uncomfortable encounter with a woman that has left me confused and humiliated. It happened a few months ago but basically my boyfriend and my boyfriends friends and his girlfriend met us on an out of town trip. We all went to this hot springs and I ended up getting very drunk. For a little reference, I’m straight, I’ve never been attracted to females sexually or otherwise. I’m very pro women and support women and love empowering women but I am not in any way sexually attracted to women. Anyways, we were about to leave the hot springs and we all went to go rinse off and change and leave. Me and her went into the locker room and it gets blurry from there. Alcohol plus the hot springs had made me pretty inebriated to the point I was almost blackout drunk. The next thing I knew we wound up in one shower together and my bathing suit was off. Also for reference, she was not drunk. I have bits and pieces of remembering her touching kissing and going down on me and feeling very uneasy uncomfortable and scared and just thinking “this shouldn’t be happening I want this to stop” I don’t remember leaving the hot springs or the drive back which was about an hour back to our hotel. As soon and me and my boyfriend got to our room I burst out crying and went to go take another shower. My boyfriend knew something bad had happened and just sat with me in the shower with his clothes on while I sobbed. He thought I had cheated on him with her at first and was very upset with me which just made me more confused and upset but once I was able to choke out the feeling of it and how upset I was he understood and was very caring and supportive. I didn’t think another woman could sexually me. I’d never heard of it happening and I felt very guilty, convincing myself it couldn’t be assault and that I was just a terrible girlfriend and it made me question a lot of things about myself. I was just confused about what happened and still am. It’s very hard for me to talk about it with people. It’s still hard to think about. I don’t know if I consented at any point. I tried to brush it off as drunk girl fun but this wasn’t that. I had only met her once before this trip so we weren’t close at all. I love my boyfriend very much. I still am hesitant to call it sexual assault. I know it wasn’t right but I’m still very confused and any advice or similar experiences would be very helpful. Thank you if you took the time to read this",,"[""\\bdon[’']t\\s+know\\s+if\\s+i\\s+consent(?:ed)?\\b""]","[""\\bdon[’']t\\s+know\\s+if\\s+i\\s+consent(?:ed)?\\b"", '\\bboyfriend\\b', ""\\bi\\s+don[’']t\\s+know\\b"", '\\bassault\\b', '\\bgirlfriend\\b', '\\bsexual(?:ly)?\\s+assault(?:ed|s|ing)?\\b']"
m6w7wu,sexualassault,Woman on woman sexual assault. Need advice or really anything,bigspookighost,20,8,True,1,1615972011,https://www.reddit.com/r/sexualassault/comments/m6w7wu/woman_on_woman_sexual_assault_need_advice_or/,"I’ve recently had an uncomfortable encounter with a woman that has left me confused and humiliated. It happened a few months ago but basically my boyfriend and my boyfriends friends and his girlfriend met us on an out of town trip. We all went to this hot springs and I ended up getting very drunk. For a little reference, I’m straight, I’ve never been attracted to females sexually or otherwise. I’m very pro women and support women and love empowering women but I am not in any way sexually attracted to women. Anyways, we were about to leave the hot springs and we all went to go rinse off and change and leave. Me and her went into the locker room and it gets blurry from there. Alcohol plus the hot springs had made me pretty inebriated to the point I was almost blackout drunk. The next thing I knew we wound up in one shower together and my bathing suit was off. Also for reference, she was not drunk. I have bits and pieces of remembering her touching kissing and going down on me and feeling very uneasy uncomfortable and scared and just thinking “this shouldn’t be happening I want this to stop” I don’t remember leaving the hot springs or the drive back which was about an hour back to our hotel. As soon and me and my boyfriend got to our room I burst out crying and went to go take another shower. My boyfriend knew something bad had happened and just sat with me in the shower with his clothes on while I sobbed. He thought I had cheated on him with her at first and was very upset with me which just made me more confused and upset but once I was able to choke out the feeling of it and how upset I was he understood and was very caring and supportive. I didn’t think another woman could sexually me. I’d never heard of it happening and I felt very guilty, convincing myself it couldn’t be assault and that I was just a terrible girlfriend and it made me question a lot of things about myself. I was just confused about what happened and still am. It’s very hard for me to talk about it with people. It’s still hard to think about. I don’t know if I consented at any point. I tried to brush it off as drunk girl fun but this wasn’t that. I had only met her once before this trip so we weren’t close at all. I love my boyfriend very much. I still am hesitant to call it sexual assault. I know it wasn’t right but I’m still very confused and any advice or similar experiences would be very helpful. Thank you if you took the time to read this",,"[""\\bdon[’']t\\s+know\\s+if\\s+i\\s+consent(?:ed)?\\b""]","[""\\bdon[’']t\\s+know\\s+if\\s+i\\s+consent(?:ed)?\\b"", '\\bboyfriend\\b', ""\\bi\\s+don[’']t\\s+know\\b"", '\\bassault\\b', '\\bgirlfriend\\b', '\\bsexual(?:ly)?\\s+assault(?:ed|s|ing)?\\b']"
kd0vsu,sexualassault,I have a question,Anonymous2489104,9,12,True,4,1607963411,https://www.reddit.com/r/sexualassault/comments/kd0vsu/i_have_a_question/,I was wondering if I’m allowed to be upset about this and consider it sexual assault. 2 months ago I was over my friends and some boys were coming over. I had knew about them but never met them. This one boy I’ve never met was friends with my friend and he has told her multiple times he thought I was attractive. I told her that I didn’t want to hook up with him prior because I didn’t find him attractive. There was alcohol involved and an hour before they had arrived me and my friends had drank a lot way more than I ever had before. I remember them coming in and I remember sitting down by the beer pong table and spilling over a cup that is the last thing I remember. I came back into consciousness and I was upstairs in a bedroom and making out with him in a bed. I was really out of it and kept on coming in and out of consciousness. The stuff I do remember are very fuzzy but I remember a couple times while making out I would throw my head back like I couldn’t keep it up or It would fall forward because I couldn’t  hold it up. After a while he asked me if I could take off my pants. ( I had never done anything before besides kiss someone and I prior to this night I didn’t want to bc I was super insecure about my body and every guy before him I had told them no). I should’ve just stood up for myself and told him no but I told him that I was too drunk to take them off thinking he would just get over the idea. This was my bad and I realize now he may have seen it as an invitation for him to take them off instead of me since I was too drunk to but anyways I went out of consciousness again and I woke up with my pants off and just underwear and he was fingering me (I was super sore the next day). After a while he asked me if I would give him head. I also didn’t just say no this time. I kept on making excuses saying I’ve never done it before and that I’m so drunk I can’t. I don’t remember exactly how many times he asked me but at least 5. After one of the times I gave in and just laid on his stomaxh and did it. I blacked out after the first 30 seconds I would say and then I jsut remember laying face down on the bed and asking him to set a timer for 30 minutes so I can sleep. I realize I could’ve just stopped this if I didn’t drink too much or told him no but i was wondering if he was in any wrong in this situation.,,['\\bconsider(?:ed)?\\s+(?:it\\s+)?(?:sa|sexual\\s+assault)\\b'],"['\\bfriend\\b', '\\bassault\\b', '\\bsexual(?:ly)?\\s+assault(?:ed|s|ing)?\\b', '\\bconsider(?:ed)?\\s+(?:it\\s+)?(?:sa|sexual\\s+assault)\\b']"
kd0vsu,sexualassault,I have a question,Anonymous2489104,9,12,True,4,1607963411,https://www.reddit.com/r/sexualassault/comments/kd0vsu/i_have_a_question/,I was wondering if I’m allowed to be upset about this and consider it sexual assault. 2 months ago I was over my friends and some boys were coming over. I had knew about them but never met them. This one boy I’ve never met was friends with my friend and he has told her multiple times he thought I was attractive. I told her that I didn’t want to hook up with him prior because I didn’t find him attractive. There was alcohol involved and an hour before they had arrived me and my friends had drank a lot way more than I ever had before. I remember them coming in and I remember sitting down by the beer pong table and spilling over a cup that is the last thing I remember. I came back into consciousness and I was upstairs in a bedroom and making out with him in a bed. I was really out of it and kept on coming in and out of consciousness. The stuff I do remember are very fuzzy but I remember a couple times while making out I would throw my head back like I couldn’t keep it up or It would fall forward because I couldn’t  hold it up. After a while he asked me if I could take off my pants. ( I had never done anything before besides kiss someone and I prior to this night I didn’t want to bc I was super insecure about my body and every guy before him I had told them no). I should’ve just stood up for myself and told him no but I told him that I was too drunk to take them off thinking he would just get over the idea. This was my bad and I realize now he may have seen it as an invitation for him to take them off instead of me since I was too drunk to but anyways I went out of consciousness again and I woke up with my pants off and just underwear and he was fingering me (I was super sore the next day). After a while he asked me if I would give him head. I also didn’t just say no this time. I kept on making excuses saying I’ve never done it before and that I’m so drunk I can’t. I don’t remember exactly how many times he asked me but at least 5. After one of the times I gave in and just laid on his stomaxh and did it. I blacked out after the first 30 seconds I would say and then I jsut remember laying face down on the bed and asking him to set a timer for 30 minutes so I can sleep. I realize I could’ve just stopped this if I didn’t drink too much or told him no but i was wondering if he was in any wrong in this situation.,,['\\bconsider(?:ed)?\\s+(?:it\\s+)?(?:sa|sexual\\s+assault)\\b'],"['\\bfriend\\b', '\\bassault\\b', '\\bsexual(?:ly)?\\s+assault(?:ed|s|ing)?\\b', '\\bconsider(?:ed)?\\s+(?:it\\s+)?(?:sa|sexual\\s+assault)\\b']"
jmzle8,sexualassault,boyfriend pressuring me into head,randomuserr--1,11,8,False,0,1604361921,https://www.reddit.com/r/sexualassault/comments/jmzle8/boyfriend_pressuring_me_into_head/,"i’ve been thinking back to this for a while now, he’s now my ex but this expierence has caused me to dislike the idea of giving head.

I was with my boyfriend at the time and I was giving him head, after a while I really wanted to leave to meet with other friends and he kept begging me to continue giving him head until he came, and I kept saying I didn’t want to and I wanted to leave, after he kept insisting and I felt pressured to, within the next hour I would stop every 5-10 minutes and ask to leave and say I reallt wanted to leave bht he kept begging and making me feel guilty saying he was about to cum, and he knew I was upset and said i’m sorry but continued to get me to give him head. I didn’t enjoy it at all and I just wanted to leave and I was scared to be with him and while giving him head I was crying a lot and he knew I was upset but didn’t notice I was crying a lot. afterwards I was super uncomfortable and scared to be next to him and walked away from him and went to my friend and cried and told her what happened. 

is this considered sexual assault?",,['\\bconsider(?:ed)?\\s+(?:it\\s+)?(?:sa|sexual\\s+assault)\\b'],"['\\bboyfriend\\b', '\\bassault\\b', '\\bconsider(?:ed)?\\s+(?:it\\s+)?(?:sa|sexual\\s+assault)\\b', '\\bfriend\\b', '\\bsexual(?:ly)?\\s+assault(?:ed|s|ing)?\\b']"
jmzle8,sexualassault,boyfriend pressuring me into head,randomuserr--1,11,8,False,0,1604361921,https://www.reddit.com/r/sexualassault/comments/jmzle8/boyfriend_pressuring_me_into_head/,"i’ve been thinking back to this for a while now, he’s now my ex but this expierence has caused me to dislike the idea of giving head.

I was with my boyfriend at the time and I was giving him head, after a while I really wanted to leave to meet with other friends and he kept begging me to continue giving him head until he came, and I kept saying I didn’t want to and I wanted to leave, after he kept insisting and I felt pressured to, within the next hour I would stop every 5-10 minutes and ask to leave and say I reallt wanted to leave bht he kept begging and making me feel guilty saying he was about to cum, and he knew I was upset and said i’m sorry but continued to get me to give him head. I didn’t enjoy it at all and I just wanted to leave and I was scared to be with him and while giving him head I was crying a lot and he knew I was upset but didn’t notice I was crying a lot. afterwards I was super uncomfortable and scared to be next to him and walked away from him and went to my friend and cried and told her what happened. 

is this considered sexual assault?",,['\\bconsider(?:ed)?\\s+(?:it\\s+)?(?:sa|sexual\\s+assault)\\b'],"['\\bboyfriend\\b', '\\bassault\\b', '\\bconsider(?:ed)?\\s+(?:it\\s+)?(?:sa|sexual\\s+assault)\\b', '\\bfriend\\b', '\\bsexual(?:ly)?\\s+assault(?:ed|s|ing)?\\b']"
l4vrsn,sexualassault,I want to stay with him,[deleted],2,13,False,0,1611603951,https://www.reddit.com/r/sexualassault/comments/l4vrsn/i_want_to_stay_with_him/,"Hi 👋🏼
I need advice.

Before I start, I know what you'll say. ""It was assault and he's bad and you should leave him."" I ask you, though, to be compassionate in your response. He's not bad, and my biggest hope is to work it out together.

A couple of weeks ago, I was hanging out with my boyfriend. He layed on top of me, both of us on our stomachs, on his bed. He doesn't have a couch or anything in his room so we often are on the bed, no big deal. The laying-on-top thing is also something we do sometimes.
(It's awkward to write, please forgive me) hHe started to dry-hump me and play-choke me, also something that we do sometimes. I know that you might think ""oh no! choking!"" but actually I like it and I was the one who introduced it into our relationship.
Except this time I didn't like it. I didn't consent. It was all very quick. I pulled his hand away and I think he thought I was moving his hand bc he was at the wrong angle or something, which is normal.
Afterwards, he realized what he had done and immediately felt so bad and apologized, and we've been talking about it. I know he didn't mean to. He's taking responsibility and being kind.
He realized what he had done and I kind of just sat there. It took me a while to come out of my gaze, and I felt like a robot. Once I returned to normal I hugged him and cried and it was nice.
He should have gotten consent. He didn't know I wasn't consenting, because he was being dumb and uneducated. We talked about consent and changes we'd make so that he knew if I wanted it or not. He and I are young and have lots of learning to do together.
I keep wondering if this means something bad. Or if there are other bad things that he's done, like being mean, or something.

I want to know: am I allowed to forgive him? Am I allowed to stay with him? Will it be ok? Will I be broken?

I know that the rules say no minimizing assault but I promise if you tell me he and I can figure it out that won't be minimizing it.

I want to stay with him.
____

If you have any questions I'll be happy to answer in the comments",,"[""\\bi\\s+didn[’']t\\s+consent\\b""]","[""\\bi\\s+didn[’']t\\s+consent\\b"", '\\bboyfriend\\b', '\\bassault\\b']"
l4vrsn,sexualassault,I want to stay with him,[deleted],2,13,False,0,1611603951,https://www.reddit.com/r/sexualassault/comments/l4vrsn/i_want_to_stay_with_him/,"Hi 👋🏼
I need advice.

Before I start, I know what you'll say. ""It was assault and he's bad and you should leave him."" I ask you, though, to be compassionate in your response. He's not bad, and my biggest hope is to work it out together.

A couple of weeks ago, I was hanging out with my boyfriend. He layed on top of me, both of us on our stomachs, on his bed. He doesn't have a couch or anything in his room so we often are on the bed, no big deal. The laying-on-top thing is also something we do sometimes.
(It's awkward to write, please forgive me) hHe started to dry-hump me and play-choke me, also something that we do sometimes. I know that you might think ""oh no! choking!"" but actually I like it and I was the one who introduced it into our relationship.
Except this time I didn't like it. I didn't consent. It was all very quick. I pulled his hand away and I think he thought I was moving his hand bc he was at the wrong angle or something, which is normal.
Afterwards, he realized what he had done and immediately felt so bad and apologized, and we've been talking about it. I know he didn't mean to. He's taking responsibility and being kind.
He realized what he had done and I kind of just sat there. It took me a while to come out of my gaze, and I felt like a robot. Once I returned to normal I hugged him and cried and it was nice.
He should have gotten consent. He didn't know I wasn't consenting, because he was being dumb and uneducated. We talked about consent and changes we'd make so that he knew if I wanted it or not. He and I are young and have lots of learning to do together.
I keep wondering if this means something bad. Or if there are other bad things that he's done, like being mean, or something.

I want to know: am I allowed to forgive him? Am I allowed to stay with him? Will it be ok? Will I be broken?

I know that the rules say no minimizing assault but I promise if you tell me he and I can figure it out that won't be minimizing it.

I want to stay with him.
____

If you have any questions I'll be happy to answer in the comments",,"[""\\bi\\s+didn[’']t\\s+consent\\b""]","[""\\bi\\s+didn[’']t\\s+consent\\b"", '\\bboyfriend\\b', '\\bassault\\b']"
