post_id,subreddit,title,author,score,num_comments_listed,op_replied,op_reply_count,created_utc,permalink,body,combined_text,bin01_comment,bin02_comment,bin03_comment,bin04_comment,bin05_comment,bin06_comment,bin07_comment,bin08_comment,bin09_comment,bin10_comment,Human_Ranking,LLM_Ranking,LLM_Ranking_2,LLM_Ranking_Error,LLM_Ranking_Valid,rank_a,rank_b,k_a,k_b,kendall_tau,spearman_rho
1o7bk17,sexualassault,Is it considered sexual assault or rape if it was my boyfriend who did it?,[deleted],17,16,True,1,1760536245,/r/sexualassault/comments/1o7bk17/is_it_considered_sexual_assault_or_rape_if_it_was/,My boyfriend and I were having sex and i don’t like anal. I told him that it’s painful and that I don’t like it. I was tied up when he penetrated my asshole. I’m not sure if this is considered rape or not. I told him I was literally shaking my head and saying no but he said he didn’t realise. Is this still considered rape?,1o7bk17 sexualassault Is it considered sexual assault or rape if it was my boyfriend who did it? [deleted] /r/sexualassault/comments/1o7bk17/is_it_considered_sexual_assault_or_rape_if_it_was/ My boyfriend and I were having sex and i don’t like anal. I told him that it’s painful and that I don’t like it. I was tied up when he penetrated my asshole. I’m not sure if this is considered rape or not. I told him I was literally shaking my head and saying no but he said he didn’t realise. Is this still considered rape?,Yes. Leave him and call the police ,"You could be married and it's still considered rape. It doesn't matter your relationship status. If you say NO/do not give an *enthusiastic* YES and they continue, it's rape.",1000% rape. Their relationship with you doesn’t matter. I’m so sorry that happened to you,yes that is 100% rape. he penetrated you where you specifically told him not to,It doesn't matter who is it. Even your husband can't do anything to you that you don't want. Its rape.,,,,,,"5,4,3,2,1","2,3,4,5,1","2,3,4,5,1",,True,"[2, 3, 4, 5, 1]","[2, 3, 4, 5, 1]",5,5,0.9999999999999999,0.9999999999999999
1h93ecx,sexualassault,My boyfriend forced my head down while I was giving,Upbeat_Anxiety_4852,1,1,True,7,1733608817,/r/sexualassault/comments/1h93ecx/my_boyfriend_forced_my_head_down_while_i_was/,"Hey guys, I'm reposting this in hopes of responses this time. I really am conflicted and I don't know what this is considered. If it's sexual assault, I didn't say no, so how would he know? If it's rape, which I really don't know because technically I consented to give at first, I again didn't say no. But once I started getting my head pushed I wanted out. 

My (16f) boyfriend (17m) visited me about one week ago. Before this, we talked about our boundaries on call many times and one of mine was for him to not push my head down if I'm giving, because I don't like gagging, choking, and I most definitely didn't want to throw up. His priority was to not hurt me and keep me safe.

Anyways fast forward to the visit, we lost our virginity to each other that moment. We both consented, however, in the beginning when I was giving, he kept pushing my head down. I didn't verbally say no or tell him to stop while in the act because 1. I didn't want to ruin the mood, and 2. he drove so far. But I kept raising my head so I could gather myself and breathe. Each time seconds after, he would tell me to keep going and push my head up and down again. I was just waiting for that moment to be over, and when it did end, I avoided being in that position again. We continued and I consented to everything else. It's just that one part that keeps haunting me. 

When I talked to him about it he was extremely apologetic and he said he forgot about that one but that wasn't an excuse and it was his fault. That was reasonable I think because I did set a lot of boundaries. He was just really sorry. I have a history with SA so I'm shaken. He's the only one I opened up to and he promised to never do bad things to me. He's still extremely apologetic and he says he really didn't mean to and he feels terrible. But it took me a lot to reach that point where I'm comfortable to do those sort of things with him. What is this considered?","1h93ecx sexualassault My boyfriend forced my head down while I was giving Upbeat_Anxiety_4852 /r/sexualassault/comments/1h93ecx/my_boyfriend_forced_my_head_down_while_i_was/ Hey guys, I'm reposting this in hopes of responses this time. I really am conflicted and I don't know what this is considered. If it's sexual assault, I didn't say no, so how would he know? If it's rape, which I really don't know because technically I consented to give at first, I again didn't say no. But once I started getting my head pushed I wanted out. 

My (16f) boyfriend (17m) visited me about one week ago. Before this, we talked about our boundaries on call many times and one of mine was for him to not push my head down if I'm giving, because I don't like gagging, choking, and I most definitely didn't want to throw up. His priority was to not hurt me and keep me safe.

Anyways fast forward to the visit, we lost our virginity to each other that moment. We both consented, however, in the beginning when I was giving, he kept pushing my head down. I didn't verbally say no or tell him to stop while in the act because 1. I didn't want to ruin the mood, and 2. he drove so far. But I kept raising my head so I could gather myself and breathe. Each time seconds after, he would tell me to keep going and push my head up and down again. I was just waiting for that moment to be over, and when it did end, I avoided being in that position again. We continued and I consented to everything else. It's just that one part that keeps haunting me. 

When I talked to him about it he was extremely apologetic and he said he forgot about that one but that wasn't an excuse and it was his fault. That was reasonable I think because I did set a lot of boundaries. He was just really sorry. I have a history with SA so I'm shaken. He's the only one I opened up to and he promised to never do bad things to me. He's still extremely apologetic and he says he really didn't mean to and he feels terrible. But it took me a lot to reach that point where I'm comfortable to do those sort of things with him. What is this considered?",[removed],"He deliberately crossed a boundary you had placed knowing that you would probably be too ""polite"" to tell him to fuck off. I'd personally stay away from this guy, as he does not respect you or your boundaries and it will only get worse from here.","You told him before you didn't consent to it and he did it anyway. I don't know him so I won't comment on if he really did forget and just got carried away or if he was intentional.   In my opinion, this seems like assault. At the minimum, it was a traumatic experience for you and your feelings are 100% valid.  In the future, don't be afraid to com...","I don't believe this was assult or rape BUT if you are uncomfortable with the situation later on, that is NOT your fault. I think this is something that you both need to talk about. Boundaries need to be discussed and you both need to sit and have this conversation together, then again it all depends on what his response is.  If he takes the time t...",,,,,,,"4,3,2,1","2,3,4,1","2,3,4,1",,True,"[2, 3, 4, 1]","[2, 3, 4, 1]",4,4,1.0,1.0
1gnn6ys,sexualassault,My ex boyfriend forced me to have sex is that sexual assault?,throwawayyyonly4me,1,1,False,0,1731195488,/r/sexualassault/comments/1gnn6ys/my_ex_boyfriend_forced_me_to_have_sex_is_that/,"My ex boyfriend trapped me at his house, took my phone, threatened me and wouldn’t let me leave until I had sex with him. 

I fucked up and this is all my fault. I agreed to meet up with him, we’re having a really bad break. I only agreed to meet him because he said he would leave me alone forever if I did. 

I only did it because I was scared but I didn’t want to. Is this sexual assault? I feel violated but it’s my own fault for agreeing to meet up with him. I’m so stupid. I want to die. I feel so gross. ","1gnn6ys sexualassault My ex boyfriend forced me to have sex is that sexual assault? throwawayyyonly4me /r/sexualassault/comments/1gnn6ys/my_ex_boyfriend_forced_me_to_have_sex_is_that/ My ex boyfriend trapped me at his house, took my phone, threatened me and wouldn’t let me leave until I had sex with him. 

I fucked up and this is all my fault. I agreed to meet up with him, we’re having a really bad break. I only agreed to meet him because he said he would leave me alone forever if I did. 

I only did it because I was scared but I didn’t want to. Is this sexual assault? I feel violated but it’s my own fault for agreeing to meet up with him. I’m so stupid. I want to die. I feel so gross. ",[deleted],It’s raped. Be kind to yourself and as others have said think about how you would talk to a friend who told you this.,Almost the exact same thing happened to me and my ex was charged with two felonies for false imprisonment and domestic violence,Choosing to be in a room with someone doesn't entitle them to your body. Not your fault.  He sexually assaulted you.  When he prevented you from leaving he may have broken  another law depending on where you live.,"No, sis its even worse, its called Rape.  I would advise you to call your local authorities, as you were coerced into sexual intercourse.",,,,,,"5,4,3,2,1","4,2,5,3,1","4,2,5,3,1",,True,"[4, 2, 5, 3, 1]","[4, 2, 5, 3, 1]",5,5,0.9999999999999999,0.9999999999999999
1gi7ufd,sexualassault,My bf touched my inappropriately in my sleep,jbbg11000,1,1,True,3,1730585500,/r/sexualassault/comments/1gi7ufd/my_bf_touched_my_inappropriately_in_my_sleep/,"Last night I woke up to my bf putting my hand on his erect genitals. I was shocked, but didn’t open my eyes because I wanted to see how far he’d go. When he realized that my hand is limp (from sleeping) he gave up and decided to fondle my breasts, lift my shirt and put his hand in my pyjama pants, and tried to touch me inappropriately. That’s when I pretended to finally wake up and asked him angrily what the heck he’s doing. He was surprised, and said that he just touched me once (as if that justified it). He got up, and was upset with me. He said that my reaction implied that he’s a pervert, when he’s actually not. He said that I was sweating a lot in my sleep, so he thought I had a fever and he was checking my body? Idk. Didn’t make much sense to me. But I didn’t wanna say much further because I did actually wake up earlier, but pretended to be asleep to see what he’d do. So it’s kind of my fault, that it happened. But would this be considered sexual assault? I don’t think he’s a pervert like he said, but it definitely made me feel kinda violated. ","1gi7ufd sexualassault My bf touched my inappropriately in my sleep jbbg11000 /r/sexualassault/comments/1gi7ufd/my_bf_touched_my_inappropriately_in_my_sleep/ Last night I woke up to my bf putting my hand on his erect genitals. I was shocked, but didn’t open my eyes because I wanted to see how far he’d go. When he realized that my hand is limp (from sleeping) he gave up and decided to fondle my breasts, lift my shirt and put his hand in my pyjama pants, and tried to touch me inappropriately. That’s when I pretended to finally wake up and asked him angrily what the heck he’s doing. He was surprised, and said that he just touched me once (as if that justified it). He got up, and was upset with me. He said that my reaction implied that he’s a pervert, when he’s actually not. He said that I was sweating a lot in my sleep, so he thought I had a fever and he was checking my body? Idk. Didn’t make much sense to me. But I didn’t wanna say much further because I did actually wake up earlier, but pretended to be asleep to see what he’d do. So it’s kind of my fault, that it happened. But would this be considered sexual assault? I don’t think he’s a pervert like he said, but it definitely made me feel kinda violated. ",[removed],Crazy world we live in,Don’t let him gaslight you. 🚩 predatory,"Dude wtf. That is not how you check a temperature, his stupid for even trying to make a cover up story. Yes, this is sexual assault. I’m really sorry this happened to you. x",He is a pervert. No implication needed. He’s also not safe for you. He got mad at you??? Fuck him.,,,,,,"5,4,3,2,1","4,3,5,2,1","4,3,5,2,1",,True,"[4, 3, 5, 2, 1]","[4, 3, 5, 2, 1]",5,5,0.9999999999999999,0.9999999999999999
1gcp5ib,sexualassault,Was I sexually assaulted or is it my fault,Sunflowerspecks,1,1,True,3,1729960744,/r/sexualassault/comments/1gcp5ib/was_i_sexually_assaulted_or_is_it_my_fault/,"Basically, I worked at a video game store to earn income to move out of an abusive household situation. I worked there about 5 days a week. It was a resale shop owned by my middle school choir teacher’s husband. I began working there at 23. I considered the store owner my friend and we would talk about life things and sometimes even relationships to which he would sometimes turn the conversation into something sexual like asking if I fucked the guys I was dating. Admittedly, while I felt a little uncomfortable answering, I also thought this was how adults have conversations and kind of forced myself to get over it because I didn’t want to appear childish. Eventually, that turned into him groping me at work. It began in front of a customer when he asked me to help a costumer figure out what console they were looking for as he grabbed my ass and privates from behind the counter. I had to pretend it wasn’t happening because I was scared I would somehow get in trouble if a stranger witnessed or figured out that he was touching me. It was so uncomfortable but i didn’t ask him to stop because i was scared of the consequences of saying no to him. So began a large period of time when he would greet me at the beginning of my shifts by pulling me into the back and shoving his tongue down my throat and i just put up with it. This man showed clear signs of being violent and anger towards even his costumers so i just thought “just get it over with”. One day while i was working on cleaning a NES console, he suddenly shoved his penis in my mouth (i was sitting at a low leveled table and he walked over) i just remember screaming on the inside and dissociating through the experience. I began to come into work pretending to be sick often and hiding in the bathroom just outside the back entrance of the store (it was located in a mall) for sometimes hours to avoid his advances. Sometimes, a customer would come in and he would have to rush out front and had to stop anything he was doing so the sound of someone coming in always gave me huge relief. Until one day, he locked the entrance to the store and came back and picked me up and threw me on my work table saying “now no one can interrupt us”. He pulled out a condom and said he was saving it for us for weeks. I didn’t say a word. I just panicked and froze. And he shoved himself inside me. I remember dissociating through the entire thing just waiting for him to stop. I felt nothing. I said nothing. I just remember not crying and sitting in the shower for 3 hours when i got home. I blame myself because i didn’t push him off or tell him to stop. But he also didn’t ever ask me? He just DID it. I avoided coming into work after that event for about a month. I kept putting up with it because i needed the money. Until that. When i did come back, i waited until it was the only other person who sometimes worked there. I wound up confiding in him and he immediately told me I can’t keep working there for my safety and he actually helped me get another job.. i am still grateful for that person to this day.

Was this rape? Or is it my fault for not speaking up ","1gcp5ib sexualassault Was I sexually assaulted or is it my fault Sunflowerspecks /r/sexualassault/comments/1gcp5ib/was_i_sexually_assaulted_or_is_it_my_fault/ Basically, I worked at a video game store to earn income to move out of an abusive household situation. I worked there about 5 days a week. It was a resale shop owned by my middle school choir teacher’s husband. I began working there at 23. I considered the store owner my friend and we would talk about life things and sometimes even relationships to which he would sometimes turn the conversation into something sexual like asking if I fucked the guys I was dating. Admittedly, while I felt a little uncomfortable answering, I also thought this was how adults have conversations and kind of forced myself to get over it because I didn’t want to appear childish. Eventually, that turned into him groping me at work. It began in front of a customer when he asked me to help a costumer figure out what console they were looking for as he grabbed my ass and privates from behind the counter. I had to pretend it wasn’t happening because I was scared I would somehow get in trouble if a stranger witnessed or figured out that he was touching me. It was so uncomfortable but i didn’t ask him to stop because i was scared of the consequences of saying no to him. So began a large period of time when he would greet me at the beginning of my shifts by pulling me into the back and shoving his tongue down my throat and i just put up with it. This man showed clear signs of being violent and anger towards even his costumers so i just thought “just get it over with”. One day while i was working on cleaning a NES console, he suddenly shoved his penis in my mouth (i was sitting at a low leveled table and he walked over) i just remember screaming on the inside and dissociating through the experience. I began to come into work pretending to be sick often and hiding in the bathroom just outside the back entrance of the store (it was located in a mall) for sometimes hours to avoid his advances. Sometimes, a customer would come in and he would have to rush out front and had to stop anything he was doing so the sound of someone coming in always gave me huge relief. Until one day, he locked the entrance to the store and came back and picked me up and threw me on my work table saying “now no one can interrupt us”. He pulled out a condom and said he was saving it for us for weeks. I didn’t say a word. I just panicked and froze. And he shoved himself inside me. I remember dissociating through the entire thing just waiting for him to stop. I felt nothing. I said nothing. I just remember not crying and sitting in the shower for 3 hours when i got home. I blame myself because i didn’t push him off or tell him to stop. But he also didn’t ever ask me? He just DID it. I avoided coming into work after that event for about a month. I kept putting up with it because i needed the money. Until that. When i did come back, i waited until it was the only other person who sometimes worked there. I wound up confiding in him and he immediately told me I can’t keep working there for my safety and he actually helped me get another job.. i am still grateful for that person to this day.

Was this rape? Or is it my fault for not speaking up ",Not your fault; you were SA'd. You will recover. DM me if you wanna talk,You absolutely were assaulted and raped. NOT YOUR FAULT. It doesn’t matter. At. All. That you didn’t say no.   HE KNEW the answer was no. I’m sure of that.   I’m so sorry.,"What you've described is sexual assault - it was coercion through abuse of power. He exploited your fear of losing your job to manipulate you, which is completely wrong and abusive. I'm so sorry this happened to you. If you feel you would benefit from professional support, please consider speaking with a counselor or therapist you trust. There are...","You were raped, He is a selfish cad who only thought about his own base needs. He groomed, assaulted, and raped you.  I am so sorry.  You may want to consult a lawyer about sexual harassment creating an unhealthy work place, or the police.    I would focus on recovery. You have shock, pain, &amp; guilt swirling. How could this happen to you? Why me...",,,,,,,"4,3,2,1","2,3,4,1","3,2,4,1",,True,"[2, 3, 4, 1]","[3, 2, 4, 1]",4,4,0.6666666666666669,0.7999999999999999
1fwdfn7,sexualassault,Is it normal the abuser plays everything down?,Quick-Photograph-323,1,1,True,4,1728086074,/r/sexualassault/comments/1fwdfn7/is_it_normal_the_abuser_plays_everything_down/,"After confronting my ex about the SA he played it down, used arguments like, you should have blocked me immediately after but you didn’t so it’s not as bad as I describe it. Also he said, you know I like to dominate, don’t you? , we kept having sex afterwards. I went no contact at one point but after ending no contact I slept with my abusive ex. Although he said I suck in bed and the girl after me is a true sex bomb and  I am just too passive and without energy, it proofs, it wasn’t that bad and I am just dramatic making excuses by talking shit about him. Last point I can somehow  understand. I disrespected myself so much and now can’t be taken seriously after breaking no contact. Who can take me serious now?

I am still puzzled about his reaction recently and I do t understand. I had this fantasy he will feel sorry and try his best to make things right. 

Had this ever happened actually? That the abuser tried his best to make things better? 


But I think he knew he did something wrong. In the beginning I didn’t think about the SA but one day he asked me to tell a couple about the first SA experienced 10 years ago. He said I hope you are not in contact with this guy, he may do it again. He looked me in the eyes for a very long time. I think he knew I will go no contact back then. After telling this story everything came back, three weeks later I blocked him but yeah didn’t stay strong for long 
","1fwdfn7 sexualassault Is it normal the abuser plays everything down? Quick-Photograph-323 /r/sexualassault/comments/1fwdfn7/is_it_normal_the_abuser_plays_everything_down/ After confronting my ex about the SA he played it down, used arguments like, you should have blocked me immediately after but you didn’t so it’s not as bad as I describe it. Also he said, you know I like to dominate, don’t you? , we kept having sex afterwards. I went no contact at one point but after ending no contact I slept with my abusive ex. Although he said I suck in bed and the girl after me is a true sex bomb and  I am just too passive and without energy, it proofs, it wasn’t that bad and I am just dramatic making excuses by talking shit about him. Last point I can somehow  understand. I disrespected myself so much and now can’t be taken seriously after breaking no contact. Who can take me serious now?

I am still puzzled about his reaction recently and I do t understand. I had this fantasy he will feel sorry and try his best to make things right. 

Had this ever happened actually? That the abuser tried his best to make things better? 


But I think he knew he did something wrong. In the beginning I didn’t think about the SA but one day he asked me to tell a couple about the first SA experienced 10 years ago. He said I hope you are not in contact with this guy, he may do it again. He looked me in the eyes for a very long time. I think he knew I will go no contact back then. After telling this story everything came back, three weeks later I blocked him but yeah didn’t stay strong for long 
",Yep. My abusers tried claiming it was a “joke that went a bit too far” or that I’m “bigoted”. Sad part is they won by using the latter in the Title IX hearing as well as telling others,"My rapist did the same thing when I confronted him. First he apologized but then when I called it for what it was, which was rape, he downplayed it and said that he didn’t rape me and that it was just a bad situation and that if I didn’t want it to happen then I didn’t put up much of a fight to stop it. He also said that if it was actually rape the...","Yes, it's manipulation. Trying to make you feel like you're alone and to hate yourself for what they did. Don't, you did nothing wrong. Fuck them.",It’s par for the course for abusers to downplay their actions and blame the victim. He’s following the abuser handbook to a T.,,,,,,,"4,3,2,1","4,3,1,2","3,4,1,2",,True,"[4, 3, 1, 2]","[3, 4, 1, 2]",4,4,0.6666666666666669,0.7999999999999999
1ezx0cb,sexualassault,"It was my fault, I’m 16 and he was 38 ",Hungry-Sir7868,1,1,True,4,1724474069,/r/sexualassault/comments/1ezx0cb/it_was_my_fault_im_16_and_he_was_38/,"I’m a 16yo gay male, I really wanted to just be able to say I wasn’t a virgin. I met him online and I gave him the address to a nearby church parking lot to meet up at. I feel so stupid. I got in his car and I got scared. He immediately pushed my head down and pulled out his penis, I didn’t say no, I didn’t even try to get out, he just grabbed me and I let him. I don’t know if I was assaulted, I don’t wanna go to the police or anything because it was my fault. Afterwards he asked how old I was because I left it off my profile, he said I looked young, I told him it was because I had recently turned 18. I was so scared when he asked. Thank god he let me out and I walked home with the taste of him in my mouth. I didn’t cry on the walk home, I knew it felt wrong but I just felt disgusted. Don’t ever do what I did, it’s been 2 weeks and I still feel gross, I got lucky I didn’t get murdered or something, I don’t know if I got assaulted but I know it should’ve never happened.","1ezx0cb sexualassault It was my fault, I’m 16 and he was 38  Hungry-Sir7868 /r/sexualassault/comments/1ezx0cb/it_was_my_fault_im_16_and_he_was_38/ I’m a 16yo gay male, I really wanted to just be able to say I wasn’t a virgin. I met him online and I gave him the address to a nearby church parking lot to meet up at. I feel so stupid. I got in his car and I got scared. He immediately pushed my head down and pulled out his penis, I didn’t say no, I didn’t even try to get out, he just grabbed me and I let him. I don’t know if I was assaulted, I don’t wanna go to the police or anything because it was my fault. Afterwards he asked how old I was because I left it off my profile, he said I looked young, I told him it was because I had recently turned 18. I was so scared when he asked. Thank god he let me out and I walked home with the taste of him in my mouth. I didn’t cry on the walk home, I knew it felt wrong but I just felt disgusted. Don’t ever do what I did, it’s been 2 weeks and I still feel gross, I got lucky I didn’t get murdered or something, I don’t know if I got assaulted but I know it should’ve never happened.","A.) Please be careful with hook up sites. Especially if you're underage. Pedos operate on those sites looking for those who are either recently minted 18 or younger if they can.   B.) You were assaulted. It was not your fault.   C.) Going forward, vet every partner. Ask as many questions about the person you can. Learn who they are. Hook ups usuall...","He said it himself that you looked young, he asked you afterwards just to not feel guilty, but he surely knew, and above all, he knows that it’s wrong. Don’t think that it’s your fault. From what you’re explaining, it sounds very much like an assault since he took you by surprise. So no, it’s not normal, and no, you are not disgusting, even though...","It wasn't your fault. He knew you were nervous and young and took advantage of that. He's a predator, that's what predators do. You had a normal response to aggression, which is to freeze up. Think about it like this.   If you wanted to have sex with someone you respected, would you grab their head and force it onto your dick? No. That's extremely...","I am sorry this happened to you.   &gt;I didn’t say no, I didn’t even try to get out  The absence of no does not mean yes.  A lack of resistance does not mean consent.   I think you froze, it happens to a lot of victims. You did nothing wrong and it was not your fault.",,,,,,,"4,3,2,1","4,3,2,1","4,3,2,1",,True,"[4, 3, 2, 1]","[4, 3, 2, 1]",4,4,1.0,1.0
13y2y2r,sexualassault,I think my friend masturbated at my sleepover. What do I do?,deer-eyes,1,32,False,0,1685680116,/r/sexualassault/comments/13y2y2r/i_think_my_friend_masturbated_at_my_sleepover/,"My friends (f18) and (nb afab 18), and I (f18) went to a party and we had quite a bit to drink. We all came home to my house afterwards and watched movies and slept in my living room together. I and the nb18 friend slept on either side of an L shaped couch and the f18 friend on a futon in the middle. I woke up around 5 am to what sounded like squelching noises and some heavy breathing coming from the nb18 friend. They were also shifting around a lot under the blanket. I think I may have also heard the sound of a vibrator? - but this I'm not totally sure because the heating system was sort of loud and I had just woken up and was hungover. These sounds went off and on for maybe an hour and a half. I tried audio recording on my phone to make sure I wasn't hallucinating but I don't think I got any viable sound on the recording. I also don't think the friend knows that I heard all this going on.

Although I'm not totally sure what happened, I feel really gross and pretty violated. I lent that friend my pj shorts and I feel like just throwing them away along with the bedding they slept on. I haven't been able to stop thinking about it all day. I've been friends with them for almost 4 years so I just feel so uncomfortable. Is this sexual assault? How do I even begin handling and processing this?

I think the f18 friend slept through all of this. Do I tell her? We've all been very close friends and I'm scared of falsely accusing or messing something up.

Also, do I tell my parents since this all happened at their house? I'm terrified of telling them.

TL;DR: Do you think the nb18 friend was masturbating or did I hear something else? Is this sexual assault? Do I confront them? How do I confront them? Do I tell the other friend? How do I handle this?","13y2y2r sexualassault I think my friend masturbated at my sleepover. What do I do? deer-eyes /r/sexualassault/comments/13y2y2r/i_think_my_friend_masturbated_at_my_sleepover/ My friends (f18) and (nb afab 18), and I (f18) went to a party and we had quite a bit to drink. We all came home to my house afterwards and watched movies and slept in my living room together. I and the nb18 friend slept on either side of an L shaped couch and the f18 friend on a futon in the middle. I woke up around 5 am to what sounded like squelching noises and some heavy breathing coming from the nb18 friend. They were also shifting around a lot under the blanket. I think I may have also heard the sound of a vibrator? - but this I'm not totally sure because the heating system was sort of loud and I had just woken up and was hungover. These sounds went off and on for maybe an hour and a half. I tried audio recording on my phone to make sure I wasn't hallucinating but I don't think I got any viable sound on the recording. I also don't think the friend knows that I heard all this going on.

Although I'm not totally sure what happened, I feel really gross and pretty violated. I lent that friend my pj shorts and I feel like just throwing them away along with the bedding they slept on. I haven't been able to stop thinking about it all day. I've been friends with them for almost 4 years so I just feel so uncomfortable. Is this sexual assault? How do I even begin handling and processing this?

I think the f18 friend slept through all of this. Do I tell her? We've all been very close friends and I'm scared of falsely accusing or messing something up.

Also, do I tell my parents since this all happened at their house? I'm terrified of telling them.

TL;DR: Do you think the nb18 friend was masturbating or did I hear something else? Is this sexual assault? Do I confront them? How do I confront them? Do I tell the other friend? How do I handle this?",[deleted],[deleted],"You have absolutely every right to feel uncomfortable, but recording it and wanting to tell your parents is kind of messed up. It was wrong, they could’ve went to the closet or bathroom— but don’t tell anyone besides them. Talk to THEM. Communicate with them and tell them what they did made you uncomfortable.  I was in your shoes before, and we hav...",Are you sure you are 18 and not 12 or smth? Wile I believe what your friend did was surely wrong because they put you in a situation but you might be reacting too strongly.,"Masturbation is natural, and altho it was a little wrong to do it where they did it was even more wrong for you to try to record it. Communication is they key to a good relationship even friends, and I know it would have been emberising especially for them, if it made you uncomfortable you should have asked them to stop or to do that in private",[removed],,,,,"6,5,4,3,2,1","3,5,4,1,2,6","3,5,4,1,2,6",,True,"[3, 5, 4, 1, 2, 6]","[3, 5, 4, 1, 2, 6]",6,6,0.9999999999999999,1.0
12lrwu6,sexualassault,Am I overreacting?,Sad-Championship-120,19,7,False,0,1681466469,/r/sexualassault/comments/12lrwu6/am_i_overreacting/,"Okay so this is my first time posting on Reddit, I am still very much learning how this whole platform works so I apologise in advance if I don’t get it quite right. 

Me and this guy, let’s call him “M”, were hanging out for the second time a couple of days ago and he was very keen on getting sexual with one another, I was not. I told him I wasn’t comfortable and I didn’t want to have sex multiple times, honestly I could not possibly have been any clearer on that. 
After some continuous nagging trying to convince me he asked if he could just go down on me because that’s all he really wanted anyway. I said I didn’t know if it were a good idea as I didn’t want him to think it would lead into sex, he assured me he wouldn’t and so I just said okay even though I didn’t really want to but he wasn’t letting up. 

He then kept stopping every 30 seconds or so and kept grinding his junk (through undies) against me getting more aggressive every time, to which I would obviously try dodge and move away from, I was clearly not comfortable. Then out of no where he pulled his jocks down and aggressively tried to thrust himself inside me, I yelled ‘I said no!’ and moved away straight away, but not before he blew all over/between my legs. 
I went straight to the bathroom furious and upset and disgusted, but he didn’t seem to think he had done anything wrong, he even tried to kiss me after. 

My question is, was I sexually assaulted? Consenting to one thing does not automatically mean I consent to everything, right? Or am I being dramatic?","12lrwu6 sexualassault Am I overreacting? Sad-Championship-120 /r/sexualassault/comments/12lrwu6/am_i_overreacting/ Okay so this is my first time posting on Reddit, I am still very much learning how this whole platform works so I apologise in advance if I don’t get it quite right. 

Me and this guy, let’s call him “M”, were hanging out for the second time a couple of days ago and he was very keen on getting sexual with one another, I was not. I told him I wasn’t comfortable and I didn’t want to have sex multiple times, honestly I could not possibly have been any clearer on that. 
After some continuous nagging trying to convince me he asked if he could just go down on me because that’s all he really wanted anyway. I said I didn’t know if it were a good idea as I didn’t want him to think it would lead into sex, he assured me he wouldn’t and so I just said okay even though I didn’t really want to but he wasn’t letting up. 

He then kept stopping every 30 seconds or so and kept grinding his junk (through undies) against me getting more aggressive every time, to which I would obviously try dodge and move away from, I was clearly not comfortable. Then out of no where he pulled his jocks down and aggressively tried to thrust himself inside me, I yelled ‘I said no!’ and moved away straight away, but not before he blew all over/between my legs. 
I went straight to the bathroom furious and upset and disgusted, but he didn’t seem to think he had done anything wrong, he even tried to kiss me after. 

My question is, was I sexually assaulted? Consenting to one thing does not automatically mean I consent to everything, right? Or am I being dramatic?",YES YOU WERE SEXUALLY ASSAULTED!!! This is soooo wrong I’m so sorry he did this to you. I don’t know if you could get a test or something to prove his dna got on you. I don’t know if you cleaned yourself thoroughly after (honestly I wouldn’t blame you if you did) but i think this needs to be reported immediately. This is NOT right and these types o...,I think so (to being SA) You stated clearly and seemed uncomfortable about it also and he didn’t even acknowledge that it made you uncomfortable afterwards.,"Yup. He was ignorant, said no very clearly.",I would take this guy out of your life. Before he does anything else! This is not your fault and he should have realized you were uncomfortable from the start!!!!   If you need any ways to cope with this experience maybe try writing what happened on a piece of paper and tearing it out and ripping it up! To move on in some way.,,,,,,,"4,3,2,1","2,3,4,1","2,3,4,1",,True,"[2, 3, 4, 1]","[2, 3, 4, 1]",4,4,1.0,1.0
11gqni2,sexualassault,Is my brother sexually assaulting me???,[deleted],28,37,True,23,1677816093,/r/sexualassault/comments/11gqni2/is_my_brother_sexually_assaulting_me/,"I am not exactly sure if what my brother is doing is considered sexual assault or not. I am a 13 year old girl and he is 24. (This is my first time using reddit so idrk what I'm doing and I just wanted to get peoples opinions about this so please bear with me lmao)

My brother, and his family's house needed to get repaired and it will take a long time, so my mom told him they could stay with us for as long as they needed to. Everything was fine for about a week until one night, during dinner, he started rubbing my thigh. It made me a little uncomfortable, but I just kinda brushed it off. A few days after that, he randomly came into my room and just stood at the end of my bed and smirked? Then he sat next to me on my bed told me I looked cute in what I was wearing, and started to rub my thigh again. His hand was literally touching my privates, I was shaking and about to cry. I asked what he was doing, and he just said ""I just want to hang out with my little sister, I haven't seen you in so long."" Luckily he couldn't go any further than that (if he was going to) because his daughter called for him. This was all three days ago and nothing else has happened other than him just staring and smirking at me.

I just wanna know if I'm overreacting and what I should do :/","11gqni2 sexualassault Is my brother sexually assaulting me??? [deleted] /r/sexualassault/comments/11gqni2/is_my_brother_sexually_assaulting_me/ I am not exactly sure if what my brother is doing is considered sexual assault or not. I am a 13 year old girl and he is 24. (This is my first time using reddit so idrk what I'm doing and I just wanted to get peoples opinions about this so please bear with me lmao)

My brother, and his family's house needed to get repaired and it will take a long time, so my mom told him they could stay with us for as long as they needed to. Everything was fine for about a week until one night, during dinner, he started rubbing my thigh. It made me a little uncomfortable, but I just kinda brushed it off. A few days after that, he randomly came into my room and just stood at the end of my bed and smirked? Then he sat next to me on my bed told me I looked cute in what I was wearing, and started to rub my thigh again. His hand was literally touching my privates, I was shaking and about to cry. I asked what he was doing, and he just said ""I just want to hang out with my little sister, I haven't seen you in so long."" Luckily he couldn't go any further than that (if he was going to) because his daughter called for him. This was all three days ago and nothing else has happened other than him just staring and smirking at me.

I just wanna know if I'm overreacting and what I should do :/",Not over reacting at all. You should talk to a school counselor or trusted adult and potentially file a police report against him,Also close your DMs.  Predators troll these subs and will pretend to care before they start asking for pics.,"Another thing I don’t think anyone has mentioned is if he’s doing this to you, he might already be (or could be in the future) doing it to his daughter. This isn’t normal, it isn’t appropriate, and it isn’t okay. Please do what the other commenters told you and tell an adult that you trust. Remember to advocate for yourself. You’re strong. I’m sorr...","You aren't over reacting, my dear, not one little bit.   I was SA'd by my brothers for years and it started small, like this.  What do you do?  Talk to your mom, Dad, grandma, school counselor.. whoever your trusted adult is, and do so right away.  Hecken' hard, trust me - I know.  I felt super embarrassed and ashamed going to my mother but once I...",,,,,,,"4,3,2,1","4,3,1,2","4,3,1,2",,True,"[4, 3, 1, 2]","[4, 3, 1, 2]",4,4,1.0,1.0
10thm56,sexualassault,It's not a spanking,itwasntaspanking,40,17,False,0,1675520799,/r/sexualassault/comments/10thm56/its_not_a_spanking/,So I just found out what spanking actually is and it's not what my parents call spanking and what they do. I feel like a fool for not knowing. I guess what they call spanking could be considered sexual assault? They don't slap our butt's they shove an object up it. Looking for advice.,10thm56 sexualassault It's not a spanking itwasntaspanking /r/sexualassault/comments/10thm56/its_not_a_spanking/ So I just found out what spanking actually is and it's not what my parents call spanking and what they do. I feel like a fool for not knowing. I guess what they call spanking could be considered sexual assault? They don't slap our butt's they shove an object up it. Looking for advice.,"please please talk to someone. this is so scary, you deserve safety and nurture",If you’re still in school tell a teacher immediately that is assault and child abuse,"that's not ""just"" sexual assault, that's rape. I'm so sorry. that is *deeply* fucked up and abusive. so is normal spanking, but this is absolutely sexual violence. honestly, if you feel like you can, call the police, or tell a teacher or counselor.",They shove objects up your butt? That is sexual assult. What objects do/did they shove and how serious were the reasons? Are you old enough to get out?,,,,,,,"4,3,2,1","2,3,1,4","3,2,1,4",,True,"[2, 3, 1, 4]","[3, 2, 1, 4]",4,4,0.6666666666666669,0.7999999999999999
x9i13m,sexualassault,I don't feel valid.,sadbaby23,8,16,True,6,1662687133,/r/sexualassault/comments/x9i13m/i_dont_feel_valid/,"Soo. I feel stupid making this post but here goes.

When I was 13 years old (I'm 24 now), I used to hangout with my older sisters male best friend who at the time was about 22/23 years old. He lived down the street from us so he was always around and I was really close to him and saw him almost as a brother figure.

One day I got off the bus early at my best friend's stop to walk her home because she had a bad day. After I left her house and started walking back I ran into my sisters friend.

He offered to walk me home so I said sure. Out of nowhere he grabbed my hand and took me behind some trees and started kissing me. I didn't say anything or try to stop him, I was just kind of in shock. Then he grabbed my hand and put it down the front of his pants and made me touch him.. I yanked my arm away and tried to leave but he grabbed my wrist hard and put it back down his pants and while still holding onto my hand, made me rub his penis.

He was grabbing my wrist so hard I started crying from pain and later ended up with bruises around it. I guess I was taking too long to get home so my mom started calling my phone and when he realized this he finally let me go and I ran home.

I kind of pushed it out of my mind for years and tried so hard to forget it, but after 10 years I saw him again working at the gas station next to my house and my heart sank. It's brought up a lot of really dark feelings and emotions. I had never told anyone this before and it's been really weighing on me since I saw him. 

I guess I'm asking if this is considered sexual assault because I want to bring it up in therapy, but idk. I'm scared that I'll sound ridiculous or something? I feel like this really just isn't valid. 

What do you think?","x9i13m sexualassault I don't feel valid. sadbaby23 /r/sexualassault/comments/x9i13m/i_dont_feel_valid/ Soo. I feel stupid making this post but here goes.

When I was 13 years old (I'm 24 now), I used to hangout with my older sisters male best friend who at the time was about 22/23 years old. He lived down the street from us so he was always around and I was really close to him and saw him almost as a brother figure.

One day I got off the bus early at my best friend's stop to walk her home because she had a bad day. After I left her house and started walking back I ran into my sisters friend.

He offered to walk me home so I said sure. Out of nowhere he grabbed my hand and took me behind some trees and started kissing me. I didn't say anything or try to stop him, I was just kind of in shock. Then he grabbed my hand and put it down the front of his pants and made me touch him.. I yanked my arm away and tried to leave but he grabbed my wrist hard and put it back down his pants and while still holding onto my hand, made me rub his penis.

He was grabbing my wrist so hard I started crying from pain and later ended up with bruises around it. I guess I was taking too long to get home so my mom started calling my phone and when he realized this he finally let me go and I ran home.

I kind of pushed it out of my mind for years and tried so hard to forget it, but after 10 years I saw him again working at the gas station next to my house and my heart sank. It's brought up a lot of really dark feelings and emotions. I had never told anyone this before and it's been really weighing on me since I saw him. 

I guess I'm asking if this is considered sexual assault because I want to bring it up in therapy, but idk. I'm scared that I'll sound ridiculous or something? I feel like this really just isn't valid. 

What do you think?","I know maybe this isnt a priority for you (understandable) but you should tell this to the people you both know, he could be still an active abuser 😞. I hope you get through this.","This is clearly sexual assault. You were a kid. There was a huge age difference. Those 2 facts alone make it sexual assault, even if you hadn't made it clear that you didn't want it, which you did. I am very sorry this happened to you and I think it's very understandable that it bothers you.",[deleted],"Yes, definitely sexual assault",,,,,,,"4,3,2,1","2,4,1,3","2,4,1,3",,True,"[2, 4, 1, 3]","[2, 4, 1, 3]",4,4,1.0,1.0
potugm,sexualassault,Was this sexual assault?,Outside_Win6721,5,14,False,0,1631724208,/r/sexualassault/comments/potugm/was_this_sexual_assault/,"(Please do not click on this just to send hate or invalidate my feelings. This is hard for me to talk about. I've tried talking about this to other people and they told me I was lying. Which hurt me a lot, it wasn't the reaction I expected from people I trusted.)

 When I was younger, my mom took me to the doctor. I went to get vaccinated and a physical before school started. My mom was out in the hallway talking with the nurse filling out some papers. While the doctor did a physical check up on me. Like the knee reflex and stuff. Then I remember clear as day the doctor stuck his hand under my hospital gown and rubbed my clitoris for about 2 seconds. 

He did this while still talking, casually like nothing even happened. As a kid I thought it was strange but because he is a doctor I thought he knew what he was doing. I'm 18 now thinking back on this situation makes me sick to my stomach. I have NEVER been to another doctor and this happen. Which leads me to believe this man was a pedophile abusing his place of power. 

Can anyone give feedback do you believe this was sexual assault? Because I sure as hell believe what he did had nothing to do with a physical exam. And he was just a disgusting POS.

[View Poll](https://www.reddit.com/poll/potugm)","potugm sexualassault Was this sexual assault? Outside_Win6721 /r/sexualassault/comments/potugm/was_this_sexual_assault/ (Please do not click on this just to send hate or invalidate my feelings. This is hard for me to talk about. I've tried talking about this to other people and they told me I was lying. Which hurt me a lot, it wasn't the reaction I expected from people I trusted.)

 When I was younger, my mom took me to the doctor. I went to get vaccinated and a physical before school started. My mom was out in the hallway talking with the nurse filling out some papers. While the doctor did a physical check up on me. Like the knee reflex and stuff. Then I remember clear as day the doctor stuck his hand under my hospital gown and rubbed my clitoris for about 2 seconds. 

He did this while still talking, casually like nothing even happened. As a kid I thought it was strange but because he is a doctor I thought he knew what he was doing. I'm 18 now thinking back on this situation makes me sick to my stomach. I have NEVER been to another doctor and this happen. Which leads me to believe this man was a pedophile abusing his place of power. 

Can anyone give feedback do you believe this was sexual assault? Because I sure as hell believe what he did had nothing to do with a physical exam. And he was just a disgusting POS.

[View Poll](https://www.reddit.com/poll/potugm)",[removed],"Yes it was sexual assult . You were very lucky the piece of scum didn't go further with you. He had acess to a child ( who wasn't believed ) when they found the courage to talk about it and told someone  . So yes he could have done anything he wanted without consequences . Piece of s\*it got away with it sorry.  You wouldn't have be the only one ,...","I had a doctor do that to me repeatedly for years, it got worse overtime. It’s definitely assault","It definitely sounds like he took advantage of the fact he was in a position of power over a kid. And I can imagine it’s hurtful not to have the support of those around you. If it’s still bothering you, have you considered reaching out for counselling specifically for those who’ve had experiences like these?   (I didnt use the poll just because I w...",,,,,,,"4,3,2,1","4,3,2,1","4,2,3,1",,True,"[4, 3, 2, 1]","[4, 2, 3, 1]",4,4,0.6666666666666669,0.7999999999999999
o0j4ce,sexualassault,"I'm not sure if I was raped; I enjoyed it, he's my friend.",Various-Committee-11,22,31,True,9,1623776489,/r/sexualassault/comments/o0j4ce/im_not_sure_if_i_was_raped_i_enjoyed_it_hes_my/,"TRIGGER WARNING: Descriptive content.

Hi - here's the short story (I'm really confused):

I recently reconnected (as friends) with a guy I used to have sexual relations with (friends with benefits situation). I went over to his house last night. We were in bed, ready to fall asleep. We started cuddling and making out - which I liked. I had a shirt and a thong on, he went to pull the thong off when I grabbed his hands and said ""No, leave those on. I don't think we're going to have sex tonight. I'm not on birth control anymore."" He said okay, and left them half off. (We had not had sex since our FWB situation ended months ago). We continued to make out, he pulled his boxers partly down, which I thought was just for sensation reasons. He leaned back over top of me, we continued kissing, it was hot, and then suddenly he stuck his dick in me - fast, without asking. I was shocked, if the lights were on, that shock would have been clearly evident on my face. For a moment, I remember thinking in my head ""what the fuck just happened"", as we were still making out and he continued to fuck me. I was already turned on, and I still was aroused, so I went with it. I didn't say anything. He still did not ask. We continued to have rough sex, which I really enjoyed and actively participated in.

My question is, is this rape? I enjoyed it. But I didn't consent. I didn't want to have sex, but at the same time, I was sexually aroused and wanted him - even though I didn't, which is why I didn't consent. But then I just continued on and decided to have sex and go with my feelings of arousal because the decision to have sex was already made for me.

He's a good person, and I'm not saying any of this to paint a bad image of him. I'm just really confused, and I'm not even sure if I should talk to him about this, or (if I do) how I should go about doing so.

Thanks in advance for reading this, and offering your opinions everyone. &lt;3","o0j4ce sexualassault I'm not sure if I was raped; I enjoyed it, he's my friend. Various-Committee-11 /r/sexualassault/comments/o0j4ce/im_not_sure_if_i_was_raped_i_enjoyed_it_hes_my/ TRIGGER WARNING: Descriptive content.

Hi - here's the short story (I'm really confused):

I recently reconnected (as friends) with a guy I used to have sexual relations with (friends with benefits situation). I went over to his house last night. We were in bed, ready to fall asleep. We started cuddling and making out - which I liked. I had a shirt and a thong on, he went to pull the thong off when I grabbed his hands and said ""No, leave those on. I don't think we're going to have sex tonight. I'm not on birth control anymore."" He said okay, and left them half off. (We had not had sex since our FWB situation ended months ago). We continued to make out, he pulled his boxers partly down, which I thought was just for sensation reasons. He leaned back over top of me, we continued kissing, it was hot, and then suddenly he stuck his dick in me - fast, without asking. I was shocked, if the lights were on, that shock would have been clearly evident on my face. For a moment, I remember thinking in my head ""what the fuck just happened"", as we were still making out and he continued to fuck me. I was already turned on, and I still was aroused, so I went with it. I didn't say anything. He still did not ask. We continued to have rough sex, which I really enjoyed and actively participated in.

My question is, is this rape? I enjoyed it. But I didn't consent. I didn't want to have sex, but at the same time, I was sexually aroused and wanted him - even though I didn't, which is why I didn't consent. But then I just continued on and decided to have sex and go with my feelings of arousal because the decision to have sex was already made for me.

He's a good person, and I'm not saying any of this to paint a bad image of him. I'm just really confused, and I'm not even sure if I should talk to him about this, or (if I do) how I should go about doing so.

Thanks in advance for reading this, and offering your opinions everyone. &lt;3","Yes it was because you had already said no but on the other hand you did continue. It's partially to blame on you but most of it is on him. Just because you're still aroused doesn't mean that it wasn't consensual, that's our bodies way of acting. Even with us guys we still get aroused even with being sexually assaulted, it's natural for our bodies...","This is why it is so important for you to figure out how *you* feel about it and thus what *you* want to call it.   ""I don't think we're going to have sex tonight"" requires some interpretation. Depending on the intonation it could be interpreted as ""I haven't made up my mind yet"". It's not a clear cut no. I'm not saying you did anything wrong, just...","You are asking us the readers is this is rape   I would say no, it is not Whilst you did not object or refuse and some may use the ""froze"" excuse, I have liturally just read a story in here in which a poor girl was beaten, humiliated and wape up to being raped by her attackers and requiring hospital treatment and having had to move cities  I have c...","If you think this is her fault in any way then you seriously need a crash course in consent, boundaries, and appropriateness.   OP, while I'm male I can understand the part about feeling conflicted because it felt good. My story is different (I was molested by a cousin when I was 10) but I had those same thoughts about why I enjoyed the attention....","No means no doesn't matter if you ""enjoyed it"", it's a natural bodily response when stimulation happens. Even if he's your ""friend"", imagine what he does to women who aren't his ""friend"", his true colors are showing sadly.",he totally violated your boundaries.   at least communicate that with him (in a non sexual setting) so he understands.,,,,,"6,5,4,3,2,1","6,4,5,1,2,3","6,4,5,1,2,3",,True,"[6, 4, 5, 1, 2, 3]","[6, 4, 5, 1, 2, 3]",6,6,0.9999999999999999,1.0
183k39g,Molested,Pedophiles on this subreddit.,Consistent-Line746,1,1,False,0,1700919974,/r/Molested/comments/183k39g/pedophiles_on_this_subreddit/,"Hello, I’d like to put out there that this subreddit is not safe. I [15 F] have posted my story on here of my molestation from family hoping to find ways to cope or just have people to relate to, to not feel alone or make others not feel alone. I was open and vulnerable thinking most folks here were just like me but I’ve been deceived. I have had a lot of people messaging me asking if I’m okay and to share more details on my story which is fine and I appreciate it but most of it turns sexual, mind you, these are full grown adults chatting with me, a minor asking sexual things. I’ve only met three people who have been kind and actually helpful and became a friend to me and one close to my age. I don’t care about the age gaps but when it gets to be something sexual I’m done. From experience and what I’ve seen it seems older people will come on this subreddit and find young vulnerable molestation victims and take advantage of that, which is disgusting. I’ve had all of these people ask me if I liked my molestation, if i engaged in sex with my abuser willingly or touched my abuser back, asking for nudes, trying to talk about kinks/be kinky, trying to basically manipulate me and try and groom me. I was molested by my father and niece, I’ve had people talk about age play and cnc, trying to act like my father and “rape me”, and then asking if I touched my niece back or whatever. I don’t even want to go into detail on what they’ve said but it’s disgusting and I can’t believe we are casually letting pedophiles access minors and people so easily.  And not to mention the amount of times people have down played and tried to gaslight me into thinking I wasn’t molested or said it wasn’t that bad. I am at a loss for words and down right disgusted. If you ever come across anyone like this, even one slightly off putting comment, BLOCK THEM. Do not let these creeps take advantage of you because of your abusive experiences! And do NOT let anyone sit here and downplay or invalidate your feelings because touching someone in their private areas or making sexual comments/looks at you that make YOU uncomfortable is NEVER OKAY. Do not ever let someone make you feel like your just “making yourself a victim” when we are actual victims. I know it’s hard to get help and find resources and you feel able to talk on Reddit about this stuff and share it with others who experienced this stuff, just don’t. Please look up and call/text a hotline! They will help you or please talk to a trusted adult about this stuff and get therapy if you can. Whatever you’ve been through i am so sorry, and your feelings are very much valid and you are seen and heard, cared and loved for by everyone around you, never forget that. Stay safe everyone because these creeps will attack you mentally and emotionally, they know some of us are already mentally and emotionally weak but stay strong.","183k39g Molested Pedophiles on this subreddit. Consistent-Line746 /r/Molested/comments/183k39g/pedophiles_on_this_subreddit/ Hello, I’d like to put out there that this subreddit is not safe. I [15 F] have posted my story on here of my molestation from family hoping to find ways to cope or just have people to relate to, to not feel alone or make others not feel alone. I was open and vulnerable thinking most folks here were just like me but I’ve been deceived. I have had a lot of people messaging me asking if I’m okay and to share more details on my story which is fine and I appreciate it but most of it turns sexual, mind you, these are full grown adults chatting with me, a minor asking sexual things. I’ve only met three people who have been kind and actually helpful and became a friend to me and one close to my age. I don’t care about the age gaps but when it gets to be something sexual I’m done. From experience and what I’ve seen it seems older people will come on this subreddit and find young vulnerable molestation victims and take advantage of that, which is disgusting. I’ve had all of these people ask me if I liked my molestation, if i engaged in sex with my abuser willingly or touched my abuser back, asking for nudes, trying to talk about kinks/be kinky, trying to basically manipulate me and try and groom me. I was molested by my father and niece, I’ve had people talk about age play and cnc, trying to act like my father and “rape me”, and then asking if I touched my niece back or whatever. I don’t even want to go into detail on what they’ve said but it’s disgusting and I can’t believe we are casually letting pedophiles access minors and people so easily.  And not to mention the amount of times people have down played and tried to gaslight me into thinking I wasn’t molested or said it wasn’t that bad. I am at a loss for words and down right disgusted. If you ever come across anyone like this, even one slightly off putting comment, BLOCK THEM. Do not let these creeps take advantage of you because of your abusive experiences! And do NOT let anyone sit here and downplay or invalidate your feelings because touching someone in their private areas or making sexual comments/looks at you that make YOU uncomfortable is NEVER OKAY. Do not ever let someone make you feel like your just “making yourself a victim” when we are actual victims. I know it’s hard to get help and find resources and you feel able to talk on Reddit about this stuff and share it with others who experienced this stuff, just don’t. Please look up and call/text a hotline! They will help you or please talk to a trusted adult about this stuff and get therapy if you can. Whatever you’ve been through i am so sorry, and your feelings are very much valid and you are seen and heard, cared and loved for by everyone around you, never forget that. Stay safe everyone because these creeps will attack you mentally and emotionally, they know some of us are already mentally and emotionally weak but stay strong.",Bro bro bro shalom in internet.,Good on you for being so assertive with your boundaries. I always encourage minors on here to shut off their DMs. But then again I am a teacher and survivor myself so I am very protective of youth ❤️,53M - I commented about my abuse and had these creeps DM me too..,"Thanks for posting this, it is more impactful coming from someone like you than someone like me (36M). These kinds of people are meek little shits in real life, they are very good at justifying any desire to themselves. That's what happens when resentful losers grow into adults.",,,,,,,"4,3,2,1","2,4,3,1","2,4,3,1",,True,"[2, 4, 3, 1]","[2, 4, 3, 1]",4,4,1.0,1.0
zgb8tv,Molested,I live with guilt over enjoying being molested,ok-blue22,60,13,False,0,1670532792,/r/Molested/comments/zgb8tv/i_live_with_guilt_over_enjoying_being_molested/,"This is a throwaway account I'm only using to post about this. I have another Reddit account, but this is more personal than I'm comfortable with posting where all my friends and other people I know can see on my regular profile, so I'm posting anonymously.  I'm not going into any graphic details on what happened so I don't think this needs a trigger warning (sorry in advance if it does anyway) and I’ll try not to make this terribly long either. 

So my sister and I were molested by a relative who lived with us growing up. It went on for years, from when we were kids until we were preteens. The earliest I remember it happening was when I was 5 while sis was 4 and it stopped when we were 13 and 12. My sister and I had very different experiences when it was happening. Because, unlike her, I actually enjoyed it. I hate to admit that, but it's the truth. Again, not going into any details, but this relative led me to believe what was happening was normal and I just went along with it. He eventually started doing the same to my sister, but she never enjoyed it at all.

It stopped when my sister finally had enough and spoke up about it. Long story short, he was arrested, pleaded not guilty and went to trial where he was sentenced to over a hundred years. He’ll be in prison for the rest of his life. I was upset at first because I cared about him, as much I hate to admit that too, but I was taken to counseling where I quickly wizened up to the reality of my situation. I testified during the trial and my testimony helped put our molester away for good. In spite of all of that, my sister never forgave me for all that happened.

She practically blames me for being molested. She’s told me that what she recalls more than anything is how our molester would tell her that I liked it, so that meant she should as well. Honestly, I've never forgiven myself either. Even though I learned during counseling that I can't be blamed for what happened because I was a child who didn't know better. Still, I can't help but feel ashamed over what happened. I hate myself for having enjoyed it every time and even helped him with hiding what was going on so he wouldn’t get caught. I hate that I’m part of the reason he got away with it for so long.

I’ve been able to live with it for a while, but since this past Thanksgiving, I just can’t get it out of my head. What triggered it was me seeing my sister for the first time in like four years. I was happy to see her and she wasn’t mean or anything, but she never said more than a few words to me. I know she’s still bitter about what happened and might never forgive me. I don’t want to talk to her about it because we don’t ever talk anyway. I don’t know what to do, except write this and just hope that it helps somehow.

Thanks for reading.","zgb8tv Molested I live with guilt over enjoying being molested ok-blue22 /r/Molested/comments/zgb8tv/i_live_with_guilt_over_enjoying_being_molested/ This is a throwaway account I'm only using to post about this. I have another Reddit account, but this is more personal than I'm comfortable with posting where all my friends and other people I know can see on my regular profile, so I'm posting anonymously.  I'm not going into any graphic details on what happened so I don't think this needs a trigger warning (sorry in advance if it does anyway) and I’ll try not to make this terribly long either. 

So my sister and I were molested by a relative who lived with us growing up. It went on for years, from when we were kids until we were preteens. The earliest I remember it happening was when I was 5 while sis was 4 and it stopped when we were 13 and 12. My sister and I had very different experiences when it was happening. Because, unlike her, I actually enjoyed it. I hate to admit that, but it's the truth. Again, not going into any details, but this relative led me to believe what was happening was normal and I just went along with it. He eventually started doing the same to my sister, but she never enjoyed it at all.

It stopped when my sister finally had enough and spoke up about it. Long story short, he was arrested, pleaded not guilty and went to trial where he was sentenced to over a hundred years. He’ll be in prison for the rest of his life. I was upset at first because I cared about him, as much I hate to admit that too, but I was taken to counseling where I quickly wizened up to the reality of my situation. I testified during the trial and my testimony helped put our molester away for good. In spite of all of that, my sister never forgave me for all that happened.

She practically blames me for being molested. She’s told me that what she recalls more than anything is how our molester would tell her that I liked it, so that meant she should as well. Honestly, I've never forgiven myself either. Even though I learned during counseling that I can't be blamed for what happened because I was a child who didn't know better. Still, I can't help but feel ashamed over what happened. I hate myself for having enjoyed it every time and even helped him with hiding what was going on so he wouldn’t get caught. I hate that I’m part of the reason he got away with it for so long.

I’ve been able to live with it for a while, but since this past Thanksgiving, I just can’t get it out of my head. What triggered it was me seeing my sister for the first time in like four years. I was happy to see her and she wasn’t mean or anything, but she never said more than a few words to me. I know she’s still bitter about what happened and might never forgive me. I don’t want to talk to her about it because we don’t ever talk anyway. I don’t know what to do, except write this and just hope that it helps somehow.

Thanks for reading.","I’m so sorry for what you’ve gone through. It is extremely unfair that your sister blames you— I can imagine how much more pain that would add to an already immensely difficult and traumatizing situation.   The truth is, it is absolutely no one’s fault but the abuser. HE was the adult who preyed on children who HE KNEW could not properly consent. Y...",Ugh. I have the same reaction to mine with the same time frame. It feels very strange to have enjoyed it and makes me feel super guilty and a freak. I think being groomed from such a young age eases us into thinking it’s normal and okay. Though I of course knew it wasn’t as I grew older but it’s what I got accustomed to.   My abuser never got found...,"I mean, you were both little kids.  There is no way to know how a child will respond to abuse - enjoying it may have been your coping mechanism.  Hers was anger or bitterness and eventually telling an adult.  Neither one is wrong in my opinion.",I think its really unfair for her to blame you for how she was being manipulated by him. If that reasoning hadnt worked he would have tried something else. Its entirely not your fault and your enjoyment is not the cause for you or for her. It was simply physiology,,,,,,,"4,3,2,1","1,4,3,2","1,4,3,2",,True,"[1, 4, 3, 2]","[1, 4, 3, 2]",4,4,1.0,1.0
1oim8b2,rape,I was “sexually assaulted” by my brothers friend.,easterbubbly,18,18,True,2,1761687354,/r/rape/comments/1oim8b2/i_was_sexually_assaulted_by_my_brothers_friend/,"I personally don’t think this rape or assault but everyone I’ve told, said it was. 

So basically, I was smoking 🍃 with my brother and his friend one night, (btw I was 17 when this happened and my brother/friend were both 20) 
and my brother had basically passed out after 2 hours but since I hadn’t smoked as much, I was still fine and conscious. 

His friend, was fine but very very high, we both were. And we were just talking about life, and most of the time, when I’m high I get very horny. And once I said I was horny, I guess he took that as an invitation to rub my legs and kept slyly trying to rub my nipples through my tshirt. At the time, I can’t lie, I was attracted to him, but the fact that he was my brother friend made me uncomfortable. 

We were both technically “under the influence ” and I never walked away, I did tell him to stop but it was in a jokingly manner, I don’t know if I’m allowed to say I liked it because technically I didn’t consent to it, but I kinda liked it at the same time. I don’t know how to feel because everyone I’ve told, has said it was inappropriate and sexual assault, but I don’t feel that way? 

Maybe it’s because of the age difference? Idk. 



Sorry for any typos or bad writing! 🫩","1oim8b2 rape I was “sexually assaulted” by my brothers friend. easterbubbly /r/rape/comments/1oim8b2/i_was_sexually_assaulted_by_my_brothers_friend/ I personally don’t think this rape or assault but everyone I’ve told, said it was. 

So basically, I was smoking 🍃 with my brother and his friend one night, (btw I was 17 when this happened and my brother/friend were both 20) 
and my brother had basically passed out after 2 hours but since I hadn’t smoked as much, I was still fine and conscious. 

His friend, was fine but very very high, we both were. And we were just talking about life, and most of the time, when I’m high I get very horny. And once I said I was horny, I guess he took that as an invitation to rub my legs and kept slyly trying to rub my nipples through my tshirt. At the time, I can’t lie, I was attracted to him, but the fact that he was my brother friend made me uncomfortable. 

We were both technically “under the influence ” and I never walked away, I did tell him to stop but it was in a jokingly manner, I don’t know if I’m allowed to say I liked it because technically I didn’t consent to it, but I kinda liked it at the same time. I don’t know how to feel because everyone I’ve told, has said it was inappropriate and sexual assault, but I don’t feel that way? 

Maybe it’s because of the age difference? Idk. 



Sorry for any typos or bad writing! 🫩","Generally, intoxication precludes consent.   Any “stop” should at least warrant a check in, and also, be clear about it if you want something to stop. Obviously it doesn’t always work to be clear, but at least you wouldn’t have to question yourself.   The age difference being a problem or not depends on laws specific to your location.","Well the only issue here is the small age gap that can be legally questionable if faced with a judge. The only thing I can advise is talk to a professional about this, to levitate any doubts and second guessing. Contrary to popular belief, talking to someone close to you will not be a good idea. Misinterpretations are bound to occur. Good day and b...",You’re still technically considered a minor and he’s considered an adult so if you were to bring it to court you could probably win just saying,Doesn’t seem like assault to me. You liked it and if you think you were jokingly saying stop he probably took it as joking too. If you originally didn’t have a problem with it and liked it then don’t let others influence you. You have agency. Consent should be black and white but in reality it is grey especially when we are young. Learn your bounda...,,,,,,,"4,3,2,1","1,2,4,3","1,2,4,3",,True,"[1, 2, 4, 3]","[1, 2, 4, 3]",4,4,1.0,1.0
1nid1rf,rape,I've been raped by more woman then men and I think there are more female rapists then society lets on,[deleted],114,42,True,11,1758016040,/r/rape/comments/1nid1rf/ive_been_raped_by_more_woman_then_men_and_i_think/,"I have memories of getting forced to give a woman cunnilingus when I was a toddler, and in elementary I was assulted multiple times by a female classmate. 

Last year I had sex with a girl while wasted and she was sober, I didn't consent to it and just lay there coldly and I don't know if that was actually rape but I didn't want it and i didn't consent either. That didn't traumatize and I don't care about it because I was into her, but I didn't like the sex.

And recently I got raped by a guy, and that did traumatize me a lot because he was inside me and shit. And coz it's the most recent and I've been rumanating about it.

And I was traumatized from that girl assulting me in elementary, but I got over it (I wasn't attracted to her and she pissed me off) 

I just think there are more female rapists then society lets on, coz looking at the gender rapist stats is strange because how are there barely any female rapists compared to male ones yet I've been raped by 3 females in my 17 years of life 

Thanks for listening to me ramble about shit 
","1nid1rf rape I've been raped by more woman then men and I think there are more female rapists then society lets on [deleted] /r/rape/comments/1nid1rf/ive_been_raped_by_more_woman_then_men_and_i_think/ I have memories of getting forced to give a woman cunnilingus when I was a toddler, and in elementary I was assulted multiple times by a female classmate. 

Last year I had sex with a girl while wasted and she was sober, I didn't consent to it and just lay there coldly and I don't know if that was actually rape but I didn't want it and i didn't consent either. That didn't traumatize and I don't care about it because I was into her, but I didn't like the sex.

And recently I got raped by a guy, and that did traumatize me a lot because he was inside me and shit. And coz it's the most recent and I've been rumanating about it.

And I was traumatized from that girl assulting me in elementary, but I got over it (I wasn't attracted to her and she pissed me off) 

I just think there are more female rapists then society lets on, coz looking at the gender rapist stats is strange because how are there barely any female rapists compared to male ones yet I've been raped by 3 females in my 17 years of life 

Thanks for listening to me ramble about shit 
",All I know is that only men message me idk if that means anything. Like what would a woman even say? Almost curious :/,[removed],"Honestly, the felling that I will never get justice because of how society views female predadors is crushing   Both my parents where eager to brush It under the rug as soon It was convinient because ""of course a woman would never rape a man, you should forgive her"" or ""What are we supposed to do? Kill her?"" My aunt said that I should get it over w...","Hi!! First of all, i’m really sorry to hear about your experiences. I’m also a rape victim and ik how horrible it feels :/ I truly hope you can find peace and recover, there’s lots of resources out there to help you. About what you mentioned, female rapists definitely do exist but there are still more male ones and that’s not including the amount o...","Honestly i think victims (especially male) of female perpetrators are much less likely to talk about or even realize what has happened to them. Which definitely makes female stats seem lower.    Also it’s confusing as fck. Especially if you’re a woman and it’s a close friend. When a man we knew assaulted me I was able to tell my friends, but when a...",,,,,,"5,4,3,2,1","4,5,3,1,2","4,5,3,1,2",,True,"[4, 5, 3, 1, 2]","[4, 5, 3, 1, 2]",5,5,0.9999999999999999,0.9999999999999999
1h1sfht,rape,Was I raped?,Immediate_Ad4052,1,1,False,0,1732786788,/r/rape/comments/1h1sfht/was_i_raped/,"Was this rape?

Was this sexual assault? 

I am wondering if anyone can help me determine if this was sexual assault.

I went home with a guy after the bar not too long ago, I was quite drunk and he was a bit drunk but definitely less than me. We started hooking up in his room and once the sex started I started crying pretty heavily but he never stopped having sex with me or asked me if I was ok. In retrospect I think I was crying because I was scared that if I told him to stop he wouldn’t listen and just keep having sex (I think this is PTSD from previous assaults). I never explicitly said the words no but I think from my crying I thought he would stop and ask if I was ok. I also know that he saw me crying because he mentioned it to a friend after saying I was crying because the sex was so good. It’s a bit of a grey area this situation and would appreciate any advice or insight. ","1h1sfht rape Was I raped? Immediate_Ad4052 /r/rape/comments/1h1sfht/was_i_raped/ Was this rape?

Was this sexual assault? 

I am wondering if anyone can help me determine if this was sexual assault.

I went home with a guy after the bar not too long ago, I was quite drunk and he was a bit drunk but definitely less than me. We started hooking up in his room and once the sex started I started crying pretty heavily but he never stopped having sex with me or asked me if I was ok. In retrospect I think I was crying because I was scared that if I told him to stop he wouldn’t listen and just keep having sex (I think this is PTSD from previous assaults). I never explicitly said the words no but I think from my crying I thought he would stop and ask if I was ok. I also know that he saw me crying because he mentioned it to a friend after saying I was crying because the sex was so good. It’s a bit of a grey area this situation and would appreciate any advice or insight. ",Definitely a rape! go for his punishment!,"Hi, I am a guy and have had women do this to me on two occasions.  One time we were both intoxicated and another the woman just straight up changed her mind.  That is how freedom works.    In both cases it was a full stop situation for me.  The bottom line... Its her body to do with as she pleases.  Not mine!  I have done some really wild things in...",[removed],"Any decent person would stop an ask if you were ok. He was bragging the ""sex was so good"" he only thought about himself. Definitely rape regardless of alcohol consumption he should of asked you if you were ok, or something along those lines.",,,,,,,"4,3,2,1","2,4,1,3","2,4,1,3",,True,"[2, 4, 1, 3]","[2, 4, 1, 3]",4,4,1.0,1.0
17gqpbx,rape,I know this probably isn’t considered rape then what is it?,Appropriate-Cod1965,1,1,False,0,1698304091,/r/rape/comments/17gqpbx/i_know_this_probably_isnt_considered_rape_then/,"I know this isn’t probably isn’t considered rape then what is it, someone please let me know. So, a few years ago my “stepdad” put his fingers inside me more than once without my consent and plenty other weird stuff that he used to do that I don’t really wanna get into, but I’m trying to figure out if this is considered SA or rape. Someone please let me know","17gqpbx rape I know this probably isn’t considered rape then what is it? Appropriate-Cod1965 /r/rape/comments/17gqpbx/i_know_this_probably_isnt_considered_rape_then/ I know this isn’t probably isn’t considered rape then what is it, someone please let me know. So, a few years ago my “stepdad” put his fingers inside me more than once without my consent and plenty other weird stuff that he used to do that I don’t really wanna get into, but I’m trying to figure out if this is considered SA or rape. Someone please let me know","Definitely rape. Depending on where you live that might be considered criminal sodomy and statutory rape and incest.  If it helps, I was able to take my rapist to trail even though there wasn’t P to V-A penetration.",you are welcome here… i am sorry… it is SA / Rape… anything sexual requires informed and continued consent… you never gave it and even if withdrawn doesn’t even have to… be verbally. there is no need to be scared to call it what it is… i am sorry… a lot can be embarrassing… my gf rubs me until i go red and in pain and continues… its embarrassing.....,"Most places consider this ""digital rape"" digital refers to fingers rather than electronics.",it is rape. as long as theres penetration of some kind it can be considered rape,,,,,,,"4,3,2,1","1,3,4,2","3,4,1,2",,True,"[1, 3, 4, 2]","[3, 4, 1, 2]",4,4,0.3333333333333334,0.39999999999999997
zndu4h,rape,Is this sexual assault,Thick-Nobody9601,15,26,False,0,1671194696,/r/rape/comments/zndu4h/is_this_sexual_assault/,"I agreed to do anal sex with my partner, it hurt to much and I told him to stop and he said no and kept going
Is this assault as I agreed to do it in the first place","zndu4h rape Is this sexual assault Thick-Nobody9601 /r/rape/comments/zndu4h/is_this_sexual_assault/ I agreed to do anal sex with my partner, it hurt to much and I told him to stop and he said no and kept going
Is this assault as I agreed to do it in the first place",Yes 🥹,"Yes, unfortunely it is, consent can be taken away at any time, and he should have listened to that!",Yeh 100%  What sort person wants to keep doing something that isn't causing enjoyment for the other?,"No means no whenever you said it, for him to say "" No "" and continue shows his lack of empathy towards you. He would have known it was unpleasant but yet continued sadly not boyfriend material I'm afraid  I would report it, who knows how far he may go next time if not to you maybe another.  Sorry you experienced this I hope you have friends and fam...",[removed],"i’m sorry he did that to you. yes that’s rape. it doesn’t matter that you agreed at first. you said to stop and that’s enough, he should have listened.",,,,,"6,5,4,3,2,1","6,2,4,3,1,5","6,2,4,3,1,5",,True,"[6, 2, 4, 3, 1, 5]","[6, 2, 4, 3, 1, 5]",6,6,0.9999999999999999,1.0
zahp8i,rape,Was it sexual assault?,mtn52001,18,28,False,0,1669975410,/r/rape/comments/zahp8i/was_it_sexual_assault/,"In HS a female acquaintance came up to me and grabbed me by my penis, in front of my friends. I was shocked and felt put on the spot. But I didn’t say anything because at the time I was still closeted and wanted to fight the gay allegations.

However when I got home, I fantasized about it going further and masturbated a couple times. So I never was able to tell if it was SA or not. I had very high libido as a teenager, and even tho I consider myself 95% homosexual, there’s a part of me that wouldn’t mind experimenting w a woman. I don’t consider myself bisexual tho. But regardless of sexuality or what I did, I didn’t express or imply consent to being grabbed in that manner.  I definitely looked at that friend a bit differently after that, and til today I still feel some resentment. 

Was I sexually assaulted or am I just confused?","zahp8i rape Was it sexual assault? mtn52001 /r/rape/comments/zahp8i/was_it_sexual_assault/ In HS a female acquaintance came up to me and grabbed me by my penis, in front of my friends. I was shocked and felt put on the spot. But I didn’t say anything because at the time I was still closeted and wanted to fight the gay allegations.

However when I got home, I fantasized about it going further and masturbated a couple times. So I never was able to tell if it was SA or not. I had very high libido as a teenager, and even tho I consider myself 95% homosexual, there’s a part of me that wouldn’t mind experimenting w a woman. I don’t consider myself bisexual tho. But regardless of sexuality or what I did, I didn’t express or imply consent to being grabbed in that manner.  I definitely looked at that friend a bit differently after that, and til today I still feel some resentment. 

Was I sexually assaulted or am I just confused?","This is a tricky one, But in my opinion it was only a quick act, not full Sa. So i would say this is just confusion",That is sexual assault and the masturbation is a trauma response it’s totally natural and it isn’t your fault,"Definitely sexual assault. Looking back at certain things that happened in HS, many people realize that stuff they thought was “fine” was actually harassment and/or assault.","you were groped. it’s 100% sexual assault. it doesn’t matter if you’ve fantasized about it afterwards.   a lot of the time you have to reverse gender roles in situations like these to be able to see it correctly, since stereotypes fuck your mind over so bad. if something would be considered sexual assault if a man did it to a woman, then it is sexu...",,,,,,,"4,3,2,1","4,2,3,1","4,3,2,1",,True,"[4, 2, 3, 1]","[4, 3, 2, 1]",4,4,0.6666666666666669,0.7999999999999999
sjth87,rape,Idk if this counts plz tell me,Putrid_Ad8399,4,11,False,0,1643920242,/r/rape/comments/sjth87/idk_if_this_counts_plz_tell_me/,I was dating this girl about 4 months ago I was tired and we was getting ready for bed she decided she wanted to have sex I said no do what you want I'm going to sleep then she started sucking me off etc idk if it counts since I'm a guy and I was tired,sjth87 rape Idk if this counts plz tell me Putrid_Ad8399 /r/rape/comments/sjth87/idk_if_this_counts_plz_tell_me/ I was dating this girl about 4 months ago I was tired and we was getting ready for bed she decided she wanted to have sex I said no do what you want I'm going to sleep then she started sucking me off etc idk if it counts since I'm a guy and I was tired,[removed],It seems very predatory that this girl is ok with sucking you off when you’re trying to sleep but it could also be miscommunication? You did tell her to do whatever but it’s still very predatory that she just did that..,I’m sorry this happened to you. It’s not okay that she did this at all. It’s assault,"Definitely counts. If the roles were reversed and this sort of thing happened to a girl, it would automatically be considered rape.",,,,,,,"4,3,2,1","3,2,4,1","3,4,2,1",,True,"[3, 2, 4, 1]","[3, 4, 2, 1]",4,4,0.6666666666666669,0.7999999999999999
s3d5ez,rape,I don’t know if my current boyfriend raped or sexually assaulted me at the beginning of our relationship and it’s consuming me,Grouchy_Cress4934,14,12,False,0,1642117221,/r/rape/comments/s3d5ez/i_dont_know_if_my_current_boyfriend_raped_or/,"Any response would mean a lot to me, I have nobody to talk to right now. Before our first date I had sent him nudes and we sexted. I did that due to pressure but still willingly. When we met up my plan was to not have sex with him. We made out, he fingered me. Later on we continued making out and I sucked his dick. He asked about sex and I said I don’t know because I am a very timid person and feel bad saying no. He said “it’s kind of already happening anyways” and then I just remember him putting his dick in me. Even though I liked him and was treating him like I liked him, I didn’t want to have sex on the first date and I wanted to use a condom. I didn’t express that because he didn’t care to ask about how I was feeling and why I said “I don’t know” he just continued to initiate sex. He also expressed that he has a foot fetish and on our 2nd or third date we were both drunk and he asked to take my socks off while we were making out/getting sexual. I had sent him pictures of my feet but I either said I don’t know, or straight up no, and he forcibly took them off of me. He was laughing while doing it because he thought it wasn’t a big deal or that it was a joke. I was hesitant because I didn’t know if I wanted to try stuff with my feet and I thought he wouldn’t like them so I didn’t feel ready. Is it still sexual assault if I was treating him like I really liked him and was sexually attracted to him? I said I don’t know so it feels like a grey area and like it’s my fault. I didn’t express the reasons why I didn’t want to have sex or take my socks off because it all happened so quickly. Then I just went along with it because I didn’t feel like my needs mattered. So I never immediately expressed the fact that I was extremely uncomfortable. A while later I told him I felt bad that he didn’t think about my emotions in those situations and didn’t bother to ask why I said I don’t know. I told him to never do it again to anyone and he said he didn’t remember it well but he was sorry and said he felt like a bad person. I never thought of it possibly being sexual assault until now. He is about to be 21 and I’m 18 and I don’t know if he abused his power because he knew I liked him and that I’m an anxious person. I feel guilty being affected by this because he did say he felt bad about it and we haven’t been in a position like that again. I don’t think he meant to scar me like this but I’m worried about why he showed no concern about my emotions at the time and why he didn’t question me about my answer of “I don’t know.” Is this considered sexual assault and is it possible to have a relationship with someone who sexually assaulted you?","s3d5ez rape I don’t know if my current boyfriend raped or sexually assaulted me at the beginning of our relationship and it’s consuming me Grouchy_Cress4934 /r/rape/comments/s3d5ez/i_dont_know_if_my_current_boyfriend_raped_or/ Any response would mean a lot to me, I have nobody to talk to right now. Before our first date I had sent him nudes and we sexted. I did that due to pressure but still willingly. When we met up my plan was to not have sex with him. We made out, he fingered me. Later on we continued making out and I sucked his dick. He asked about sex and I said I don’t know because I am a very timid person and feel bad saying no. He said “it’s kind of already happening anyways” and then I just remember him putting his dick in me. Even though I liked him and was treating him like I liked him, I didn’t want to have sex on the first date and I wanted to use a condom. I didn’t express that because he didn’t care to ask about how I was feeling and why I said “I don’t know” he just continued to initiate sex. He also expressed that he has a foot fetish and on our 2nd or third date we were both drunk and he asked to take my socks off while we were making out/getting sexual. I had sent him pictures of my feet but I either said I don’t know, or straight up no, and he forcibly took them off of me. He was laughing while doing it because he thought it wasn’t a big deal or that it was a joke. I was hesitant because I didn’t know if I wanted to try stuff with my feet and I thought he wouldn’t like them so I didn’t feel ready. Is it still sexual assault if I was treating him like I really liked him and was sexually attracted to him? I said I don’t know so it feels like a grey area and like it’s my fault. I didn’t express the reasons why I didn’t want to have sex or take my socks off because it all happened so quickly. Then I just went along with it because I didn’t feel like my needs mattered. So I never immediately expressed the fact that I was extremely uncomfortable. A while later I told him I felt bad that he didn’t think about my emotions in those situations and didn’t bother to ask why I said I don’t know. I told him to never do it again to anyone and he said he didn’t remember it well but he was sorry and said he felt like a bad person. I never thought of it possibly being sexual assault until now. He is about to be 21 and I’m 18 and I don’t know if he abused his power because he knew I liked him and that I’m an anxious person. I feel guilty being affected by this because he did say he felt bad about it and we haven’t been in a position like that again. I don’t think he meant to scar me like this but I’m worried about why he showed no concern about my emotions at the time and why he didn’t question me about my answer of “I don’t know.” Is this considered sexual assault and is it possible to have a relationship with someone who sexually assaulted you?","It really seems like you should work on your image issues and learn to stand up for yourself... So that nothing like this may ever happen again. But for your question, you are still questioning it after all this time so clearly it wasn't ok."" I don't know"" doesn't mean ""yes"".  He was selfish. Never let it happen again in fear of acceptance. You are...","Ok, first of all, this is not your fault, is his fault, he had sex without your consent, and that is considered a crime, even when he's drunk. The second thing, you should probably try dating people with your same age, so this things don't happen, again, you don't have any fault.  Even if you love him, you have to identify when it's a toxic relatio...","I'm really sorry that happened to you. I very much would see it as sexual assault, but whether or not you end up seeing it that way, it's still important that he, seemingly willfully, disregarded your feelings. If you don't feel safe around him, I would recommend moving on, and looking for someone else. If you want to continue the relationship, and...",Dubious consent is still considered non consent. Also sounds like he heavily manipulated and pressured you into doing things he wanted.,,,,,,,"4,3,2,1","3,4,2,1","3,4,2,1",,True,"[3, 4, 2, 1]","[3, 4, 2, 1]",4,4,1.0,1.0
p8wigt,rape,I finally reported it and told my parents. My dad is angry with me for not reporting sooner and I’m depressed because he’s right.,[deleted],49,12,True,3,1629570153,/r/rape/comments/p8wigt/i_finally_reported_it_and_told_my_parents_my_dad/,"My dad is angry with me for not reporting this the day it happened or after (in September 2020). He said, “Think of all the girls he’s hurt since then because you let him get away with it.”

I can’t stop thinking about it. I can’t stop worrying. I reported it three days ago and the officer was off work the next two days and I still haven’t heard from the detective. I’m sick with worry that my abuser is currently hurting others. I don’t know why but i assumed he only hurt me. He assaulted and abused me many more times and told me he loved me while he was inside me on a different occasion during consensual sex but after slapping me hard without my approval, and said, “You’re gonna come fuck me in the park by my house anytime I want now. Right?”

One time he jammed himself into me without warning and I sobbed from the pain but he kept going on top of me and didn’t stop. One time he slapped me over and over again, wagged his finger at me, his face shaking in anger, telling me, “I can do whatever I want, got it?” Over and over because I said we need a condom before we start.

There were several times where I would say “Wait” as he was about to enter me and he would enter anyway and say “Wait for what?”

One time I met up for what I thought would be exciting sex but he was in a bad mood and started kissing my neck and I wasn’t feeling it and pulled away but he started fingering me and pushed me on my back and I kept talking, kept asking what was wrong, saying “wait” and he finally said, “SHUT UP!” so angrily, his face shaking, and he told me, “say I can fuck you” and I was scared so I complied.  I blacked out during, don’t remember any of it. He had to wake me up and asked why I was panting nervously like a dog. 

He is a predator. I let him get away. If I hadn’t texted my friends the day of the first assault, and if they didn’t show up, I wonder if he would have fully raped my vagina (he forced me to give oral when I didn’t consent to it and slammed my head on him repeatedly and lay on top of me asking over and over for sex even though I kept shaking my head and saying I can’t). I wonder if he would have ghosted me. I wonder if he only became nice after to keep me from reporting it. He did say he was paranoid and scared I would because I said I would call the cops while my friends drove to us.

I didn’t because we smoked marijuana and I was afraid to get arrested.

I’m so depressed. I feel worse now that I’ve accepted it was sexual assault and he is a predator. I felt sad before throughout our hookups because I thought I loved him and that he was wounded and didn’t mean to hurt me. But this? This reality I’ve finally faced? Hits me like a ton of bricks and I understand why I wanted to pretend we were in a passionate affair. But if I were a normal person, I would have reported him and moved on by now and saved other women.

I told the girl he’s currently hooking up with and she said “I’m sorry your boundaries were crossed, I know him and he’s a dumbass.”

Being a dumbass doesn’t excuse what he did to my body and mind and I don’t think he’s dumb at all. He knew what he was doing and he enjoyed it. The assault I reported, The one that happened at my house, I went t my room to escape him because he kept asking over and over and laying on top of me asking for sex even as I said no, and he came to my room and forced me to give oral and slammed my head on him. He didn’t respect my safe space but he knows how important a safe space is since once he told me he always designates a space space at parties for people t calm down when high. 

Lately I wish I wasn’t born, life is such a joke. I don’t want to be here. I’m not sure what I believe but my religious upbringing is the only reason I haven’t killed myself yet. The tiny chance hell exists terrifies me.","p8wigt rape I finally reported it and told my parents. My dad is angry with me for not reporting sooner and I’m depressed because he’s right. [deleted] /r/rape/comments/p8wigt/i_finally_reported_it_and_told_my_parents_my_dad/ My dad is angry with me for not reporting this the day it happened or after (in September 2020). He said, “Think of all the girls he’s hurt since then because you let him get away with it.”

I can’t stop thinking about it. I can’t stop worrying. I reported it three days ago and the officer was off work the next two days and I still haven’t heard from the detective. I’m sick with worry that my abuser is currently hurting others. I don’t know why but i assumed he only hurt me. He assaulted and abused me many more times and told me he loved me while he was inside me on a different occasion during consensual sex but after slapping me hard without my approval, and said, “You’re gonna come fuck me in the park by my house anytime I want now. Right?”

One time he jammed himself into me without warning and I sobbed from the pain but he kept going on top of me and didn’t stop. One time he slapped me over and over again, wagged his finger at me, his face shaking in anger, telling me, “I can do whatever I want, got it?” Over and over because I said we need a condom before we start.

There were several times where I would say “Wait” as he was about to enter me and he would enter anyway and say “Wait for what?”

One time I met up for what I thought would be exciting sex but he was in a bad mood and started kissing my neck and I wasn’t feeling it and pulled away but he started fingering me and pushed me on my back and I kept talking, kept asking what was wrong, saying “wait” and he finally said, “SHUT UP!” so angrily, his face shaking, and he told me, “say I can fuck you” and I was scared so I complied.  I blacked out during, don’t remember any of it. He had to wake me up and asked why I was panting nervously like a dog. 

He is a predator. I let him get away. If I hadn’t texted my friends the day of the first assault, and if they didn’t show up, I wonder if he would have fully raped my vagina (he forced me to give oral when I didn’t consent to it and slammed my head on him repeatedly and lay on top of me asking over and over for sex even though I kept shaking my head and saying I can’t). I wonder if he would have ghosted me. I wonder if he only became nice after to keep me from reporting it. He did say he was paranoid and scared I would because I said I would call the cops while my friends drove to us.

I didn’t because we smoked marijuana and I was afraid to get arrested.

I’m so depressed. I feel worse now that I’ve accepted it was sexual assault and he is a predator. I felt sad before throughout our hookups because I thought I loved him and that he was wounded and didn’t mean to hurt me. But this? This reality I’ve finally faced? Hits me like a ton of bricks and I understand why I wanted to pretend we were in a passionate affair. But if I were a normal person, I would have reported him and moved on by now and saved other women.

I told the girl he’s currently hooking up with and she said “I’m sorry your boundaries were crossed, I know him and he’s a dumbass.”

Being a dumbass doesn’t excuse what he did to my body and mind and I don’t think he’s dumb at all. He knew what he was doing and he enjoyed it. The assault I reported, The one that happened at my house, I went t my room to escape him because he kept asking over and over and laying on top of me asking for sex even as I said no, and he came to my room and forced me to give oral and slammed my head on him. He didn’t respect my safe space but he knows how important a safe space is since once he told me he always designates a space space at parties for people t calm down when high. 

Lately I wish I wasn’t born, life is such a joke. I don’t want to be here. I’m not sure what I believe but my religious upbringing is the only reason I haven’t killed myself yet. The tiny chance hell exists terrifies me.",[removed],"Your dad is not being supportive or empathetic, and I’m really sorry about that. I know that these sorts of reactions can be as painful as the crime you were subjected to.  People that haven’t been through this don’t understand the psychological toll it takes on a person and that it can be absolutely impossible for someone to report right after the...","No. It doesn’t work that way. Everyone has a different timeline. Your dad is wrong. It’s a form of grief and trauma, and only you know what the right  time is. He doesn’t get to put that on you. And honestly, it’s easy for him to say that because it didn’t happen to him. I guarantee if this had happened to him he wouldn’t have been running off to r...",Should you report as soon as you’re able? Yes.  Does that make you a bad person because you didn’t do it when you were physically able but when you were emotionally able?   NO!  Our society treats rape victims like absolute SHIT and hails rapists almost as heroes at times!  Fearing that or fearing not being believed is extremely valid and you shoul...,,,,,,,"4,3,2,1","4,3,2,1","4,3,2,1",,True,"[4, 3, 2, 1]","[4, 3, 2, 1]",4,4,1.0,1.0
qtcja7,TwoXChromosomes,At which point can something be considered rape?,Pale_Train_9173,16,23,True,6,1636845171,/r/TwoXChromosomes/comments/qtcja7/at_which_point_can_something_be_considered_rape/,"Edit: To everyone who took her/his/their time to answer to my post: Thank you so much! I cried a lot, but despite that, you gave me very valuable input and a lot to think about.

&amp;#x200B;

My husband (m34) and i (f30) don't have a lot of sex, due to other problems in our relationship. I am the ""problematic one"" there, meaning i am the one who doesn't  want to sleep with him, or better, i somehow can't. It's not some kind  of revenge from my side, it just doesn't feel right for me, when there  is so much else that needs resolve first (i know that some people might  see it in a different way, and that's perfectly fine!).

We also went to a  therapist, to which we don't go anymore after my husband said that it  wasn't worth anything, because we still don't sleep with each other more often... . There was a time when he was very abusive to me (verbally, the  reason was not the lack of sex, and he was very controlling, taking away  my card of our bankaccount, etc.), basically telling me i was a  worthless piece of sh\*t, and i think this contributed to my feeling of  not feeling safe around him to relax enough to become intimate again. I really tried to come over it and forget it, but even after 2 years it stuck and my mind can't process it. He also has a  caring and nice side though, so it is not like every day is hell, so maybe i should be happy, at the same time it makes things just more complicated.

It didn't help that up until recently, my husbands opinion always  had been that in our relationship the only problem is the lack of sex,  and that maybe i should seek professional help, giving me all  responsibility. I felt wrong and guilty all the time, and somehow still  do, although something in my mind tells me that this thought is also not correct.

So, after this little bit of context, here is what happened and why i am asking:

One afternoon when we were alone, my husband started kissing and  touching me. When he started to undress me i told him that i don't want  to sleep with him, he continued, and i didn't say anything anymore. He  was already hard and touched me a little bit more, until it seemed as if  he wanted to enter me, and again i tensed and said ""no"", not in a loud  angry voice, but it didn't sound playful/flirty either. I tried to pull  up my pants, and he stopped me and told me i should wait, just wait, and  then penetrated me. I just felt numb and didn't push him off or  anything, after some thrusts the doorbell rang and disrupted what was  happening. Afterwards i went into our bedroom and cried a lot and i don't even really know why, i felt awful for the rest of the day.  When i was still sad in the evening my husband got really angry,  because i said that i felt terrible because of what had happened (I said  sth. like ""because of what you did!""), and he almost yelled: ""What  do you think it was? Huh? Huh?"", to which i just replied: ""I said no  and you still did it..."".

Weeks, some months, went by, and we haven't slept with each other  since then, he also didn't try to again, and i still try to figure out  what that was. I told two of my closest friends about it, and they said  that it was basically rape, but somehow some part of me doesn't want to  believe it, i feel ashamed and embarrassed, and some naive romantic part  of me tells me that it couldn't have been rape because we are married  and he is my husband, or that it's my own fault because i didn't say no  vehemently enough, that i should have fought back more.

I don't trust my  gut-feeling at all and find it very difficult to distinguish between me  overreacting or making a victim out of myself and feeling ""rightfully""  hurt. Or is it an absolutely individual thing and up to oneself to set  boundaries?

I feel so bad about everything and don't really know why.

I am sorry if this is not the right subforum. If that is the case i  would be very happy if you gave me some advice where posting this is  more appropriate. Furthermore, i am also sorry for mistakes and/or bad  grammar, english isn't my first language :|.

Thank you so much for reading.","qtcja7 TwoXChromosomes At which point can something be considered rape? Pale_Train_9173 /r/TwoXChromosomes/comments/qtcja7/at_which_point_can_something_be_considered_rape/ Edit: To everyone who took her/his/their time to answer to my post: Thank you so much! I cried a lot, but despite that, you gave me very valuable input and a lot to think about.

&amp;#x200B;

My husband (m34) and i (f30) don't have a lot of sex, due to other problems in our relationship. I am the ""problematic one"" there, meaning i am the one who doesn't  want to sleep with him, or better, i somehow can't. It's not some kind  of revenge from my side, it just doesn't feel right for me, when there  is so much else that needs resolve first (i know that some people might  see it in a different way, and that's perfectly fine!).

We also went to a  therapist, to which we don't go anymore after my husband said that it  wasn't worth anything, because we still don't sleep with each other more often... . There was a time when he was very abusive to me (verbally, the  reason was not the lack of sex, and he was very controlling, taking away  my card of our bankaccount, etc.), basically telling me i was a  worthless piece of sh\*t, and i think this contributed to my feeling of  not feeling safe around him to relax enough to become intimate again. I really tried to come over it and forget it, but even after 2 years it stuck and my mind can't process it. He also has a  caring and nice side though, so it is not like every day is hell, so maybe i should be happy, at the same time it makes things just more complicated.

It didn't help that up until recently, my husbands opinion always  had been that in our relationship the only problem is the lack of sex,  and that maybe i should seek professional help, giving me all  responsibility. I felt wrong and guilty all the time, and somehow still  do, although something in my mind tells me that this thought is also not correct.

So, after this little bit of context, here is what happened and why i am asking:

One afternoon when we were alone, my husband started kissing and  touching me. When he started to undress me i told him that i don't want  to sleep with him, he continued, and i didn't say anything anymore. He  was already hard and touched me a little bit more, until it seemed as if  he wanted to enter me, and again i tensed and said ""no"", not in a loud  angry voice, but it didn't sound playful/flirty either. I tried to pull  up my pants, and he stopped me and told me i should wait, just wait, and  then penetrated me. I just felt numb and didn't push him off or  anything, after some thrusts the doorbell rang and disrupted what was  happening. Afterwards i went into our bedroom and cried a lot and i don't even really know why, i felt awful for the rest of the day.  When i was still sad in the evening my husband got really angry,  because i said that i felt terrible because of what had happened (I said  sth. like ""because of what you did!""), and he almost yelled: ""What  do you think it was? Huh? Huh?"", to which i just replied: ""I said no  and you still did it..."".

Weeks, some months, went by, and we haven't slept with each other  since then, he also didn't try to again, and i still try to figure out  what that was. I told two of my closest friends about it, and they said  that it was basically rape, but somehow some part of me doesn't want to  believe it, i feel ashamed and embarrassed, and some naive romantic part  of me tells me that it couldn't have been rape because we are married  and he is my husband, or that it's my own fault because i didn't say no  vehemently enough, that i should have fought back more.

I don't trust my  gut-feeling at all and find it very difficult to distinguish between me  overreacting or making a victim out of myself and feeling ""rightfully""  hurt. Or is it an absolutely individual thing and up to oneself to set  boundaries?

I feel so bad about everything and don't really know why.

I am sorry if this is not the right subforum. If that is the case i  would be very happy if you gave me some advice where posting this is  more appropriate. Furthermore, i am also sorry for mistakes and/or bad  grammar, english isn't my first language :|.

Thank you so much for reading.",Why does everyone on reddit have abusive boyfriends,"It becomes rape when he continues after you say no.   You were raped by your husband. I'm sorry, I know it's hard to accept.","Definitely rape and honestly I see SO many red flags here. A relationship should be about love and not sex. There are people out there that don't ever have sex with each other and are happily married. This guy is not respecting your decisions and honestly I would really think about divorcing him. I know you say he is ""good sometimes and isn't all b...",You said no. He ignored it. It’s not basically rape. It was rape.   If you wanted it you wouldn’t have felt violated after.,,,,,,,"4,3,2,1","2,4,3,1","4,2,3,1",,True,"[2, 4, 3, 1]","[4, 2, 3, 1]",4,4,0.6666666666666669,0.7999999999999999
pqt13v,TwoXChromosomes,I think I was assaulted last night,Randomerkat,0,18,True,1,1631994063,/r/TwoXChromosomes/comments/pqt13v/i_think_i_was_assaulted_last_night/,"I don’t know what to do. How to feel. Is it bad I feel numb about it? It happens to all of us. 

I met him on tinder and went to his hotel room with the intent of hooking up. I didn’t bring up condoms because I wasn’t 100% sure and figured it would be an easy out. Things were going great, he was telling me how hot I was, rubbing me a bit. All of that lasted 5 min before he put it in. Without a condom. I didn’t even get the chance to tell him no condom no deal. I was a little crossfaded and receptive initially but it hurt and I bled afterward. Idk if it was assault or bad sex. I didn’t say no and when I told him to stop he did.

Idk. It still hurts today. I don’t have therapy until the 4th and I’m reeling","pqt13v TwoXChromosomes I think I was assaulted last night Randomerkat /r/TwoXChromosomes/comments/pqt13v/i_think_i_was_assaulted_last_night/ I don’t know what to do. How to feel. Is it bad I feel numb about it? It happens to all of us. 

I met him on tinder and went to his hotel room with the intent of hooking up. I didn’t bring up condoms because I wasn’t 100% sure and figured it would be an easy out. Things were going great, he was telling me how hot I was, rubbing me a bit. All of that lasted 5 min before he put it in. Without a condom. I didn’t even get the chance to tell him no condom no deal. I was a little crossfaded and receptive initially but it hurt and I bled afterward. Idk if it was assault or bad sex. I didn’t say no and when I told him to stop he did.

Idk. It still hurts today. I don’t have therapy until the 4th and I’m reeling","yes, consent was violated. ""No"" is the default answer unless a clear and concise ""yes"" is freely given.    He can't claim he assumed, or you should have said something, or anything else. There was no consent given.      I am sorry this happened to you","This definitely seems like rape. Unprotected intercourse without consenting to it being unprotected is also illegal. So either way, this dude broke the law.","I don't really know how to give advice on assault/rape/bad sex, or if it needs to be one or the other.   But you need to treat this very seriously. Go to the hospital to get checked out, save evidence, call a rape hotline in your area for an advocate. If you end up going to the police, then you've got the subjective evidence and the chance at objec...",It sounds like a bad experience but I wouldn’t call this assault. You don’t have to be assaulted to feel bad. This didn’t go the way you hoped and it’s ok to need support to process that.,,,,,,,"4,3,2,1","1,3,2,4","3,1,2,4",,True,"[1, 3, 2, 4]","[3, 1, 2, 4]",4,4,0.6666666666666669,0.7999999999999999
