post_id,subreddit,title,body,combined_text,parent_id,depth,permalink,comment_author,comment_body,parent_comment,comment_score,Question_Sanjeev,Answer_Sanjeev,Announcement_Sanjeev,Agreement_Sanjeev,Appreciation_Sanjeev,Disagreement_Sanjeev,Negative Reaction_Sanjeev,Elaboration_Sanjeev,Humor_Sanjeev,Question_Shirlene,Answer_Shirlene,Announcement_Shirlene,Agreement_Shirlene,Appreciation_Shirlene,Disagreement_Shirlene,Negative Reaction_Shirlene,Elaboration_Shirlene,Humor_Shirlene
kndjyh,sexualassault,Is this sexual assault?,"      I am  24f and this happened a couple years ago. So to start it off I was chatting with this guy on Instagram that I had never met before and at this point in my life I was trying really hard to make friends. I had none end it bothered me. So we agreed to hang out and I was nervous about it but I was trying to be better at socializing. We met at this taco place and got some food, he got a drink and I didn’t. Most of the time he was just talking about himself which was fine cause I’m not good at talking. But then he starting asking if I’ve tried hookah before and I told him I have a couple of times. So he asked if I wanted to go smoke with him. I said yes thinking that we’d go to a place right next door. But then it turned out his apartment was pretty much attached to the place he chose to go hang out. 
     So not knowing how to get out of it I just walked to his apartment. As we were walking he starts joking around about how I’d go along with anything. Even if I was getting kidnapped or something. I went along with the jokes. Anyways so we are back in the apartment and he makes himself a drink. I say I don’t want anything, and he sets up the hookah. He puts on a movie and we’re just watching and he wasn’t too close to me or anything which I was relieved about. But then he gets closed to me and pretty much starts making out with my face. At this point I was freaking out but didn’t say anything. He’d stop for a little and watch the movie then go back to doing it. My leg was shaking so bad cause I was scared. I noticed him glance at it but he didn’t care or ask about it. He knew that I had never kissed anyone and kept trying to kiss me on the lips but I was moving my face and not letting him. He then just continued making out with my cheek and started grabbing my boobs and pulling my shirt down and grabbing between my legs. I told him no and he just went yesss. I said stop but he just kept going. Then he tried to un buckle my pants and he managed to undo my belt but struggled cause I was blocking him and trying to get his hands off. He then just gave up and left me alone. To top it all off he went “there, you just had your first make out session”. Shortly after my sister started texting me so I made an excuse that I had to go and I left. 
   I had been dating my current bf for like 6 months then (long distance and we hadn’t met yet) and I had told this dude about him. I felt and feel pretty guilty about what happened and I haven’t told my bf. I did not want any of that to happen and I was truly just trying to make a friend. I was not interested in him I’m the slightest, and was scared the whole time. I blamed myself for putting myself in that situation but I did not ask for it, but I still feel like it was my fault and I didn’t try hard enough to stop it. Even after he texted me and I was still trying to be nice to him. He wanted to hang out again and I nicely told him that what happened made me uncomfortable but I still blamed myself in the text and pretty much put no fault on him.",,sage1982@0,1,https://www.reddit.com/r/sexualassault/comments/kndjyh/is_this_sexual_assault/,ironoo,"Thank you so much for your response. I also feel angry and disgusted when I hear other people’s stories. I just can’t help but feel like I didn’t make it clear enough that I didn’t want it. Even tho when I think back on it it seems like it was pretty obvious. I blocked it out for a while as if it never happened but then a few months ago I started thinking about it. I typed the details of that night out on my phone and I was shaking as I was writing it. I hate that it happened but on top of that I also feel guilty that I have kept this from my bf and cause I feel like it was me being unfaithful to him. I hate cheaters and I’d never do it but it also feels like I did. I want to tell him but I’m worried he’ll be upset with me for not telling him when it happened. And I can’t lose him. He’s like the one good thing I have. I’m also worried he will be angry, not necessarily at me but at the guy","You did nothing wrong!!!I’m sorry but he knew you were scared and just did not care. The fact that you blame yourself and are worried or perhaps ashamed of what happen questioning what happened means your body /energy has been assaulted. The fact you are keeping this to yourself is because it was horrible to go through and it will take you back to that moment.You don’t want anyone else to experience that moment because you are a caring person. I’m sorry What a pos this guy is!!POSMFJA!! Sorry I no longer get sad I get ANGRY and want to find these all pervs and...but I don’t want to go to jail! I am seriously sickened to see the amount of people who are sexually abused/assaulted/molested. It’s just sick! Oh and no no this is not your first make out session!! Make out sessions are mutual so is making love. first encounter with this perverted dumbass is more like it. I know you might have felt less worthy or you light has dimmed a bit but you did a great job leaving the way you did!!! I am proud of you for seeking answers and help!! You love who you are!! This is good!!If it is still hurting/haunting you, sharing this with someone close to you who you trust will help you heal a bit. Hey there are wonderful people on this thread you can come here anytime you need help, want to give help or just to chat. Please contact me if you need to! You are not alone. I hope find peace.
Much love,
Lady Sage",1,No,No,No,Yes,Yes,No,Yes,Yes,No,No,No,No,No,Yes,No,Yes,Yes,No
1gi7ufd,sexualassault,My bf touched my inappropriately in my sleep,"Last night I woke up to my bf putting my hand on his erect genitals. I was shocked, but didn’t open my eyes because I wanted to see how far he’d go. When he realized that my hand is limp (from sleeping) he gave up and decided to fondle my breasts, lift my shirt and put his hand in my pyjama pants, and tried to touch me inappropriately. That’s when I pretended to finally wake up and asked him angrily what the heck he’s doing. He was surprised, and said that he just touched me once (as if that justified it). He got up, and was upset with me. He said that my reaction implied that he’s a pervert, when he’s actually not. He said that I was sweating a lot in my sleep, so he thought I had a fever and he was checking my body? Idk. Didn’t make much sense to me. But I didn’t wanna say much further because I did actually wake up earlier, but pretended to be asleep to see what he’d do. So it’s kind of my fault, that it happened. But would this be considered sexual assault? I don’t think he’s a pervert like he said, but it definitely made me feel kinda violated. ","1gi7ufd sexualassault My bf touched my inappropriately in my sleep jbbg11000 /r/sexualassault/comments/1gi7ufd/my_bf_touched_my_inappropriately_in_my_sleep/ Last night I woke up to my bf putting my hand on his erect genitals. I was shocked, but didn’t open my eyes because I wanted to see how far he’d go. When he realized that my hand is limp (from sleeping) he gave up and decided to fondle my breasts, lift my shirt and put his hand in my pyjama pants, and tried to touch me inappropriately. That’s when I pretended to finally wake up and asked him angrily what the heck he’s doing. He was surprised, and said that he just touched me once (as if that justified it). He got up, and was upset with me. He said that my reaction implied that he’s a pervert, when he’s actually not. He said that I was sweating a lot in my sleep, so he thought I had a fever and he was checking my body? Idk. Didn’t make much sense to me. But I didn’t wanna say much further because I did actually wake up earlier, but pretended to be asleep to see what he’d do. So it’s kind of my fault, that it happened. But would this be considered sexual assault? I don’t think he’s a pervert like he said, but it definitely made me feel kinda violated. ",Jolly-Scientist1479@0,1,/r/sexualassault/comments/1gi7ufd/my_bf_touched_my_inappropriately_in_my_sleep/,jbbg11000,"Tbh there’s been many red flags before already, and I’d definitely label my relationship as toxic; so those “other ways” that you mention they sadly already exist. I’m just having a hard time admitting it to myself, and always fall for the sweet emotional talk.","He acted mad and dramatic because he got caught and wanted to throw you off even more so you’d doubt your feelings. Not ok. His behavior is NOT loving. It was really selfish, thinking your body was for him regardless of what you want. Please take care of you and, if you don’t feel ready to leave immediately, do look for other ways that he treats you like this, now that you know he’s capable of this kind of selfishness. I think you’ll see it elsewhere.",1,No,No,No,Yes,No,No,Yes,Yes,No,No,No,No,Yes,No,No,Yes,Yes,No
vt7lih,sexualassault,I‘m unsure but i feel something was wrong,"Hello

this happened last year. i was having a situationship thing that he didnt want to declare as fwb until it was in his favor in front of others but not privately (all online. he was a moderately big streamer, i used to be one of his mods)
we basically sexted quite a bit until we decided to meet up. it was a few days after i came home from a family vacation so i had my clothes packed already. (he later told our friends i seduced him with my clothes) he didnt live in my country, so i solo traveled the first time. didnt speak the language, knew nobody, broke. Also i was mentally abused by him but didnt recognize it until i was out of that situation

he wanted to do it not even five minutes after he brought me to his home. (also he told me mere days before i traveled that he wants to keep it platonic) i said okay or yes can’t remember exactly. i forced myself as i didn’t feel like i was able to have an actual opinion. what if i was suddenly on the street having no money or not being able to talk to anyone? 
i got weirded out a few times during my stay by things he said. he told me i must do stuff where i was clearly nervous (i was a virgin). I bleed every single time. it hurt so much, i‘ve never felt a pain like this and i hurt myself a lot (clumsy). i got a uti, which i only realized when i got home. i had blood in my urine. i didnt notice because i was bleeding anyway. he threw me out the last day, it was scary. (he was using his brothers apartment while his brother was on vacation and he came back ten minutes after he threw me out) i was hurting, scared, anxious. and my train got canceled on top. he didn’t reply anymore, he ghosted me for like two weeks before acknowledging my existence again. only because i mentioned my uti.

tldr
so yes im confused. i said okay but i know i didnt feel like i could say no. also because of the previous sexting. i did notice that my body was absolutely not okay with it. i didnt know it wasnt supposed to hurt that much (i was tearing up). we both blamed it on it being my „first time“. is this sexual assault or am i just exaggerating like he always said i was?","vt7lih sexualassault I‘m unsure but i feel something was wrong Relative-Composer-51 /r/sexualassault/comments/vt7lih/im_unsure_but_i_feel_something_was_wrong/ Hello

this happened last year. i was having a situationship thing that he didnt want to declare as fwb until it was in his favor in front of others but not privately (all online. he was a moderately big streamer, i used to be one of his mods)
we basically sexted quite a bit until we decided to meet up. it was a few days after i came home from a family vacation so i had my clothes packed already. (he later told our friends i seduced him with my clothes) he didnt live in my country, so i solo traveled the first time. didnt speak the language, knew nobody, broke. Also i was mentally abused by him but didnt recognize it until i was out of that situation

he wanted to do it not even five minutes after he brought me to his home. (also he told me mere days before i traveled that he wants to keep it platonic) i said okay or yes can’t remember exactly. i forced myself as i didn’t feel like i was able to have an actual opinion. what if i was suddenly on the street having no money or not being able to talk to anyone? 
i got weirded out a few times during my stay by things he said. he told me i must do stuff where i was clearly nervous (i was a virgin). I bleed every single time. it hurt so much, i‘ve never felt a pain like this and i hurt myself a lot (clumsy). i got a uti, which i only realized when i got home. i had blood in my urine. i didnt notice because i was bleeding anyway. he threw me out the last day, it was scary. (he was using his brothers apartment while his brother was on vacation and he came back ten minutes after he threw me out) i was hurting, scared, anxious. and my train got canceled on top. he didn’t reply anymore, he ghosted me for like two weeks before acknowledging my existence again. only because i mentioned my uti.

tldr
so yes im confused. i said okay but i know i didnt feel like i could say no. also because of the previous sexting. i did notice that my body was absolutely not okay with it. i didnt know it wasnt supposed to hurt that much (i was tearing up). we both blamed it on it being my „first time“. is this sexual assault or am i just exaggerating like he always said i was?",Broken_doll4@0,1,/r/sexualassault/comments/vt7lih/im_unsure_but_i_feel_something_was_wrong/,Relative-Composer-51,"i definitely know now that i was not in my right mind last year (massive mental health issues; he knew of them too) and visiting him was absolutely the worst decision i made.
The thing is after i went to stay with him i was going to be done with him until i accidentally found out he had been doing the same thing to another girl right before starting to talk to me (she did lie about the physical thing; it triggered me as my childhood best friend got raped when we were teens and i felt horrible for not having prevented it, so i was really trying to do it right this time) and i got our friends involved because i‘m horrible with confrontation by myself. Funnily enough when i did end up first talking to that guy he went -are you accusing me of rape- while i never mentioned anything like that; i didnt see how horrible it was yet. I thought it was because he wanted something for his victim card (he ended up convincing about everyone that i was lying) but now i think he knew what he was doing. I didnt think he would be so horrible to plan something like that, that it was just miscommunication, but you‘re right. He just used me. 
I thought i was over it (and i‘m happily in a relationship now with someone i do feel comfortable enough to say no to, which was the first step to realise how bad it was with that ass) until just recently i found out after i left the community he did it to another girl, but she was smarter than me and did not go see him. 
I‘m repulsed by him, he‘s in his 20s and still only hits on girls that are barely legal…

Also i do fortunately go to a gynecologist regularly and as far as they (i switched to another one) both said i was fine health wise. But that definitely crossed my mind as well

I want to thank you for putting so much time and effort in your reply, i know i cant take this for granted.","&gt;so i solo traveled the first time. didnt speak the language, knew nobody, broke. Also i was mentally abused by him but didnt recognize it until i was out of that situation

You had made a huge mistake meeting up with him and staying with him unfortunately . You didn't know him properly. Who he pretended to be was NOT who he was. He pretended to care about you , but he didn't give a s\*it about you. Unfortunately for you ,u fell for his crap , and put yourself in danger by meeting up with him. He was NOT someone you should have bothered to know . He was a user , and abuser , and only wanted sex from you . You fell for his horrible lies, and he hurt you badly . You were alone , afraid , and way out of your depth with him. He was NOT a nice person, you were trapped with him in a strange place , with him . You were so out of your depth , and you were trapped with him  whilst staying there with him .

&gt;the language, knew nobody, broke. Also i was mentally abused by him but didnt recognize it until i was out of that situation

Going to stay with him was a really dangerous thing to do . You were broke , couldn't speak the language , and were staying with a stranger -&gt;  Who was a horrible person. You put your trust in this stranger and it was a mistake for yourself to do so . And it cost you your mental and physical health bc of it . He was a horrible person to you . He didn't care he was hurting you at all.

&gt;he wanted to do it not even five minutes after he brought me to his home. (also he told me mere days before i traveled that he wants to keep it platonic) i said okay or yes can’t remember exactly. i forced myself as i didn’t feel like i was able to have an actual opinion.

You were always going to be just a f\*ck to him. YOu meant nothing to him and you made the mistake of seeing him on his own territory . You were stuck with him, and YOu were very inexperienced in all ways. Hense why you felt like you had NO option , bc you didn't . He was going to use you all the time. And now you were stuck with this ass wipe in his home. He wanted nothing from you but sex. Everything he said to you was a lie , to get you there in his trap to attack you .

&gt;i forced myself as i didn’t feel like i was able to have an actual opinion. what if i was suddenly on the street having no money or not being able to talk to anyone? i got weirded out a few times

Unfortunately you trusted this man and he lied about everything to you . He would have known you were scared , and alone not knowing what to do . he used this to his advantage to make you do things you didn't want to do . You were stuck with a horrible person who s intent was just to use you . You would have known you were in big trouble with him . So did what he wanted even though YOU did not want to . It was rape by him. He had you trapped with him , scared and alone of him and the situation you were now in . You didn't know what to do , or who to turn to either. You had no one to help you either.

&gt;(he was using his brothers apartment while his brother was on vacation and he came back ten minutes after he threw me out) i was hurting, scared, anxious. and my train got canceled on top. he didn’t reply anymore, he ghosted me for like two weeks before acknowledging my existence again. only because i mentioned my uti.

He didn't care that he was hurting you. You were nothing to him . He was only there to get sex out of you . You would be wise to see a Dr about poss STD's also . This man lied about everything so he might of also had something.  Sorry this man did a real number on you , he was a very nasty person to you . Cruel , nasty , horrible person to you . He didn't care that he hurt you physically  either.

&gt;we both blamed it on it being my „first time“. is this sexual assault or am i just exaggerating like he always said i was?

This man didn't care about you . He hurt you bc he could . He didn't care that it was your first time, it was rape. You were to scared to say NO to him. You were stuck with him in his home , alone and very frightened of him. You were stuck staying with him , alone with no money to leave. Hense why you should never have gone there , but by the time you realized this it was to late. You were stuck , scared and knew he wanted sex from you . You were to scared to say no to him . It was rape then . He was a horrible person you thought you could trust . But he lied to get you there alone with him . And so when you went there it was   a trap for you .

&gt;and he came back ten minutes after he threw me out) i was hurting, scared, anxious. and my train got canceled on top. he didn’t reply anymore, he ghosted me for like two weeks

He didn't care you were hurt and in pain. He didn't care about you at all  . He was never going to keep in touch with you . He got what he wanted to use you for sex. You thought he cared about you , sorry **NOT at all.** He didn't care about you as a person at all. You were nothing to him but to use for sex. Hense why he just threw you out , bc he was a horrible person . Who only got you to come to him for sex -&gt; to use &amp; abuse you. He should go to jail for attacking you . You couldn't handle the situation , you were scared of him . And he forced sex on you ( many times ) when you didn't want it. You were trapped with him and had no where to go to get away from him either.",1,No,No,No,Yes,Yes,No,Yes,Yes,No,No,No,No,Yes,Yes,No,Yes,Yes,No
1e20ma3,sexualassault,I Have To Finally Ask Someone,"I was in a relationship with my ex for almost 3 years before we broke up. I have a couple of instances I want to write out.
First, we had been long distance dating for just over a year and were 16 (them and a week from 17) and 18 (me), we were about a year and a half apart in age. I had always said I wanted to wait til we were married to sleep together and I thought they did too but we still talked about our fantasies and desires fairly often. One day I told them about one and they got really mad at me and said that if I didn't want to have sex I shouldn't talk about it to them. This was also about a month after I had found out they had been texting and sending nudes to several other girls because I wasn't doing enough for them in that department. (I was young, desperate for love, and know it should have ended there) So i said okay. The next time we would see each other would be for their birthday and I said I would have sex with them.

This became a pattern. We saw each other in person about once a month and it became expectation that we would have sex. Sometimes I said yes, sometimes I said yes and when I said stop or that it hurt they would tell me to just go a little longer. If they were mad, sex made them happier. When I forced them to stop or insisted on not doing anything they were always annoyed.

The main time that haunts me was at my college dorm room. I was 19 and they were 18 at this time.  It was hurting pretty bad and I tried to pull away but they just pushed my face into the pillow and kept going. I was afraid to use my safe word because I didn't want them to be mad at me. I said stop but I don't think they heard me. So I laid there and dissociated away, also crying silent tears, and waited till they gave up on finishing and then held me and didn't care that I was in pain. 

I know there are things I should've done differently. I should have safe worded consequences be damned. I should have ended the relationship when they cheated. I just need to ask so my mind will stop wondering. I have cptd and have been having flashbacks to some of these various scenes and i think getting closire on this question will hrlp me going forward. Was this sexual assault? ","1e20ma3 sexualassault I Have To Finally Ask Someone ihavetoask42 /r/sexualassault/comments/1e20ma3/i_have_to_finally_ask_someone/ I was in a relationship with my ex for almost 3 years before we broke up. I have a couple of instances I want to write out.
First, we had been long distance dating for just over a year and were 16 (them and a week from 17) and 18 (me), we were about a year and a half apart in age. I had always said I wanted to wait til we were married to sleep together and I thought they did too but we still talked about our fantasies and desires fairly often. One day I told them about one and they got really mad at me and said that if I didn't want to have sex I shouldn't talk about it to them. This was also about a month after I had found out they had been texting and sending nudes to several other girls because I wasn't doing enough for them in that department. (I was young, desperate for love, and know it should have ended there) So i said okay. The next time we would see each other would be for their birthday and I said I would have sex with them.

This became a pattern. We saw each other in person about once a month and it became expectation that we would have sex. Sometimes I said yes, sometimes I said yes and when I said stop or that it hurt they would tell me to just go a little longer. If they were mad, sex made them happier. When I forced them to stop or insisted on not doing anything they were always annoyed.

The main time that haunts me was at my college dorm room. I was 19 and they were 18 at this time.  It was hurting pretty bad and I tried to pull away but they just pushed my face into the pillow and kept going. I was afraid to use my safe word because I didn't want them to be mad at me. I said stop but I don't think they heard me. So I laid there and dissociated away, also crying silent tears, and waited till they gave up on finishing and then held me and didn't care that I was in pain. 

I know there are things I should've done differently. I should have safe worded consequences be damned. I should have ended the relationship when they cheated. I just need to ask so my mind will stop wondering. I have cptd and have been having flashbacks to some of these various scenes and i think getting closire on this question will hrlp me going forward. Was this sexual assault? ",[deleted]@0,1,/r/sexualassault/comments/1e20ma3/i_have_to_finally_ask_someone/,ihavetoask42,"Thank you.
Writing it out and sharing even anonymously seems to have helped some. I just often feel like what I'm dealing with now is my own fault because there's do much I could have done at the time that I didn't. Who I am now isn't who I was then though and I can't blame who I was. They were doing there best.",I'm so sorry for what happened 🫂,1,No,No,No,No,Yes,No,Yes,Yes,No,No,No,No,No,Yes,No,Yes,Yes,No
11akmbv,sexualassault,I'm feeling conflicted,"When I was six my cousin, nine or ten at the time, forced me to play ""mommy and daddy"" which involved taking me into a closet and kissing me, sometimes even pulling our shirts up so our naked chests could touch. This happened multiple times over the course of four days. I've never revealed it to her parents, nor mine, as she is developmentally disabled, and has been since birth. Is this sexual assault?","11akmbv sexualassault I'm feeling conflicted bulbousEd /r/sexualassault/comments/11akmbv/im_feeling_conflicted/ When I was six my cousin, nine or ten at the time, forced me to play ""mommy and daddy"" which involved taking me into a closet and kissing me, sometimes even pulling our shirts up so our naked chests could touch. This happened multiple times over the course of four days. I've never revealed it to her parents, nor mine, as she is developmentally disabled, and has been since birth. Is this sexual assault?",Justarandombookworm@0,1,/r/sexualassault/comments/11akmbv/im_feeling_conflicted/,bulbousEd,Okay. Thank you for helping me.,"I'm sorry, but it is sexual assault. This is COCSA, or child-on-child sexual assault",1,No,No,No,No,Yes,No,No,No,No,No,No,No,No,Yes,No,No,No,No
rsl2om,sexualassault,Does this count as coercion?,"I'm sorry for adding to the list of ""was this sexual assault"" questions but I am going out of my mind here trying to figure out if I am overreacting or being overdramatic.  I am totally lost and just need some objective outside perspective.  

I was hanging out with a friend in his room playing video games when he started to get really physically affectionate (grabbing me for a hug, pulling me closer and holding me there, etc). I kept just pulling back and laughing it off but eventually he suddenly pulled me down and started kissing me.  I completely froze and was nervous about upsetting him so I went with it until I could find an out.  He asked to have sex and I told him no, and then he asked again for ""just a few seconds"" and I told him no again and offered something else like oral hoping he would stop. But he kept trying to penetrate completely unprotected and it eventually got to the point where he was on top of me and I was physically covering myself with my hands to keep him out.  He asked me a third time, but it was only asking if I wanted him to go get a condom or not, and at that point I figured he was going to do it anyway and this was my chance to at least make sure it was safe.  I'm sure I acted like I was enjoying it because I tried to convince myself that I was and that everything was fine, but every other thought was ""I really don't want to be doing this"" or ""I want this to be over.""

Was this coercion? My therapist said it qualifies as assault but I don't know.  All I know is that I had told him before that I wasn't interested in a relationship with him and that I spent the whole time wanting to leave but being too worried of his reaction if I tried. We are both mid/late 20s if that helps.","rsl2om sexualassault Does this count as coercion? trashcanbraincell /r/sexualassault/comments/rsl2om/does_this_count_as_coercion/ I'm sorry for adding to the list of ""was this sexual assault"" questions but I am going out of my mind here trying to figure out if I am overreacting or being overdramatic.  I am totally lost and just need some objective outside perspective.  

I was hanging out with a friend in his room playing video games when he started to get really physically affectionate (grabbing me for a hug, pulling me closer and holding me there, etc). I kept just pulling back and laughing it off but eventually he suddenly pulled me down and started kissing me.  I completely froze and was nervous about upsetting him so I went with it until I could find an out.  He asked to have sex and I told him no, and then he asked again for ""just a few seconds"" and I told him no again and offered something else like oral hoping he would stop. But he kept trying to penetrate completely unprotected and it eventually got to the point where he was on top of me and I was physically covering myself with my hands to keep him out.  He asked me a third time, but it was only asking if I wanted him to go get a condom or not, and at that point I figured he was going to do it anyway and this was my chance to at least make sure it was safe.  I'm sure I acted like I was enjoying it because I tried to convince myself that I was and that everything was fine, but every other thought was ""I really don't want to be doing this"" or ""I want this to be over.""

Was this coercion? My therapist said it qualifies as assault but I don't know.  All I know is that I had told him before that I wasn't interested in a relationship with him and that I spent the whole time wanting to leave but being too worried of his reaction if I tried. We are both mid/late 20s if that helps.",fairychild15@0,1,/r/sexualassault/comments/rsl2om/does_this_count_as_coercion/,trashcanbraincell,"Thank you so much, I really appreciate it.  I am sorry we have this in common and I hope you are doing well now.  I hope 2022 brings you all of the happiness 🧡",almost the same exact thing happened to me and im so sorry but this was definitely sexual assault/rape. everyone told me the same thing and im here for you if you ever need to talk &lt;3,3,No,No,No,Yes,Yes,No,No,No,No,No,No,No,Yes,Yes,No,No,No,No
1ccnt06,meToo,was this sa,"was this sa?


when i was 7 or 8 i had my best friend and his sister over for a sleepover, we were doing truth or dare and she was 11 or 12. we got dared to kiss and then she made me go in the closet and kiss her using tongue and some other kind of kisses. i didn’t know what i was doing. is it considered sa or anything? i’m just not sure cuz i’m still young. ","1ccnt06 meToo was this sa FlimsyImplement4042 /r/meToo/comments/1ccnt06/was_this_sa/ was this sa?


when i was 7 or 8 i had my best friend and his sister over for a sleepover, we were doing truth or dare and she was 11 or 12. we got dared to kiss and then she made me go in the closet and kiss her using tongue and some other kind of kisses. i didn’t know what i was doing. is it considered sa or anything? i’m just not sure cuz i’m still young. ",Dellynightmare@0,1,/r/meToo/comments/1ccnt06/was_this_sa/,FlimsyImplement4042,"Sorry didn’t see this till now, I’m 14 now and i was so young I didn’t know what I was doing","&gt;made me go in the closet

What do you mean by that? Did she really force you or was it more like a group pressure thing? Either way, how you feel about it matters.
How old are you now?",1,No,Yes,No,No,No,No,No,Yes,No,No,Yes,No,No,No,No,No,Yes,No
1nra5cz,sexualassault,Is this SA..?,"A teammate of mine had been saying a bunch of weird stuff to me. He would would things like he was going to beat himself off next to me, and it happened multiple times.

He even acted as if he were actually jerking off and it made me + the others around us uncomfortable. I told him to stop but he didn’t.

(Ps: I did report him today, my coaches and principal helped and are helping with it. I just want to know what this would be classified as.)","1nra5cz sexualassault Is this SA..? Iwasneverathing /r/sexualassault/comments/1nra5cz/is_this_sa/ A teammate of mine had been saying a bunch of weird stuff to me. He would would things like he was going to beat himself off next to me, and it happened multiple times.

He even acted as if he were actually jerking off and it made me + the others around us uncomfortable. I told him to stop but he didn’t.

(Ps: I did report him today, my coaches and principal helped and are helping with it. I just want to know what this would be classified as.)",Public-Ad7764@2,3,/r/sexualassault/comments/1nra5cz/is_this_sa/,Iwasneverathing,"Thank you!! I will, hope you’re having an amazing life!!","Even with just words, it’s very distressing and NOT okay! I’m so glad you reported him, take care of yourself! 🩷",2,No,No,No,Yes,Yes,No,No,No,No,No,No,No,No,Yes,No,No,No,No
ml3n16,Molested,Trigger Warning; Was this SA?,"I know for sure that my ex crossed my sexual boundaries, but I'm not sure that he assaulted me. I don't feel like it was assault, but it was definitely unfortunate. I was happy to explore some of his kinks while we were together. He always asked for consent, and we really only explored name calling/dirty talk/light choking. We had discussed that he was interested in threesomes and anal sex, both of which I had said were off the table at one point. He brought them up multiple times though, and I'm not sure if my response to anal was always a hard no.

On our anniversary we went on a camping trip and I got very drunk. Looking back, he faked being drunk for some reason (he only had 2 white claws and wasn't a new drinker). We both non verbally, but obviously consented to have sex. He pushed me to the ground hard, and I was scared because my head was already spinning. I didn't show that I was scared, and he didn't mean any harm by it. After a while, he wanted to try anal and I can't remember how that conversation went, but I definitely didn't say no to trying it that night. However, once we started I was very obviously in pain and not enjoying the experience. I was asking for help (I couldn't communicate clearly enough to say that I was panicking), I said multiple times that I didn't know how I felt about it, and that it hurt/didn't feel good. He kept saying that it felt really good. After maybe 5-10 min he stopped because he knew he was hurting me. Then he proceeded to finish by vaginal intercourse.

There was also a separate incident when he slapped me (which he had never even brought up as something he wanted to try). I don't think he ever meant to hurt me, but I hate these memories. I am not sure how to feel about it, but my friend thinks it was assault. I don't know exactly what I want from posting this, but I think it might be good just to get it off my chest. I really trusted him and I felt like he betrayed that trust. I especially think it's strange that he faked being drunk. Thanks for reading.","ml3n16 Molested Trigger Warning; Was this SA? QueasyExamination159 /r/Molested/comments/ml3n16/trigger_warning_was_this_sa/ I know for sure that my ex crossed my sexual boundaries, but I'm not sure that he assaulted me. I don't feel like it was assault, but it was definitely unfortunate. I was happy to explore some of his kinks while we were together. He always asked for consent, and we really only explored name calling/dirty talk/light choking. We had discussed that he was interested in threesomes and anal sex, both of which I had said were off the table at one point. He brought them up multiple times though, and I'm not sure if my response to anal was always a hard no.

On our anniversary we went on a camping trip and I got very drunk. Looking back, he faked being drunk for some reason (he only had 2 white claws and wasn't a new drinker). We both non verbally, but obviously consented to have sex. He pushed me to the ground hard, and I was scared because my head was already spinning. I didn't show that I was scared, and he didn't mean any harm by it. After a while, he wanted to try anal and I can't remember how that conversation went, but I definitely didn't say no to trying it that night. However, once we started I was very obviously in pain and not enjoying the experience. I was asking for help (I couldn't communicate clearly enough to say that I was panicking), I said multiple times that I didn't know how I felt about it, and that it hurt/didn't feel good. He kept saying that it felt really good. After maybe 5-10 min he stopped because he knew he was hurting me. Then he proceeded to finish by vaginal intercourse.

There was also a separate incident when he slapped me (which he had never even brought up as something he wanted to try). I don't think he ever meant to hurt me, but I hate these memories. I am not sure how to feel about it, but my friend thinks it was assault. I don't know exactly what I want from posting this, but I think it might be good just to get it off my chest. I really trusted him and I felt like he betrayed that trust. I especially think it's strange that he faked being drunk. Thanks for reading.",brokengirl89@0,1,/r/Molested/comments/ml3n16/trigger_warning_was_this_sa/,QueasyExamination159,"Thank you, I appreciate the comment. This is a lot to process and I will definitely be speaking with my therapist. The whole revoking consent thing really hit home for me, because I am certain that I made it obvious I wanted to stop, although I'm not sure exactly how I reacted when he asked.","Being drunk in and of itself means that you are unable to give consent to sexual activity. I know plenty of people have “consensual” sex while drunk, I’ve done it myself, but legally it’s not because of things like this. Especially since you can’t remember what your response was when asked to try anal. The fact that you were so drunk that you were unable to communicate your fear and distress means that you were definitely too drunk to be having sex, and honestly there are some huge red flags that your ex orchestrated it on purpose (him not being as drunk as you, knowing that anal was a hard no, knowing that you were far too drunk to resist). The fact that you said to him multiple times that it hurt and asking for help is the real kicker here, because it doesn’t matter what happened up until that point, whether you were drunk or not, or whether you had consented. Consent to any sexual activity can be withdrawn AT ANY TIME. This was clearly you withdrawing your consent (or pseudo-consent in this situation) and wanting the activity to stop, of which he purposefully ignored you and the fact that you were clearly in pain did not stop him because “it felt really good” to him. This was a selfish act and completely violated your rights to your own body and your trust, and is without a doubt sexual abuse/assault. I know that you believe that he never meant to hurt you, I understand this mindset well, but I invite you to let go of this thought because if he truly didn’t mean to hurt or harm you in any way he would not have continued when he knew you were in pain. He was being selfish. And I’m so sorry that this happened to you. The fact that these memories are bothering you means that you should think about talking to some kind of professional about them, even if that just means texting or calling a SA hotline to ask their opinion. It can be very helpful to hear other people validating how you feel about these experiences. Just know that all of your emotions are valid x",3,No,No,No,Yes,Yes,No,Yes,Yes,No,No,No,No,No,Yes,No,No,Yes,No
1oa4bh7,sexualassault,Was this assault? 19/M,"I don’t really know if it counts as assault, but i want to leave my story somewhere because i still feel bad about it and get flashbacks.

I was 17 at the time, and both of my roommates were 15. We were all boys there.

I got admitted to psych ward due to suicidal ideations. 
They sent me into a room with the “trouble kids” of the ward. They had bad reputations and i was just a scared suicidal guy at that time. 

I spent 2 weeks there. Every day, one guy let’ s call him “M”. So “M” is like a little bit chubby, hyperactive, drug user guy. He was pretty crazy. At first he just grabbed my dick. Then he started kissing me, then one night he pinned me down to the bed and he started to beat his dick literally on top of me. Like grabbing it doing weird sexual noises. After it he started to like jump on top of me and making more weird sexual noises. It went on for the two weeks i was there. Every night for like 15-20 minutes. Just being on top of me and grabbing his dick making weird sexual noises.
There’s another guy lets call him “K”. “K” was literally retarded, only had like 70 or 80 IQ and he randomly grabbed my dick multiple times of the day. This also went on for the 2 weeks i was there.

I told this to the nurses and they all said “you are a boy, this can’t happen to boys”.

So my question is, was this sexual assault or is it not “that far”?

I still get flashbacks of it at night, and i can’t even think about having a relationship with someone because even just holding someone’s hand i get flashbacks. ","1oa4bh7 sexualassault Was this assault? 19/M mega_cool_dude /r/sexualassault/comments/1oa4bh7/was_this_assault_19m/ I don’t really know if it counts as assault, but i want to leave my story somewhere because i still feel bad about it and get flashbacks.

I was 17 at the time, and both of my roommates were 15. We were all boys there.

I got admitted to psych ward due to suicidal ideations. 
They sent me into a room with the “trouble kids” of the ward. They had bad reputations and i was just a scared suicidal guy at that time. 

I spent 2 weeks there. Every day, one guy let’ s call him “M”. So “M” is like a little bit chubby, hyperactive, drug user guy. He was pretty crazy. At first he just grabbed my dick. Then he started kissing me, then one night he pinned me down to the bed and he started to beat his dick literally on top of me. Like grabbing it doing weird sexual noises. After it he started to like jump on top of me and making more weird sexual noises. It went on for the two weeks i was there. Every night for like 15-20 minutes. Just being on top of me and grabbing his dick making weird sexual noises.
There’s another guy lets call him “K”. “K” was literally retarded, only had like 70 or 80 IQ and he randomly grabbed my dick multiple times of the day. This also went on for the 2 weeks i was there.

I told this to the nurses and they all said “you are a boy, this can’t happen to boys”.

So my question is, was this sexual assault or is it not “that far”?

I still get flashbacks of it at night, and i can’t even think about having a relationship with someone because even just holding someone’s hand i get flashbacks. ",Lunaeaeae@0,1,/r/sexualassault/comments/1oa4bh7/was_this_assault_19m/,mega_cool_dude,"Thanks, atleast now i know i am not overreacting it.","Yes, it is",1,No,No,No,Yes,Yes,No,No,No,No,No,No,No,No,Yes,No,No,Yes,No
1oim8b2,rape,I was “sexually assaulted” by my brothers friend.,"I personally don’t think this rape or assault but everyone I’ve told, said it was. 

So basically, I was smoking 🍃 with my brother and his friend one night, (btw I was 17 when this happened and my brother/friend were both 20) 
and my brother had basically passed out after 2 hours but since I hadn’t smoked as much, I was still fine and conscious. 

His friend, was fine but very very high, we both were. And we were just talking about life, and most of the time, when I’m high I get very horny. And once I said I was horny, I guess he took that as an invitation to rub my legs and kept slyly trying to rub my nipples through my tshirt. At the time, I can’t lie, I was attracted to him, but the fact that he was my brother friend made me uncomfortable. 

We were both technically “under the influence ” and I never walked away, I did tell him to stop but it was in a jokingly manner, I don’t know if I’m allowed to say I liked it because technically I didn’t consent to it, but I kinda liked it at the same time. I don’t know how to feel because everyone I’ve told, has said it was inappropriate and sexual assault, but I don’t feel that way? 

Maybe it’s because of the age difference? Idk. 



Sorry for any typos or bad writing! 🫩","1oim8b2 rape I was “sexually assaulted” by my brothers friend. easterbubbly /r/rape/comments/1oim8b2/i_was_sexually_assaulted_by_my_brothers_friend/ I personally don’t think this rape or assault but everyone I’ve told, said it was. 

So basically, I was smoking 🍃 with my brother and his friend one night, (btw I was 17 when this happened and my brother/friend were both 20) 
and my brother had basically passed out after 2 hours but since I hadn’t smoked as much, I was still fine and conscious. 

His friend, was fine but very very high, we both were. And we were just talking about life, and most of the time, when I’m high I get very horny. And once I said I was horny, I guess he took that as an invitation to rub my legs and kept slyly trying to rub my nipples through my tshirt. At the time, I can’t lie, I was attracted to him, but the fact that he was my brother friend made me uncomfortable. 

We were both technically “under the influence ” and I never walked away, I did tell him to stop but it was in a jokingly manner, I don’t know if I’m allowed to say I liked it because technically I didn’t consent to it, but I kinda liked it at the same time. I don’t know how to feel because everyone I’ve told, has said it was inappropriate and sexual assault, but I don’t feel that way? 

Maybe it’s because of the age difference? Idk. 



Sorry for any typos or bad writing! 🫩",zombiebindlestiff@0,1,/r/rape/comments/1oim8b2/i_was_sexually_assaulted_by_my_brothers_friend/,easterbubbly,Thank youu!!!,Doesn’t seem like assault to me. You liked it and if you think you were jokingly saying stop he probably took it as joking too. If you originally didn’t have a problem with it and liked it then don’t let others influence you. You have agency. Consent should be black and white but in reality it is grey especially when we are young. Learn your boundaries. Work on communicating with intent and tell others exactly what you want.,5,No,No,No,No,Yes,No,No,No,No,No,No,No,No,Yes,No,No,No,No
l4vrsn,sexualassault,I want to stay with him,"Hi 👋🏼
I need advice.

Before I start, I know what you'll say. ""It was assault and he's bad and you should leave him."" I ask you, though, to be compassionate in your response. He's not bad, and my biggest hope is to work it out together.

A couple of weeks ago, I was hanging out with my boyfriend. He layed on top of me, both of us on our stomachs, on his bed. He doesn't have a couch or anything in his room so we often are on the bed, no big deal. The laying-on-top thing is also something we do sometimes.
(It's awkward to write, please forgive me) hHe started to dry-hump me and play-choke me, also something that we do sometimes. I know that you might think ""oh no! choking!"" but actually I like it and I was the one who introduced it into our relationship.
Except this time I didn't like it. I didn't consent. It was all very quick. I pulled his hand away and I think he thought I was moving his hand bc he was at the wrong angle or something, which is normal.
Afterwards, he realized what he had done and immediately felt so bad and apologized, and we've been talking about it. I know he didn't mean to. He's taking responsibility and being kind.
He realized what he had done and I kind of just sat there. It took me a while to come out of my gaze, and I felt like a robot. Once I returned to normal I hugged him and cried and it was nice.
He should have gotten consent. He didn't know I wasn't consenting, because he was being dumb and uneducated. We talked about consent and changes we'd make so that he knew if I wanted it or not. He and I are young and have lots of learning to do together.
I keep wondering if this means something bad. Or if there are other bad things that he's done, like being mean, or something.

I want to know: am I allowed to forgive him? Am I allowed to stay with him? Will it be ok? Will I be broken?

I know that the rules say no minimizing assault but I promise if you tell me he and I can figure it out that won't be minimizing it.

I want to stay with him.
____

If you have any questions I'll be happy to answer in the comments","l4vrsn sexualassault I want to stay with him [deleted] /r/sexualassault/comments/l4vrsn/i_want_to_stay_with_him/ Hi 👋🏼
I need advice.

Before I start, I know what you'll say. ""It was assault and he's bad and you should leave him."" I ask you, though, to be compassionate in your response. He's not bad, and my biggest hope is to work it out together.

A couple of weeks ago, I was hanging out with my boyfriend. He layed on top of me, both of us on our stomachs, on his bed. He doesn't have a couch or anything in his room so we often are on the bed, no big deal. The laying-on-top thing is also something we do sometimes.
(It's awkward to write, please forgive me) hHe started to dry-hump me and play-choke me, also something that we do sometimes. I know that you might think ""oh no! choking!"" but actually I like it and I was the one who introduced it into our relationship.
Except this time I didn't like it. I didn't consent. It was all very quick. I pulled his hand away and I think he thought I was moving his hand bc he was at the wrong angle or something, which is normal.
Afterwards, he realized what he had done and immediately felt so bad and apologized, and we've been talking about it. I know he didn't mean to. He's taking responsibility and being kind.
He realized what he had done and I kind of just sat there. It took me a while to come out of my gaze, and I felt like a robot. Once I returned to normal I hugged him and cried and it was nice.
He should have gotten consent. He didn't know I wasn't consenting, because he was being dumb and uneducated. We talked about consent and changes we'd make so that he knew if I wanted it or not. He and I are young and have lots of learning to do together.
I keep wondering if this means something bad. Or if there are other bad things that he's done, like being mean, or something.

I want to know: am I allowed to forgive him? Am I allowed to stay with him? Will it be ok? Will I be broken?

I know that the rules say no minimizing assault but I promise if you tell me he and I can figure it out that won't be minimizing it.

I want to stay with him.
____

If you have any questions I'll be happy to answer in the comments",MsKanya@0,1,/r/sexualassault/comments/l4vrsn/i_want_to_stay_with_him/,[deleted],"Hahaha! Smart
Thank you, I'll talk with him about it :)","A safe word should go a long way. If you implement one and he ignores it, that would be the time to re-evaluate your relationship. My cousin and I have a safe word for when one of us is being really funny and the other can't handle the joke to the point where we are about to pee or throw up. It happened once and we decided to prevent taking things too far because we have a tendency to keep going regardless of whether someone says stop because we love making each other laugh. Also, a safe word can help in regards to knowing how much someone respects you and your experience. Best of luck.
Also enjoy yourself",1,No,No,No,Yes,Yes,No,No,No,No,No,No,No,Yes,Yes,No,No,No,Yes
1e84yyu,TwoXChromosomes,Didn’t realize I was assaulted,"TW: sexual assault 

Ten years ago I was online dating. Went out with this one guy, the date was fine- typical tepid first date but I was young enough to think that tepid was fine. 
Second date and third date, more of the same. The guy was kind of awkward but ultimately seemed nice enough.
Fourth date he invites me over to his place to make hot cocoa and watch a movie.

Full disclosure, I hadn’t really dated much before this. At the time I was in my 20s and had just gotten out of a relationship that had lasted nearly 6 years.

 Being a little green around the gills dating wise, I took what he said at face value. I even went to two different supermarkets looking for the “good cocoa”.

I wasn’t totally naive. I realized that it being the fourth date (whatever that means) and going back to his place meant something was going to happen.

I get there and barely after we say our hellos he shoves his tongue down my throat. He backed me into his bedroom and started taking my clothes off. I wasn’t ready. The stupid cocoa was still in the grocery bag.
Before I could even really understand what happened we were having sex. I didn’t like it or want it. It was so painful that I was subconsciously hitting him every time he thrust. 
It was so, so painful.
But I didn’t say stop, I didn’t say no. I wanted to. I hated every second of it but I just kind of went on autopilot.
Right before it happened, I made some lame attempt at a “whoa, what’s the rush?” and that’s about it.

After it was over I laid there and couldn’t really understand what had just happened. 
He was cold and quiet. 
I left and took a cab home and felt completely empty and disgusting.

I bled for days after. I remember my vulva was so swollen that it scared me.

The worst part: I dated him for almost 2 years after that. 
In hindsight, I never ever felt safe around him. It was my first “grownup” relationship and I assumed that’s just how it was supposed to be.

About a month ago the question “was I raped?” came into my mind and I haven’t been able to shake it.

How could I be raped and not realize it?
Why did I continue to date this man?
I don’t understand.

I don’t know why I’m writing this on here, really. If anyone is reading this, thank you for listening. 
","1e84yyu TwoXChromosomes Didn’t realize I was assaulted Sally_Blowes /r/TwoXChromosomes/comments/1e84yyu/didnt_realize_i_was_assaulted/ TW: sexual assault 

Ten years ago I was online dating. Went out with this one guy, the date was fine- typical tepid first date but I was young enough to think that tepid was fine. 
Second date and third date, more of the same. The guy was kind of awkward but ultimately seemed nice enough.
Fourth date he invites me over to his place to make hot cocoa and watch a movie.

Full disclosure, I hadn’t really dated much before this. At the time I was in my 20s and had just gotten out of a relationship that had lasted nearly 6 years.

 Being a little green around the gills dating wise, I took what he said at face value. I even went to two different supermarkets looking for the “good cocoa”.

I wasn’t totally naive. I realized that it being the fourth date (whatever that means) and going back to his place meant something was going to happen.

I get there and barely after we say our hellos he shoves his tongue down my throat. He backed me into his bedroom and started taking my clothes off. I wasn’t ready. The stupid cocoa was still in the grocery bag.
Before I could even really understand what happened we were having sex. I didn’t like it or want it. It was so painful that I was subconsciously hitting him every time he thrust. 
It was so, so painful.
But I didn’t say stop, I didn’t say no. I wanted to. I hated every second of it but I just kind of went on autopilot.
Right before it happened, I made some lame attempt at a “whoa, what’s the rush?” and that’s about it.

After it was over I laid there and couldn’t really understand what had just happened. 
He was cold and quiet. 
I left and took a cab home and felt completely empty and disgusting.

I bled for days after. I remember my vulva was so swollen that it scared me.

The worst part: I dated him for almost 2 years after that. 
In hindsight, I never ever felt safe around him. It was my first “grownup” relationship and I assumed that’s just how it was supposed to be.

About a month ago the question “was I raped?” came into my mind and I haven’t been able to shake it.

How could I be raped and not realize it?
Why did I continue to date this man?
I don’t understand.

I don’t know why I’m writing this on here, really. If anyone is reading this, thank you for listening. 
",sosotrickster@0,1,/r/TwoXChromosomes/comments/1e84yyu/didnt_realize_i_was_assaulted/,Sally_Blowes,❤️,I'm sorry this happened to you.,5,No,No,No,No,Yes,No,No,No,No,No,No,No,No,Yes,No,No,No,No
w3pl5i,sexualassault,Trying to figure out if this instance was SA or not. It’s been on my mind.,"So I’m not sure what my orientation is, but I only date women and sometimes, when drunk, I hook up with men. I’m not sure if it’s because I actually want to, tbh. Sometimes I feel like it’s because my upbringing and old friends pressured me to be okay with it.

So about 5-6 years ago I started sleeping with men for the first time and there was this one guy I kinda regularly slept with. But i remember it being a chore to get him to get me off because straight up intercourse with dudes doesn’t do a damn thing for me. Eventually I just said that we should stop doing things all together and just be friends. 

The next time I came over to hang out, have a few drinks and game, he initiates stuff. I didn’t say no, I might add. It just kinda happened. When it was done, he said we should stop hooking up like that because I “never seem to want to play with [his] balls or anything” so that era of us hooking up was finally over. 

I’ve only recently got good at making sex stop when I don’t want it. I guess I’m asking on this one because, like I said, we had both been drinking and I didn’t exactly try to stop it.","w3pl5i sexualassault Trying to figure out if this instance was SA or not. It’s been on my mind. TheRealGongoozler /r/sexualassault/comments/w3pl5i/trying_to_figure_out_if_this_instance_was_sa_or/ So I’m not sure what my orientation is, but I only date women and sometimes, when drunk, I hook up with men. I’m not sure if it’s because I actually want to, tbh. Sometimes I feel like it’s because my upbringing and old friends pressured me to be okay with it.

So about 5-6 years ago I started sleeping with men for the first time and there was this one guy I kinda regularly slept with. But i remember it being a chore to get him to get me off because straight up intercourse with dudes doesn’t do a damn thing for me. Eventually I just said that we should stop doing things all together and just be friends. 

The next time I came over to hang out, have a few drinks and game, he initiates stuff. I didn’t say no, I might add. It just kinda happened. When it was done, he said we should stop hooking up like that because I “never seem to want to play with [his] balls or anything” so that era of us hooking up was finally over. 

I’ve only recently got good at making sex stop when I don’t want it. I guess I’m asking on this one because, like I said, we had both been drinking and I didn’t exactly try to stop it.",opossumsaurus@2,3,/r/sexualassault/comments/w3pl5i/trying_to_figure_out_if_this_instance_was_sa_or/,TheRealGongoozler,That makes sense thank you. I’m just trying to figure out what it is that I need to accept that happened,"Rape is forced/unwanted sexual intercourse, while SA is generally considered to be forced/unwanted sexual contact, although SA is also often used as a blanket term that covers both",1,No,No,No,Yes,Yes,No,No,Yes,No,No,No,No,Yes,Yes,No,No,Yes,No
jvajrm,sexualassault,Was I sexually assaulted?,"So, this happened this morning and i'm a little confused and feeling weird.

I went to my barber to cut my hair and beard, duh. Something I always disliked about him is how every time I go there he talks about pubic hair cut but I just endure that.

This morning we had the same talk but he also wanted to show me how his parts looks like, we were alone at the barbershop and he called me by the door of the bathroom, I though he only wanted to show me the upper area (where the bladder is), I was feeling shy and hesitating at first but he kept calling me and I went there to see.

Well, he showed me his penis... and now he wanted me to show mine, I couldn't think fast enough so I said ok... I just showed him the skin above my penis (the bladder area) but he wanted to see everything... And I showed him... He said I had big balls and he tried to touch them, I immediately refused and held his hand away, even so he kept trying, but I grabbed his arm even tighter and he finally surrendered. I'm a big guy and I could easily beat the shit out of him if I needed to.

I'm quite sure this is sexual assault but I'm not sure if he knows that, he is a decent guy and maybe he just thought that this kind of things is normal. I don't intend to do anything against him but I can't stop to fell discomfortable.","jvajrm sexualassault Was I sexually assaulted? Rublica /r/sexualassault/comments/jvajrm/was_i_sexually_assaulted/ So, this happened this morning and i'm a little confused and feeling weird.

I went to my barber to cut my hair and beard, duh. Something I always disliked about him is how every time I go there he talks about pubic hair cut but I just endure that.

This morning we had the same talk but he also wanted to show me how his parts looks like, we were alone at the barbershop and he called me by the door of the bathroom, I though he only wanted to show me the upper area (where the bladder is), I was feeling shy and hesitating at first but he kept calling me and I went there to see.

Well, he showed me his penis... and now he wanted me to show mine, I couldn't think fast enough so I said ok... I just showed him the skin above my penis (the bladder area) but he wanted to see everything... And I showed him... He said I had big balls and he tried to touch them, I immediately refused and held his hand away, even so he kept trying, but I grabbed his arm even tighter and he finally surrendered. I'm a big guy and I could easily beat the shit out of him if I needed to.

I'm quite sure this is sexual assault but I'm not sure if he knows that, he is a decent guy and maybe he just thought that this kind of things is normal. I don't intend to do anything against him but I can't stop to fell discomfortable.",Florestana@0,1,/r/sexualassault/comments/jvajrm/was_i_sexually_assaulted/,Rublica,"I mean, apart from him trying to touch me I did everything","Yes, that is sexual assault. I mean, the word encompasses a lot, so I understand the discomfort with ""claiming"" those words for your experience, but that is absolutely a guy who crosses some barriers and disrespects your consent and comfort. Your feelings are completly valid, and I also don't think you should try to find excuses for those who victimize you in whatever, now that of course doesn’t mean you have to respobd in a certain way. You are in control in how you want to feel and respond, but orotect yourself mentally by not second guessing yourself and blaming yourself.",1,No,No,No,No,No,No,Yes,Yes,No,No,No,No,No,No,No,No,Yes,No
1gsgogu,sexualassault,is this considered sa?,"these are some instances i had with my ex:

- he kissed me really early on while we were talking and i wasn’t really ready and i honestly didn’t enjoy the first kiss because i was just really stressed about it bc i wasn’t ready…
- i was willing in this case so i am a bit confused but he basically fingered me and it hurt so i’d tell him to stop and he wouldn’t until i physically pulled away + also i felt pressured into even doing this in the first place 
- he went down on me after i said i didn’t want it, but then i kinda enjoyed it
- i felt shame every time after any sort of intimacy and i also felt really sad and i told him that and he disregarded it and said “we’ll just have to do it more often then…” 

now that im writing this it does sound like sa… and i don’t really know what to do now because honestly every time i think about how i was intimate with him it stresses me out and i wish i never was intimate with him in the first place and idk why. i feel really embarrassed to have done anything with him. i hate that he has seen me in that completely vulnerable state tbh and idk what this means… ","1gsgogu sexualassault is this considered sa? StillIntelligent7610 /r/sexualassault/comments/1gsgogu/is_this_considered_sa/ these are some instances i had with my ex:

- he kissed me really early on while we were talking and i wasn’t really ready and i honestly didn’t enjoy the first kiss because i was just really stressed about it bc i wasn’t ready…
- i was willing in this case so i am a bit confused but he basically fingered me and it hurt so i’d tell him to stop and he wouldn’t until i physically pulled away + also i felt pressured into even doing this in the first place 
- he went down on me after i said i didn’t want it, but then i kinda enjoyed it
- i felt shame every time after any sort of intimacy and i also felt really sad and i told him that and he disregarded it and said “we’ll just have to do it more often then…” 

now that im writing this it does sound like sa… and i don’t really know what to do now because honestly every time i think about how i was intimate with him it stresses me out and i wish i never was intimate with him in the first place and idk why. i feel really embarrassed to have done anything with him. i hate that he has seen me in that completely vulnerable state tbh and idk what this means… ",Illustrious-5589@0,1,/r/sexualassault/comments/1gsgogu/is_this_considered_sa/,StillIntelligent7610,thank you for your response and i’m so sorry you had to go through that as well &lt;/3,"I’m so sorry it happened. But you sound completely normal and he’s the asshole. 

To be honest. As I read your post i can relate so much. 

I do hate that how they intentionally manipulate people. It’s a planned process and the phrases seems familiar. 

When I’d explained to him I’m not ready for more than second base, for example. At first he’d agree. Then he say things like”  you don’t care about me at all” to guilt trip. I only realised after, as well. 

I’m sorry.",2,No,No,No,Yes,Yes,No,No,No,No,No,No,No,Yes,Yes,No,No,No,No
19b4qxo,sexualassault,did my brother (9m) sa me (6f)?,"When I was younger (I think around 6 or younger) my brother used to touch me. It started one night when we were having a sleepover downstairs and I fell asleep. When I woke up my pants and underwear were off and he was touching me. I was super confused and I didn’t know what was going on. I ended up going upstairs into my own bed. throughout the next year we would play games like doctor and doll. Doctor is like the typical game that I’m sure you guys know about but doll was where I would pretend to be a doll (couldn’t move or talk) and he would be able to do whatever he wanted to me. My clothes were always off at the end of the game. I don’t know why I just sat there and let it happen. He also tried a few times to put it in. He would also put his mouth down there and make me do the same to him. 

My question: is this SA? I’m just not sure because since we were both super young maybe he just didn’t know what he was doing. now (about 8 years later) he acts like nothing happened. I act like I don’t remember but It’s always in the back of my mind.","19b4qxo sexualassault did my brother (9m) sa me (6f)? ResponsibleCable1920 /r/sexualassault/comments/19b4qxo/did_my_brother_9m_sa_me_6f/ When I was younger (I think around 6 or younger) my brother used to touch me. It started one night when we were having a sleepover downstairs and I fell asleep. When I woke up my pants and underwear were off and he was touching me. I was super confused and I didn’t know what was going on. I ended up going upstairs into my own bed. throughout the next year we would play games like doctor and doll. Doctor is like the typical game that I’m sure you guys know about but doll was where I would pretend to be a doll (couldn’t move or talk) and he would be able to do whatever he wanted to me. My clothes were always off at the end of the game. I don’t know why I just sat there and let it happen. He also tried a few times to put it in. He would also put his mouth down there and make me do the same to him. 

My question: is this SA? I’m just not sure because since we were both super young maybe he just didn’t know what he was doing. now (about 8 years later) he acts like nothing happened. I act like I don’t remember but It’s always in the back of my mind.",Unluckyguy771@0,1,/r/sexualassault/comments/19b4qxo/did_my_brother_9m_sa_me_6f/,ResponsibleCable1920,i’m 14 now and he is 17,"I'm so sorry but that was sexual assault, how old are you?",2,No,Yes,No,No,No,No,No,No,No,No,Yes,No,No,No,No,No,No,No
171ndah,sexualassault,Fwb-situation: do I owe him sex?,"I have a fwb, we don't see each other regularly because we live in different cities but when we see each other we have a lot of sex. 

Some trauma surfaced and I really don't want to be perceived as sexual or hot in any way. But he'll be at my place for 4 days and I don't want to decline the thing he is excited for. 

I feel like it would be inappropriate to deny him sex because I know he likes my body. Saying no almost feels like a crime, because I believe it is my job to pleasure him in a way. I know that this isn't his opinion at all. He is very caring and reassures me a lot. I know that I don't have to do things I don't want to do, but it feels wrong. 

He got a day off of work for our meetup and it feels like now I can't cancel it. I know our friendship isn't based on sex, but I am afraid he'll be disappointed. It's gotten to the point where I think that pretending will be way easier than actually saying no. Being a human-fleshlight isn't ideal, but at least I wouldn't feel this shame and guilt for saying no. 

Would it be shitty of me not to tell him of my sex-repulsion beforehand? I really am thinking of giving him my body","171ndah sexualassault Fwb-situation: do I owe him sex? Equivalent_Error_133 /r/sexualassault/comments/171ndah/fwbsituation_do_i_owe_him_sex/ I have a fwb, we don't see each other regularly because we live in different cities but when we see each other we have a lot of sex. 

Some trauma surfaced and I really don't want to be perceived as sexual or hot in any way. But he'll be at my place for 4 days and I don't want to decline the thing he is excited for. 

I feel like it would be inappropriate to deny him sex because I know he likes my body. Saying no almost feels like a crime, because I believe it is my job to pleasure him in a way. I know that this isn't his opinion at all. He is very caring and reassures me a lot. I know that I don't have to do things I don't want to do, but it feels wrong. 

He got a day off of work for our meetup and it feels like now I can't cancel it. I know our friendship isn't based on sex, but I am afraid he'll be disappointed. It's gotten to the point where I think that pretending will be way easier than actually saying no. Being a human-fleshlight isn't ideal, but at least I wouldn't feel this shame and guilt for saying no. 

Would it be shitty of me not to tell him of my sex-repulsion beforehand? I really am thinking of giving him my body",Clover-pet@2,3,/r/sexualassault/comments/171ndah/fwbsituation_do_i_owe_him_sex/,Equivalent_Error_133,"Damn, ""so be ur own friend"" just hit me. You're right, I deserve to be more than just a body. 

Handling the feelings of guilt and fear will be so hard though. I kind of want to cancel that whole meet-up and just not see him.","Even if it was more than a fwb and you consented to a relationship that’s very sexual, you still don’t owe him sex. You consent to that relationship yes, ur in that relationship. Not having sex with him won’t change that or mean anything different. And I think you know that. You said it yourself. My words is what you would say to a friend in ur same situation. So be ur own friend. And if you want to talk to him about it!",1,No,No,No,Yes,No,No,Yes,Yes,No,No,No,No,Yes,No,No,Yes,Yes,No
11mg3kb,rape,Is this considered SA?,Is it sexual abuse when a parent teaches/shows their child (a minor) how to masturbate?,11mg3kb rape Is this considered SA? Icy_Morning_5714 /r/rape/comments/11mg3kb/is_this_considered_sa/ Is it sexual abuse when a parent teaches/shows their child (a minor) how to masturbate?,katieyie@0,1,/r/rape/comments/11mg3kb/is_this_considered_sa/,Icy_Morning_5714,Show with touching instead of explaining verbally.,What do you mean by “shows”. This sounds highly wrong no matter what and is definitely a violation.,1,No,Yes,No,No,No,No,No,No,No,No,Yes,No,No,No,No,No,No,No
s9qozm,rape,Is it rape if I was drunk and he was sober?,"I met up with a guy I’ve been speaking to on a dating up. We were getting along so well without any sexual remarks before we met so I was really excited for a platonic date with someone who wants to get to know me and might actually like me. We met for drinks but he tells me he has work in a few hours so he can’t drink at all. I have really severe general and social anxiety so I already had a few before I even came to meet him. Things were going so well, we had lots in common and I was so happy to talk to someone who was not expecting things to get intimate. But after a few more drinks, again I’m the only person drinking I was very drunk and slurring my words. He started flirting holding my hand and asked if I would hook up with him, me in my drunken state thought he’s joking or just being playful so I slurred out “sure” and laughed. He asked if I wanted to go back to his and I was confused since he had work but at this point everything was happening so fast I thought it could be fun and said ok. I stumbled out of the bar, he got me into the Uber and made a pit stop to get me more drinks. By this point I was drunk so I thought that was a great idea. We got to his, I drank more, he kept trying to make advances and I kept my distance kept changing the conversation and tried to distract him with things on my phone and talking but he just grabbed my phone and put it away so I couldn’t reach it. Then started kissing me and undressing me. Had sex with me, it hurt. When he was finished I was just in a daze got dressed and was going to make my way home. I tried to leave but he literally asked “do you even know where you are right now?” Clearly acknowledging my intoxicated state, I said no so he got me an Uber home. The next day I realised how I would’ve never agreed to anything like this if I would’ve been sober. I didn’t have any intentions of the sort but I can be easily convinced. I know I was not in a sober enough state to make rational decisions at all but I didn’t say no. Since then I don’t know how to feel, I feel like it’s my own fault but I know if I was with someone who is too intoxicated I would never ask them to be intimate. Is it all my fault?","s9qozm rape Is it rape if I was drunk and he was sober? dreamydummy /r/rape/comments/s9qozm/is_it_rape_if_i_was_drunk_and_he_was_sober/ I met up with a guy I’ve been speaking to on a dating up. We were getting along so well without any sexual remarks before we met so I was really excited for a platonic date with someone who wants to get to know me and might actually like me. We met for drinks but he tells me he has work in a few hours so he can’t drink at all. I have really severe general and social anxiety so I already had a few before I even came to meet him. Things were going so well, we had lots in common and I was so happy to talk to someone who was not expecting things to get intimate. But after a few more drinks, again I’m the only person drinking I was very drunk and slurring my words. He started flirting holding my hand and asked if I would hook up with him, me in my drunken state thought he’s joking or just being playful so I slurred out “sure” and laughed. He asked if I wanted to go back to his and I was confused since he had work but at this point everything was happening so fast I thought it could be fun and said ok. I stumbled out of the bar, he got me into the Uber and made a pit stop to get me more drinks. By this point I was drunk so I thought that was a great idea. We got to his, I drank more, he kept trying to make advances and I kept my distance kept changing the conversation and tried to distract him with things on my phone and talking but he just grabbed my phone and put it away so I couldn’t reach it. Then started kissing me and undressing me. Had sex with me, it hurt. When he was finished I was just in a daze got dressed and was going to make my way home. I tried to leave but he literally asked “do you even know where you are right now?” Clearly acknowledging my intoxicated state, I said no so he got me an Uber home. The next day I realised how I would’ve never agreed to anything like this if I would’ve been sober. I didn’t have any intentions of the sort but I can be easily convinced. I know I was not in a sober enough state to make rational decisions at all but I didn’t say no. Since then I don’t know how to feel, I feel like it’s my own fault but I know if I was with someone who is too intoxicated I would never ask them to be intimate. Is it all my fault?",[deleted]@0,1,/r/rape/comments/s9qozm/is_it_rape_if_i_was_drunk_and_he_was_sober/,dreamydummy,I never told him I’m uncomfortable or want him to stop so I’m just conflicted I don’t want to think he had bad intentions,"It's not at all your fault. And yes, it was rape.",2,No,No,No,No,No,Yes,Yes,Yes,No,No,No,No,No,No,Yes,No,Yes,No
1fwdfn7,sexualassault,Is it normal the abuser plays everything down?,"After confronting my ex about the SA he played it down, used arguments like, you should have blocked me immediately after but you didn’t so it’s not as bad as I describe it. Also he said, you know I like to dominate, don’t you? , we kept having sex afterwards. I went no contact at one point but after ending no contact I slept with my abusive ex. Although he said I suck in bed and the girl after me is a true sex bomb and  I am just too passive and without energy, it proofs, it wasn’t that bad and I am just dramatic making excuses by talking shit about him. Last point I can somehow  understand. I disrespected myself so much and now can’t be taken seriously after breaking no contact. Who can take me serious now?

I am still puzzled about his reaction recently and I do t understand. I had this fantasy he will feel sorry and try his best to make things right. 

Had this ever happened actually? That the abuser tried his best to make things better? 


But I think he knew he did something wrong. In the beginning I didn’t think about the SA but one day he asked me to tell a couple about the first SA experienced 10 years ago. He said I hope you are not in contact with this guy, he may do it again. He looked me in the eyes for a very long time. I think he knew I will go no contact back then. After telling this story everything came back, three weeks later I blocked him but yeah didn’t stay strong for long 
","1fwdfn7 sexualassault Is it normal the abuser plays everything down? Quick-Photograph-323 /r/sexualassault/comments/1fwdfn7/is_it_normal_the_abuser_plays_everything_down/ After confronting my ex about the SA he played it down, used arguments like, you should have blocked me immediately after but you didn’t so it’s not as bad as I describe it. Also he said, you know I like to dominate, don’t you? , we kept having sex afterwards. I went no contact at one point but after ending no contact I slept with my abusive ex. Although he said I suck in bed and the girl after me is a true sex bomb and  I am just too passive and without energy, it proofs, it wasn’t that bad and I am just dramatic making excuses by talking shit about him. Last point I can somehow  understand. I disrespected myself so much and now can’t be taken seriously after breaking no contact. Who can take me serious now?

I am still puzzled about his reaction recently and I do t understand. I had this fantasy he will feel sorry and try his best to make things right. 

Had this ever happened actually? That the abuser tried his best to make things better? 


But I think he knew he did something wrong. In the beginning I didn’t think about the SA but one day he asked me to tell a couple about the first SA experienced 10 years ago. He said I hope you are not in contact with this guy, he may do it again. He looked me in the eyes for a very long time. I think he knew I will go no contact back then. After telling this story everything came back, three weeks later I blocked him but yeah didn’t stay strong for long 
",[deleted]@0,1,/r/sexualassault/comments/1fwdfn7/is_it_normal_the_abuser_plays_everything_down/,Quick-Photograph-323,"Thank you for sharing your story and  I feel so sorry this happened to you too!  Are you still in contact with him? 

After reading your story it came to my mind, maybe they don’t want to admit they are capable of hurting someone in this way.",Yep. My abusers tried claiming it was a “joke that went a bit too far” or that I’m “bigoted”. Sad part is they won by using the latter in the Title IX hearing as well as telling others,1,Yes,No,No,Yes,Yes,No,No,Yes,No,Yes,No,No,Yes,Yes,No,No,Yes,No
of0lau,sexualassault,am i a victim?,"I recently broke up with my boyfriend of around a year because he started getting very pushy about sex. When we first started dating I was a virgin and he had experience so I would have sex with him basically whenever he initiated it because a part of me wanted to be perfect or something. Fast forward around 8-9 months I started to hate having sex with him. It always felt like sex was always about him and whenever he wanted to have it. I had told him before I didn’t always like it super rough or super fast and every time we had sex that’s how it was. I started denying him sex because I just didn’t want it nor enjoy it. He started complaining all the time that we never have sex and saying things like “i’m too cranky i need to nut soon.” One morning before I started denying him sex completely, I woke up and he was trying to put it in and i pretended to stay asleep to see if he would stop and he didn’t until i “woke” up and pushed him away. I’ve been telling a few of my friends about this and some of them are saying i’m a victim of sexual assault, and some are saying i’m not because we were still having sex occasionally around when it happened when I would just give in to his complaints. any thoughts?",,transboiblues@0,1,https://www.reddit.com/r/sexualassault/comments/of0lau/am_i_a_victim/,Automatic-Couple-791,I know some people enjoy being woken up in such a way like you said in a kink way. some people were telling me that he probably thought I would enjoy it so it isn’t sexual assault.,"Yeah....except in some very rare circumstances where someone has explicitly negotiated a non-con kink scene, it's absolutely never ok to try and have sex with a person who's asleep. Also, about half of all sexual violence is committed by an intimate partner, so being intimate with him around that time doesn't take away you being a victim.",1,No,No,No,Yes,No,No,No,Yes,No,No,No,No,Yes,No,No,No,Yes,No
ua2ytk,rape,i still love her,"my girlfriend sexually assaulted me and it bothers me but I don't think I'll ever be able to get over her.


we're both teenagers and I don't want to give out too much information because she uses reddit but I don't know which forms .

I don't even feel right saying she raped me-   I just don't like it knowing how much I love her and how perfect she is. she's the prettiest girl I've ever dated , she's so smart , she's sweet, sentimental and caring , she's just so likeable. I can't wait to marry her .



but this doesn't blow away that she assaulted me-  the worst part is she sees nothing wrong with it. she tried and succeeded to get me drunk and have sex with me.



the whole time it was like I was in and out consciousness . I  don't know why she thought it was okay in the first place , I couldn't even walk on my own . she said she wanted the experience of having sex while drunk the week prior and I said I would want to but I didn't know she would do it sober and the week after .


I knew what was happening and I wanted to stop 1 minute in
but I don't know why I didn't say no.



her taking advantage of me isn't this rare occurrence- every once and awhile she'll touch me while I'm sleeping . I told her not to do it anymore because it might wake me up and she still does it .


I feel like it's my fault for not saying that I just didn't wanna be touched in my sleep. she also purposely waits till I'm just about to fall asleep to get on top of me .
I told myself that it wasn't too unusual because she knew I was awake with my eyes closed
and she probably just thought it was funny .



but if I say stop she doesn't- I don't think it's horrible but it's disrespect to me .



I don't believe she didn't know it was wrong not even a little bit
she lives to make me feel uncomfortable- rather she's horny or not.

I wish she understood that my body doesn't always have the same reaction as my brain .


we have had a conversation about boundaries but she has still done things to prove she didn't understand mines.


I can't tell my friends about any of this because I don't want them hating her .
I feel like she's the only one I can talk to about it and she still doesn't listen .



she makes me sad , but happier

she's so perfect in my eyes.  I don't ever see us breaking up , but the both of us need help .

I don't know how I'm gonna make it work , keep her happy and keep myself sane .","ua2ytk rape i still love her nawimnotsad /r/rape/comments/ua2ytk/i_still_love_her/ my girlfriend sexually assaulted me and it bothers me but I don't think I'll ever be able to get over her.


we're both teenagers and I don't want to give out too much information because she uses reddit but I don't know which forms .

I don't even feel right saying she raped me-   I just don't like it knowing how much I love her and how perfect she is. she's the prettiest girl I've ever dated , she's so smart , she's sweet, sentimental and caring , she's just so likeable. I can't wait to marry her .



but this doesn't blow away that she assaulted me-  the worst part is she sees nothing wrong with it. she tried and succeeded to get me drunk and have sex with me.



the whole time it was like I was in and out consciousness . I  don't know why she thought it was okay in the first place , I couldn't even walk on my own . she said she wanted the experience of having sex while drunk the week prior and I said I would want to but I didn't know she would do it sober and the week after .


I knew what was happening and I wanted to stop 1 minute in
but I don't know why I didn't say no.



her taking advantage of me isn't this rare occurrence- every once and awhile she'll touch me while I'm sleeping . I told her not to do it anymore because it might wake me up and she still does it .


I feel like it's my fault for not saying that I just didn't wanna be touched in my sleep. she also purposely waits till I'm just about to fall asleep to get on top of me .
I told myself that it wasn't too unusual because she knew I was awake with my eyes closed
and she probably just thought it was funny .



but if I say stop she doesn't- I don't think it's horrible but it's disrespect to me .



I don't believe she didn't know it was wrong not even a little bit
she lives to make me feel uncomfortable- rather she's horny or not.

I wish she understood that my body doesn't always have the same reaction as my brain .


we have had a conversation about boundaries but she has still done things to prove she didn't understand mines.


I can't tell my friends about any of this because I don't want them hating her .
I feel like she's the only one I can talk to about it and she still doesn't listen .



she makes me sad , but happier

she's so perfect in my eyes.  I don't ever see us breaking up , but the both of us need help .

I don't know how I'm gonna make it work , keep her happy and keep myself sane .",unwishfulthinker23@2,3,/r/rape/comments/ua2ytk/i_still_love_her/,nawimnotsad,"there isn't much of any update yet

we're just chilling at my house and i have tried to let her know how uncomfortable i can be around her at times

but I haven't talked to her about it

thank you for listening . ill update once i talk to her",plz update we are here to listen,1,No,No,No,Yes,Yes,No,Yes,Yes,No,No,Yes,No,No,Yes,No,Yes,Yes,No
vjwc0o,sexualassault,TW: possible SA of a minor,"I need help recognising if a memory I have is sa. In 2009 I was 4/5 when I asked my mum's bf where pee comes from. I mustn't have been wearing any chlothes when he put his fingers in and pinched the rlly sensitive part. I was even more confused after that. My mum watched and she smiled at me so I giggled it off and that was that. But throughout primary school I was ashamed of it and nobody could know about it. I never brought it up to my mother, I'm 18 now. Today we had an argument over Elvis Presley (I know it's so dumb to argue over) being a pedo and what the definition of a pedo is. My mum was justifying the most disgusting things. I left the situation but a panic attack crept up on me and now I am talking to someone in a few days about it but I don't want to bring it up bc what if it's not even a big deal? What if it's not sa and I'm making a big deal out of something I shouldn't be. It doesn't help that the dudes dead and it would break my mum if she knows I consider it sa. Since then I've had other encounters in which I had escaped before they progress into something else but I feel the world is coming down on me and there's only so much I can hold onto before I break. I'm sorry for the rant.","vjwc0o sexualassault TW: possible SA of a minor Zealousideal-One-761 /r/sexualassault/comments/vjwc0o/tw_possible_sa_of_a_minor/ I need help recognising if a memory I have is sa. In 2009 I was 4/5 when I asked my mum's bf where pee comes from. I mustn't have been wearing any chlothes when he put his fingers in and pinched the rlly sensitive part. I was even more confused after that. My mum watched and she smiled at me so I giggled it off and that was that. But throughout primary school I was ashamed of it and nobody could know about it. I never brought it up to my mother, I'm 18 now. Today we had an argument over Elvis Presley (I know it's so dumb to argue over) being a pedo and what the definition of a pedo is. My mum was justifying the most disgusting things. I left the situation but a panic attack crept up on me and now I am talking to someone in a few days about it but I don't want to bring it up bc what if it's not even a big deal? What if it's not sa and I'm making a big deal out of something I shouldn't be. It doesn't help that the dudes dead and it would break my mum if she knows I consider it sa. Since then I've had other encounters in which I had escaped before they progress into something else but I feel the world is coming down on me and there's only so much I can hold onto before I break. I'm sorry for the rant.",[deleted]@0,1,/r/sexualassault/comments/vjwc0o/tw_possible_sa_of_a_minor/,Zealousideal-One-761,"Thank you so much, you don't understand how validated I feel right now. This gave me the confidence I need to seek help from a professional.","I am so sorry this happened to you. It is absolutely sexual assault, and you shouldn’t feel guilty for feeling that way, regardless of what your mum would say. He was a grown man touching a little girl’s private area. Even if he and your mum thought it was a “joke”, it absolutely isn’t, and it was a complete violation. People go to court and face prison charges for that sort of thing. He completely betrayed the trust your younger self had for him, and the fact that your mum watched with a smile is beyond messed up. No decent mother would watch a grown man touch their child and smile. You are meant to be able to trust your parental figures, feel safe around them. Your mother let you down that day, and her boyfriend knew what he was doing. He was a grown adult, he knew the difference between right and wrong. He made the choice to be a paedophilic creep.",1,No,No,No,Yes,Yes,No,No,Yes,No,No,No,No,Yes,Yes,No,No,Yes,No
lajq0d,sexualassault,"TRIGGER WARNING-----Please, reply. I think I might have been sexual assaulted or sexually harrased idk.","TRIGGER WARNING- so last year, it was my 6th period science class. I was with my "" friends"", and I was sitting by them. I was sitting with 4 of my friends named Peyton, Cheyenne, 2 other friends I forgot. My other close friend named Diego was getting teased. So Diego went on top of the table for some reason and then started be reckless. He started randomly putted his dick in my face almost rubbing on my face and started yelling at me for 5 minutes straight suck it. In those 5 minutes i was so scared, I felt so mad at him bc he was one of my bestie s at the time. He was putting it closer to my face and trying to force me to suck it.I couldn't get out of the situation bc the back of the chair was someone else. It was hard to get out of the situation bc i was surrounded by people, i think he knew that i couldn't get out of the situation, it was tight so I couldn't get up and stand out of my chair. He continued to do this sexual contact without my consent and started joking about it, then was asking me how big is his dick. The people around the situation was laughing and my friend Cheyenne was laughing so hard, I felt like I was going to cry bc I hated this I never gave him consent to do it. Everyone was so loud and my teacher was outside taking a call. Everyone in the class was yelling suck it suck it, while his dick was in my face. It was so loud and so traumatizing, it felt like this happened for hours long, I just wanted this to stop. Then the teacher went in the classroom and yelled at Diego to get off the table not realizing what he was doing to me. After this I pretended to everyone that i thought it was funny too. After that class I went to the bathroom and cried. It was so traumatizing to be in that locked position, and not able to do anything at all. I went to my math class. After this I cried for 4 hours straight in my bedroom once I got home. I told my friend about this and she wasn't sure if that was sexual assault or sexual harassment. I don't know if I was sexually assaulted or sexually harrased can u tell me if I was or not im confused. Please reply back.",,throwawayyy592111@0,1,https://www.reddit.com/r/sexualassault/comments/lajq0d/trigger_warningplease_reply_i_think_i_might_have/,Ok_Regret8408,thank you so much for replying I was super confused about the situation.,"This is 100% sexuual assault. This sounds incredibly traumatising, your feelings are completely valid. Your reaction is completely normal and understandable. I'm so sorry this happened to you. You did NOT deserve this. I really hope you can access therapy and work through this. I believe you. I also believe you are strong and can work through this in therapy, in the meantime. We are here for you. You aren't alone 🌸",1,No,No,No,Yes,Yes,No,No,No,No,No,No,No,No,Yes,No,No,Yes,No
1og2124,sexualassault,guy put his hand in my underwear  after i told him no.,"So this happened about 2 years ago but it still deeply bothers me til this day. We’ll call this guy “J”. So me and J were dating for about less than a month and we moved pretty quick. I look back it now and see he was only in it for lust. I liked him alot and wanted a genuine relationship with him but all he ever wanted from me was pictures (yk what) and to touch my body in a sexual way. But of course i didnt see that and let it be bc i really liked him and he only was sweet and loving when i did what he wanted.

This is prob tmi but i let him go in my pants and rub my yk but strictly over my underwear. I let him bc like i said he only was sweet after these type of things. Everytime i let him, he would do it and then right away leave me w out saying anything. Anyway, so i only let him do it twice and STRICTLY over my underwear bc i was not comfortable w him going in my underwear and actually touching my yk.

til one day we met up to hang out and he had asked me prior to this if he could yk go in my underwear and do it but i said no and i just made an excuse that i was on my period so i wasn’t comfortable w it (bc i didnt want him to be mad at me but i still told him no and i wasnt comfortable w it)

So we met up and we were sitting tg. After like 2 mins of sitting tg he put his hand in my pants and then into my underwear. During this i kinda just froze up bc keep in mind i JUST told him i wasnt ok w it. So i froze up and just sat there for a second and he was going super low and i was telling him to stop and that he was going rlly low and to js stop. He didnt stop. Eventually after i kept saying to stop and like yelling at him he stopped. Idk why i didnt just take his hand off me i was js like shocked yk i didnt know what to do. After he finally stopped he got up, didnt say anything and just left me there. Later on in the day i had soccer practice so i went home got ready and left to practice.

All i could feel was his hands on me and just replaying what happend in my head. I felt gross and nasty and sick to my stomach. It was so weird like i could feel his hands doing what he did. This still like haunts me to this day and i always think of it and i just feel gross.

Ive never opened up to anyone about this bc im not sure if it was sa. I let him put his hands over my pants n shi but i told him i didnt want him to go into my underwear and when he did w out permission , after i kept yelling at him to stop he wouldnt and when he did he just left me and now i js feel gross and sick thinking abt it.

i dont wanna sound dramatic either and i cant tell if it was sa. i dont wanna open up to ppl ik either in fear ill js get told im overreacting. pls help me is this sa?","1og2124 sexualassault guy put his hand in my underwear  after i told him no. Temporary-Pin-3805 /r/sexualassault/comments/1og2124/guy_put_his_hand_in_my_underwear_after_i_told_him/ So this happened about 2 years ago but it still deeply bothers me til this day. We’ll call this guy “J”. So me and J were dating for about less than a month and we moved pretty quick. I look back it now and see he was only in it for lust. I liked him alot and wanted a genuine relationship with him but all he ever wanted from me was pictures (yk what) and to touch my body in a sexual way. But of course i didnt see that and let it be bc i really liked him and he only was sweet and loving when i did what he wanted.

This is prob tmi but i let him go in my pants and rub my yk but strictly over my underwear. I let him bc like i said he only was sweet after these type of things. Everytime i let him, he would do it and then right away leave me w out saying anything. Anyway, so i only let him do it twice and STRICTLY over my underwear bc i was not comfortable w him going in my underwear and actually touching my yk.

til one day we met up to hang out and he had asked me prior to this if he could yk go in my underwear and do it but i said no and i just made an excuse that i was on my period so i wasn’t comfortable w it (bc i didnt want him to be mad at me but i still told him no and i wasnt comfortable w it)

So we met up and we were sitting tg. After like 2 mins of sitting tg he put his hand in my pants and then into my underwear. During this i kinda just froze up bc keep in mind i JUST told him i wasnt ok w it. So i froze up and just sat there for a second and he was going super low and i was telling him to stop and that he was going rlly low and to js stop. He didnt stop. Eventually after i kept saying to stop and like yelling at him he stopped. Idk why i didnt just take his hand off me i was js like shocked yk i didnt know what to do. After he finally stopped he got up, didnt say anything and just left me there. Later on in the day i had soccer practice so i went home got ready and left to practice.

All i could feel was his hands on me and just replaying what happend in my head. I felt gross and nasty and sick to my stomach. It was so weird like i could feel his hands doing what he did. This still like haunts me to this day and i always think of it and i just feel gross.

Ive never opened up to anyone about this bc im not sure if it was sa. I let him put his hands over my pants n shi but i told him i didnt want him to go into my underwear and when he did w out permission , after i kept yelling at him to stop he wouldnt and when he did he just left me and now i js feel gross and sick thinking abt it.

i dont wanna sound dramatic either and i cant tell if it was sa. i dont wanna open up to ppl ik either in fear ill js get told im overreacting. pls help me is this sa?",Spiritual_Bar339@0,1,/r/sexualassault/comments/1og2124/guy_put_his_hand_in_my_underwear_after_i_told_him/,Temporary-Pin-3805,he tried reaching out to me a month back but i never answered ,"Definitely SA. That's fucked up (so is all SA). I'm assuming you got him out of your life after that, but if for whatever reason you find yourself near him get away quickly.",2,No,No,No,No,No,No,No,Yes,No,No,No,No,No,No,No,No,Yes,No
1afn80p,rape,He put his penis in my anal area without asking during sex not sure how to process,"I was hesistant to post this because it makes the whole thing real…. I don’t think he was able to penetrate because I’m a anal virgin… but regardless please read my story 

Last night I had car sex with what was a one night stand but now fwb. 
We were having consensual vaginal sex and licking my anus. 
Then…. He put his finger in my ass, It took me by surprise but I didn’t mind it felt ok.
Then he started to place his penis on the entrance of my ass, no warning. I tried to gesture hm to stop, he repositioned my hands … he continued… I said no faintly … he continued… he didn’t penetrate (that’s what I’m telling myself anyways?) because I’m a anal virgin so wasn’t possible but I did feel pressure in that area, no pain but felt his penis … then he suddenly stopped I’m not sure if it was because of the look on my face or that he felt I was so tight and wouldn’t be possible. Maybe he suddenly came to his senses I don’t know 

For context I was slightly high so didn’t have my usual strength, he’s not the tallest or biggest guy but in that moment I felt helples. 

He continued to lick my Pusey and we continued vagina sex until he came. It wasn’t until he dropped me home and I came down from my high that I realised the full context of what had happened 

I can’t believe I’m asking this but pretending it didn’t happen will probably be worse for my mental health …. Was I sexually assaulted or raped? I keep telling myself it’s not really rape but more to protect myself from breaking down 

I sent him a text to confront him. He blocked me. No reply 

Please be gentle in the replies","1afn80p rape He put his penis in my anal area without asking during sex not sure how to process Kind-Beautiful6111 /r/rape/comments/1afn80p/he_put_his_penis_in_my_anal_area_without_asking/ I was hesistant to post this because it makes the whole thing real…. I don’t think he was able to penetrate because I’m a anal virgin… but regardless please read my story 

Last night I had car sex with what was a one night stand but now fwb. 
We were having consensual vaginal sex and licking my anus. 
Then…. He put his finger in my ass, It took me by surprise but I didn’t mind it felt ok.
Then he started to place his penis on the entrance of my ass, no warning. I tried to gesture hm to stop, he repositioned my hands … he continued… I said no faintly … he continued… he didn’t penetrate (that’s what I’m telling myself anyways?) because I’m a anal virgin so wasn’t possible but I did feel pressure in that area, no pain but felt his penis … then he suddenly stopped I’m not sure if it was because of the look on my face or that he felt I was so tight and wouldn’t be possible. Maybe he suddenly came to his senses I don’t know 

For context I was slightly high so didn’t have my usual strength, he’s not the tallest or biggest guy but in that moment I felt helples. 

He continued to lick my Pusey and we continued vagina sex until he came. It wasn’t until he dropped me home and I came down from my high that I realised the full context of what had happened 

I can’t believe I’m asking this but pretending it didn’t happen will probably be worse for my mental health …. Was I sexually assaulted or raped? I keep telling myself it’s not really rape but more to protect myself from breaking down 

I sent him a text to confront him. He blocked me. No reply 

Please be gentle in the replies",Saakkkaaaaiiiii@0,1,/r/rape/comments/1afn80p/he_put_his_penis_in_my_anal_area_without_asking/,Kind-Beautiful6111,Please elaborate . I think I’m going to throw up but I need elaboration to process all of this,It sounds like rape to me. I’m so sorry you had to experience this,4,Yes,No,No,No,No,No,Yes,No,No,No,No,No,No,No,No,Yes,No,No
1n3pk33,rape,I'm still stuck on everything that happened and it still affects my life,"I feel weird and disgusting 

English is not my first language, so sorry if there are any mistakes. Also, the text is quite long, so please forgive me in advance.

I don't know if this is considered rape per se, but I think it constitutes some level of abuse. My memories of it are very confusing; I know it happened, but there are memory lapses spanning years.

My family always gathers at my great-grandmother's house every Sunday. At the time, my aunt who lives with her was married to a man. He was always kind of strange, barely interacted with anyone, and usually stayed inside their bedroom. I can't remember exactly how it started, I just know he had a video game and invited me to play once. I was a child and, at the time, had never seen anything like it before, so I went. He started asking me to let him touch me. I was a child; I don't think I understood what that really meant. Then it got worse. He would ask me to lie down and he would start to suck on me, then he would ask me to suck him and touch him, among other things I'm not sure are worth mentioning. I clearly remember thinking after leaving my great-grandmother's house: ""When I get home, I need to brush my teeth.""

He never actually raped me (I don't know if that would be the correct way to say it), but it hurts. His touches hurt. It lasted a long time. He would take me to his room (sometimes I even went on my own, I don't know what was going through my head) and do what he wanted, and I hated going to my great-grandmother's house because of him. No one ever suspected (or if they did, they did nothing); I think they thought we were just ""playing.""

After a while, it became less frequent because I had started to understand it was wrong, so I avoided being alone with him.

It ended when I was about 10 (I'm 22 now) because he divorced my aunt. The last time I remember him touching me was when he hugged me from behind and squeezed my breast. I hate being trapped by this. I hate that he changed something in me, and that there's something strange in me because of him.

I know he has (or had, I haven't seen him in years) pictures of me because I remember him taking photos of my private parts. I'm afraid he still has them, afraid he might do something with them, that he's shown them to someone else. I don't know, so many things he could have done or not done with those damn pictures. I feel guilty that this happened. I know it's not my fault, that I was just a child, but there's a weight on me that says it is.

I don't know if it's true, but I suspect he did the same thing to his daughter. Maybe not, but there was an incident where she pointed a knife at him. Everyone thought she was crazy, but I knew what he was capable of. I knew and I said nothing. Talking about this is very painful for me, and it was only this year that I had the courage to tell someone, some friends of mine, but I don't think they understood me very well and downplayed it. I don't know.

I'm afraid I'm reliving this because I want to ""get attention."" I've always dealt with this, but in the last few months, it has been affecting me a lot because I keep remembering everything. This happens from time to time, when something related to abuse or something similar occurs in my life, like when a teacher three times my age asked me out alone. I felt bad at the time and I went back to the same trauma again, but that's another story.

My great-grandmother still lives in the same house where it all happened, so we still go there. Every time I pass by that room, I feel something bad. I remember the smell, the feeling of disgust. I just wish I could erase it.

Because of him, I think I learned about many things I shouldn't have known so early. My parents were always very liberal, never checked my phone, never worried about seeing if something was wrong with me, so I started consuming pornography very early. I would look at those things and remember myself, and a horrible feeling that I wanted it to happen again started to enter my head. I don't want to. But there's a strange desire in me that only feels pleasure if there's something at least somewhat forced involved. Is that normal? I masturbate thinking about him, thinking about everything that happened. I feel disgusting. I was just a child. Why?

Nowadays I feel somewhat apathetic. When I told one of my friends, he thought I was crazy because I was telling him while laughing. I didn't even realize I was laughing. I just can't cry in front of others when this is the topic. I only cry alone, in the middle of the night. Just because I feel dead about it doesn't mean it hurts less. Does that make sense?

I feel the consequences of this to this day. In my addiction to pornography and masturbation, in the way everyone in my family talks about him as if he's no big deal, in the scenarios I create in my head, in the stories I write where I torture my characters in a sick way. It seems like everything splatters back onto him and nothing is truly good.

My abuser is doing well today. And that scares me. I'm afraid he'll do it to other people (which he probably does), but I don't have the courage to actually report him. Will this haunt me forever?

Sometimes I want to invalidate my abuse, saying it wasn't that bad, that he didn't even really rape me, that other people suffer worse and don't keep going back to it, that they move on. Crazy, right? I was the victim and I feel guilty for not being able to move on, while he can.

Maybe this was confusing; it's just that my memories of it are too.

Thank you for reading this far. I needed to vent a little.","1n3pk33 rape I'm still stuck on everything that happened and it still affects my life Luvie__04 /r/rape/comments/1n3pk33/im_still_stuck_on_everything_that_happened_and_it/ I feel weird and disgusting 

English is not my first language, so sorry if there are any mistakes. Also, the text is quite long, so please forgive me in advance.

I don't know if this is considered rape per se, but I think it constitutes some level of abuse. My memories of it are very confusing; I know it happened, but there are memory lapses spanning years.

My family always gathers at my great-grandmother's house every Sunday. At the time, my aunt who lives with her was married to a man. He was always kind of strange, barely interacted with anyone, and usually stayed inside their bedroom. I can't remember exactly how it started, I just know he had a video game and invited me to play once. I was a child and, at the time, had never seen anything like it before, so I went. He started asking me to let him touch me. I was a child; I don't think I understood what that really meant. Then it got worse. He would ask me to lie down and he would start to suck on me, then he would ask me to suck him and touch him, among other things I'm not sure are worth mentioning. I clearly remember thinking after leaving my great-grandmother's house: ""When I get home, I need to brush my teeth.""

He never actually raped me (I don't know if that would be the correct way to say it), but it hurts. His touches hurt. It lasted a long time. He would take me to his room (sometimes I even went on my own, I don't know what was going through my head) and do what he wanted, and I hated going to my great-grandmother's house because of him. No one ever suspected (or if they did, they did nothing); I think they thought we were just ""playing.""

After a while, it became less frequent because I had started to understand it was wrong, so I avoided being alone with him.

It ended when I was about 10 (I'm 22 now) because he divorced my aunt. The last time I remember him touching me was when he hugged me from behind and squeezed my breast. I hate being trapped by this. I hate that he changed something in me, and that there's something strange in me because of him.

I know he has (or had, I haven't seen him in years) pictures of me because I remember him taking photos of my private parts. I'm afraid he still has them, afraid he might do something with them, that he's shown them to someone else. I don't know, so many things he could have done or not done with those damn pictures. I feel guilty that this happened. I know it's not my fault, that I was just a child, but there's a weight on me that says it is.

I don't know if it's true, but I suspect he did the same thing to his daughter. Maybe not, but there was an incident where she pointed a knife at him. Everyone thought she was crazy, but I knew what he was capable of. I knew and I said nothing. Talking about this is very painful for me, and it was only this year that I had the courage to tell someone, some friends of mine, but I don't think they understood me very well and downplayed it. I don't know.

I'm afraid I'm reliving this because I want to ""get attention."" I've always dealt with this, but in the last few months, it has been affecting me a lot because I keep remembering everything. This happens from time to time, when something related to abuse or something similar occurs in my life, like when a teacher three times my age asked me out alone. I felt bad at the time and I went back to the same trauma again, but that's another story.

My great-grandmother still lives in the same house where it all happened, so we still go there. Every time I pass by that room, I feel something bad. I remember the smell, the feeling of disgust. I just wish I could erase it.

Because of him, I think I learned about many things I shouldn't have known so early. My parents were always very liberal, never checked my phone, never worried about seeing if something was wrong with me, so I started consuming pornography very early. I would look at those things and remember myself, and a horrible feeling that I wanted it to happen again started to enter my head. I don't want to. But there's a strange desire in me that only feels pleasure if there's something at least somewhat forced involved. Is that normal? I masturbate thinking about him, thinking about everything that happened. I feel disgusting. I was just a child. Why?

Nowadays I feel somewhat apathetic. When I told one of my friends, he thought I was crazy because I was telling him while laughing. I didn't even realize I was laughing. I just can't cry in front of others when this is the topic. I only cry alone, in the middle of the night. Just because I feel dead about it doesn't mean it hurts less. Does that make sense?

I feel the consequences of this to this day. In my addiction to pornography and masturbation, in the way everyone in my family talks about him as if he's no big deal, in the scenarios I create in my head, in the stories I write where I torture my characters in a sick way. It seems like everything splatters back onto him and nothing is truly good.

My abuser is doing well today. And that scares me. I'm afraid he'll do it to other people (which he probably does), but I don't have the courage to actually report him. Will this haunt me forever?

Sometimes I want to invalidate my abuse, saying it wasn't that bad, that he didn't even really rape me, that other people suffer worse and don't keep going back to it, that they move on. Crazy, right? I was the victim and I feel guilty for not being able to move on, while he can.

Maybe this was confusing; it's just that my memories of it are too.

Thank you for reading this far. I needed to vent a little.",MaxQ1080p@0,1,/r/rape/comments/1n3pk33/im_still_stuck_on_everything_that_happened_and_it/,Luvie__04,"Thank you so much for your kind words and for taking the time to help me. Many people have been rude here and sent me horrible messages, so it's nice to be truly heard.

I'll try to do what you recommended and seek help. I think I'm just putting off something I should have done already. I think it's my way of punishing myself for having these thoughts.

I don't know if I can be strong enough to report it or talk to anyone in my family about it; it's been so long, and in my mind, they'll think I'm making it up for taking so long to tell them. Anyway, thank you so much again, and I hope you're well and healthy. Thank you for sharing your experience with me too.","I’m sorry this happened to you. The feelings and fantasies you are having are very common for sexual abuse victims. 

I experienced very similar things after I was violently raped. I thought I was going insane.  Like, why would I have such a strong desire to have it happen again??? I was not as young as you were. I was in my early 20s and still I had the same feelings. It got to the point I was actually putting myself in very dangerous situations with men I knew wouldn’t respect me or my boundaries.  

After a few years of this, I couldn’t live like that anymore and found a wonderful psychologist who specialized in helping sexual assault and abuse victims get themselves to a healthier and happier place. I don’t know your situation, but if it’s possible, I highly recommend talk therapy with a psychologist. They are there to help. And, you make the most progress when you find one you are comfortable enough to talk about your most delicate thoughts, feelings and reactions.  For me, my most shameful thing was that during this most violent assault, I orgasmed. That broke my brain. Like, how could I have such an intense orgasm during the worst thing that ever happened to me. My psychologist told me it’s normal and it was my body involuntarily reacting to stimuli, like a sneeze. Knowing that, helped me so much. 

There is a best selling book called, “The Body Keeps the Score” which helps you understand why your body seems to crave the trauma and offers proven methods to rewire your brain - the same methods top athletes use to improve their performance.  It’s on Amazon for about $11 USD.

A few things you need to know - 
- none of it was your fault, even the times you feel you initiated it. Children are very easily manipulated.
- It’s unfair to that little girl who went through all that to judge her with your adult brain. Her brain wasn’t developed enough to comprehend what was happening nor to have a defense. This is why there are laws protecting children.  Again, children are very easily manipulated.
- It’s not your job to keep his secret. Keeping this all to yourself (not telling anyone in your family or close circle) is causing you great mental anguish. If you need help talking with your family about this, a close friend actually had her psychologist invite them to her office and helped my friend tell her parents what happened in a safe place where her psychologist could help her parents with their reaction.  It worked out very well for her.
- What happened to you doesn’t define you or your future. 

I wish you strength and happiness. ❤️",1,No,No,No,Yes,Yes,No,Yes,Yes,No,No,No,No,Yes,Yes,No,Yes,Yes,No
slbxo8,TwoXChromosomes,I went in to get an ultrasound and I left with an IUD without my explicit consent,"Long story short, I went to the gynecologic with the intention of getting myself checked out and asking about birth control. I left with an IUD in tears.

Long story:

At the start of the visit (that was about 20 minutes) the doctor told me that the pills I wanted wouldn't be a great fit because of my weight. I said okay, in my mind thinking that then I wouldn't get anything. I had never been on hormones and I was a little scared of the possible mood swings and such. This was also my second ever trip to the gynecologist and I was really nervous.

She asked me if I had considered a contraceptive implant or an IUD, but I said that I was scared of them both because I wouldn't be able to get them out myself.

She just said that I should think it over and that she'd be able to put the IUD in right now. I said that I was scared of the pain, so if it would hurt a lot to put it in, then I don't want it. I said that I had read horror stories about it. She didn't really say anything to that, and we started the examination.

In the end, there was nothing wrong, and then I'm not completely sure what happened next because of the shock and the pain. Suddenly she's opening the box and inserting the IUD and I kind of blacked out, I know I was screaming and it was absolute hell. The worst pain of my life. I didn't even take a painkiller before because I didn't know it was going to happen.

The nurse that was by my head (I guess there to keep me calm) was also kind of chuckling and commenting that my eyes were really wide and telling me to breathe. I guess trauma is funny. They did keep asking me if I was okay, but I was in shock and just said yes, I guess.

So the doctor didn't really explain anything about the IUD (I know how it works since I've researched it but she didn't know that) and didn't really get my consent to put it in either. I didn't explicitly say no, but I think she should have made sure? She also kept asking me if I felt like she was pressuring me, and I think that it was sign that she felt like she WAS pressuring me.

So if we had paused at any point, I would have said no to the IUD, because I did not want one before the visit. But it was over kind of fast.

I left the office kind of in a haze, and then I broke down in tears at the bus stop. And now I'm traumatized and I don't want to go in again for my checkup in the summer. I'm thinking of filing a complaint.

Am I overreacting?

EDIT: Thank you all so much for the support and helping me to understand that this was much more serious than I first thought. It is much appreciated.

I have filed the complaint. I'll see how they respond and then I'll see if I'll take it further. I don't want to start a whole process, but I want the doctor to know she messed up.

Also, I checked the time of my bus ticket and the whole thing actually lasted closer to 30 minutes, which makes sense since there was the ultrasound as well. I guess that's a trauma response as well.

EDIT2: I did not sign anything. I don't know if you're supposed to do that here or not (I'm not in the US).

You can read in my story where I'm a little hazy because of the shock, but I am sure of that. I also never said yes to the IUD, I think she just assumed it was okay since I didn't say no either. She inserted it right after the the ultrasound. 

And it was not planned beforehand. Of that I'm sure we well, as I was just going to ask about birth control pills.

EDIT A MONTH LATER: I got an email from the senior physician of the department. It basically said ""Sorry you felt like you were pressured. The doctor says you said yes to getting the IUD. There's nothing we can do about the pain anyway, bye."" So it's basically my word against hers and I also had a problem with ""You FELT like"" so I responded, kindly. Just waiting on a response.","slbxo8 TwoXChromosomes I went in to get an ultrasound and I left with an IUD without my explicit consent Larayah /r/TwoXChromosomes/comments/slbxo8/i_went_in_to_get_an_ultrasound_and_i_left_with_an/ Long story short, I went to the gynecologic with the intention of getting myself checked out and asking about birth control. I left with an IUD in tears.

Long story:

At the start of the visit (that was about 20 minutes) the doctor told me that the pills I wanted wouldn't be a great fit because of my weight. I said okay, in my mind thinking that then I wouldn't get anything. I had never been on hormones and I was a little scared of the possible mood swings and such. This was also my second ever trip to the gynecologist and I was really nervous.

She asked me if I had considered a contraceptive implant or an IUD, but I said that I was scared of them both because I wouldn't be able to get them out myself.

She just said that I should think it over and that she'd be able to put the IUD in right now. I said that I was scared of the pain, so if it would hurt a lot to put it in, then I don't want it. I said that I had read horror stories about it. She didn't really say anything to that, and we started the examination.

In the end, there was nothing wrong, and then I'm not completely sure what happened next because of the shock and the pain. Suddenly she's opening the box and inserting the IUD and I kind of blacked out, I know I was screaming and it was absolute hell. The worst pain of my life. I didn't even take a painkiller before because I didn't know it was going to happen.

The nurse that was by my head (I guess there to keep me calm) was also kind of chuckling and commenting that my eyes were really wide and telling me to breathe. I guess trauma is funny. They did keep asking me if I was okay, but I was in shock and just said yes, I guess.

So the doctor didn't really explain anything about the IUD (I know how it works since I've researched it but she didn't know that) and didn't really get my consent to put it in either. I didn't explicitly say no, but I think she should have made sure? She also kept asking me if I felt like she was pressuring me, and I think that it was sign that she felt like she WAS pressuring me.

So if we had paused at any point, I would have said no to the IUD, because I did not want one before the visit. But it was over kind of fast.

I left the office kind of in a haze, and then I broke down in tears at the bus stop. And now I'm traumatized and I don't want to go in again for my checkup in the summer. I'm thinking of filing a complaint.

Am I overreacting?

EDIT: Thank you all so much for the support and helping me to understand that this was much more serious than I first thought. It is much appreciated.

I have filed the complaint. I'll see how they respond and then I'll see if I'll take it further. I don't want to start a whole process, but I want the doctor to know she messed up.

Also, I checked the time of my bus ticket and the whole thing actually lasted closer to 30 minutes, which makes sense since there was the ultrasound as well. I guess that's a trauma response as well.

EDIT2: I did not sign anything. I don't know if you're supposed to do that here or not (I'm not in the US).

You can read in my story where I'm a little hazy because of the shock, but I am sure of that. I also never said yes to the IUD, I think she just assumed it was okay since I didn't say no either. She inserted it right after the the ultrasound. 

And it was not planned beforehand. Of that I'm sure we well, as I was just going to ask about birth control pills.

EDIT A MONTH LATER: I got an email from the senior physician of the department. It basically said ""Sorry you felt like you were pressured. The doctor says you said yes to getting the IUD. There's nothing we can do about the pain anyway, bye."" So it's basically my word against hers and I also had a problem with ""You FELT like"" so I responded, kindly. Just waiting on a response.",Trixtabella@0,1,/r/TwoXChromosomes/comments/slbxo8/i_went_in_to_get_an_ultrasound_and_i_left_with_an/,Larayah,"I'm okay, thank you for the concern. And the IUD has been fine so far, so I hope the pain wasn't for naught. I have filed the complaint, I'm waiting to see how they respond.","I'm pretty sure when I had mine in I had to sign some documents explaining I knew what was happening and that I was aware of side effects. This is just horrific, please do lodge a complaint. I hope you're OK OP.",2,No,Yes,No,Yes,Yes,No,No,Yes,No,No,Yes,No,Yes,Yes,No,No,Yes,No
mjpt96,Molested,Was I sexually assaulted?,"if I wasn't and I'm reading too much into this or if this the wrong sub, then I'm genuinely sorry. I just really need to get this off my chest, and I'm not comfy discussing this with anyone I know, I try to keep this stuff to myself.

&amp;#x200B;

A little while ago, my family was on a vacation at a lake I'm very fond of and have a lot of memories at. This particular trip was with a bunch of other families we didn't know but 2 of them, safe to say we didn't know much of the people there. There was a girl younger than me, who really seemed fixated on me for some reason. I was playing ping pong with a friend of mine and suddenly she came up and grabbed my rear really hard. She looked at me then gave me a confused look and walked away. i looked at my buddy with some sort of shocked expression and kept playing. This experience follows me. It fades in randomly all the time doing the most mundane of thing, and every time I feel so powerless, disgusted, and exploited. It's something so minor right? why can't I get over it? why can't this unpleasant memory be repressed? I don't understand, i just dont understand.","mjpt96 Molested Was I sexually assaulted? Simple2112 /r/Molested/comments/mjpt96/was_i_sexually_assaulted/ if I wasn't and I'm reading too much into this or if this the wrong sub, then I'm genuinely sorry. I just really need to get this off my chest, and I'm not comfy discussing this with anyone I know, I try to keep this stuff to myself.

&amp;#x200B;

A little while ago, my family was on a vacation at a lake I'm very fond of and have a lot of memories at. This particular trip was with a bunch of other families we didn't know but 2 of them, safe to say we didn't know much of the people there. There was a girl younger than me, who really seemed fixated on me for some reason. I was playing ping pong with a friend of mine and suddenly she came up and grabbed my rear really hard. She looked at me then gave me a confused look and walked away. i looked at my buddy with some sort of shocked expression and kept playing. This experience follows me. It fades in randomly all the time doing the most mundane of thing, and every time I feel so powerless, disgusted, and exploited. It's something so minor right? why can't I get over it? why can't this unpleasant memory be repressed? I don't understand, i just dont understand.",brokengirl89@0,1,/r/Molested/comments/mjpt96/was_i_sexually_assaulted/,Simple2112,"Thank you for the very kind words, they helped more than you could imagine.

Thank you.","Sexual assault is when a person sexually touches another person without their consent. I’m sorry this happened to you, and any feelings you have surrounding the event are valid. Repressing unpleasant memories just pushes them into the subconscious; it doesn’t work through and resolve them. They will just come back up another time. I’m unsure what age this girl was, but it’s possible by your description that she has been sexually assaulted in the past (or even the present) and was acting out on that. Her confused look makes me question whether this may have been the case. At any rate, your feelings are valid and if they continue to bother you I’d reach out to a therapist or support service of some kind. x",2,No,No,No,No,Yes,No,No,No,No,No,No,No,No,Yes,No,No,No,No
1k325cf,rape,Was it some sort of sexual abuse?,"I had a few coworkers come to my house one night to hang out. We were all drinking and I had made it very clear to one of them at the beginning of the night that I would not be engaging in any sexual activity with him. I ended up blacking out and he had sex with me. Here’s the thing.. I vaguely remember yelling to my roommate in her room that I was having sex and I didn’t care. I don’t remember anything else from the entire night. The next morning I felt very confused and dirty. The guy never spoke to me again. Very odd situation, but I was curious on others take on this. Was it considered SA since my inhibitions were lower at the time? Please no negative comments. I’m really just trying to make sense of it. ","1k325cf rape Was it some sort of sexual abuse? Ayokayyy_8989 /r/rape/comments/1k325cf/was_it_some_sort_of_sexual_abuse/ I had a few coworkers come to my house one night to hang out. We were all drinking and I had made it very clear to one of them at the beginning of the night that I would not be engaging in any sexual activity with him. I ended up blacking out and he had sex with me. Here’s the thing.. I vaguely remember yelling to my roommate in her room that I was having sex and I didn’t care. I don’t remember anything else from the entire night. The next morning I felt very confused and dirty. The guy never spoke to me again. Very odd situation, but I was curious on others take on this. Was it considered SA since my inhibitions were lower at the time? Please no negative comments. I’m really just trying to make sense of it. ",Ishamatzu@0,1,/r/rape/comments/1k325cf/was_it_some_sort_of_sexual_abuse/,Ayokayyy_8989,"I did feel taken advantage of. I went and had myself tested after and fortunately was clean of stds/stis. I just didn’t know if that comment I had made justified his actions. I wouldn’t think so since I had made myself very clear at that beginning of the night that nothing would happen between us. Aside from that and the comment made during, I have zero recollection of the night.","You were intoxicated to the point of blacking out and could not give consent. He took advantage of you, it sounds like. It's rape.",2,No,No,No,Yes,No,No,No,Yes,No,No,No,No,Yes,No,No,No,Yes,No
1k5gkjz,rape,Was this sexual assault?,"I’m having trouble processing what happened last weekend… I really wanna take accountability for my role in this so I’m going to include every detail I can remember. I apologize for the length. I was at my boyfriend’s apartment with him and some of our friends, and my friends and I had been drinking for a few hours by this point. I was very very drunk which I obviously now regret. My boyfriend is roommates with our mutual friend, who was out of town, and his younger brother (20M), we’ll call him Jim, had a bunch of his friends over visiting. My friends and I were in my bf’s room when somebody spilled a drink, so I went to go get paper towels. On my way back to my boyfriend’s room, Jim called me into his brother’s room and kind of asked me for a hug. I gave him a hug as I’m also friends with him and we’ve hung out in a group several times before. He then picked me up and put me down and I just laughed because it was so odd and I was like wow we are both very drunk. Then he asked if he could talk to me, and it seemed important so I said yes.

I can’t remember all of the details, but he was talking about girls and maybe some girl trouble? And then he started complimenting me. And he said that he felt a connection with me and like he could talk to me but he didn’t feel that way with others. He asked me if I felt that too and I gave a halfway response like “yeah, yeah I feel like I can talk to you” or something to that effect, but I was uncomfortable. And then he started talking about how pretty he thought I was. And I just sort of awkwardly thanked him. And then he started talking about how he wished he could kiss me, and I immediately said how that would be an absolutely horrible idea because I love my boyfriend, who was in the other room, and my friendship with his brother was very important to me. And then he kept pushing, and I just kept giving variations of the same answer. At some point he goes wait, I should probably… and then he gets up and closes the door. I’m not sure if he locked it. And he comes back and he keeps asking to kiss me, and as he says this he is blocking my passage to the door. In my drunken state, I was still very concerned about getting back to clean up the spill. So I was eager to leave, even on top of all of the uncomfortability. He implied that if I kissed him I could leave. And I again explained why I didn’t want to do that. Then he said something to the effect of “well if I kiss you, it won’t be your fault” and started kissing me.

This is where I don’t have any more memory for a bit, until I heard a noise outside of the room and realized I didn’t have clothes on, and I freaked out and told him to stop and got up and started getting dressed. He kept telling me we couldn’t stop he wasn’t done, and he wanted to at least get a blowjob or something, and I was… disgusted. He also asked to eat me out, probably because I was dry because well… yeah. I don’t remember much about the next few hours, but I know he left immediately and he snapped me a few times. I cannot remember what I said. Around midnight, he called me several times which my boyfriend found odd and then came back over. I was asleep on the couch with my boyfriend, but then Jim came and sat on the couch and stared at me for a good 5 minutes, and rubbed my head for a second, and obviously this weirded my bf out. Then Jim went upstairs, and asked me to go upstairs as well (over text), which I didn’t see, but I did go upstairs to use the bathroom, and my boyfriend didn’t even feel comfortable letting me go to the bathroom while this guy was there, even though he didn’t know what had happened yet. Eventually, the guy left.

My drunkenness started to wear off at some point during the early morning, and I was starting to realize what had happened, but I wasn’t exactly sure. Eventually, Jim came over in the morning to clean his brother’s sheets because of what had happened. I hadn’t really processed everything that was going on, and he is a few years younger than me, so I felt very, very guilty about what had happened and I apologized to him for being so drunk, as I have more of a responsibility to control my alcohol intake. He seemed pretty regretful of what had happened at first, and I told him that I didn’t remember exactly the extent of what we had done, but I did remember frantically putting my clothes back on, etc. It was pretty awkward for a bit, and he explained to me that we did have sex. His story lined up pretty similarly with mine, save for a few details, and when he talked about how he was asking to kiss me, he said “Now this is where I feel bad because I feel like I pushed it a little bit, I’m sorry”, and he continued telling me what happened.

Throughout the conversation, he made several jokes like “It finally happened” and “we should do it again” and was talking about how he had seen me naked. He also started talking about how good it was and told me it was the best he had had because I “made noises” which made me feel absolutely disgusting obviously. He asked me if I thought it was good, and I told him I didn’t remember it. He told me that it was good for me because I apparently “came” and he had to “keep me quiet”. I have NEVER in my ENTIRE life came from penetrative sex alone. He also said that when he had come back over that night, it was because he wanted to do more. 

He asked me if I planned to tell anyone. I felt absolutely horrible and I told him that I had to tell my boyfriend. He didn’t like the idea of that, and I felt bad because he was younger than me and he visits his brother (who lives with my bf) all the time and I didn’t want to ruin that. I told him I would try to think of a way to tell him that wouldn’t damage his relationship with his brother. I couldn’t understand why I would have possibly done this, because I had never, EVER once in my life been attracted to him, and I feel so disgusted with myself. He really emphasized that I don’t tell anyone, and he said he wouldn’t tell anyone either, even his brother. I told him if he needed to talk to someone about what had happened, he could tell his brother, but I would want to know first. He said he wouldn’t tell anyone ever. Fast forward to the next morning, and I get a text from my friend, who is the older brother of Jim, in a groupchat with his gf and a mutual friend of ours saying that they knew what I had done, that they had already heard Jim’s story, and even though I had “asked him to keep it on the DL”, I needed to tell my boyfriend.

I had always planned to tell my boyfriend, so I don’t know what he told them. And I also thought it was odd that he begged me not to tell anyone and then told all of our mutual friends. I talked to my friend (Jim’s brother) about it and he said he’s not sure who to believe because our stories are different and his brother was telling everyone I initiated it. But he said he wasn’t mad at me and he wasn’t there so he couldn’t say for sure “who was lying”. But now he’s gone and removed me from every social media platform and blocked me, among other things.

Luckily, my bf believes me about what happened, but I still feel very, very guilty about my role in this. Obviously, I wish I hadn’t been as drunk, because then none of this probably would’ve happened. But I’m worried that somewhere during that time, I gave the impression that I wanted what was happening or I had consented in some way. I NEVER would’ve thought this person would do something like this… I guess that’s why my brain missed all of the warning signals. I feel so stupid for allowing it to go that far and I want to know if what I’m feeling is just deep regret or if I was adamant enough in saying no. I don’t understand why I didn’t immediately tell someone what had happened or why I even spoke to him the next day. And Jim, according to our mutual friends, is “devastated” and everyone is really worried about him. I feel absolutely insane and I just want to know if I’m a bad person or if this was what I think it was… or some combination of the two. If you made it this far… thank you for your help  :(","1k5gkjz rape Was this sexual assault? Super_Perception_613 /r/rape/comments/1k5gkjz/was_this_sexual_assault/ I’m having trouble processing what happened last weekend… I really wanna take accountability for my role in this so I’m going to include every detail I can remember. I apologize for the length. I was at my boyfriend’s apartment with him and some of our friends, and my friends and I had been drinking for a few hours by this point. I was very very drunk which I obviously now regret. My boyfriend is roommates with our mutual friend, who was out of town, and his younger brother (20M), we’ll call him Jim, had a bunch of his friends over visiting. My friends and I were in my bf’s room when somebody spilled a drink, so I went to go get paper towels. On my way back to my boyfriend’s room, Jim called me into his brother’s room and kind of asked me for a hug. I gave him a hug as I’m also friends with him and we’ve hung out in a group several times before. He then picked me up and put me down and I just laughed because it was so odd and I was like wow we are both very drunk. Then he asked if he could talk to me, and it seemed important so I said yes.

I can’t remember all of the details, but he was talking about girls and maybe some girl trouble? And then he started complimenting me. And he said that he felt a connection with me and like he could talk to me but he didn’t feel that way with others. He asked me if I felt that too and I gave a halfway response like “yeah, yeah I feel like I can talk to you” or something to that effect, but I was uncomfortable. And then he started talking about how pretty he thought I was. And I just sort of awkwardly thanked him. And then he started talking about how he wished he could kiss me, and I immediately said how that would be an absolutely horrible idea because I love my boyfriend, who was in the other room, and my friendship with his brother was very important to me. And then he kept pushing, and I just kept giving variations of the same answer. At some point he goes wait, I should probably… and then he gets up and closes the door. I’m not sure if he locked it. And he comes back and he keeps asking to kiss me, and as he says this he is blocking my passage to the door. In my drunken state, I was still very concerned about getting back to clean up the spill. So I was eager to leave, even on top of all of the uncomfortability. He implied that if I kissed him I could leave. And I again explained why I didn’t want to do that. Then he said something to the effect of “well if I kiss you, it won’t be your fault” and started kissing me.

This is where I don’t have any more memory for a bit, until I heard a noise outside of the room and realized I didn’t have clothes on, and I freaked out and told him to stop and got up and started getting dressed. He kept telling me we couldn’t stop he wasn’t done, and he wanted to at least get a blowjob or something, and I was… disgusted. He also asked to eat me out, probably because I was dry because well… yeah. I don’t remember much about the next few hours, but I know he left immediately and he snapped me a few times. I cannot remember what I said. Around midnight, he called me several times which my boyfriend found odd and then came back over. I was asleep on the couch with my boyfriend, but then Jim came and sat on the couch and stared at me for a good 5 minutes, and rubbed my head for a second, and obviously this weirded my bf out. Then Jim went upstairs, and asked me to go upstairs as well (over text), which I didn’t see, but I did go upstairs to use the bathroom, and my boyfriend didn’t even feel comfortable letting me go to the bathroom while this guy was there, even though he didn’t know what had happened yet. Eventually, the guy left.

My drunkenness started to wear off at some point during the early morning, and I was starting to realize what had happened, but I wasn’t exactly sure. Eventually, Jim came over in the morning to clean his brother’s sheets because of what had happened. I hadn’t really processed everything that was going on, and he is a few years younger than me, so I felt very, very guilty about what had happened and I apologized to him for being so drunk, as I have more of a responsibility to control my alcohol intake. He seemed pretty regretful of what had happened at first, and I told him that I didn’t remember exactly the extent of what we had done, but I did remember frantically putting my clothes back on, etc. It was pretty awkward for a bit, and he explained to me that we did have sex. His story lined up pretty similarly with mine, save for a few details, and when he talked about how he was asking to kiss me, he said “Now this is where I feel bad because I feel like I pushed it a little bit, I’m sorry”, and he continued telling me what happened.

Throughout the conversation, he made several jokes like “It finally happened” and “we should do it again” and was talking about how he had seen me naked. He also started talking about how good it was and told me it was the best he had had because I “made noises” which made me feel absolutely disgusting obviously. He asked me if I thought it was good, and I told him I didn’t remember it. He told me that it was good for me because I apparently “came” and he had to “keep me quiet”. I have NEVER in my ENTIRE life came from penetrative sex alone. He also said that when he had come back over that night, it was because he wanted to do more. 

He asked me if I planned to tell anyone. I felt absolutely horrible and I told him that I had to tell my boyfriend. He didn’t like the idea of that, and I felt bad because he was younger than me and he visits his brother (who lives with my bf) all the time and I didn’t want to ruin that. I told him I would try to think of a way to tell him that wouldn’t damage his relationship with his brother. I couldn’t understand why I would have possibly done this, because I had never, EVER once in my life been attracted to him, and I feel so disgusted with myself. He really emphasized that I don’t tell anyone, and he said he wouldn’t tell anyone either, even his brother. I told him if he needed to talk to someone about what had happened, he could tell his brother, but I would want to know first. He said he wouldn’t tell anyone ever. Fast forward to the next morning, and I get a text from my friend, who is the older brother of Jim, in a groupchat with his gf and a mutual friend of ours saying that they knew what I had done, that they had already heard Jim’s story, and even though I had “asked him to keep it on the DL”, I needed to tell my boyfriend.

I had always planned to tell my boyfriend, so I don’t know what he told them. And I also thought it was odd that he begged me not to tell anyone and then told all of our mutual friends. I talked to my friend (Jim’s brother) about it and he said he’s not sure who to believe because our stories are different and his brother was telling everyone I initiated it. But he said he wasn’t mad at me and he wasn’t there so he couldn’t say for sure “who was lying”. But now he’s gone and removed me from every social media platform and blocked me, among other things.

Luckily, my bf believes me about what happened, but I still feel very, very guilty about my role in this. Obviously, I wish I hadn’t been as drunk, because then none of this probably would’ve happened. But I’m worried that somewhere during that time, I gave the impression that I wanted what was happening or I had consented in some way. I NEVER would’ve thought this person would do something like this… I guess that’s why my brain missed all of the warning signals. I feel so stupid for allowing it to go that far and I want to know if what I’m feeling is just deep regret or if I was adamant enough in saying no. I don’t understand why I didn’t immediately tell someone what had happened or why I even spoke to him the next day. And Jim, according to our mutual friends, is “devastated” and everyone is really worried about him. I feel absolutely insane and I just want to know if I’m a bad person or if this was what I think it was… or some combination of the two. If you made it this far… thank you for your help  :(",Acaringear@2,3,/r/rape/comments/1k5gkjz/was_this_sexual_assault/,Super_Perception_613,"That’s what I think too. I think the next morning, he was testing me to see if I wanted to do it again and when it was clear that I didn’t and that I was planning on telling my bf, I think he panicked and tried to get his story out first. I’m not sure if I’m going to report him. I was visiting them at college which is in a different state than me and I didn’t get a rape kit done :( I feel like the easiest thing would just be to stop talking to all of them, but I feel bad for my boyfriend because he’s been friends with them for most of college. He doesn’t want anything to do with them anymore but still… that’s not an easy loss. It’s all just such a mess and I’m worried about making it an even bigger one.","You are honestly so welcome. Please don't blame yourself at all. He is trying to manipulate people, and has tried to get his story out there first. It's so evil, but it's clever, and I guess some people will naturally question some things. You know what happened and he clearly knows what happened, he is panicking. As I said, right now, the ONLY person that matters is you. Surround yourself with love and more than anything please try to love yourself. Whatever turns this takes, and however dark things get, you KNOW you didn't deserve it, and he knows what he is! As I said, only you can decide where it goes next, but whatever you decide, it is important that you put yourself first and allow yourself to heal. Are you planning on reporting him?",2,No,Yes,No,Yes,No,No,Yes,Yes,No,No,Yes,No,Yes,No,No,Yes,Yes,No
whzn0w,rape,I don't know anymore if I was actually raped,"Ok, this is my first time here, in fact I made this account just to post this, but needed somewhere to get this out of my chest:

For starters, some background information:
Basically, I won't get into any explicit details, but basically I have this ""friend"" (not sure if I should call him that, well call him ""A"" from now on) who I've known since childhood, his parents and mine work together and so it was normal for us to end up spending a bit of time together, although we mainly meet at our birthdays

In one of these occasions, our sexual encounters started, the actual parts I considered rape come later down the line:
It was either my 12th or 13th birthday (I forgot exactly which one, and I know either way we were too young) by that time I was still discovering myself, trying to figure out what I liked and what I didn't, and I had never had sex before, so when he came to my house and started acting a little bit flirty I knew it was my chance; during the time we spent alone we flirted and touched each other (nothing too serious, just feeling each other out) and when my other friend (let's call her ""B"") came, we kept looking at each other all the time. Eventually the night came, we had a little celebration with my family and after that we had a sleepover, we slept in a bunk bed-esque thing, meaning that there were 2 beds connected to each other, and since we were 3 people 2 had to share a bed, B and A decided to sleep together while I slept on the higher bed alone, I thought I wouldn't do anything sexual that night so I went directly to sleep. Early in the morning, when everyone was still asleep, A crawled into my bed and positioned himself in front of me, I woke up due to him moving and realized what was about to go down: he moved me a little bit, to make sure that I was awake, and then grabbed my hand and put in his genitals, so I would touch them directly, and after that, we had sex (we both have dicks, and didn't know about anal at the time, so it was mainly foreplay and oral) we had a great time, and each time we met we repeated the experience: wait until night time, check if everyone was asleep and then do it together, everything was as fine as two minors having sex without protection can be, but then one night everything went downhill

So, basically:

We were staying in my family farm, and my family gave me a hard time throughout the day and when the night came I just wasn't in the mood to do anything. I felt bad, since I felt like I was being selfish and that he deserved to be able to have sex, but I ultimately decided to just go to sleep and positioned myself directly towards the wall so he would take the hint and go to sleep, but that wasn't what happened, he instead decided to lay behind me and started touching me and pushing his penis against my ass, I pretended I was asleep, and casually pushed him away so he would stop, but he wouldn't, he continued harder this time and I was going to tell him to stop, but then I realized if I did that, I could wake up my homophobic parents, and then I would have to explain to them what we were doing, which would put me at risk, so I stayed there, pretending like I was asleep while he fucked me. After he finished the thought passed through my mind ""I've just been raped, he just fucked me against my will"" and that's the narrative I always kept in my mind, and every day we met after that he would repeat it again, eventually I got tired of just laying there, but since I wasn't brave enough to say no, I decided to start touching him and helping him ejaculate while we did it, trying to take control back of the sex. This has been going on for 2 years and all these years I've convinced myself that he has raped me multiple times, but when thinking about it I don't know anymore, since lately I've been actively participating in the intercourse (although I don't want to have sex with him anyway), also due to us not speaking during the act, maybe he thought I was just playing with him or something, I didn't say no after all, so I don't know if he knew that I didn't want to do it. Ultimately, i have decided to come here to get a third person view of the situation, and to finally decide if I was actually raped, or just had a bad sexual encounter","whzn0w rape I don't know anymore if I was actually raped Raven_wants_help /r/rape/comments/whzn0w/i_dont_know_anymore_if_i_was_actually_raped/ Ok, this is my first time here, in fact I made this account just to post this, but needed somewhere to get this out of my chest:

For starters, some background information:
Basically, I won't get into any explicit details, but basically I have this ""friend"" (not sure if I should call him that, well call him ""A"" from now on) who I've known since childhood, his parents and mine work together and so it was normal for us to end up spending a bit of time together, although we mainly meet at our birthdays

In one of these occasions, our sexual encounters started, the actual parts I considered rape come later down the line:
It was either my 12th or 13th birthday (I forgot exactly which one, and I know either way we were too young) by that time I was still discovering myself, trying to figure out what I liked and what I didn't, and I had never had sex before, so when he came to my house and started acting a little bit flirty I knew it was my chance; during the time we spent alone we flirted and touched each other (nothing too serious, just feeling each other out) and when my other friend (let's call her ""B"") came, we kept looking at each other all the time. Eventually the night came, we had a little celebration with my family and after that we had a sleepover, we slept in a bunk bed-esque thing, meaning that there were 2 beds connected to each other, and since we were 3 people 2 had to share a bed, B and A decided to sleep together while I slept on the higher bed alone, I thought I wouldn't do anything sexual that night so I went directly to sleep. Early in the morning, when everyone was still asleep, A crawled into my bed and positioned himself in front of me, I woke up due to him moving and realized what was about to go down: he moved me a little bit, to make sure that I was awake, and then grabbed my hand and put in his genitals, so I would touch them directly, and after that, we had sex (we both have dicks, and didn't know about anal at the time, so it was mainly foreplay and oral) we had a great time, and each time we met we repeated the experience: wait until night time, check if everyone was asleep and then do it together, everything was as fine as two minors having sex without protection can be, but then one night everything went downhill

So, basically:

We were staying in my family farm, and my family gave me a hard time throughout the day and when the night came I just wasn't in the mood to do anything. I felt bad, since I felt like I was being selfish and that he deserved to be able to have sex, but I ultimately decided to just go to sleep and positioned myself directly towards the wall so he would take the hint and go to sleep, but that wasn't what happened, he instead decided to lay behind me and started touching me and pushing his penis against my ass, I pretended I was asleep, and casually pushed him away so he would stop, but he wouldn't, he continued harder this time and I was going to tell him to stop, but then I realized if I did that, I could wake up my homophobic parents, and then I would have to explain to them what we were doing, which would put me at risk, so I stayed there, pretending like I was asleep while he fucked me. After he finished the thought passed through my mind ""I've just been raped, he just fucked me against my will"" and that's the narrative I always kept in my mind, and every day we met after that he would repeat it again, eventually I got tired of just laying there, but since I wasn't brave enough to say no, I decided to start touching him and helping him ejaculate while we did it, trying to take control back of the sex. This has been going on for 2 years and all these years I've convinced myself that he has raped me multiple times, but when thinking about it I don't know anymore, since lately I've been actively participating in the intercourse (although I don't want to have sex with him anyway), also due to us not speaking during the act, maybe he thought I was just playing with him or something, I didn't say no after all, so I don't know if he knew that I didn't want to do it. Ultimately, i have decided to come here to get a third person view of the situation, and to finally decide if I was actually raped, or just had a bad sexual encounter",[deleted]@0,1,/r/rape/comments/whzn0w/i_dont_know_anymore_if_i_was_actually_raped/,Raven_wants_help,"Thanks for telling me, I feel so sick for trying to excuse his behavior",Yes that is rape. Someone engaging in sex without the others consent is rape. I hope that you can find the strength to leave this kind of relationship ❤️,2,No,No,No,No,Yes,No,Yes,No,No,No,No,No,No,Yes,No,Yes,No,No
jtheo7,sexualassault,Was this assault?,"My mom felt uncomfortable that I kept wearing baggy shirts I guess? So she tried to like kinda press into me and give me a hug even tho I kept asking her not to, and then yelled at me for not wearing a bra when I was sleeping (I think she assumed I only do it when I sleep since I just woke up) and idk I just feel very not cool with what she did :/ like it doesn’t feel respectful but idk if it was assault because she didn't actually touch me with her hands, but rather used her body to press onto my body/press against my chest as she ""hugged"" me. I mean I guess it was a hug, but it was also weird because when her hands were on my backside for the hug, she kept pressing on my back to try to get me to move my position/chest closer into her body. I know that this felt wrong, but I don't know if it really was sexual assault, or just a weird experience though.","jtheo7 sexualassault Was this assault? imeanimjustsayinn /r/sexualassault/comments/jtheo7/was_this_assault/ My mom felt uncomfortable that I kept wearing baggy shirts I guess? So she tried to like kinda press into me and give me a hug even tho I kept asking her not to, and then yelled at me for not wearing a bra when I was sleeping (I think she assumed I only do it when I sleep since I just woke up) and idk I just feel very not cool with what she did :/ like it doesn’t feel respectful but idk if it was assault because she didn't actually touch me with her hands, but rather used her body to press onto my body/press against my chest as she ""hugged"" me. I mean I guess it was a hug, but it was also weird because when her hands were on my backside for the hug, she kept pressing on my back to try to get me to move my position/chest closer into her body. I know that this felt wrong, but I don't know if it really was sexual assault, or just a weird experience though.",redpanda1703@0,1,/r/sexualassault/comments/jtheo7/was_this_assault/,imeanimjustsayinn,"She hadn't really said anything about my body, just that as my mother she has seen me naked as a baby and is the only person allowed to see me naked now that I am older and some comments to make me feel bad for requesting her to stop physical contact when I'm just uncomfy. This situation was about what happened more than what was said. It was just her hugging me very tightly and kinda rubbing her body against my chest/ pulling my body so my chest would rub her body so that she could determine whether or not I was wearing a bra and then shame me for it? (Not entirely sure about the why, because there was just as good of a chance I'd had been wearing a bra and she wouldn't have had anything to yell at me for? I do wear baggy shirts a lot b/c I like how they feel flowy as if it were a dress, but I'm an XS and when I wear an XXL shirt you can't see my body outline regardless of bra/no bra, and this style is not anything new for me.) But I agree completely with what you said and appreciate the feedback/advice!","It doesn’t sound like assault, but you have a right to feel uncomfortable. Maybe talk with her and mention that you don’t like when she comments on your body?",1,No,Yes,No,Yes,Yes,No,Yes,Yes,No,No,Yes,No,Yes,Yes,No,Yes,Yes,No
17y1gle,sexualassault,How to recognise sexual assault?,"Many people are confused. We are in state of shock, so we are unable to react and understand. These are the things that are considered SA

- Sexual activity without consent

- Forcing someone to have sex

- touching sexually without consent

- rubbing private parts, touching body (especially legs and chest) 

- verbally being sexual even when someone is not okay. 

If any of this happens, it's SA. I hope it helps you. Stay safe.","17y1gle sexualassault How to recognise sexual assault? shantitrust /r/sexualassault/comments/17y1gle/how_to_recognise_sexual_assault/ Many people are confused. We are in state of shock, so we are unable to react and understand. These are the things that are considered SA

- Sexual activity without consent

- Forcing someone to have sex

- touching sexually without consent

- rubbing private parts, touching body (especially legs and chest) 

- verbally being sexual even when someone is not okay. 

If any of this happens, it's SA. I hope it helps you. Stay safe.",Maleficent-File-6256@0,1,/r/sexualassault/comments/17y1gle/how_to_recognise_sexual_assault/,shantitrust,Sure.,could i ask you about my situation?,1,No,Yes,No,No,No,No,No,No,No,No,Yes,No,No,No,No,No,No,No
1ghylt9,TwoXChromosomes,How is this SA?,"It was 1- 2 AM. I (18f) was in bed until I heard someone open my door and saw it was a guy who lives in the same flat of me. I said ""you're in the wrong room"" as he stumbled in and kind of freaked out when I saw him holding his dick. I grabbed his arm and tried pulling him out but he literally wouldn't budge and he was starting to stand in front of my bed as if he was about to pee on it while holding his dick. When I tried pulling away again, he collapsed on my bed. I went to the office to get the people to remove him and they said that his whole front including his hair was covered in ""water"" they believe. My whole sheets and pillows were wet but when I smelled them, it smelled like sin and it honestly made me gag. The smell is still burning in my nose.

I understand that it was unintentional since he was stupidly drunk but ew.

I told some people about it but they disagreed with me when I said I don’t believe it’s SA since he was drunk and only thought my room was his, right?","1ghylt9 TwoXChromosomes How is this SA? No-Debate607 /r/TwoXChromosomes/comments/1ghylt9/how_is_this_sa/ It was 1- 2 AM. I (18f) was in bed until I heard someone open my door and saw it was a guy who lives in the same flat of me. I said ""you're in the wrong room"" as he stumbled in and kind of freaked out when I saw him holding his dick. I grabbed his arm and tried pulling him out but he literally wouldn't budge and he was starting to stand in front of my bed as if he was about to pee on it while holding his dick. When I tried pulling away again, he collapsed on my bed. I went to the office to get the people to remove him and they said that his whole front including his hair was covered in ""water"" they believe. My whole sheets and pillows were wet but when I smelled them, it smelled like sin and it honestly made me gag. The smell is still burning in my nose.

I understand that it was unintentional since he was stupidly drunk but ew.

I told some people about it but they disagreed with me when I said I don’t believe it’s SA since he was drunk and only thought my room was his, right?",SpaceCadet404@2,3,/r/TwoXChromosomes/comments/1ghylt9/how_is_this_sa/,No-Debate607,"I did report it to try and get insurance for the damage the following morning but was rejected replacements since it was seen as “accidental” damage that my school doesn’t cover apparently.

He gets to sleep on a clean mattress though while I had to go home in order to get some decent sleep without the smell of piss invading my nostrils 😄","This would be very difficult to argue as sexual assault. While indecent exposure CAN constitute sexual assault there are criteria to that beyond just being unwilling witness to someone's junk. There was no sexual intent in his actions. You weren't in fear of your personal safety.


It would probably best be described as ""incidental nudity while drunk and disorderly""


Definitely on the hook for property damage though. I certainly wouldn't want to sleep on a mattress that had been through that.


If you're on speaking terms with the guy it's probably also a good idea to have words with him about getting THAT drunk. He either needs to learn his limits or have somewhere else to go when he's absolutely hammered",46,No,No,No,No,No,No,No,Yes,Yes,No,No,No,No,No,No,No,Yes,Yes
1afn80p,rape,He put his penis in my anal area without asking during sex not sure how to process,"I was hesistant to post this because it makes the whole thing real…. I don’t think he was able to penetrate because I’m a anal virgin… but regardless please read my story 

Last night I had car sex with what was a one night stand but now fwb. 
We were having consensual vaginal sex and licking my anus. 
Then…. He put his finger in my ass, It took me by surprise but I didn’t mind it felt ok.
Then he started to place his penis on the entrance of my ass, no warning. I tried to gesture hm to stop, he repositioned my hands … he continued… I said no faintly … he continued… he didn’t penetrate (that’s what I’m telling myself anyways?) because I’m a anal virgin so wasn’t possible but I did feel pressure in that area, no pain but felt his penis … then he suddenly stopped I’m not sure if it was because of the look on my face or that he felt I was so tight and wouldn’t be possible. Maybe he suddenly came to his senses I don’t know 

For context I was slightly high so didn’t have my usual strength, he’s not the tallest or biggest guy but in that moment I felt helples. 

He continued to lick my Pusey and we continued vagina sex until he came. It wasn’t until he dropped me home and I came down from my high that I realised the full context of what had happened 

I can’t believe I’m asking this but pretending it didn’t happen will probably be worse for my mental health …. Was I sexually assaulted or raped? I keep telling myself it’s not really rape but more to protect myself from breaking down 

I sent him a text to confront him. He blocked me. No reply 

Please be gentle in the replies","1afn80p rape He put his penis in my anal area without asking during sex not sure how to process Kind-Beautiful6111 /r/rape/comments/1afn80p/he_put_his_penis_in_my_anal_area_without_asking/ I was hesistant to post this because it makes the whole thing real…. I don’t think he was able to penetrate because I’m a anal virgin… but regardless please read my story 

Last night I had car sex with what was a one night stand but now fwb. 
We were having consensual vaginal sex and licking my anus. 
Then…. He put his finger in my ass, It took me by surprise but I didn’t mind it felt ok.
Then he started to place his penis on the entrance of my ass, no warning. I tried to gesture hm to stop, he repositioned my hands … he continued… I said no faintly … he continued… he didn’t penetrate (that’s what I’m telling myself anyways?) because I’m a anal virgin so wasn’t possible but I did feel pressure in that area, no pain but felt his penis … then he suddenly stopped I’m not sure if it was because of the look on my face or that he felt I was so tight and wouldn’t be possible. Maybe he suddenly came to his senses I don’t know 

For context I was slightly high so didn’t have my usual strength, he’s not the tallest or biggest guy but in that moment I felt helples. 

He continued to lick my Pusey and we continued vagina sex until he came. It wasn’t until he dropped me home and I came down from my high that I realised the full context of what had happened 

I can’t believe I’m asking this but pretending it didn’t happen will probably be worse for my mental health …. Was I sexually assaulted or raped? I keep telling myself it’s not really rape but more to protect myself from breaking down 

I sent him a text to confront him. He blocked me. No reply 

Please be gentle in the replies",Saakkkaaaaiiiii@7,8,/r/rape/comments/1afn80p/he_put_his_penis_in_my_anal_area_without_asking/,Kind-Beautiful6111,"Feel which way? I know he sexually assualted me at the very least but a part of me is finding comfort in knowing he didn’t successfully penetrate , yeah he tried but how do I say this in a non crude way… my ass is still like it’s self , which is comforting","Like the person above said, if you felt as much pressure as you indicate then he probably did. Do you know why you feel this way? Even if it wasn’t penetration, you’re still valid

Edit: whoever’s downvoting me - why? Genuinely, I’m a bit confused",3,Yes,Yes,No,No,No,No,Yes,Yes,No,Yes,Yes,No,No,No,No,No,Yes,No
sq08mn,sexualassault,Is this sexual assault? I need advice. I can’t handle how I’m feeling since.,"I’m sorry for the formatting I’ve typed on my phone. I feel like I’m at breaking point. 

So some back story. 
I (27F) work with a guy (35m) in the food industry, let’s call him Martin. He’s 35, has a girlfriend and 3 kids(1, 13, 15). Martin developed an obsession with my out of work best friend (26F).  A week ago she was gonna have sex with him at a party when she was drunk and he couldn’t get it up, he hasn’t stopped going on about it since. It obviously hurt his ego. 
She backed off completely when seeing sense once sober, and on NYE Martin and my best friend were at my house for a party alongside others who work with us and some of their friends. From the minute I picked Martin up he was ranting about how he was going have sex with my best friend and I told him that’s probably not gonna happen. 
My friend attended the party alongside her ex boyfriend who is a good friend of ours anyway. When Martin seen the ex, he just changed completely. I had to try stop him drinking, I couldn’t. 
He then took an 18 year old girl (she’s a friend of a girl who works with me) upstairs and tried having sex with her, I am now very concerned this wasn’t fully consensual after what happens next. 
So all night then he starts making really inappropriate moves and comments on every female here, including me. There’s a video at the countdown and you see him pull me towards him and the smile just drops off my face. I ask him to go home multiple times and he refuses. 
At around 4am, myself and 3 friends were all trying to sleep and Martin gets in the bed and tried touching me, I tell him to fuck off and me and a female friend go into the other bedroom to sleep away from him. 
He comes in again and is non stop slagging my best friend and the ex off. My friend gets fed up and she leaves to go sleep downstairs. 
For 3 hours, he continuously harasses me, begging me to hug him and to fuck him. I tell him no over and over, ask him to leave, he won’t. It was 7:50am when I checked the time last and this is still going on and I am exhausted. I had been awake since 5am the day before for work. This is nearly 4 hours of saying no. I’d been awake over  24 hours at this point and I gave in. I said I’ll have sex with him if he leaves everyone else alone and stops contacting my best friend. 
He tried to kiss me I turned my head away, his hand touched me and I told him to not touch me. I let him just have sex with me which was all over within 2 minutes and I just laid there the whole time with tears in my eyes. 
Afterwards he tried to hug me again and I told him to fuck off and don’t come near me. He wouldn’t listen and was trying again. I walked out and sat on the end of my own bed for ages whilst 4 people were asleep on it. 
I heard a door go and I thought he’d gone home, so I went back into the bedroom to try sleep. He hadnt left, he went downstairs to my friend and was begging her to just let him finger her, she then came upstairs to me and got in the bed and told me. Bare in mind this girl is only 19. We thought he then left. We fall asleep for about 20 minutes and he comes up the stairs. He asked us to move over and I told him no, he said “where the fucks my phone” gets his phone and leaves. 

I messaged him later on that day telling him what he had done and he was like “oh I was drunk” and then his only concern was that he didn’t want our manager to know. 
 He’s apologised twice only and I just didn’t want to hear it. Our manager got told, and the same day his brother who works with us was fried for sending nude videos to a 16 he’s told employee. 

 I didn’t think I would ever be someone who would give in. But then I’ve also never been in that situation where someone’s not taking a no for an answer when I’m exhausted too. 
Im angry at myself, angry at him. I am blaming myself because I did give in. I feel physically sick and uncontrollably cry whenever I explain what happened. I don’t know how to process this. I’m handing my notice in today with immediate effect as I can’t take one more day around him.","sq08mn sexualassault Is this sexual assault? I need advice. I can’t handle how I’m feeling since. [deleted] /r/sexualassault/comments/sq08mn/is_this_sexual_assault_i_need_advice_i_cant/ I’m sorry for the formatting I’ve typed on my phone. I feel like I’m at breaking point. 

So some back story. 
I (27F) work with a guy (35m) in the food industry, let’s call him Martin. He’s 35, has a girlfriend and 3 kids(1, 13, 15). Martin developed an obsession with my out of work best friend (26F).  A week ago she was gonna have sex with him at a party when she was drunk and he couldn’t get it up, he hasn’t stopped going on about it since. It obviously hurt his ego. 
She backed off completely when seeing sense once sober, and on NYE Martin and my best friend were at my house for a party alongside others who work with us and some of their friends. From the minute I picked Martin up he was ranting about how he was going have sex with my best friend and I told him that’s probably not gonna happen. 
My friend attended the party alongside her ex boyfriend who is a good friend of ours anyway. When Martin seen the ex, he just changed completely. I had to try stop him drinking, I couldn’t. 
He then took an 18 year old girl (she’s a friend of a girl who works with me) upstairs and tried having sex with her, I am now very concerned this wasn’t fully consensual after what happens next. 
So all night then he starts making really inappropriate moves and comments on every female here, including me. There’s a video at the countdown and you see him pull me towards him and the smile just drops off my face. I ask him to go home multiple times and he refuses. 
At around 4am, myself and 3 friends were all trying to sleep and Martin gets in the bed and tried touching me, I tell him to fuck off and me and a female friend go into the other bedroom to sleep away from him. 
He comes in again and is non stop slagging my best friend and the ex off. My friend gets fed up and she leaves to go sleep downstairs. 
For 3 hours, he continuously harasses me, begging me to hug him and to fuck him. I tell him no over and over, ask him to leave, he won’t. It was 7:50am when I checked the time last and this is still going on and I am exhausted. I had been awake since 5am the day before for work. This is nearly 4 hours of saying no. I’d been awake over  24 hours at this point and I gave in. I said I’ll have sex with him if he leaves everyone else alone and stops contacting my best friend. 
He tried to kiss me I turned my head away, his hand touched me and I told him to not touch me. I let him just have sex with me which was all over within 2 minutes and I just laid there the whole time with tears in my eyes. 
Afterwards he tried to hug me again and I told him to fuck off and don’t come near me. He wouldn’t listen and was trying again. I walked out and sat on the end of my own bed for ages whilst 4 people were asleep on it. 
I heard a door go and I thought he’d gone home, so I went back into the bedroom to try sleep. He hadnt left, he went downstairs to my friend and was begging her to just let him finger her, she then came upstairs to me and got in the bed and told me. Bare in mind this girl is only 19. We thought he then left. We fall asleep for about 20 minutes and he comes up the stairs. He asked us to move over and I told him no, he said “where the fucks my phone” gets his phone and leaves. 

I messaged him later on that day telling him what he had done and he was like “oh I was drunk” and then his only concern was that he didn’t want our manager to know. 
 He’s apologised twice only and I just didn’t want to hear it. Our manager got told, and the same day his brother who works with us was fried for sending nude videos to a 16 he’s told employee. 

 I didn’t think I would ever be someone who would give in. But then I’ve also never been in that situation where someone’s not taking a no for an answer when I’m exhausted too. 
Im angry at myself, angry at him. I am blaming myself because I did give in. I feel physically sick and uncontrollably cry whenever I explain what happened. I don’t know how to process this. I’m handing my notice in today with immediate effect as I can’t take one more day around him.",BusyContract5@0,1,/r/sexualassault/comments/sq08mn/is_this_sexual_assault_i_need_advice_i_cant/,[deleted],"First, I just want to thank you for your time with replying. 

I’m in tears reading your comment because it’s the first time I’ve really felt like it wasn’t my fault. 

I’m in the U.K. but this happened in New Years Eve, it’s taken me a long time to just process it. As soon as he left I wrote everything that happened down on paper to ensure I knew exactly what happened. 

I reached out to my doctor today. She is going to refer me into the list for therapy but I am aware this can take a few years with the NHS. In the mean time I’ll use the links try continue processing what happened. 

Again, thank you so much.","I believe you. He raped you because your incessant attempts to say NO weren't sufficient for him. Which is disgusting and rotten. 

You did everything you could. You did not want this to happen, therefore it is absolutely not your fault. 

I believe you, I believe you, I believe you. This is criminal. He is a criminal. He is a rapist. You CLEARLY stated you did not want to have sex with him. It is his fault for ignoring your right. 

I don't know where you live or what the laws are in your region. 

But I do know that he raped you. Would you like to call a hotline for sexual assault victims/survivors? Would you like to go to the hospital to get a rape kit done? If it's been less than 6 days, you can do the kit and they will be able to retrieve DNA. 

You are not in the wrong. You did nothing wrong. This is not your fault. And I refuse to let you go through this alone. 

[https://docs.google.com/document/d/1jSFwve5cs7HxDYfdoywTwhBv\_uctAVu7TGxwY2Izpo0/edit?usp=sharing](https://docs.google.com/document/d/1jSFwve5cs7HxDYfdoywTwhBv_uctAVu7TGxwY2Izpo0/edit?usp=sharing)

Look at this document, fam. Feel free to write to me if you need any support. 

You are not alone. 

Everyone here believes and stands by you. 

This is not your fault.",1,No,No,No,Yes,Yes,No,Yes,Yes,No,No,No,No,No,Yes,No,No,Yes,No
u9jhvp,sexualassault,"It took me forever to admit that I was sexually abused, more memories have come up though and I can't even say it out loud and I don't know how to cope","My father groped me. That's ok to say. I've always been ok with saying that, I didn't even consider it sexual assault cause it wasn't much. Over the past month a memory of my father coming into my room when I was sleeping came up. I was a very light sleeper so I woke up a bit and he'd finger me. I don't remember anything more but I discusses with my therapist and it does appear to be a real memory, although I didn't tell her what it was cause I can't say it out loud.

I feel bad for thinking that he did this becuase I don't want to make assumptions even though all of this feels real. I also don't want it to be real cause I don't like the idea that he did that. I want to tell my friend just so that someone knows but I also don't want to say it cause that means it's real and stuff actually did happen but I don't really know what to do. Can someone help? (I'm 18F, this happened when I was 10-13)","u9jhvp sexualassault It took me forever to admit that I was sexually abused, more memories have come up though and I can't even say it out loud and I don't know how to cope Gia1804 /r/sexualassault/comments/u9jhvp/it_took_me_forever_to_admit_that_i_was_sexually/ My father groped me. That's ok to say. I've always been ok with saying that, I didn't even consider it sexual assault cause it wasn't much. Over the past month a memory of my father coming into my room when I was sleeping came up. I was a very light sleeper so I woke up a bit and he'd finger me. I don't remember anything more but I discusses with my therapist and it does appear to be a real memory, although I didn't tell her what it was cause I can't say it out loud.

I feel bad for thinking that he did this becuase I don't want to make assumptions even though all of this feels real. I also don't want it to be real cause I don't like the idea that he did that. I want to tell my friend just so that someone knows but I also don't want to say it cause that means it's real and stuff actually did happen but I don't really know what to do. Can someone help? (I'm 18F, this happened when I was 10-13)",PracticalDadAdvice@0,1,/r/sexualassault/comments/u9jhvp/it_took_me_forever_to_admit_that_i_was_sexually/,Gia1804,Thank you. She said that it's ok that I can't say whatever yet and that there is no expectation and I don't need to tell her anything. It's weird cause I used to like desensitize myself to rape out of fear my father would rape me and I'm fine talking about that but I can't say this simple thing,"My dude, I'm so sorry this has been your experience. Children should be safe, especially with their parents.

Trust your memories; your brain may have just been keeping them tamped down until you were a little more able to handle them. Work openly and honestly with your therapist; her job is to help you process this and work on skills to be healthier.

This is a process; it takes time and patience with yourself. You're opening up at the pace that seems best to you - don't feel like you need to rush into anything or open up any more than you're able to at any given moment. Stay in contact with your therapeutic team, be gentle with yourself, and take the steps you need to take to feel safe.",1,No,No,No,Yes,Yes,No,Yes,Yes,No,No,No,No,No,Yes,No,Yes,Yes,No
kd0vsu,sexualassault,I have a question,I was wondering if I’m allowed to be upset about this and consider it sexual assault. 2 months ago I was over my friends and some boys were coming over. I had knew about them but never met them. This one boy I’ve never met was friends with my friend and he has told her multiple times he thought I was attractive. I told her that I didn’t want to hook up with him prior because I didn’t find him attractive. There was alcohol involved and an hour before they had arrived me and my friends had drank a lot way more than I ever had before. I remember them coming in and I remember sitting down by the beer pong table and spilling over a cup that is the last thing I remember. I came back into consciousness and I was upstairs in a bedroom and making out with him in a bed. I was really out of it and kept on coming in and out of consciousness. The stuff I do remember are very fuzzy but I remember a couple times while making out I would throw my head back like I couldn’t keep it up or It would fall forward because I couldn’t  hold it up. After a while he asked me if I could take off my pants. ( I had never done anything before besides kiss someone and I prior to this night I didn’t want to bc I was super insecure about my body and every guy before him I had told them no). I should’ve just stood up for myself and told him no but I told him that I was too drunk to take them off thinking he would just get over the idea. This was my bad and I realize now he may have seen it as an invitation for him to take them off instead of me since I was too drunk to but anyways I went out of consciousness again and I woke up with my pants off and just underwear and he was fingering me (I was super sore the next day). After a while he asked me if I would give him head. I also didn’t just say no this time. I kept on making excuses saying I’ve never done it before and that I’m so drunk I can’t. I don’t remember exactly how many times he asked me but at least 5. After one of the times I gave in and just laid on his stomaxh and did it. I blacked out after the first 30 seconds I would say and then I jsut remember laying face down on the bed and asking him to set a timer for 30 minutes so I can sleep. I realize I could’ve just stopped this if I didn’t drink too much or told him no but i was wondering if he was in any wrong in this situation.,,_PeachyBunny_@2,3,https://www.reddit.com/r/sexualassault/comments/kd0vsu/i_have_a_question/,Anonymous2489104,Ok thank you so much for responding!,"Yes, it is. It sounds like you were very very drunk first of all which means you couldn't clearly consent. Even though you didn't say the word ""no"" you were drunk, you clearly didn't want it since you kept making excuses as to why you didn't want to. He was completely in the wrong here and shouldn't have even tried when he saw you were drunk and should have stopped when you started making excuses as to why you didn't want to do things with him.",1,No,No,No,No,Yes,No,No,No,No,No,No,No,No,Yes,No,No,No,No
1jgqjga,sexualassault,Was I sexually assaulted?,"I (F, early 20s) went to a club with some friends, already a bit drunk. I had a couple more drinks there, but my severe mistake was that I mixed light and dark drinks (rum and coke, gin and tonic), not knowing that you shouldn’t. Definitely not a mistake I’ll make again- I almost completely blacked out after that. I only have a very vague flash of memory after that of staring up at a guy taller than me (I don’t even remember what his face looks like). I woke up in my bed the next morning, the side of my ribs aching like someone had held onto me too tight (or like someone was holding me up), and my lips feeling disgusting and pasty. I asked my friend if someone kissed me and she said yes- she was extremely drunk so she barely remembers, but she said that apparently we were both kissing each other (although hard to tell bc his back was to her). The thing is, when I get drunk (even if not blackout) I tend to stumble, run into walls, and it’s usually obvious I’m drunk. From a short video of my walk home, I was struggling to walk. I’ve only ever kissed someone once before that and HATED the feeling, and I know I would never kiss someone so publicly like that. I’ve been clubbing before and no one has ever approached me like that. It feels like I was taken advantage of, but I’m not sure and I can’t stop thinking about it and feeling horrible — was I sexually assaulted?","1jgqjga sexualassault Was I sexually assaulted? Select_Company4274 /r/sexualassault/comments/1jgqjga/was_i_sexually_assaulted/ I (F, early 20s) went to a club with some friends, already a bit drunk. I had a couple more drinks there, but my severe mistake was that I mixed light and dark drinks (rum and coke, gin and tonic), not knowing that you shouldn’t. Definitely not a mistake I’ll make again- I almost completely blacked out after that. I only have a very vague flash of memory after that of staring up at a guy taller than me (I don’t even remember what his face looks like). I woke up in my bed the next morning, the side of my ribs aching like someone had held onto me too tight (or like someone was holding me up), and my lips feeling disgusting and pasty. I asked my friend if someone kissed me and she said yes- she was extremely drunk so she barely remembers, but she said that apparently we were both kissing each other (although hard to tell bc his back was to her). The thing is, when I get drunk (even if not blackout) I tend to stumble, run into walls, and it’s usually obvious I’m drunk. From a short video of my walk home, I was struggling to walk. I’ve only ever kissed someone once before that and HATED the feeling, and I know I would never kiss someone so publicly like that. I’ve been clubbing before and no one has ever approached me like that. It feels like I was taken advantage of, but I’m not sure and I can’t stop thinking about it and feeling horrible — was I sexually assaulted?",EliotNessie@0,1,/r/sexualassault/comments/1jgqjga/was_i_sexually_assaulted/,Select_Company4274,"Thank you🫶 Yeah someone drugging my drink could definitely could be the case, the place was relatively crowded. I really thought though that mixing drinks makes you way more ill- unfortunately, this incident happened months ago so there’s no way for me to get checked out.","Please don't DM ppl on here, there are monsters lurking on this sub",1,No,No,No,No,Yes,No,Yes,Yes,No,No,No,No,No,Yes,No,No,Yes,No
pqt13v,TwoXChromosomes,I think I was assaulted last night,"I don’t know what to do. How to feel. Is it bad I feel numb about it? It happens to all of us. 

I met him on tinder and went to his hotel room with the intent of hooking up. I didn’t bring up condoms because I wasn’t 100% sure and figured it would be an easy out. Things were going great, he was telling me how hot I was, rubbing me a bit. All of that lasted 5 min before he put it in. Without a condom. I didn’t even get the chance to tell him no condom no deal. I was a little crossfaded and receptive initially but it hurt and I bled afterward. Idk if it was assault or bad sex. I didn’t say no and when I told him to stop he did.

Idk. It still hurts today. I don’t have therapy until the 4th and I’m reeling","pqt13v TwoXChromosomes I think I was assaulted last night Randomerkat /r/TwoXChromosomes/comments/pqt13v/i_think_i_was_assaulted_last_night/ I don’t know what to do. How to feel. Is it bad I feel numb about it? It happens to all of us. 

I met him on tinder and went to his hotel room with the intent of hooking up. I didn’t bring up condoms because I wasn’t 100% sure and figured it would be an easy out. Things were going great, he was telling me how hot I was, rubbing me a bit. All of that lasted 5 min before he put it in. Without a condom. I didn’t even get the chance to tell him no condom no deal. I was a little crossfaded and receptive initially but it hurt and I bled afterward. Idk if it was assault or bad sex. I didn’t say no and when I told him to stop he did.

Idk. It still hurts today. I don’t have therapy until the 4th and I’m reeling",[deleted]@0,1,/r/TwoXChromosomes/comments/pqt13v/i_think_i_was_assaulted_last_night/,Randomerkat,I just feel like consent was violated because he didn’t use a condom and didn’t tell me so either. I would’ve said no if I’d know,It sounds like a bad experience but I wouldn’t call this assault. You don’t have to be assaulted to feel bad. This didn’t go the way you hoped and it’s ok to need support to process that.,6,No,No,No,No,No,Yes,No,Yes,No,No,No,No,No,No,Yes,No,Yes,No
rc5956,SexualHarassment,Does it ever get better? Please share your stories TW: abuse and assault,"Hi, I (19F) guess I just found myself suddenly really sceptical of the goodness of people in the world. 

More specifically, I recently had to confront childhood sexual abuse by an immediate family member and I sought therapy and support from my very closest uni friends. 

At first they all seemed really supportive and like they cared about me. I think most of them do! 

One particular friend that I told, one of my guy friends, got really drunk on a night out and when our mutual friend went to the toilet and we were on our own, he touched me in a way I felt was inappropriate - my inner thigh, butt, chest, knowing my history of SA and also that I am committed to my partner. 

I didn’t say no or shrink away because I just seized up and kinda didn’t know what to do. Later that same night, I (stupidly) got really drunk and he basically took me back to his and laid me in his bed. Nothing sexual happened and I think I remember it all, but I was so uncomfortable with him having slept next to me, and I left as soon as I could in the morning and never confronted him about it after. 

I didn’t report this to uni or anything, I just want to forget it ever happened, but I just can’t trust this guy at all anymore. We’re not friends anymore. 

More than that, I never used to have trust issues but now I just can’t trust any guy except my partner and my one childhood best friend. I don’t understand how someone I though valued and cared about me could betray my trust that way. 

Please tell me your own stories about when you lost faith in humanity or men, and if it ever got better for you.","rc5956 SexualHarassment Does it ever get better? Please share your stories TW: abuse and assault Lauzzzzzza /r/SexualHarassment/comments/rc5956/does_it_ever_get_better_please_share_your_stories/ Hi, I (19F) guess I just found myself suddenly really sceptical of the goodness of people in the world. 

More specifically, I recently had to confront childhood sexual abuse by an immediate family member and I sought therapy and support from my very closest uni friends. 

At first they all seemed really supportive and like they cared about me. I think most of them do! 

One particular friend that I told, one of my guy friends, got really drunk on a night out and when our mutual friend went to the toilet and we were on our own, he touched me in a way I felt was inappropriate - my inner thigh, butt, chest, knowing my history of SA and also that I am committed to my partner. 

I didn’t say no or shrink away because I just seized up and kinda didn’t know what to do. Later that same night, I (stupidly) got really drunk and he basically took me back to his and laid me in his bed. Nothing sexual happened and I think I remember it all, but I was so uncomfortable with him having slept next to me, and I left as soon as I could in the morning and never confronted him about it after. 

I didn’t report this to uni or anything, I just want to forget it ever happened, but I just can’t trust this guy at all anymore. We’re not friends anymore. 

More than that, I never used to have trust issues but now I just can’t trust any guy except my partner and my one childhood best friend. I don’t understand how someone I though valued and cared about me could betray my trust that way. 

Please tell me your own stories about when you lost faith in humanity or men, and if it ever got better for you.",Leading_Milk_9082@0,1,/r/SexualHarassment/comments/rc5956/does_it_ever_get_better_please_share_your_stories/,Lauzzzzzza,Thank you for sharing your story with me. I’m sure it will get better for us both. Sending hugs 💗,"I'm really sorry this happened to you. You definitely did the right thing by leaving him, and it really hurts when someone abuses your trust. I don't know if it gets better since I had my issues too. I'm hoping that therapy will help me, but it's a toss up and I know I'll always be cautious.

I was sexually harassed at my previous workplace, where a new coworker sneaked up on me and started touching me. I was deeply bothered by it, but I froze up. This happened again, and then he asked me out and I said no. I filed a report and the managers kept saying they were investigsting it. Weeks away, they finally interrogated me, and they insisted on how I didn't say no. I was heartbroken, angry. I didn't know why I finished my tasks, but he was in the department across from mine and it was either think about it or take my mind off of it all through work. He found out I told managers, and he'd retaliate by walking through my department. I had a suspicion he'd mess the aisles up too. He'd stalk me and my family through the store, and it got to the point I just quit. I found out that he harassed a coworker from another department, and he's still there.

I lost tons of faith in management and in men. I can't stand it when a guy sneaks up on me, and I get very pissy and defensive, especially if they know it makes me uncomfortable. I can't even stand hearing a man grunt.

I just try to take it day by day. Not all men are bad, but I definitely keep my distance and keep a weapon on me. It's one way I suppose.",1,No,No,No,Yes,Yes,No,No,No,No,No,No,No,Yes,Yes,No,No,No,No
vt7lih,sexualassault,I‘m unsure but i feel something was wrong,"Hello

this happened last year. i was having a situationship thing that he didnt want to declare as fwb until it was in his favor in front of others but not privately (all online. he was a moderately big streamer, i used to be one of his mods)
we basically sexted quite a bit until we decided to meet up. it was a few days after i came home from a family vacation so i had my clothes packed already. (he later told our friends i seduced him with my clothes) he didnt live in my country, so i solo traveled the first time. didnt speak the language, knew nobody, broke. Also i was mentally abused by him but didnt recognize it until i was out of that situation

he wanted to do it not even five minutes after he brought me to his home. (also he told me mere days before i traveled that he wants to keep it platonic) i said okay or yes can’t remember exactly. i forced myself as i didn’t feel like i was able to have an actual opinion. what if i was suddenly on the street having no money or not being able to talk to anyone? 
i got weirded out a few times during my stay by things he said. he told me i must do stuff where i was clearly nervous (i was a virgin). I bleed every single time. it hurt so much, i‘ve never felt a pain like this and i hurt myself a lot (clumsy). i got a uti, which i only realized when i got home. i had blood in my urine. i didnt notice because i was bleeding anyway. he threw me out the last day, it was scary. (he was using his brothers apartment while his brother was on vacation and he came back ten minutes after he threw me out) i was hurting, scared, anxious. and my train got canceled on top. he didn’t reply anymore, he ghosted me for like two weeks before acknowledging my existence again. only because i mentioned my uti.

tldr
so yes im confused. i said okay but i know i didnt feel like i could say no. also because of the previous sexting. i did notice that my body was absolutely not okay with it. i didnt know it wasnt supposed to hurt that much (i was tearing up). we both blamed it on it being my „first time“. is this sexual assault or am i just exaggerating like he always said i was?","vt7lih sexualassault I‘m unsure but i feel something was wrong Relative-Composer-51 /r/sexualassault/comments/vt7lih/im_unsure_but_i_feel_something_was_wrong/ Hello

this happened last year. i was having a situationship thing that he didnt want to declare as fwb until it was in his favor in front of others but not privately (all online. he was a moderately big streamer, i used to be one of his mods)
we basically sexted quite a bit until we decided to meet up. it was a few days after i came home from a family vacation so i had my clothes packed already. (he later told our friends i seduced him with my clothes) he didnt live in my country, so i solo traveled the first time. didnt speak the language, knew nobody, broke. Also i was mentally abused by him but didnt recognize it until i was out of that situation

he wanted to do it not even five minutes after he brought me to his home. (also he told me mere days before i traveled that he wants to keep it platonic) i said okay or yes can’t remember exactly. i forced myself as i didn’t feel like i was able to have an actual opinion. what if i was suddenly on the street having no money or not being able to talk to anyone? 
i got weirded out a few times during my stay by things he said. he told me i must do stuff where i was clearly nervous (i was a virgin). I bleed every single time. it hurt so much, i‘ve never felt a pain like this and i hurt myself a lot (clumsy). i got a uti, which i only realized when i got home. i had blood in my urine. i didnt notice because i was bleeding anyway. he threw me out the last day, it was scary. (he was using his brothers apartment while his brother was on vacation and he came back ten minutes after he threw me out) i was hurting, scared, anxious. and my train got canceled on top. he didn’t reply anymore, he ghosted me for like two weeks before acknowledging my existence again. only because i mentioned my uti.

tldr
so yes im confused. i said okay but i know i didnt feel like i could say no. also because of the previous sexting. i did notice that my body was absolutely not okay with it. i didnt know it wasnt supposed to hurt that much (i was tearing up). we both blamed it on it being my „first time“. is this sexual assault or am i just exaggerating like he always said i was?",Broken_doll4@2,3,/r/sexualassault/comments/vt7lih/im_unsure_but_i_feel_something_was_wrong/,Relative-Composer-51,"i know that he wont stop, which is probably what still keeps me up the most. but whatever i tried to get his platform removed they didnt take me seriously so i feel helpless and i know confronting him would only hurt me. 
His manipulation is getting out of hand and the way he targets is absolutely disgusting…","Yep a piece of scum like that ( would have a pattern of history ) with using women as much as he can . He would  leave a trail of broken women from his acts on them . You &amp; her won't be the last ( he uses and abuses ) . Some will not fall for his antics others will ,and will be destroyed mentally ( have trauma from it ) from his horrible digusting acts on them . As he inflicts pain and feelings of real hurt on women ( as it is also mental ) abuse on them . The Twisting &amp;  lies of everything to make sure he keeps getting away with it of really hurting women.

Good that you are ok physically from him, as he wouldn't have cared at all if he had of left you with long term injuries from what he did to you . That is how low someone like him is .",1,No,No,No,Yes,No,No,Yes,No,No,No,No,No,Yes,No,No,Yes,Yes,No
lgl9ef,sexualassault,Is this sexual assault…,"When I was in 6th grade my best friend at the time, let’s call him Z for the sake of this, and I were hanging out at his house. We were in his mom’s room because his sister and him shared a room at the time so we always hung out in his mom’s room. So I was sitting there fixing my hair in the mirror while sitting on the bed and he comes over and says something along the lines of “Let’s play the fire truck game.” Me being in 6th grade at the time, Z is the same age as me so he was in 6th grade at the time, didn’t know what that was so I said sure. If any of you don’t know what the fire truck game is I don’t really feel like explaining it but urban dictionary has a good definition of it. Uh well he didn’t get to my private area because I didn’t let him but he did get pretty high up my thigh after I said stop. So is this sexual assault?","lgl9ef sexualassault Is this sexual assault… shadowgirl1300 /r/sexualassault/comments/lgl9ef/is_this_sexual_assault/ When I was in 6th grade my best friend at the time, let’s call him Z for the sake of this, and I were hanging out at his house. We were in his mom’s room because his sister and him shared a room at the time so we always hung out in his mom’s room. So I was sitting there fixing my hair in the mirror while sitting on the bed and he comes over and says something along the lines of “Let’s play the fire truck game.” Me being in 6th grade at the time, Z is the same age as me so he was in 6th grade at the time, didn’t know what that was so I said sure. If any of you don’t know what the fire truck game is I don’t really feel like explaining it but urban dictionary has a good definition of it. Uh well he didn’t get to my private area because I didn’t let him but he did get pretty high up my thigh after I said stop. So is this sexual assault?",[deleted]@0,1,/r/sexualassault/comments/lgl9ef/is_this_sexual_assault/,shadowgirl1300,sorry it took me a few days to respond to this but thank you for saying that. my friends were referring to it as sexual assault but i wasn’t sure.,"Yes that's sexual assault, at least in my opinion, because he had sexual intent and he did not listen when you said stop. I looked it up and that's a pretty gross game. I'm sorry he tricked you. I'm sorry it happened.",1,No,No,No,Yes,Yes,No,No,Yes,No,No,No,No,Yes,Yes,No,No,Yes,No
11ibhnw,sexualassault,I need confirmation,"Something happened when me and a guy were making out. I told him I didn't want him to go any further than touching the outside of my clothes. At first he respected this but then things went too far. 

I remember repeating over and over that I'm on my period and that if I wasn't I'd say yes. He still kept pushing the issue until then he just went for it. He slipped his hand inside my underwear and pants and touched my vagina. I didn't say no but I tried to physically move his hand  away. I pulled his arm really hard but I couldn't move his hand, he was holding it there firmly. While I was struggling to pull his hand away he began to chuckle a little. It was like he was amused. I'm not sure why he was laughing. 

I don't know if this was SA or not. I feel like it was but not sure.","11ibhnw sexualassault I need confirmation [deleted] /r/sexualassault/comments/11ibhnw/i_need_confirmation/ Something happened when me and a guy were making out. I told him I didn't want him to go any further than touching the outside of my clothes. At first he respected this but then things went too far. 

I remember repeating over and over that I'm on my period and that if I wasn't I'd say yes. He still kept pushing the issue until then he just went for it. He slipped his hand inside my underwear and pants and touched my vagina. I didn't say no but I tried to physically move his hand  away. I pulled his arm really hard but I couldn't move his hand, he was holding it there firmly. While I was struggling to pull his hand away he began to chuckle a little. It was like he was amused. I'm not sure why he was laughing. 

I don't know if this was SA or not. I feel like it was but not sure.",Lilith_Of_Hell_7891@0,1,/r/sexualassault/comments/11ibhnw/i_need_confirmation/,[deleted],Thank you,I’m so sorry that this happened to you- this is sexual assault. He touched you without your consent. He had no right to do so. You told him no multiple times and showed signs that you didn’t want to do anything. I hope that you aren’t near him anymore,6,No,No,No,No,Yes,No,No,No,No,No,No,No,No,Yes,No,No,No,No
1e20ma3,sexualassault,I Have To Finally Ask Someone,"I was in a relationship with my ex for almost 3 years before we broke up. I have a couple of instances I want to write out.
First, we had been long distance dating for just over a year and were 16 (them and a week from 17) and 18 (me), we were about a year and a half apart in age. I had always said I wanted to wait til we were married to sleep together and I thought they did too but we still talked about our fantasies and desires fairly often. One day I told them about one and they got really mad at me and said that if I didn't want to have sex I shouldn't talk about it to them. This was also about a month after I had found out they had been texting and sending nudes to several other girls because I wasn't doing enough for them in that department. (I was young, desperate for love, and know it should have ended there) So i said okay. The next time we would see each other would be for their birthday and I said I would have sex with them.

This became a pattern. We saw each other in person about once a month and it became expectation that we would have sex. Sometimes I said yes, sometimes I said yes and when I said stop or that it hurt they would tell me to just go a little longer. If they were mad, sex made them happier. When I forced them to stop or insisted on not doing anything they were always annoyed.

The main time that haunts me was at my college dorm room. I was 19 and they were 18 at this time.  It was hurting pretty bad and I tried to pull away but they just pushed my face into the pillow and kept going. I was afraid to use my safe word because I didn't want them to be mad at me. I said stop but I don't think they heard me. So I laid there and dissociated away, also crying silent tears, and waited till they gave up on finishing and then held me and didn't care that I was in pain. 

I know there are things I should've done differently. I should have safe worded consequences be damned. I should have ended the relationship when they cheated. I just need to ask so my mind will stop wondering. I have cptd and have been having flashbacks to some of these various scenes and i think getting closire on this question will hrlp me going forward. Was this sexual assault? ","1e20ma3 sexualassault I Have To Finally Ask Someone ihavetoask42 /r/sexualassault/comments/1e20ma3/i_have_to_finally_ask_someone/ I was in a relationship with my ex for almost 3 years before we broke up. I have a couple of instances I want to write out.
First, we had been long distance dating for just over a year and were 16 (them and a week from 17) and 18 (me), we were about a year and a half apart in age. I had always said I wanted to wait til we were married to sleep together and I thought they did too but we still talked about our fantasies and desires fairly often. One day I told them about one and they got really mad at me and said that if I didn't want to have sex I shouldn't talk about it to them. This was also about a month after I had found out they had been texting and sending nudes to several other girls because I wasn't doing enough for them in that department. (I was young, desperate for love, and know it should have ended there) So i said okay. The next time we would see each other would be for their birthday and I said I would have sex with them.

This became a pattern. We saw each other in person about once a month and it became expectation that we would have sex. Sometimes I said yes, sometimes I said yes and when I said stop or that it hurt they would tell me to just go a little longer. If they were mad, sex made them happier. When I forced them to stop or insisted on not doing anything they were always annoyed.

The main time that haunts me was at my college dorm room. I was 19 and they were 18 at this time.  It was hurting pretty bad and I tried to pull away but they just pushed my face into the pillow and kept going. I was afraid to use my safe word because I didn't want them to be mad at me. I said stop but I don't think they heard me. So I laid there and dissociated away, also crying silent tears, and waited till they gave up on finishing and then held me and didn't care that I was in pain. 

I know there are things I should've done differently. I should have safe worded consequences be damned. I should have ended the relationship when they cheated. I just need to ask so my mind will stop wondering. I have cptd and have been having flashbacks to some of these various scenes and i think getting closire on this question will hrlp me going forward. Was this sexual assault? ",ebp196@0,1,/r/sexualassault/comments/1e20ma3/i_have_to_finally_ask_someone/,ihavetoask42,Thank you. I'm sorry something similar has happened to you as well. It's helped knowing I'm not subconsciously trying to play the victim or something. Here's to healing :),This sounds so similar to what happened to me. This is absolutely SA. Sorry that happened to you.,1,No,No,No,Yes,Yes,No,No,Yes,No,No,No,No,Yes,Yes,No,No,Yes,No
15v25n8,sexualassault,I don’t know if I was sexually assaulted or not,"Additional Flairs: Rant, Need Advice, Was this Sexual Assault?

Hi, I am in desperate need of advice and help and I’ve never told anyone this because i feel so much shame and guilt.

I (16m) had several sexual experiences when I was 6 years old up until I was around 8 or 9. The sexual activity involved kissing and oral sex with me giving and receiving it. I don’t really know how it started but it was with a “family friend” who was 4 years older than me (so he would have been 10 when we first did it).

The issue is that I was reciprocal to the sexual activity and sometimes even initiated it which makes me feel so disgusted because what 6 year old does that? I also did not really know what sex was and the importance of it; I guess the only reason why I did not stop was because it “felt good”. I am also very disgusted with this “family friend” because the maturity and intellectual difference between a 6 and 10 year old is quite great and he continued to pursue sexual activity with me until he was around 12/13. This topic has never been brought up between us to this day.

Also, not only has this experience caused damage to my mental health but it has affected me physically because from the sexual activity, I received oral herpes and genital herpes from him which has ultimately hindered me from pursing relationships and plummeted my self esteem. There is not one day were I don’t think about what happened and think what if. I hate myself for giving me this life long disease that is so undesirable and disgusting.

I guess I am asking for advice on how to move forward with this. I cannot talk to family members because they are massively homophobic and I know there is no cure for herpes but is there some medication available that may treat symptoms? Also how do pursue romantic relationships in the future with this disease? 

Sorry for rambling and asking so many questions I really needed to get this off my chest after so many years of hiding it.","15v25n8 sexualassault I don’t know if I was sexually assaulted or not Throwaway-983762 /r/sexualassault/comments/15v25n8/i_dont_know_if_i_was_sexually_assaulted_or_not/ Additional Flairs: Rant, Need Advice, Was this Sexual Assault?

Hi, I am in desperate need of advice and help and I’ve never told anyone this because i feel so much shame and guilt.

I (16m) had several sexual experiences when I was 6 years old up until I was around 8 or 9. The sexual activity involved kissing and oral sex with me giving and receiving it. I don’t really know how it started but it was with a “family friend” who was 4 years older than me (so he would have been 10 when we first did it).

The issue is that I was reciprocal to the sexual activity and sometimes even initiated it which makes me feel so disgusted because what 6 year old does that? I also did not really know what sex was and the importance of it; I guess the only reason why I did not stop was because it “felt good”. I am also very disgusted with this “family friend” because the maturity and intellectual difference between a 6 and 10 year old is quite great and he continued to pursue sexual activity with me until he was around 12/13. This topic has never been brought up between us to this day.

Also, not only has this experience caused damage to my mental health but it has affected me physically because from the sexual activity, I received oral herpes and genital herpes from him which has ultimately hindered me from pursing relationships and plummeted my self esteem. There is not one day were I don’t think about what happened and think what if. I hate myself for giving me this life long disease that is so undesirable and disgusting.

I guess I am asking for advice on how to move forward with this. I cannot talk to family members because they are massively homophobic and I know there is no cure for herpes but is there some medication available that may treat symptoms? Also how do pursue romantic relationships in the future with this disease? 

Sorry for rambling and asking so many questions I really needed to get this off my chest after so many years of hiding it.",Bushrat47@0,1,/r/sexualassault/comments/15v25n8/i_dont_know_if_i_was_sexually_assaulted_or_not/,Throwaway-983762,thank you so much for taking the time to read this and im sorry you also have oral herpes,"First of all, sorry this happened to you. I don't have much advice to offer you in regards to your assault however i also have been diagnosed with HVS1 (oral herpes). I can tell you that this in no way should stop you from seeking out a relationship.
Over half of the world population has herpes, its so common and harmless that they don't usually test for it on routine STD screens. It is usually only tested if the patient request it and/complains of symptoms (outbreak). Personally I don't tell my sexual partners I have it. To answer the question about medication there is a pill called Famvir that if taken within 48 hours of an outbreak will subside symptoms. Hope this helps..",2,No,No,No,Yes,Yes,No,No,No,No,No,No,No,Yes,Yes,No,No,No,No
u56csg,rape,Help is this considered sexual assault,"Hi, I’m an 18F attending uni internationally in the UK.   This has been eating me alive because I received so many different blames and answers to this.  Basically, I moved here in august.  Being homeschooled my whole life, the clubbing / party thing was really new to me. 

I (think) I’ve been assaulted three times.  I say think, because I’ve never reported them since some people told me it’s not worth reporting 

My first experience was my first night at a flat party.  I met a guy who was friends with my flatmates.  He was really nice and neutral toward me, not creepy or flirty.  He wanted to do shots, so he gave me 3 to “test my limit” but he ended up doing one. Next thing I know, I wake up in the ambulance because they said I hit my head really hard.  I was found naked and unconscious in his flat.  I know this obviously sounds like assault, but here’s the thing.  He called the ambulance himself, seemed really worried for me, and told me that I consented and said yes when he asked if I wanted to have sex.  I have no memory of this, being blackout drunk and was still a virgin.  He was really drunk too, but not as drunk as me. 


Second experience was with another guy who lives in my building.  He wanted to talk to me about homework and get to know me as a fellow international student himself.  He said we’ll take a walk on campus, but changed his mind and convinced me to go with him to get food in town.  So we get food and walk back to the bus stop around 10pm.  He asks to kiss me and I hesitantly agree.  He starts kissing me but he begins to put his hands down my pants to squeeze my ass in public.  We finally get the bus, and he follows me to my floor and goes into my kitchen.  He keeps kissing and puts his hand inside my underwear and tries to rip off my top, shoving his tongue down my throat.  I kept laughing cuz I do this when I’m nervous and kept telling him I’m tired and I need to go to bed.  He keeps begging me to show him my room and I’m getting scared.  He eventually leaves, however he doesn’t think he did anything wrong and kept speaking to me like normal every day from then on.     


Third experience would be on Halloween a week later.  I’m at a Halloween party with my friends and they want to leave.  I stay to talk to a girl and she says she will walk me home because I am drunk.  She ends up disappearing for the night.  A guy approached me and scared off all the weirdos hitting on me, and he seems to be the only sober guy there.  He was absolutely not drunk.  He starts to walk me up but claims he needs to go pee in his room.  It’s raining so he brings me inside and I tell him I’ll wait outside his door but he insists on showing me his cool collectibles in his room.  I go in and wait and he comes out of the bathroom but locks his his bedroom door.  He starts to kiss me and I start laughing and saying I want to go home.  He says “5 more min” and 5 min passes where I let him kiss me.  He then says it’s raining too hard.  I am drunk and the campus is huge so I do not know how to get back on my own.  My phone is dead.  I refuse to take off my costume even though he gets mostly naked.  He pins me to the bed and turns out the light and I tell him I don’t want to have sex just kiss.  He left 9 hickeys on my neck and some were bleeding.  They hurt and I did not ask for hickeys.  I feel his penis suddenly insert me and I’m in shock as I told him no to sex 5 times.  I lie there and pretend to enjoy it and he eventually falls asleep.  I found out hes really popular on social media and it made me feel so small and like I would get harrassed or accused of lying.  I know this was a long time ago but I still have nightmares and confused as some people say it isn’t wrong if I was too scared to say no because they thought I wanted it","u56csg rape Help is this considered sexual assault WintryNymph /r/rape/comments/u56csg/help_is_this_considered_sexual_assault/ Hi, I’m an 18F attending uni internationally in the UK.   This has been eating me alive because I received so many different blames and answers to this.  Basically, I moved here in august.  Being homeschooled my whole life, the clubbing / party thing was really new to me. 

I (think) I’ve been assaulted three times.  I say think, because I’ve never reported them since some people told me it’s not worth reporting 

My first experience was my first night at a flat party.  I met a guy who was friends with my flatmates.  He was really nice and neutral toward me, not creepy or flirty.  He wanted to do shots, so he gave me 3 to “test my limit” but he ended up doing one. Next thing I know, I wake up in the ambulance because they said I hit my head really hard.  I was found naked and unconscious in his flat.  I know this obviously sounds like assault, but here’s the thing.  He called the ambulance himself, seemed really worried for me, and told me that I consented and said yes when he asked if I wanted to have sex.  I have no memory of this, being blackout drunk and was still a virgin.  He was really drunk too, but not as drunk as me. 


Second experience was with another guy who lives in my building.  He wanted to talk to me about homework and get to know me as a fellow international student himself.  He said we’ll take a walk on campus, but changed his mind and convinced me to go with him to get food in town.  So we get food and walk back to the bus stop around 10pm.  He asks to kiss me and I hesitantly agree.  He starts kissing me but he begins to put his hands down my pants to squeeze my ass in public.  We finally get the bus, and he follows me to my floor and goes into my kitchen.  He keeps kissing and puts his hand inside my underwear and tries to rip off my top, shoving his tongue down my throat.  I kept laughing cuz I do this when I’m nervous and kept telling him I’m tired and I need to go to bed.  He keeps begging me to show him my room and I’m getting scared.  He eventually leaves, however he doesn’t think he did anything wrong and kept speaking to me like normal every day from then on.     


Third experience would be on Halloween a week later.  I’m at a Halloween party with my friends and they want to leave.  I stay to talk to a girl and she says she will walk me home because I am drunk.  She ends up disappearing for the night.  A guy approached me and scared off all the weirdos hitting on me, and he seems to be the only sober guy there.  He was absolutely not drunk.  He starts to walk me up but claims he needs to go pee in his room.  It’s raining so he brings me inside and I tell him I’ll wait outside his door but he insists on showing me his cool collectibles in his room.  I go in and wait and he comes out of the bathroom but locks his his bedroom door.  He starts to kiss me and I start laughing and saying I want to go home.  He says “5 more min” and 5 min passes where I let him kiss me.  He then says it’s raining too hard.  I am drunk and the campus is huge so I do not know how to get back on my own.  My phone is dead.  I refuse to take off my costume even though he gets mostly naked.  He pins me to the bed and turns out the light and I tell him I don’t want to have sex just kiss.  He left 9 hickeys on my neck and some were bleeding.  They hurt and I did not ask for hickeys.  I feel his penis suddenly insert me and I’m in shock as I told him no to sex 5 times.  I lie there and pretend to enjoy it and he eventually falls asleep.  I found out hes really popular on social media and it made me feel so small and like I would get harrassed or accused of lying.  I know this was a long time ago but I still have nightmares and confused as some people say it isn’t wrong if I was too scared to say no because they thought I wanted it",[deleted]@0,1,/r/rape/comments/u56csg/help_is_this_considered_sexual_assault/,WintryNymph,?,All but the second one,1,Yes,No,No,No,No,No,No,No,No,Yes,No,No,No,No,No,No,No,No
1hmgd0r,SexualHarassment,is this worthy of seeking help over?,"i've been harassed/mildly assaulted a couple times in my life and i'm not sure if i'm actually traumatized from it? or if it's not a big deal and i just need to get over it. most of this stuff happened when i was 12-13. there was this one guy who'd corner me and chase me down and made weird comments towards me for a couple weeks. it freaked me out and i reported him to the school after he referred to me as looking like a ""sex doll."" still can't tell if he was mocking me back then or genuinely trying to ""flirt""...? my mom told me afterwards that even though what he did was sexual harassment, i wasn't supposed to go around telling people i was a ""victim of sexual harassment."" then i developed some weird obsessive crush on him for 7 months afterwards- i don't even know. but now when i hear things that remind me of him i get this panicky feeling in my chest? i remember almost having a panic attack reliving the memories when i tried to explain to one of his friends how he treated me and they didn't listen. i also had this one girl i was friends with grab my waist and feel down to my ass, telling me i had ""nice proportions."" i didn't think much of it then, since i was like 13, but it really disturbs me thinking back to it. i don't know if this is enough to try and talk to someone about, but i feel like it's had an impact on my relationship with my sexuality. then again i feel like i might just be being dramatic about it and it wasn't that bad.","1hmgd0r SexualHarassment is this worthy of seeking help over? Electronic_Jicama141 /r/SexualHarassment/comments/1hmgd0r/is_this_worthy_of_seeking_help_over/ i've been harassed/mildly assaulted a couple times in my life and i'm not sure if i'm actually traumatized from it? or if it's not a big deal and i just need to get over it. most of this stuff happened when i was 12-13. there was this one guy who'd corner me and chase me down and made weird comments towards me for a couple weeks. it freaked me out and i reported him to the school after he referred to me as looking like a ""sex doll."" still can't tell if he was mocking me back then or genuinely trying to ""flirt""...? my mom told me afterwards that even though what he did was sexual harassment, i wasn't supposed to go around telling people i was a ""victim of sexual harassment."" then i developed some weird obsessive crush on him for 7 months afterwards- i don't even know. but now when i hear things that remind me of him i get this panicky feeling in my chest? i remember almost having a panic attack reliving the memories when i tried to explain to one of his friends how he treated me and they didn't listen. i also had this one girl i was friends with grab my waist and feel down to my ass, telling me i had ""nice proportions."" i didn't think much of it then, since i was like 13, but it really disturbs me thinking back to it. i don't know if this is enough to try and talk to someone about, but i feel like it's had an impact on my relationship with my sexuality. then again i feel like i might just be being dramatic about it and it wasn't that bad.",Separate_Security472@0,1,/r/SexualHarassment/comments/1hmgd0r/is_this_worthy_of_seeking_help_over/,Electronic_Jicama141,my parents have always been anti “victim culture” or whatever that means. i don’t think she wanted me to be quiet abt it and forget it all together but more so “don’t play this out for attention”? i think?,I hate that your mom told you not to talk about it.  Talking about it is 100% how you work through it.,1,Yes,No,No,No,No,No,No,Yes,No,Yes,No,No,No,No,No,No,Yes,No