post_id,subreddit,title,body,combined_text,parent_id,depth,permalink,comment_author,comment_body,parent_comment,comment_score,Question,Answer,Announcement,Agreement,Appreciation,Disagreement,Negative Reaction,Elaboration,Humor
1f5ufsj,sexualassault,Am I justified in thinking this was assualt?,"Alright so for context, I'm a dude but a trans one. I'm out fully, have been for years, everyone treats me like a guy, I'm known as a guy at uni, I make sure that I ""act"" and look like a guy (sometimes to the expense of my own personality lol) so basically in all contexts everyone sees me as one including all my (now ex) flatmates. This included one of my flatmares,  I'll call him Lewis, who up until January saw me as a dude and we were just mates. I actually was pretty stoked to have him as a friend and i thought he was awesome. Then around Jan he starts out of literally no where misgendering me whereas he hadn't before. It started off as jokes like we were joking about being old and he called me a old granny but I didn't really take it personally at that point. But then he straight up starting treating me like a woman. he's introduced me as a girl, he'd use the wrong pronouns, he found out my old name from my bank card (I told him not to look) and starting boasting about it. Also around this time, he started making ""jokes"" about us dating and the most painfully awkward one was that we went to go get burritos and he said, all seriousness ""this is a nice little date we're on"" and I just kinda died of the cringe and gave him a little bit of a cold shoulder for the next few days but then I just kinda let it go. 

Fast forward to March, Me, Lewis and my friend Ann went clubbing and we all drunk having a good time just literally being mates. Not once did I say ANYTHING flirty or anything we were just goofing around it was fun. Then at some point during the night, Ann goes to the bathroom and me and Lewis sit at a booth. We are talking about, again nothing flirty, just literally laughing about something that happened that night he starts rubbing his hand across my thigh and I just freeze. Its so dumb because I probably could have told him to stop but I didn't for some reason I just froze. And he didnt really touch me anywhere super weird but he did like squeeze my inner thigh which just made me feel a bit gross to be honest. He stopped eventually, or I think I made some move to angle myself away from him and honestly for the rest of the night I just consciously forgot about it. But the days following I felt horrible, then I convinced myself it wasn't a big deal but as time went on I was just so mad about it cause I figured he had started to misgender me and stuff because he suddenly starting liking me but isnt comfortable of the idea of getting with a guy ( I don't even think be liked me tbh, he talks ALL THE TIME about how he can never get women and he just figured he'd try me cause I was there essentially) 

I was mad about it cause it made things awkward and I felt so bit used but I didn't really think it was assualt as such until I heard through the grapevine that he has a bit of a pattern of being creepy around women when he's drunk and now I'm thinking about how scared I was during it (that might be dumb) and I keep going to be like ""oh this wasn't assault it wasn't that bad"" but if any of my friends ever told me a similar story, I'd probably say it's assualt but I'm so anxious about this now. I keep thinking about it, I'm scared cause I gotta see him at campus when I go back to uni and honestly I'm just feeling super shitty about this. 


Sorry this is so long, I haven't really talked about this in front of anyone and I can't really say I've been assualted (if it's that) and I know it wanst that bad but this whole thing is making me so gross and horrible. ","1f5ufsj sexualassault Am I justified in thinking this was assualt? thesneakyslug /r/sexualassault/comments/1f5ufsj/am_i_justified_in_thinking_this_was_assualt/ Alright so for context, I'm a dude but a trans one. I'm out fully, have been for years, everyone treats me like a guy, I'm known as a guy at uni, I make sure that I ""act"" and look like a guy (sometimes to the expense of my own personality lol) so basically in all contexts everyone sees me as one including all my (now ex) flatmates. This included one of my flatmares,  I'll call him Lewis, who up until January saw me as a dude and we were just mates. I actually was pretty stoked to have him as a friend and i thought he was awesome. Then around Jan he starts out of literally no where misgendering me whereas he hadn't before. It started off as jokes like we were joking about being old and he called me a old granny but I didn't really take it personally at that point. But then he straight up starting treating me like a woman. he's introduced me as a girl, he'd use the wrong pronouns, he found out my old name from my bank card (I told him not to look) and starting boasting about it. Also around this time, he started making ""jokes"" about us dating and the most painfully awkward one was that we went to go get burritos and he said, all seriousness ""this is a nice little date we're on"" and I just kinda died of the cringe and gave him a little bit of a cold shoulder for the next few days but then I just kinda let it go. 

Fast forward to March, Me, Lewis and my friend Ann went clubbing and we all drunk having a good time just literally being mates. Not once did I say ANYTHING flirty or anything we were just goofing around it was fun. Then at some point during the night, Ann goes to the bathroom and me and Lewis sit at a booth. We are talking about, again nothing flirty, just literally laughing about something that happened that night he starts rubbing his hand across my thigh and I just freeze. Its so dumb because I probably could have told him to stop but I didn't for some reason I just froze. And he didnt really touch me anywhere super weird but he did like squeeze my inner thigh which just made me feel a bit gross to be honest. He stopped eventually, or I think I made some move to angle myself away from him and honestly for the rest of the night I just consciously forgot about it. But the days following I felt horrible, then I convinced myself it wasn't a big deal but as time went on I was just so mad about it cause I figured he had started to misgender me and stuff because he suddenly starting liking me but isnt comfortable of the idea of getting with a guy ( I don't even think be liked me tbh, he talks ALL THE TIME about how he can never get women and he just figured he'd try me cause I was there essentially) 

I was mad about it cause it made things awkward and I felt so bit used but I didn't really think it was assualt as such until I heard through the grapevine that he has a bit of a pattern of being creepy around women when he's drunk and now I'm thinking about how scared I was during it (that might be dumb) and I keep going to be like ""oh this wasn't assault it wasn't that bad"" but if any of my friends ever told me a similar story, I'd probably say it's assualt but I'm so anxious about this now. I keep thinking about it, I'm scared cause I gotta see him at campus when I go back to uni and honestly I'm just feeling super shitty about this. 


Sorry this is so long, I haven't really talked about this in front of anyone and I can't really say I've been assualted (if it's that) and I know it wanst that bad but this whole thing is making me so gross and horrible. ",leighahasdisease@2,3,/r/sexualassault/comments/1f5ufsj/am_i_justified_in_thinking_this_was_assualt/,thesneakyslug,"To be fair when you put it like that, I feel a bit more fair in feeling uncomfortable with it. Thank u again for commenting","yeah i’m not sure if the thigh incident is considered SA legally (it might be i’m not sure), but it sounds like if you hadn’t taken distance away from this person something bad could’ve happened, and it’s okay to feel gross about what happened. i am a cis woman, so it’s very different but imagine if someone just started referring to me as a man and sexualizing me as a gender i’m not? doesn’t make any sense. super sorry again and maybe try therapy if u can !!",1,No,No,No,Yes,Yes,No,No,No,No
1dlgagn,sexualassault,Was this SA?,"I need a bit of reassurance or confirmation.
Self-blame, inner criticism is my biggest challenge. If it’s possible, I'd really appreciate if anyone who feels able to, tell me honestly whether you see this as assault. I just need to hear it from someone else so I feel less crazy on my bad days, and so when I'm doubting and blaming myself I can come back to this and see it as confirmation. 

Few years ago I went on a date via dating app. It was awkward but okay I guess. I drove her home as things winded down, I went in just for a quick, goodnight first kiss on the lips. She blind-sided me by reaching over the arm rest barrier of the car and very intensely aggressively making out with me and slobbering and kissing all over me in a very sexually charged manner. But I touched her breasts and that’s when she pulled away and 

Since then, I’ve been struggling with a lot of inner criticism and I have a lot of repressed self blame because I didn’t tell her to stop, I just went with it. I put her hand on my genitals since she forced herself upon me and I remember touching her breasts but then she pulled away I even asked if she wanted to have sex, to which she replied, “No.” I didn’t want to hookup at the first date, I wanted to prioritize having an emotional connection, but it all happened so fast and I felt like I didn’t have a chance to think clearly. So I feel a lot of shame and guilt that I didn’t act in alignment with my moral values when navigating sex and intimacy. My OCD has convinced me that I was the gross predator in that situation.

My therapist has tried to reassure me that it was in the heat of the moment, I shouldn’t think about how much blame to ascribe to me. It was  a miscommunication where I felt no other choice but to reciprocate her level of intensity. And then my few girl friends who work in advocacy have told me that they’ve all had similar experiences in which they felt obliged to have hook up and have sex with partners. 

No matter how hard I try to reassure and reframe the situation, I just feel like I’m lying to myself.","1dlgagn sexualassault Was this SA? Ok_Needleworker_4950 /r/sexualassault/comments/1dlgagn/was_this_sa/ I need a bit of reassurance or confirmation.
Self-blame, inner criticism is my biggest challenge. If it’s possible, I'd really appreciate if anyone who feels able to, tell me honestly whether you see this as assault. I just need to hear it from someone else so I feel less crazy on my bad days, and so when I'm doubting and blaming myself I can come back to this and see it as confirmation. 

Few years ago I went on a date via dating app. It was awkward but okay I guess. I drove her home as things winded down, I went in just for a quick, goodnight first kiss on the lips. She blind-sided me by reaching over the arm rest barrier of the car and very intensely aggressively making out with me and slobbering and kissing all over me in a very sexually charged manner. But I touched her breasts and that’s when she pulled away and 

Since then, I’ve been struggling with a lot of inner criticism and I have a lot of repressed self blame because I didn’t tell her to stop, I just went with it. I put her hand on my genitals since she forced herself upon me and I remember touching her breasts but then she pulled away I even asked if she wanted to have sex, to which she replied, “No.” I didn’t want to hookup at the first date, I wanted to prioritize having an emotional connection, but it all happened so fast and I felt like I didn’t have a chance to think clearly. So I feel a lot of shame and guilt that I didn’t act in alignment with my moral values when navigating sex and intimacy. My OCD has convinced me that I was the gross predator in that situation.

My therapist has tried to reassure me that it was in the heat of the moment, I shouldn’t think about how much blame to ascribe to me. It was  a miscommunication where I felt no other choice but to reciprocate her level of intensity. And then my few girl friends who work in advocacy have told me that they’ve all had similar experiences in which they felt obliged to have hook up and have sex with partners. 

No matter how hard I try to reassure and reframe the situation, I just feel like I’m lying to myself.",[deleted]@0,1,/r/sexualassault/comments/1dlgagn/was_this_sa/,Ok_Needleworker_4950,"I just remember touching her twice, and she pulled away and then it all just sorta...stopped. I think I realized what was happening. We said goodbye and that was that. I blocked her on everything but I remember having a panic attack at home because I was in so much shock at what had just happened. I think I could say it was the single worst moment of my life.","So, as someone with OCD, compulsive reassurance seeking is something I also do. To me, it sounds like you were just reacting to the level of intensity she went in with. As long as you didn't pressure her after she said no or continue touching her after she pulled away, I don't think you've done anything wrong. I don't have really any experience with (consensual) things of this nature, but from hearing people talk about what you're supposed to do, it seems like you reacted to what you perceived she wanted, and then you stopped once she established she didn't want it to go any further. There is absolutely nothing wrong with that. OCD is a liar. ",1,No,No,No,No,No,No,Yes,Yes,No
sibo6b,sexualassault,Was this SA,"⚠️Trigger Warning⚠️ possible sexual assault/ harassment




So I’m nonbinary/ trans masculine (female at birth) and I wear trans tape to help with my top dysphoria. The tape has a really strongly adhesive and it takes a while to take it off since it needs to sit drenched in oil, etc…. Anyways, one of my best friends as the time knew I kept getting hurt pulling it off to soon and so he offered to help me. I said yes because we were close or so I thought. After talking to one of our other friends recently I’ve been learning that he was actually extremely transphobic. Me and this friend haven’t talked in months now, and something just hasn’t been sitting right with me. I always thought he genuinely was my friend and wanted to help me so I wouldn’t get hurt, but now I’m not so sure. Was he using me? 
For more context for anyone who doesn’t really understand the process of taking this off, there is a lot of touching, holding, etc…. to get everything to soak in and then there is quite a bit of time where I would have nothing covering my chest at all. I thought nothing of it at the time, but it just feels like he was using me now. Like he violated me. He never forced me though, so I really don’t know what to think anymore. Maybe it’s just me feeling like this in light of finding out how transphobic he was. Cause if he doesn’t believe that people can be trans or whatever then he beloved and felt that I was as girl through this whole process. And that alone makes me feel gross. I just need some help to figure out if this was something or not.","sibo6b sexualassault Was this SA Mean-Bend4286 /r/sexualassault/comments/sibo6b/was_this_sa/ ⚠️Trigger Warning⚠️ possible sexual assault/ harassment




So I’m nonbinary/ trans masculine (female at birth) and I wear trans tape to help with my top dysphoria. The tape has a really strongly adhesive and it takes a while to take it off since it needs to sit drenched in oil, etc…. Anyways, one of my best friends as the time knew I kept getting hurt pulling it off to soon and so he offered to help me. I said yes because we were close or so I thought. After talking to one of our other friends recently I’ve been learning that he was actually extremely transphobic. Me and this friend haven’t talked in months now, and something just hasn’t been sitting right with me. I always thought he genuinely was my friend and wanted to help me so I wouldn’t get hurt, but now I’m not so sure. Was he using me? 
For more context for anyone who doesn’t really understand the process of taking this off, there is a lot of touching, holding, etc…. to get everything to soak in and then there is quite a bit of time where I would have nothing covering my chest at all. I thought nothing of it at the time, but it just feels like he was using me now. Like he violated me. He never forced me though, so I really don’t know what to think anymore. Maybe it’s just me feeling like this in light of finding out how transphobic he was. Cause if he doesn’t believe that people can be trans or whatever then he beloved and felt that I was as girl through this whole process. And that alone makes me feel gross. I just need some help to figure out if this was something or not.",Broken_doll4@0,1,/r/sexualassault/comments/sibo6b/was_this_sa/,Mean-Bend4286,"Well being the friend who said he’s transphobic is also trans and after thinking about it I remember some backhand comments he has said to him before, and then also the friends who possibly “helping me” completely walked out of my life with no explanation 6 months ago I really don’t know. And the friend who was talking to me hasn’t talked to this other friend in a long while now and doesn’t even know about this stuff going on.

Edit: to be fair, I’m pretty disconnected from my chest, because to me it feels it doesn’t belong there. But it’s also something that makes me really insecure and not comfortable in my own skin. So the fact that I trusted him and he might have taken advantage of me is just a lot to process and is hurting me. And not knowing if he was trying to take advantage of me is making me second guess myself a lot and how I trust people now.","`After talking to one of our other friends recently I’ve been learning that he was actually extremely transphobic.`

You are assuming alot of stuff here . Just bc he might be with other people ( transphobic) he mighten be with you and genuinely might of just been  helping you ( or he mighten even be at all ) . It is very hard to know definitely ( unless you hear it yourself or see it yourself ) don't just blindly trust others say  . And just bc your other friends say he is -&gt;( ask yourself  are they for real ?).  Otherwise this is assuming what you are NOT sure of for REAL.

You only felt weird after ( your so called friends said this ) it mighten even be true? Who knows ?? Or yes it might have been a weird thing for him to do . Maybe best not to ask him to help again with you . To be on the safe side. But remember be carful always trusting what others say &amp; do sometimes people ( yes do pretend ) what they are not eg- a friend. ( maybe they don't like him &amp; this was a way to get rid of him from their life).

`Anyways, one of my best friends as the time knew I kept getting hurt pulling it off to soon and so he offered to help me. I said yes because we were close or so I thought.`

He may actually was just helping you bc saw you were having issues. Or yes it might have a been more . But don't assume to know the answers though . You would have to ask  him outright , or over hear him actually saying something about stuff like that . Remember hear say is dangerous ( it may not be correct or it may actually be a pack of lies). Sorry people can and do lie around others , just to cause issues also . So do be carful once an accusation is out (it cannot be taken back ) . And there is a risk that someone might be throwing crap on another person when not warranted.

`Me and this friend haven’t talked in months now, and something just hasn’t been sitting right with me.`

Ask your friends did they say something to him ? They might have planned to get rid of him from your life. Or yes he might have been upset by what occurred btw you both . Hard again to know. The only way would be to ask around and ask him what might have occurred . Keep a open mind until maybe some answers come up for you about it all.

`Was he using me? For more context for anyone who doesn’t really understand the process of taking this off, there is a lot of touching, holding, etc`

There are many things that might have gone through his mind also ( maybe he did get abit aroused by it being near you ) . Which made him feel like a perv then . And felt horrible that he did . Hense why he didn't / hasn't contacted you bc of it .  He yes might have found himself liking you instead of ( being upset / not liking it ) by seeing your breasts ( and was embarrassed by it ) not sure of how to cope with liking it . As most people yes wouldn't wouldn't want ot hang out with someone they didn't like usually. So he did hang with you often ( you were close ) before all this happenend . Then seeing your semi-naked made him feel weird . Bc he did get yes abit aroused by it maybe even ?",1,No,No,No,No,No,No,Yes,Yes,No
v46huz,sexualassault,I don't understand why I kept seeing my abuser for so long.,"So, I was sexually assaulted and raped multiple times by a former friend of mine. His girlfriend used to invite me over and I felt like I couldn't say no to her because of what was happening with her boyfriend -I was feeling guilty and ashamed, even though I wasn't even interested in him and had expressed my disinterest to him already.

I didn't consent to her boyfriend sending me very explicit text messages as well as very explicit pictures. He pressured me into giving him oral and I eventually gave in because it was too much for me and me saying ""No."" never even worked anyway.

Now, the thing is, this lasted for months. His girlfriend would invite me over on weekends and almost every weekend, the same cycle would repeat itself. She would go to bed early and I would find myself alone with her boyfriend. That's when it mostly happened.

I have a hard time defining consent because I have a very hard time saying no. I'm a people pleaser but I'm working on improving myself for my own safety.
I just feel so stupid because I kept coming over to their house only because I felt like I couldn't say no to either of them. The girlfriend was going through a tough time and I wanted to be here for her as much as I could but it also meant I had to endure assaults and rapes almost every weekend during ten months from her boyfriend.

In a way, I was almost ""scared"" he would stop doing these horrible things to me because I knew that once it would end, it meant that I would have to realize he had indeed assaulted and raped me and I didn't want to be a victim. I didn't even feel like one for a long time until it took a toll on my mental health and well-being.

I don't know if anyone has figured it out yet but why do victims stay or come back to their abusers?

I know there were countless of ways I could have put an end to that -and I eventually did and even reported him to the police- but I wish I had done it sooner...","v46huz sexualassault I don't understand why I kept seeing my abuser for so long. _Lea-n-der_ /r/sexualassault/comments/v46huz/i_dont_understand_why_i_kept_seeing_my_abuser_for/ So, I was sexually assaulted and raped multiple times by a former friend of mine. His girlfriend used to invite me over and I felt like I couldn't say no to her because of what was happening with her boyfriend -I was feeling guilty and ashamed, even though I wasn't even interested in him and had expressed my disinterest to him already.

I didn't consent to her boyfriend sending me very explicit text messages as well as very explicit pictures. He pressured me into giving him oral and I eventually gave in because it was too much for me and me saying ""No."" never even worked anyway.

Now, the thing is, this lasted for months. His girlfriend would invite me over on weekends and almost every weekend, the same cycle would repeat itself. She would go to bed early and I would find myself alone with her boyfriend. That's when it mostly happened.

I have a hard time defining consent because I have a very hard time saying no. I'm a people pleaser but I'm working on improving myself for my own safety.
I just feel so stupid because I kept coming over to their house only because I felt like I couldn't say no to either of them. The girlfriend was going through a tough time and I wanted to be here for her as much as I could but it also meant I had to endure assaults and rapes almost every weekend during ten months from her boyfriend.

In a way, I was almost ""scared"" he would stop doing these horrible things to me because I knew that once it would end, it meant that I would have to realize he had indeed assaulted and raped me and I didn't want to be a victim. I didn't even feel like one for a long time until it took a toll on my mental health and well-being.

I don't know if anyone has figured it out yet but why do victims stay or come back to their abusers?

I know there were countless of ways I could have put an end to that -and I eventually did and even reported him to the police- but I wish I had done it sooner...",kilo_jule@0,1,/r/sexualassault/comments/v46huz/i_dont_understand_why_i_kept_seeing_my_abuser_for/,_Lea-n-der_,"Thank you so much for sharing your story as well. I'm so sorry it's happened to you too.

It seems so very unbelievable when the people we thought we knew -and trusted to be our friends- do such things to us. I was so scared people would accuse me of continuing to talk/see my rapist for so long (and some did shame me) but that's the thing, you feel lost, confused, you don't know what to do and believing someone so close to you is capable of doing such things feels surreal. I think I tried to make myself believe he actually loved and cared about me in some way because it made things more bearable for a while.

Thank you again and I hope you're doing better.","similar sitch - one of my abusers was my childhood best friend, he assaulted me many times all through hs, just gently ""pushing"" the envelope - harassing me, groping me, and commenting about my body. he later actually drugged and raped me. 

tldr; I also asked myself why I stuck around for so long - part of it was shock and not knowing what to do, another part was not wanting to believe someone I trusted would do this to me.",3,No,No,No,Yes,Yes,No,Yes,Yes,No
13rra5l,sexualassault,I need clarification and help,"Hi everyone,   
I find myself in a challenging situation and would greatly appreciate your advice and insights. Recently, during a class (high school), a classmate was friends with crossed a line by inappropriately touching my private parts over my clothes despite my clear vocal disagreement. Some of my other friends and classmates saw it happening and came to me afterwards.  
Given these circumstances, I'm seeking clarification from this community regarding whether this incident can be considered sexual assault. Furthermore, I'm wondering if it would be appropriate for me to press charges in this situation.  I'm really lost at this point and it won't leave my mind  
Thank you sincerely for taking the time to read and respond.","13rra5l sexualassault I need clarification and help Somone_101 /r/sexualassault/comments/13rra5l/i_need_clarification_and_help/ Hi everyone,   
I find myself in a challenging situation and would greatly appreciate your advice and insights. Recently, during a class (high school), a classmate was friends with crossed a line by inappropriately touching my private parts over my clothes despite my clear vocal disagreement. Some of my other friends and classmates saw it happening and came to me afterwards.  
Given these circumstances, I'm seeking clarification from this community regarding whether this incident can be considered sexual assault. Furthermore, I'm wondering if it would be appropriate for me to press charges in this situation.  I'm really lost at this point and it won't leave my mind  
Thank you sincerely for taking the time to read and respond.",spicycupcake99@0,1,/r/sexualassault/comments/13rra5l/i_need_clarification_and_help/,Somone_101,thank you for your help,"That is 100% SA and yoy need to report it. Even if nothing comes of it you reported it so ots in the system it's recorded. Noone can say ""well you didn't say anything back when it happened so did it really happen?""",1,No,No,No,No,Yes,No,No,No,No
nvn3j6,sexualassault,So…I think my old friend assaulted her BF?,"I recently got back in touch with my old best friend and she changed a lot. But through that, I got her bfs number. Their relationship seemed toxic from the start. She yelled at him and he was literally afraid to stand up for himself. Once he said he missed her and she said “not my problem.”. Anyway we got to talking about consent and I was concerned because he said he was afraid to tell her when he didn’t wanna make out so he just went along with it. I told him his no should be respected and he said “about that…” and then told me that sometimes when he says he just wants to cuddle, she ignores it. He said she didn’t rip his clothes off or anything and maybe he was just too quiet but that sounds like excuses I would have made after my assault. She used to be such a good person. Is this SA?","nvn3j6 sexualassault So…I think my old friend assaulted her BF? Weirdpunkcauseican /r/sexualassault/comments/nvn3j6/soi_think_my_old_friend_assaulted_her_bf/ I recently got back in touch with my old best friend and she changed a lot. But through that, I got her bfs number. Their relationship seemed toxic from the start. She yelled at him and he was literally afraid to stand up for himself. Once he said he missed her and she said “not my problem.”. Anyway we got to talking about consent and I was concerned because he said he was afraid to tell her when he didn’t wanna make out so he just went along with it. I told him his no should be respected and he said “about that…” and then told me that sometimes when he says he just wants to cuddle, she ignores it. He said she didn’t rip his clothes off or anything and maybe he was just too quiet but that sounds like excuses I would have made after my assault. She used to be such a good person. Is this SA?",TuffyManzer@0,1,/r/sexualassault/comments/nvn3j6/soi_think_my_old_friend_assaulted_her_bf/,Weirdpunkcauseican,"Damn it. But yeah he talked about it the same way i talked about my r*pist. He seems in too deep, do you think I should try to warn him?",Unfortunately yes it is. He sounds like the old me and is afraid of confrontation. It sounds like your friend was tired of the relationship and wanted out or wanted him to change and be more assertive,3,Yes,No,No,No,No,No,No,Yes,No
oglu9l,sexualassault,Coming to Terms,"A couple of years ago, I was dating this guy. We had such a great texting relationship. Talked everyday, all day. I liked the person he was over the phone. But, I had this feeling that something was off. In person, it was different. He was more quiet and it felt awkward but I just thought maybe he is shy? After we would hang out for a little bit, he would want to start hooking up. I was okay with it but thought it was kind of odd? I have not had a lot of sexual experiences and if I did, it was someone I was dating or in a serious relationship with. When we would hang out, I kept wondering why couldn’t we just talk and if it mutually leads to that then okay? But it felt like it wasn’t 30 minutes into us hanging out, he was tryin
g to make out. He was always the initiator. Keep in mind, we only ever went to one public outing. The rest was always at my place or his. He definitely strung me along and I was low on his priority list. But, at the time, I had little to no self worth. I thought I deserved it or I could make excuses for it. I didn’t feel confident in the relationship. He started becoming more distant and I kept holding on. Thinking maybe it could work. But I still had that feeling that something was off. That this isn’t what a relationship should be. I was too insecure at the time to trust myself. 

We were suppose to hang out the day after thanksgiving. An hour before, he tried to bail. He wanted to go hang with his cousins. I was crushed. Then, he said I could come over to hang out before he left. Deep down, I knew better but I still went over. He was leaving crumbs and I was taking them. When I got over, none of his roommates where there so I thought we would hang out in the living room. Nope. He took me straight upstairs to his room. We were laying on his bed and I was trying to make small talk. I thought we could watch a movie. He wasn’t saying much. But just enough to keep me there. I felt uncomfortable but thought I was overreacting. He started making out with me. Not romantic at all like he was getting what was “his”. It felt kind of forced. I went along with it. I loved to makeout and it wasn’t unusual but I felt that this time it was different. Clothes started to come off. But, I didn’t want to do more than that. I wanted to actually hang out with him and get to know him more. He tried to go down on me and take my underwear off. I quickly put my hand there to stop him. Both hands. He said “sorry” and then continued to perform oral on me with my underwear still on. He just pushed it to the side. I was confused and numb. I didn’t know what to do. I just let it happen thinking well maybe I want this? I had to keep rationing with myself because I thought if I stopped, he would get mad at me and make me leave. He performed oral a couple of times. Never once asking me if he could. He didn’t speak to me the entire time. Never asking if it was okay. Just doing what he wanted. I didn’t do much to him. I was just uncomfortable and confused by everything. At one point, he inserted his fingers in me. Actually, he forced them. It hurt so bad. The whole situation felt forced. No talking. No stopping. He wanted to get what he wanted out of it. After he was “done”, he got up and got ready. Barley talking to me. Basically rushed me out of his house to go hang with his cousins. It was like well, I got what I wanted so I’m done with you. I felt gross. The drive home, I cried the entire way. I felt used, disrespected and humiliated. But, at the same time I didn’t know why I was crying? I wanted this? Right? I went over there. I didn’t say no? But I didn’t say yes either. I also put my hands to stop and he ignored it. 

I didn’t talk to him that entire weekend. I kept ignoring him.  I didn’t understand why I didn’t want to talk to him? But something made me want nothing to do with him. I was in such denial. He asked me if I was mad at him after a couple of days  and I said that I didn’t think this was going to work. Sent this long text and said I felt used. He said that I was cool coming over there first. I told him I didn’t feel right about the situation. He said, “okay sorry.” And that was it. 

The few months after, I drank a lot. I would drink to numb it all out. It was getting to the point, I would drink to blackout. I would then have suicidal thoughts. The sad thing is, I would still try to talk  and reach out to him. I guess trying to make sense of it all? Or make it all seem okay. Thinking that it could help. I finally stopped after a while. I had this uneasy feeling and just wanted nothing to do with him. I was confused about my feelings towards him.

A couple of months later, I had a full blown mental breakdown. It was a lot of other things building up but that was the breaking point. I haven’t touched, kissed or dated anyone since him. I thought for so long something was wrong with me. I felt numb and closed off to all feelings towards sex and relationships. It took me two years and countless of other women’s stories to realize that what happened that night was not consensual. He never once asked me if it was okay, if I was okay, if this is what I wanted. He only cared about himself. He forced all of that on me. Taking my vulnerability and my care for him and using it for his own advantage. I’m still processing the hurt it caused me. Doubting myself and thinking I asked for it. Or it wasn’t a big deal. I will say, that situation, taught me the value of my self worth. I am going to therapy and working on the trauma it caused. I am working on realizing that it was not consensual. That how I acted was a way to survive and protect myself. That the numbness, confusion, guilt and denial are normal. I am working on realizing it wasn’t my fault. And how I deserved so much better. How there is a guy out there who will love and respect me. And not be a selfish asshole. And how consent in a relationship, is the most important things for BOTH people involved.","oglu9l sexualassault Coming to Terms hmsmith6 /r/sexualassault/comments/oglu9l/coming_to_terms/ A couple of years ago, I was dating this guy. We had such a great texting relationship. Talked everyday, all day. I liked the person he was over the phone. But, I had this feeling that something was off. In person, it was different. He was more quiet and it felt awkward but I just thought maybe he is shy? After we would hang out for a little bit, he would want to start hooking up. I was okay with it but thought it was kind of odd? I have not had a lot of sexual experiences and if I did, it was someone I was dating or in a serious relationship with. When we would hang out, I kept wondering why couldn’t we just talk and if it mutually leads to that then okay? But it felt like it wasn’t 30 minutes into us hanging out, he was tryin
g to make out. He was always the initiator. Keep in mind, we only ever went to one public outing. The rest was always at my place or his. He definitely strung me along and I was low on his priority list. But, at the time, I had little to no self worth. I thought I deserved it or I could make excuses for it. I didn’t feel confident in the relationship. He started becoming more distant and I kept holding on. Thinking maybe it could work. But I still had that feeling that something was off. That this isn’t what a relationship should be. I was too insecure at the time to trust myself. 

We were suppose to hang out the day after thanksgiving. An hour before, he tried to bail. He wanted to go hang with his cousins. I was crushed. Then, he said I could come over to hang out before he left. Deep down, I knew better but I still went over. He was leaving crumbs and I was taking them. When I got over, none of his roommates where there so I thought we would hang out in the living room. Nope. He took me straight upstairs to his room. We were laying on his bed and I was trying to make small talk. I thought we could watch a movie. He wasn’t saying much. But just enough to keep me there. I felt uncomfortable but thought I was overreacting. He started making out with me. Not romantic at all like he was getting what was “his”. It felt kind of forced. I went along with it. I loved to makeout and it wasn’t unusual but I felt that this time it was different. Clothes started to come off. But, I didn’t want to do more than that. I wanted to actually hang out with him and get to know him more. He tried to go down on me and take my underwear off. I quickly put my hand there to stop him. Both hands. He said “sorry” and then continued to perform oral on me with my underwear still on. He just pushed it to the side. I was confused and numb. I didn’t know what to do. I just let it happen thinking well maybe I want this? I had to keep rationing with myself because I thought if I stopped, he would get mad at me and make me leave. He performed oral a couple of times. Never once asking me if he could. He didn’t speak to me the entire time. Never asking if it was okay. Just doing what he wanted. I didn’t do much to him. I was just uncomfortable and confused by everything. At one point, he inserted his fingers in me. Actually, he forced them. It hurt so bad. The whole situation felt forced. No talking. No stopping. He wanted to get what he wanted out of it. After he was “done”, he got up and got ready. Barley talking to me. Basically rushed me out of his house to go hang with his cousins. It was like well, I got what I wanted so I’m done with you. I felt gross. The drive home, I cried the entire way. I felt used, disrespected and humiliated. But, at the same time I didn’t know why I was crying? I wanted this? Right? I went over there. I didn’t say no? But I didn’t say yes either. I also put my hands to stop and he ignored it. 

I didn’t talk to him that entire weekend. I kept ignoring him.  I didn’t understand why I didn’t want to talk to him? But something made me want nothing to do with him. I was in such denial. He asked me if I was mad at him after a couple of days  and I said that I didn’t think this was going to work. Sent this long text and said I felt used. He said that I was cool coming over there first. I told him I didn’t feel right about the situation. He said, “okay sorry.” And that was it. 

The few months after, I drank a lot. I would drink to numb it all out. It was getting to the point, I would drink to blackout. I would then have suicidal thoughts. The sad thing is, I would still try to talk  and reach out to him. I guess trying to make sense of it all? Or make it all seem okay. Thinking that it could help. I finally stopped after a while. I had this uneasy feeling and just wanted nothing to do with him. I was confused about my feelings towards him.

A couple of months later, I had a full blown mental breakdown. It was a lot of other things building up but that was the breaking point. I haven’t touched, kissed or dated anyone since him. I thought for so long something was wrong with me. I felt numb and closed off to all feelings towards sex and relationships. It took me two years and countless of other women’s stories to realize that what happened that night was not consensual. He never once asked me if it was okay, if I was okay, if this is what I wanted. He only cared about himself. He forced all of that on me. Taking my vulnerability and my care for him and using it for his own advantage. I’m still processing the hurt it caused me. Doubting myself and thinking I asked for it. Or it wasn’t a big deal. I will say, that situation, taught me the value of my self worth. I am going to therapy and working on the trauma it caused. I am working on realizing that it was not consensual. That how I acted was a way to survive and protect myself. That the numbness, confusion, guilt and denial are normal. I am working on realizing it wasn’t my fault. And how I deserved so much better. How there is a guy out there who will love and respect me. And not be a selfish asshole. And how consent in a relationship, is the most important things for BOTH people involved.",sumrlovr@0,1,/r/sexualassault/comments/oglu9l/coming_to_terms/,hmsmith6,Thank you so much for your support. I am very sorry that you went through something similar. It is very tough to process but we will get there! Sending you all the support and wishing you the best!,"i went through the freezing thing also. i told myself that i wanted it since i didn’t fight him. i sadly feel for you on this one and i am so sorry that you went through smthng so terrible. i wish people understand the depth of their actions and how it affects us every single day until we learn to cope (if we do). thank you for sharing your story, i truly wish the best for you.",1,No,No,No,Yes,Yes,No,No,No,No
1hi5vkl,rape,I feel like I’m overreacting,"My R word wasn’t “that bad”, I was R three times by different people, but I feel like I was just stupid. 
The first time is when I lost my virginity, but the abuser was a girl (well, it was a trans man at the time) I told her to stop, I tried getting away, nothing would work… she was also my best friend.
The second time the man tricked me, he told me we would go on a date but he stopped on an empty road and did it, the thing is: I was clearly uncomfortable and afraid but I didn’t say no, I’m fact I didn’t say anything.
The third time the man kept insisting in having sex with me at the mall, but I kept saying no and no and no, but he just wouldn’t stop. I just know that I began to get so scared and so uncomfortable that I gave up, I cried a lot later bc he knew I didn’t want it and I told him so.
To be honest I feel like none of these times were R word, I feel like I was just a stupid sl*t (I was a minor in all of those times)
Please help me, I’m so confused. I have PTSD bc of the first time bc it was really traumatic, but I still feel like I’m overreacting and that I can’t blame the ones who did it to me.","1hi5vkl rape I feel like I’m overreacting yellowflower_321 /r/rape/comments/1hi5vkl/i_feel_like_im_overreacting/ My R word wasn’t “that bad”, I was R three times by different people, but I feel like I was just stupid. 
The first time is when I lost my virginity, but the abuser was a girl (well, it was a trans man at the time) I told her to stop, I tried getting away, nothing would work… she was also my best friend.
The second time the man tricked me, he told me we would go on a date but he stopped on an empty road and did it, the thing is: I was clearly uncomfortable and afraid but I didn’t say no, I’m fact I didn’t say anything.
The third time the man kept insisting in having sex with me at the mall, but I kept saying no and no and no, but he just wouldn’t stop. I just know that I began to get so scared and so uncomfortable that I gave up, I cried a lot later bc he knew I didn’t want it and I told him so.
To be honest I feel like none of these times were R word, I feel like I was just a stupid sl*t (I was a minor in all of those times)
Please help me, I’m so confused. I have PTSD bc of the first time bc it was really traumatic, but I still feel like I’m overreacting and that I can’t blame the ones who did it to me.",Starfury7-Jaargen@2,3,/r/rape/comments/1hi5vkl/i_feel_like_im_overreacting/,yellowflower_321,"I just feel dirty because of it, I mean, I had planned to lose my virginity with someone special but then it was taken from me and I just went nuts.","I hope this answer helps you. You were not a sl*t at all.


I do not like the S word because many women who are hypersexual have sexual trauma in their past.


A girl I had talked to online decades ago was a virgin till she was R at 17 by father's best friend. By emd of senior year she said she had slept with over 300 guys.


I won't use that word against her. She was hypersexual from the R and men are worse yet they don't get such stigmatized names.",2,No,No,No,No,No,No,Yes,Yes,No
1k5gkjz,rape,Was this sexual assault?,"I’m having trouble processing what happened last weekend… I really wanna take accountability for my role in this so I’m going to include every detail I can remember. I apologize for the length. I was at my boyfriend’s apartment with him and some of our friends, and my friends and I had been drinking for a few hours by this point. I was very very drunk which I obviously now regret. My boyfriend is roommates with our mutual friend, who was out of town, and his younger brother (20M), we’ll call him Jim, had a bunch of his friends over visiting. My friends and I were in my bf’s room when somebody spilled a drink, so I went to go get paper towels. On my way back to my boyfriend’s room, Jim called me into his brother’s room and kind of asked me for a hug. I gave him a hug as I’m also friends with him and we’ve hung out in a group several times before. He then picked me up and put me down and I just laughed because it was so odd and I was like wow we are both very drunk. Then he asked if he could talk to me, and it seemed important so I said yes.

I can’t remember all of the details, but he was talking about girls and maybe some girl trouble? And then he started complimenting me. And he said that he felt a connection with me and like he could talk to me but he didn’t feel that way with others. He asked me if I felt that too and I gave a halfway response like “yeah, yeah I feel like I can talk to you” or something to that effect, but I was uncomfortable. And then he started talking about how pretty he thought I was. And I just sort of awkwardly thanked him. And then he started talking about how he wished he could kiss me, and I immediately said how that would be an absolutely horrible idea because I love my boyfriend, who was in the other room, and my friendship with his brother was very important to me. And then he kept pushing, and I just kept giving variations of the same answer. At some point he goes wait, I should probably… and then he gets up and closes the door. I’m not sure if he locked it. And he comes back and he keeps asking to kiss me, and as he says this he is blocking my passage to the door. In my drunken state, I was still very concerned about getting back to clean up the spill. So I was eager to leave, even on top of all of the uncomfortability. He implied that if I kissed him I could leave. And I again explained why I didn’t want to do that. Then he said something to the effect of “well if I kiss you, it won’t be your fault” and started kissing me.

This is where I don’t have any more memory for a bit, until I heard a noise outside of the room and realized I didn’t have clothes on, and I freaked out and told him to stop and got up and started getting dressed. He kept telling me we couldn’t stop he wasn’t done, and he wanted to at least get a blowjob or something, and I was… disgusted. He also asked to eat me out, probably because I was dry because well… yeah. I don’t remember much about the next few hours, but I know he left immediately and he snapped me a few times. I cannot remember what I said. Around midnight, he called me several times which my boyfriend found odd and then came back over. I was asleep on the couch with my boyfriend, but then Jim came and sat on the couch and stared at me for a good 5 minutes, and rubbed my head for a second, and obviously this weirded my bf out. Then Jim went upstairs, and asked me to go upstairs as well (over text), which I didn’t see, but I did go upstairs to use the bathroom, and my boyfriend didn’t even feel comfortable letting me go to the bathroom while this guy was there, even though he didn’t know what had happened yet. Eventually, the guy left.

My drunkenness started to wear off at some point during the early morning, and I was starting to realize what had happened, but I wasn’t exactly sure. Eventually, Jim came over in the morning to clean his brother’s sheets because of what had happened. I hadn’t really processed everything that was going on, and he is a few years younger than me, so I felt very, very guilty about what had happened and I apologized to him for being so drunk, as I have more of a responsibility to control my alcohol intake. He seemed pretty regretful of what had happened at first, and I told him that I didn’t remember exactly the extent of what we had done, but I did remember frantically putting my clothes back on, etc. It was pretty awkward for a bit, and he explained to me that we did have sex. His story lined up pretty similarly with mine, save for a few details, and when he talked about how he was asking to kiss me, he said “Now this is where I feel bad because I feel like I pushed it a little bit, I’m sorry”, and he continued telling me what happened.

Throughout the conversation, he made several jokes like “It finally happened” and “we should do it again” and was talking about how he had seen me naked. He also started talking about how good it was and told me it was the best he had had because I “made noises” which made me feel absolutely disgusting obviously. He asked me if I thought it was good, and I told him I didn’t remember it. He told me that it was good for me because I apparently “came” and he had to “keep me quiet”. I have NEVER in my ENTIRE life came from penetrative sex alone. He also said that when he had come back over that night, it was because he wanted to do more. 

He asked me if I planned to tell anyone. I felt absolutely horrible and I told him that I had to tell my boyfriend. He didn’t like the idea of that, and I felt bad because he was younger than me and he visits his brother (who lives with my bf) all the time and I didn’t want to ruin that. I told him I would try to think of a way to tell him that wouldn’t damage his relationship with his brother. I couldn’t understand why I would have possibly done this, because I had never, EVER once in my life been attracted to him, and I feel so disgusted with myself. He really emphasized that I don’t tell anyone, and he said he wouldn’t tell anyone either, even his brother. I told him if he needed to talk to someone about what had happened, he could tell his brother, but I would want to know first. He said he wouldn’t tell anyone ever. Fast forward to the next morning, and I get a text from my friend, who is the older brother of Jim, in a groupchat with his gf and a mutual friend of ours saying that they knew what I had done, that they had already heard Jim’s story, and even though I had “asked him to keep it on the DL”, I needed to tell my boyfriend.

I had always planned to tell my boyfriend, so I don’t know what he told them. And I also thought it was odd that he begged me not to tell anyone and then told all of our mutual friends. I talked to my friend (Jim’s brother) about it and he said he’s not sure who to believe because our stories are different and his brother was telling everyone I initiated it. But he said he wasn’t mad at me and he wasn’t there so he couldn’t say for sure “who was lying”. But now he’s gone and removed me from every social media platform and blocked me, among other things.

Luckily, my bf believes me about what happened, but I still feel very, very guilty about my role in this. Obviously, I wish I hadn’t been as drunk, because then none of this probably would’ve happened. But I’m worried that somewhere during that time, I gave the impression that I wanted what was happening or I had consented in some way. I NEVER would’ve thought this person would do something like this… I guess that’s why my brain missed all of the warning signals. I feel so stupid for allowing it to go that far and I want to know if what I’m feeling is just deep regret or if I was adamant enough in saying no. I don’t understand why I didn’t immediately tell someone what had happened or why I even spoke to him the next day. And Jim, according to our mutual friends, is “devastated” and everyone is really worried about him. I feel absolutely insane and I just want to know if I’m a bad person or if this was what I think it was… or some combination of the two. If you made it this far… thank you for your help  :(","1k5gkjz rape Was this sexual assault? Super_Perception_613 /r/rape/comments/1k5gkjz/was_this_sexual_assault/ I’m having trouble processing what happened last weekend… I really wanna take accountability for my role in this so I’m going to include every detail I can remember. I apologize for the length. I was at my boyfriend’s apartment with him and some of our friends, and my friends and I had been drinking for a few hours by this point. I was very very drunk which I obviously now regret. My boyfriend is roommates with our mutual friend, who was out of town, and his younger brother (20M), we’ll call him Jim, had a bunch of his friends over visiting. My friends and I were in my bf’s room when somebody spilled a drink, so I went to go get paper towels. On my way back to my boyfriend’s room, Jim called me into his brother’s room and kind of asked me for a hug. I gave him a hug as I’m also friends with him and we’ve hung out in a group several times before. He then picked me up and put me down and I just laughed because it was so odd and I was like wow we are both very drunk. Then he asked if he could talk to me, and it seemed important so I said yes.

I can’t remember all of the details, but he was talking about girls and maybe some girl trouble? And then he started complimenting me. And he said that he felt a connection with me and like he could talk to me but he didn’t feel that way with others. He asked me if I felt that too and I gave a halfway response like “yeah, yeah I feel like I can talk to you” or something to that effect, but I was uncomfortable. And then he started talking about how pretty he thought I was. And I just sort of awkwardly thanked him. And then he started talking about how he wished he could kiss me, and I immediately said how that would be an absolutely horrible idea because I love my boyfriend, who was in the other room, and my friendship with his brother was very important to me. And then he kept pushing, and I just kept giving variations of the same answer. At some point he goes wait, I should probably… and then he gets up and closes the door. I’m not sure if he locked it. And he comes back and he keeps asking to kiss me, and as he says this he is blocking my passage to the door. In my drunken state, I was still very concerned about getting back to clean up the spill. So I was eager to leave, even on top of all of the uncomfortability. He implied that if I kissed him I could leave. And I again explained why I didn’t want to do that. Then he said something to the effect of “well if I kiss you, it won’t be your fault” and started kissing me.

This is where I don’t have any more memory for a bit, until I heard a noise outside of the room and realized I didn’t have clothes on, and I freaked out and told him to stop and got up and started getting dressed. He kept telling me we couldn’t stop he wasn’t done, and he wanted to at least get a blowjob or something, and I was… disgusted. He also asked to eat me out, probably because I was dry because well… yeah. I don’t remember much about the next few hours, but I know he left immediately and he snapped me a few times. I cannot remember what I said. Around midnight, he called me several times which my boyfriend found odd and then came back over. I was asleep on the couch with my boyfriend, but then Jim came and sat on the couch and stared at me for a good 5 minutes, and rubbed my head for a second, and obviously this weirded my bf out. Then Jim went upstairs, and asked me to go upstairs as well (over text), which I didn’t see, but I did go upstairs to use the bathroom, and my boyfriend didn’t even feel comfortable letting me go to the bathroom while this guy was there, even though he didn’t know what had happened yet. Eventually, the guy left.

My drunkenness started to wear off at some point during the early morning, and I was starting to realize what had happened, but I wasn’t exactly sure. Eventually, Jim came over in the morning to clean his brother’s sheets because of what had happened. I hadn’t really processed everything that was going on, and he is a few years younger than me, so I felt very, very guilty about what had happened and I apologized to him for being so drunk, as I have more of a responsibility to control my alcohol intake. He seemed pretty regretful of what had happened at first, and I told him that I didn’t remember exactly the extent of what we had done, but I did remember frantically putting my clothes back on, etc. It was pretty awkward for a bit, and he explained to me that we did have sex. His story lined up pretty similarly with mine, save for a few details, and when he talked about how he was asking to kiss me, he said “Now this is where I feel bad because I feel like I pushed it a little bit, I’m sorry”, and he continued telling me what happened.

Throughout the conversation, he made several jokes like “It finally happened” and “we should do it again” and was talking about how he had seen me naked. He also started talking about how good it was and told me it was the best he had had because I “made noises” which made me feel absolutely disgusting obviously. He asked me if I thought it was good, and I told him I didn’t remember it. He told me that it was good for me because I apparently “came” and he had to “keep me quiet”. I have NEVER in my ENTIRE life came from penetrative sex alone. He also said that when he had come back over that night, it was because he wanted to do more. 

He asked me if I planned to tell anyone. I felt absolutely horrible and I told him that I had to tell my boyfriend. He didn’t like the idea of that, and I felt bad because he was younger than me and he visits his brother (who lives with my bf) all the time and I didn’t want to ruin that. I told him I would try to think of a way to tell him that wouldn’t damage his relationship with his brother. I couldn’t understand why I would have possibly done this, because I had never, EVER once in my life been attracted to him, and I feel so disgusted with myself. He really emphasized that I don’t tell anyone, and he said he wouldn’t tell anyone either, even his brother. I told him if he needed to talk to someone about what had happened, he could tell his brother, but I would want to know first. He said he wouldn’t tell anyone ever. Fast forward to the next morning, and I get a text from my friend, who is the older brother of Jim, in a groupchat with his gf and a mutual friend of ours saying that they knew what I had done, that they had already heard Jim’s story, and even though I had “asked him to keep it on the DL”, I needed to tell my boyfriend.

I had always planned to tell my boyfriend, so I don’t know what he told them. And I also thought it was odd that he begged me not to tell anyone and then told all of our mutual friends. I talked to my friend (Jim’s brother) about it and he said he’s not sure who to believe because our stories are different and his brother was telling everyone I initiated it. But he said he wasn’t mad at me and he wasn’t there so he couldn’t say for sure “who was lying”. But now he’s gone and removed me from every social media platform and blocked me, among other things.

Luckily, my bf believes me about what happened, but I still feel very, very guilty about my role in this. Obviously, I wish I hadn’t been as drunk, because then none of this probably would’ve happened. But I’m worried that somewhere during that time, I gave the impression that I wanted what was happening or I had consented in some way. I NEVER would’ve thought this person would do something like this… I guess that’s why my brain missed all of the warning signals. I feel so stupid for allowing it to go that far and I want to know if what I’m feeling is just deep regret or if I was adamant enough in saying no. I don’t understand why I didn’t immediately tell someone what had happened or why I even spoke to him the next day. And Jim, according to our mutual friends, is “devastated” and everyone is really worried about him. I feel absolutely insane and I just want to know if I’m a bad person or if this was what I think it was… or some combination of the two. If you made it this far… thank you for your help  :(",Acaringear@4,5,/r/rape/comments/1k5gkjz/was_this_sexual_assault/,Super_Perception_613,"Yes, he’s definitely been supportive! I just think we’re both at a loss about what to do","You won't be making a bigger mess though, whatever happens is absolutely not your fault! Any mess that follows is down to just one person and that is 100% him nothing that happens next is down to you in any way! As I say you have to do what's right for you, and whilst I'd love to tell you that reporting it will definitely bring justice, we all know that's not always the case. I fully understand why some people don't want to go down that route. How has your boyfriend been with you? Is he being supportive?",1,No,Yes,No,No,No,No,No,No,No
11gqni2,sexualassault,Is my brother sexually assaulting me???,"I am not exactly sure if what my brother is doing is considered sexual assault or not. I am a 13 year old girl and he is 24. (This is my first time using reddit so idrk what I'm doing and I just wanted to get peoples opinions about this so please bear with me lmao)

My brother, and his family's house needed to get repaired and it will take a long time, so my mom told him they could stay with us for as long as they needed to. Everything was fine for about a week until one night, during dinner, he started rubbing my thigh. It made me a little uncomfortable, but I just kinda brushed it off. A few days after that, he randomly came into my room and just stood at the end of my bed and smirked? Then he sat next to me on my bed told me I looked cute in what I was wearing, and started to rub my thigh again. His hand was literally touching my privates, I was shaking and about to cry. I asked what he was doing, and he just said ""I just want to hang out with my little sister, I haven't seen you in so long."" Luckily he couldn't go any further than that (if he was going to) because his daughter called for him. This was all three days ago and nothing else has happened other than him just staring and smirking at me.

I just wanna know if I'm overreacting and what I should do :/","11gqni2 sexualassault Is my brother sexually assaulting me??? [deleted] /r/sexualassault/comments/11gqni2/is_my_brother_sexually_assaulting_me/ I am not exactly sure if what my brother is doing is considered sexual assault or not. I am a 13 year old girl and he is 24. (This is my first time using reddit so idrk what I'm doing and I just wanted to get peoples opinions about this so please bear with me lmao)

My brother, and his family's house needed to get repaired and it will take a long time, so my mom told him they could stay with us for as long as they needed to. Everything was fine for about a week until one night, during dinner, he started rubbing my thigh. It made me a little uncomfortable, but I just kinda brushed it off. A few days after that, he randomly came into my room and just stood at the end of my bed and smirked? Then he sat next to me on my bed told me I looked cute in what I was wearing, and started to rub my thigh again. His hand was literally touching my privates, I was shaking and about to cry. I asked what he was doing, and he just said ""I just want to hang out with my little sister, I haven't seen you in so long."" Luckily he couldn't go any further than that (if he was going to) because his daughter called for him. This was all three days ago and nothing else has happened other than him just staring and smirking at me.

I just wanna know if I'm overreacting and what I should do :/",Appropriate-Fox2381@0,1,/r/sexualassault/comments/11gqni2/is_my_brother_sexually_assaulting_me/,[deleted],"yeah i was thinking about that, i really hope he doesn't do stuff to his daughter.","Another thing I don’t think anyone has mentioned is if he’s doing this to you, he might already be (or could be in the future) doing it to his daughter. This isn’t normal, it isn’t appropriate, and it isn’t okay. Please do what the other commenters told you and tell an adult that you trust. Remember to advocate for yourself. You’re strong. I’m sorry this is happening to you.",7,,,,,,,,,
w3pl5i,sexualassault,Trying to figure out if this instance was SA or not. It’s been on my mind.,"So I’m not sure what my orientation is, but I only date women and sometimes, when drunk, I hook up with men. I’m not sure if it’s because I actually want to, tbh. Sometimes I feel like it’s because my upbringing and old friends pressured me to be okay with it.

So about 5-6 years ago I started sleeping with men for the first time and there was this one guy I kinda regularly slept with. But i remember it being a chore to get him to get me off because straight up intercourse with dudes doesn’t do a damn thing for me. Eventually I just said that we should stop doing things all together and just be friends. 

The next time I came over to hang out, have a few drinks and game, he initiates stuff. I didn’t say no, I might add. It just kinda happened. When it was done, he said we should stop hooking up like that because I “never seem to want to play with [his] balls or anything” so that era of us hooking up was finally over. 

I’ve only recently got good at making sex stop when I don’t want it. I guess I’m asking on this one because, like I said, we had both been drinking and I didn’t exactly try to stop it.","w3pl5i sexualassault Trying to figure out if this instance was SA or not. It’s been on my mind. TheRealGongoozler /r/sexualassault/comments/w3pl5i/trying_to_figure_out_if_this_instance_was_sa_or/ So I’m not sure what my orientation is, but I only date women and sometimes, when drunk, I hook up with men. I’m not sure if it’s because I actually want to, tbh. Sometimes I feel like it’s because my upbringing and old friends pressured me to be okay with it.

So about 5-6 years ago I started sleeping with men for the first time and there was this one guy I kinda regularly slept with. But i remember it being a chore to get him to get me off because straight up intercourse with dudes doesn’t do a damn thing for me. Eventually I just said that we should stop doing things all together and just be friends. 

The next time I came over to hang out, have a few drinks and game, he initiates stuff. I didn’t say no, I might add. It just kinda happened. When it was done, he said we should stop hooking up like that because I “never seem to want to play with [his] balls or anything” so that era of us hooking up was finally over. 

I’ve only recently got good at making sex stop when I don’t want it. I guess I’m asking on this one because, like I said, we had both been drinking and I didn’t exactly try to stop it.",opossumsaurus@0,1,/r/sexualassault/comments/w3pl5i/trying_to_figure_out_if_this_instance_was_sa_or/,TheRealGongoozler,Can I ask what constitutes as rape vs SA? I’m still learning to accept some various abuses in my life so understanding things like this helps me,"If you didn’t want it to happen, it’s assault. The fact that you were drinking doesn’t matter. The fact that you didn’t actively protest doesn’t matter.   If you didn’t want it, it’s assault. I personally struggled with this for a long time since I thought that since I reluctantly said yes after all of his begging, I had consented. But consent obtained by begging, aggression, or assumption due to a partner’s silence on the matter is not consent at all. I’m so sorry this happened to you, stay safe as you continue to heal",1,Yes,No,No,No,No,No,No,No,No
1fwdfn7,sexualassault,Is it normal the abuser plays everything down?,"After confronting my ex about the SA he played it down, used arguments like, you should have blocked me immediately after but you didn’t so it’s not as bad as I describe it. Also he said, you know I like to dominate, don’t you? , we kept having sex afterwards. I went no contact at one point but after ending no contact I slept with my abusive ex. Although he said I suck in bed and the girl after me is a true sex bomb and  I am just too passive and without energy, it proofs, it wasn’t that bad and I am just dramatic making excuses by talking shit about him. Last point I can somehow  understand. I disrespected myself so much and now can’t be taken seriously after breaking no contact. Who can take me serious now?

I am still puzzled about his reaction recently and I do t understand. I had this fantasy he will feel sorry and try his best to make things right. 

Had this ever happened actually? That the abuser tried his best to make things better? 


But I think he knew he did something wrong. In the beginning I didn’t think about the SA but one day he asked me to tell a couple about the first SA experienced 10 years ago. He said I hope you are not in contact with this guy, he may do it again. He looked me in the eyes for a very long time. I think he knew I will go no contact back then. After telling this story everything came back, three weeks later I blocked him but yeah didn’t stay strong for long 
","1fwdfn7 sexualassault Is it normal the abuser plays everything down? Quick-Photograph-323 /r/sexualassault/comments/1fwdfn7/is_it_normal_the_abuser_plays_everything_down/ After confronting my ex about the SA he played it down, used arguments like, you should have blocked me immediately after but you didn’t so it’s not as bad as I describe it. Also he said, you know I like to dominate, don’t you? , we kept having sex afterwards. I went no contact at one point but after ending no contact I slept with my abusive ex. Although he said I suck in bed and the girl after me is a true sex bomb and  I am just too passive and without energy, it proofs, it wasn’t that bad and I am just dramatic making excuses by talking shit about him. Last point I can somehow  understand. I disrespected myself so much and now can’t be taken seriously after breaking no contact. Who can take me serious now?

I am still puzzled about his reaction recently and I do t understand. I had this fantasy he will feel sorry and try his best to make things right. 

Had this ever happened actually? That the abuser tried his best to make things better? 


But I think he knew he did something wrong. In the beginning I didn’t think about the SA but one day he asked me to tell a couple about the first SA experienced 10 years ago. He said I hope you are not in contact with this guy, he may do it again. He looked me in the eyes for a very long time. I think he knew I will go no contact back then. After telling this story everything came back, three weeks later I blocked him but yeah didn’t stay strong for long 
",[deleted]@4,5,/r/sexualassault/comments/1fwdfn7/is_it_normal_the_abuser_plays_everything_down/,Quick-Photograph-323,Can totally relate. He actually said that to me. I wanted this to happen but was saying no which actually meant yes,"I think my rapist knows what he did was wrong but was trying to justify it because he doesn’t want to feel like a bad person. Also based on some of the things he had said to me, I think he tries to tell himself that I wanted what happened to happen as another way to justify his actions. 

And yeah I guess the initial reaction would be to deny but a truly good person wouldn’t do it in the first place or even think to do it.",1,No,No,No,Yes,No,No,No,Yes,No
rct5th,sexualassault,My secret.,"I guess this is party my story and partly was this SA?  This is also my throwaway account because I really don’t need my sister reading this.  

I really don’t talk about it to anyone, my family knows, I’m fairly certain I have told my husband and a close friend knows. 

I was in grade 3 at the time so about 8 years old (I’m 34f now). My best female friend at the time, we would hang out at her house. Her family was part of the religious army church (I’m sure you can figure that out). 

She would have me touch her vulva/clitorial area over and under clothes and panties and she would do the same to me. Other times it was humping each other. There was no penetration, and I really can’t recall if there was any other touching besides that. 

I knew it was wrong and I shouldn’t allow it to happen but at the same time I was to scared to lose her friendship and to stand up for my self and it also felt good. 

Before and after that I had struggled with constant UTI’s so I had developed a weird fixation on that area of my body, which led me to drawing interesting pictures (most were destroyed and no one ever seen them). It wasn’t until grade 5 I think that the school and my parents found out because of a drawing I had done on the back on a notebook. 

The school put me in counselling after that.  I have struggled with depression and body issues since then. 

The girl in question nothing ever came of it because by then her family had been moved to a new location for there church. She did try and add me on Facebook a few years ago and messaged me. I asked her why the hell would I want to be friends with her and blocked her before I got a reply for my own mental health. 

I don’t really know why I’m am posting this now, maybe it’s to get it off my chest, maybe I feel I need to put this out in order to heal I am not really sure. 

What do I call this?","rct5th sexualassault My secret. wasteofskin2019 /r/sexualassault/comments/rct5th/my_secret/ I guess this is party my story and partly was this SA?  This is also my throwaway account because I really don’t need my sister reading this.  

I really don’t talk about it to anyone, my family knows, I’m fairly certain I have told my husband and a close friend knows. 

I was in grade 3 at the time so about 8 years old (I’m 34f now). My best female friend at the time, we would hang out at her house. Her family was part of the religious army church (I’m sure you can figure that out). 

She would have me touch her vulva/clitorial area over and under clothes and panties and she would do the same to me. Other times it was humping each other. There was no penetration, and I really can’t recall if there was any other touching besides that. 

I knew it was wrong and I shouldn’t allow it to happen but at the same time I was to scared to lose her friendship and to stand up for my self and it also felt good. 

Before and after that I had struggled with constant UTI’s so I had developed a weird fixation on that area of my body, which led me to drawing interesting pictures (most were destroyed and no one ever seen them). It wasn’t until grade 5 I think that the school and my parents found out because of a drawing I had done on the back on a notebook. 

The school put me in counselling after that.  I have struggled with depression and body issues since then. 

The girl in question nothing ever came of it because by then her family had been moved to a new location for there church. She did try and add me on Facebook a few years ago and messaged me. I asked her why the hell would I want to be friends with her and blocked her before I got a reply for my own mental health. 

I don’t really know why I’m am posting this now, maybe it’s to get it off my chest, maybe I feel I need to put this out in order to heal I am not really sure. 

What do I call this?",Mountain-Career155@0,1,/r/sexualassault/comments/rct5th/my_secret/,wasteofskin2019,"That exactly it. I know it’s something, that I was wrong but it doesn’t exactly feel right calling it SA.","I had a similar experience when I was in 2nd grade. I told my mom about how uncomfortable it made me and she wouldn’t let me go back over. The girl bullied me even through high school. I don’t know if it is. 

Part of me thinks it’s not SA because we were both kids and had no real idea what was going on, but another part of me thinks it’s gross and embarrassing.",1,No,No,No,Yes,No,No,No,Yes,No
11f4o14,meToo,just a rant,"My ex boyfriend was abusive


We were both 15, he had come to my country 2 years ago and only spoke English (my first language isn't English, I'm from Europe). I found him cute so I asked him out and he said yes. Things were going well until he asked if he should buy condoms. Note that we were both virgins and only kissed. I said whatever, buy them if you want, so he did and gave one to me.

Every time I had to go to school and face him, I felt incredibly anxious, I was shaking, feeling nauseous, dizzy etc etc. I didn't know what it was about. Also every time we hung out together, he would beg for sex or talk about sex related things or convince me to say yes to him.

I'm not allowed to have sex until I'm around 18 and I didn't want to do anything like that either, and i made that very clear to him. He's parents also wanted his room's door to be closed, mostly because they didn't trust him.

He would always, aaalways beg for sex and ask ""yes or no, yes or no, yes or no"" and i always replied with "" I don't know"" because I really didn't know, he always manipulated me into thinking I owe him sex by saying things like ""oh so I'm not the right one for you? I guess we have to break up then"" etc. He would also fake break up with me if I didn't choose what we would eat for lunch.

He suffered from depression, bipolar disorder and other things, probably caused by his dad's drug abuse and death, and when his family moved from USA to my country. He many times tried to kill himself and had depressive episodes when I tried to comfort him, which to he always responded with another question about sex. 

He had to go to psych ward, which wasn't anything that new to me since I had dated another person in the past that also had to go to psych ward. That relationship also left me scarred. My ex wanted to have sex even in the psych ward and begged all the time I visited.

Once he invited me over to his place when his parents weren't home and he want allowed to invite anyone over. I didn't know this so I went to his place and he tried to again convince me to sex by touching me without my consent or rubbing my body against his boner. He would say things like ""I know you're ready, I can see that"" etc. Luckily his parents called him that her sister saw me there, so I possibly got saved from rape.

This kind of thing happened again where he tried to have sex with me when his parents weren't immediately outside the room in living room but I started crying so he stopped and said ""it's okay, we don't have to do it""

He later broke up with me because I was ""too childish"" and not ready for a relationship. He then proceeded to send me a good-bye message because he wanted to kill himself and blamed me for it. He didn't recognize the things he did to be wrong and said that ""he's just a man"" etc. He also sent me pictures of his self-harm cuts a few times and got into police car because he ran away from home.

His actions and manipulations caused so many fights between my parents and lowered my grades because I felt depressed. I later realized how much damage he did to me and how much he abused me, after blaming myself for all the things he did. Oh and he also texted to girls years younger than gum and said to them that he would date them if it wasn't for me.

He really messed up the way I think of sex, men, relationships and made me not want a boyfriend ever again. I'm thinking of sending a message to his parents about all the stuff that happened because I want them to talk to him about consent. (They moved back to USA)

It's been a year and I still feel disgust and sadness. Thanks for listening :)","11f4o14 meToo just a rant Electronic-Design564 /r/meToo/comments/11f4o14/just_a_rant/ My ex boyfriend was abusive


We were both 15, he had come to my country 2 years ago and only spoke English (my first language isn't English, I'm from Europe). I found him cute so I asked him out and he said yes. Things were going well until he asked if he should buy condoms. Note that we were both virgins and only kissed. I said whatever, buy them if you want, so he did and gave one to me.

Every time I had to go to school and face him, I felt incredibly anxious, I was shaking, feeling nauseous, dizzy etc etc. I didn't know what it was about. Also every time we hung out together, he would beg for sex or talk about sex related things or convince me to say yes to him.

I'm not allowed to have sex until I'm around 18 and I didn't want to do anything like that either, and i made that very clear to him. He's parents also wanted his room's door to be closed, mostly because they didn't trust him.

He would always, aaalways beg for sex and ask ""yes or no, yes or no, yes or no"" and i always replied with "" I don't know"" because I really didn't know, he always manipulated me into thinking I owe him sex by saying things like ""oh so I'm not the right one for you? I guess we have to break up then"" etc. He would also fake break up with me if I didn't choose what we would eat for lunch.

He suffered from depression, bipolar disorder and other things, probably caused by his dad's drug abuse and death, and when his family moved from USA to my country. He many times tried to kill himself and had depressive episodes when I tried to comfort him, which to he always responded with another question about sex. 

He had to go to psych ward, which wasn't anything that new to me since I had dated another person in the past that also had to go to psych ward. That relationship also left me scarred. My ex wanted to have sex even in the psych ward and begged all the time I visited.

Once he invited me over to his place when his parents weren't home and he want allowed to invite anyone over. I didn't know this so I went to his place and he tried to again convince me to sex by touching me without my consent or rubbing my body against his boner. He would say things like ""I know you're ready, I can see that"" etc. Luckily his parents called him that her sister saw me there, so I possibly got saved from rape.

This kind of thing happened again where he tried to have sex with me when his parents weren't immediately outside the room in living room but I started crying so he stopped and said ""it's okay, we don't have to do it""

He later broke up with me because I was ""too childish"" and not ready for a relationship. He then proceeded to send me a good-bye message because he wanted to kill himself and blamed me for it. He didn't recognize the things he did to be wrong and said that ""he's just a man"" etc. He also sent me pictures of his self-harm cuts a few times and got into police car because he ran away from home.

His actions and manipulations caused so many fights between my parents and lowered my grades because I felt depressed. I later realized how much damage he did to me and how much he abused me, after blaming myself for all the things he did. Oh and he also texted to girls years younger than gum and said to them that he would date them if it wasn't for me.

He really messed up the way I think of sex, men, relationships and made me not want a boyfriend ever again. I'm thinking of sending a message to his parents about all the stuff that happened because I want them to talk to him about consent. (They moved back to USA)

It's been a year and I still feel disgust and sadness. Thanks for listening :)",SiteTall@0,1,/r/meToo/comments/11f4o14/just_a_rant/,Electronic-Design564,"I didn't end up having sex with him luckily, but he was such a talented manipulator, and scary too, he said he wanted to kill his family :/",One should never have sex before one WANTS to. No threats or pressures should push a woman into the bed with a man she doesn't want to share it with.,1,No,No,No,No,No,No,Yes,Yes,No
wfucfb,sexualassault,Was this sexual assault or were the lines blurred?,I was seeing someone for a few months and initially he didn’t seem too rough. We hooked up and it fizzled after sometime. Recently I started seeing him again and it got kinda bad. He was pulling my hair and generally just attempting penetration even if I told him before hand that it is painful. In the heat of the moment he started it and I didn’t actively stop him coz even I wanted to try but when it got painful I asked him to stop and he did. He was just waiting for me to stop crying and took my head to his duck for a bj. He again tried to attempt PIV but thank god he came soon so it didn’t hurt so much. I slept with him the second time when he fully thrust it in inside and it was very painful. I stopped him and he didn’t hear me so again when I stoped him he was about to finish so he pulled out before coming. By now it was already a bad situation but I just didn’t believe it was so bad and if I could get into rough sex it means I wasn’t really assaulted right? So I just started asking him to come over and getting very sexual by sending many pics. I did tell him that he should have stopped when I told him to and he apologised. The third time he bit me so hard that I have a massive ring on my thigh. He also started telling me that he doesn’t care if he hurt me. I don’t know if he was being kinky here because he would say stuff like “you’ll do as I please” “I’ll do whatever the hell I want” “you are like a sex slave to me” “ you are my personal whore”. This was escalating a lot but I went with it and tried to get into all this. He was just rough and when I started acting like I was also into rough sex he would say stuff like take the pain my beautiful cock gives you. Last time I saw him he said he wanted me to beg him and he will come abuse my body. It just didn’t sound kinky and I was really scared that he might hurt me so I stopped speaking to him. When I confronted him recently he said I was being all sexual and he was only very gentle during penetration and it was only rough make-outs. He said I was being unreasonable as well. I think some part of me agrees with him because I went back to him and stopped him when it got to be too much and he did after that one time. So is this abuse? The only signs I gave was flinch when he pulled my hair and begged him to stop when he tried to attempt penetration.,wfucfb sexualassault Was this sexual assault or were the lines blurred? Independent-Ladder82 /r/sexualassault/comments/wfucfb/was_this_sexual_assault_or_were_the_lines_blurred/ I was seeing someone for a few months and initially he didn’t seem too rough. We hooked up and it fizzled after sometime. Recently I started seeing him again and it got kinda bad. He was pulling my hair and generally just attempting penetration even if I told him before hand that it is painful. In the heat of the moment he started it and I didn’t actively stop him coz even I wanted to try but when it got painful I asked him to stop and he did. He was just waiting for me to stop crying and took my head to his duck for a bj. He again tried to attempt PIV but thank god he came soon so it didn’t hurt so much. I slept with him the second time when he fully thrust it in inside and it was very painful. I stopped him and he didn’t hear me so again when I stoped him he was about to finish so he pulled out before coming. By now it was already a bad situation but I just didn’t believe it was so bad and if I could get into rough sex it means I wasn’t really assaulted right? So I just started asking him to come over and getting very sexual by sending many pics. I did tell him that he should have stopped when I told him to and he apologised. The third time he bit me so hard that I have a massive ring on my thigh. He also started telling me that he doesn’t care if he hurt me. I don’t know if he was being kinky here because he would say stuff like “you’ll do as I please” “I’ll do whatever the hell I want” “you are like a sex slave to me” “ you are my personal whore”. This was escalating a lot but I went with it and tried to get into all this. He was just rough and when I started acting like I was also into rough sex he would say stuff like take the pain my beautiful cock gives you. Last time I saw him he said he wanted me to beg him and he will come abuse my body. It just didn’t sound kinky and I was really scared that he might hurt me so I stopped speaking to him. When I confronted him recently he said I was being all sexual and he was only very gentle during penetration and it was only rough make-outs. He said I was being unreasonable as well. I think some part of me agrees with him because I went back to him and stopped him when it got to be too much and he did after that one time. So is this abuse? The only signs I gave was flinch when he pulled my hair and begged him to stop when he tried to attempt penetration.,crying-partyof1@6,7,/r/sexualassault/comments/wfucfb/was_this_sexual_assault_or_were_the_lines_blurred/,Independent-Ladder82,Thank you 🫶,"Wow, you don’t know how happy I am to read this update. I could cry. I really wanted you to be okay especially because I can at least somewhat understand what you went through and how great your life could be on the other side. I’m glad you are thriving, and going to school in a new country sounds like such an exciting adventure, seriously. You’re gonna have so much fun. I’m so happy for you and wish you the best!!!",1,No,No,No,No,Yes,No,No,No,No
oc215p,sexualassault,I don't know if this was assault or not,"I'm 16f. So my mom was suuuper drunk once night and she called me into her room, and basically she sort of...held me down in her bed and she was forcing me to cuddle with her? I kept trying to push her off and get up but she just kept pulling me back down...and she was like grabbing my chest and like running her hands over my thighs, it just felt so fucking gross. I don't know if it was assault because she probably wasn't trying to, and she's also...my mom? I don't know. It made me never wanna be touched by anyone ever again.","oc215p sexualassault I don't know if this was assault or not throwaway459703 /r/sexualassault/comments/oc215p/i_dont_know_if_this_was_assault_or_not/ I'm 16f. So my mom was suuuper drunk once night and she called me into her room, and basically she sort of...held me down in her bed and she was forcing me to cuddle with her? I kept trying to push her off and get up but she just kept pulling me back down...and she was like grabbing my chest and like running her hands over my thighs, it just felt so fucking gross. I don't know if it was assault because she probably wasn't trying to, and she's also...my mom? I don't know. It made me never wanna be touched by anyone ever again.",MortyDC137@0,1,/r/sexualassault/comments/oc215p/i_dont_know_if_this_was_assault_or_not/,throwaway459703,it was when i was laying down :/,"Was she grabbing your chest and thighs when trying to hold you down or was it when you were laying in the bed she started toiching those areas?    

It's physical assault as she touched you without your consent. Touching someones chest without their consent does fall under sexual assult. You said no and even pushed her away but she held you down by force. It doesn't matter if its yiur mom or not.   

Thats really weird and sounds horribe to have gone through. Completly understandable you have mixed feelings on this.",1,No,Yes,No,No,No,No,No,No,No
l14psf,sexualassault,Is this sexual assault?,My cousin grabbed me and covered my head under the covers till the point of I can't breathe and put his hands in my underwear touching my private area and pulled his underwear down to cum.,,Coff33bun@0,1,https://www.reddit.com/r/sexualassault/comments/l14psf/is_this_sexual_assault/,Quen2001,Thx I seriously appreciate it . We really need to speak up about things like this,"Absolutely. It's very unfortunate it happened in the family but you need to alert the appropriate people so he can get the help he needs.

Ignoring it may mean he'll try again with someone else.

He should carry the shame, not you. 

You don't deserve what's happened to you. 

Many hugs.",1,No,No,No,No,Yes,No,No,No,No
xllv0b,sexualassault,Was this sexual assault?,"This is a little strange for me, given that this is the first time I’ve ever used Reddit. However I am not quite sure who to ask about this so I’ve elected to ask strangers on the internet😅.

Back when I was in kindergarten I had this friend, she was super nice and we were really close. We hung out all day at school and played together... I never forgot about any of this but I don’t think it ever truly registered with me either.   


She was let’s say “curious“ about “things”. She and a few of my other friends would hang out together at recess and we would play ”games” on the field away from everyone else. She would convince us all to pee our pants and rub our vag and pee. She called us a “pee club” and made it a little secret of ours that she seemed to get off on I guess. We were around 5 or 6 mind you and she would convince us that it was so cool to do this. She would also “massage“ our crotch with her foot while we laid on the ground reading and she sat in a chair. She would always tell us to cover her foot with a book so no one else could see… this happened almost every day and she even encouraged us to do it to her as well. She ended up taking more of a liking to me and did most of the touching with me… I was so innocent back then and I had no idea about what we were doing. I can’t help but wonder if this would be considered sexual assaul.","xllv0b sexualassault Was this sexual assault? Neutral_chaos13 /r/sexualassault/comments/xllv0b/was_this_sexual_assault/ This is a little strange for me, given that this is the first time I’ve ever used Reddit. However I am not quite sure who to ask about this so I’ve elected to ask strangers on the internet😅.

Back when I was in kindergarten I had this friend, she was super nice and we were really close. We hung out all day at school and played together... I never forgot about any of this but I don’t think it ever truly registered with me either.   


She was let’s say “curious“ about “things”. She and a few of my other friends would hang out together at recess and we would play ”games” on the field away from everyone else. She would convince us all to pee our pants and rub our vag and pee. She called us a “pee club” and made it a little secret of ours that she seemed to get off on I guess. We were around 5 or 6 mind you and she would convince us that it was so cool to do this. She would also “massage“ our crotch with her foot while we laid on the ground reading and she sat in a chair. She would always tell us to cover her foot with a book so no one else could see… this happened almost every day and she even encouraged us to do it to her as well. She ended up taking more of a liking to me and did most of the touching with me… I was so innocent back then and I had no idea about what we were doing. I can’t help but wonder if this would be considered sexual assaul.",sosoanna@0,1,/r/sexualassault/comments/xllv0b/was_this_sexual_assault/,Neutral_chaos13,"Thank you, I appreciate your input. I think deep down a part of me knew it was but I wasn’t 100% sure…",Yes that sounds like sexual abuse. I’m really sorry!,1,No,No,No,Yes,Yes,No,No,No,No
10toem0,sexualassault,was this sexual assault,"back when i was in 8 grade i’m 22 now
a kid forced him self on top of me and pind me down while he was touching me.
i’ve been confused because i wasn’t raped so i get confused if this was sa or not.
if someone could help me figure out if it was or not it would be appreciated","10toem0 sexualassault was this sexual assault Lucky2044 /r/sexualassault/comments/10toem0/was_this_sexual_assault/ back when i was in 8 grade i’m 22 now
a kid forced him self on top of me and pind me down while he was touching me.
i’ve been confused because i wasn’t raped so i get confused if this was sa or not.
if someone could help me figure out if it was or not it would be appreciated",AmberWeir1234@0,1,/r/sexualassault/comments/10toem0/was_this_sexual_assault/,Lucky2044,Ok thanks for letting me know,"That is definitely sexual assault, it wasn’t consensual, I’m so sorry that happened to you but he did sexually assault you, you did not deserve that, I’m so sorry you went through that experience",1,No,No,No,No,Yes,No,No,No,No
k8w7ml,sexualassault,I don't know if it counts as assault,"I've been really confused about what happened three weeks ago. I was very drunk after hanging with some friends. By the end of the night it was me and two other guy friends. We all live in student buildings and get dinner together at the Uni building. 

I have kissed them both in the past, just drunk innocent making out. The one friend I had done more with, but we hadn't had sex. 

At the end of the night I don't remember how I got back to the accommodation. One minute we were drinking in a garden then I was in my one friend's room and we were having sex.

I passed out in the middle of it. I woke up and he's still going. I didn't say anything. I just let him finish whatever he was doing. It was about 4 in the morning and I got up to leave. He walked me home.

I got up the next morning in serious pain. I was bleeding for the next two days. I haven't really spoke about it to anyone.

I mentioned it to a friend. I said that I fell asleep during sex and he carried on, didn't say who it was or how long ago it happened, just that I had experienced that in the past. My friend said it sounded 'rapeish' and I should talk to someone. I asked him not to talk to anyone about it, because I need to figure it out myself first. He accepted that and hasn't spoke if it since, which I'm grateful for.

I'm just confused. I don't think it's assault, I made a mistake and I regret it. But something in my head keeps saying that what happened wasn't right. He's my friend and he isn't the person to assault someone, let alone me. 

I don't know what I want to achieve by posting this here... if its validation that it was just a mistake I made after I drank to much. I can't talk to anyone in my life about it because I can't admit it to my family and I don't want to ask my friends in case it is and then they make me do something about it. 

I think I just need someone to tell me it was fine or not... then I can stop thinking about what happened and focus on moving on from it.

Thank you

Bean",,Silent_okra_dokey@2,3,https://www.reddit.com/r/sexualassault/comments/k8w7ml/i_dont_know_if_it_counts_as_assault/,bean180222,"It's okay, thank you for helping me clear this up. It's been difficult for me to figure out if it was assault... now I know it was I can stop blaming myself for a drunk mistake.",You won't be ruining anything. *He* ruined things.   You bled for 2 days... That was assault. I am sorry.,2,No,No,No,Yes,Yes,No,No,No,No
18jnr7e,sexualassault,is this sexual assault?,"this is my first post so i’m not sure how it’s going to play out and idk if i can tell anyone about this.

me (f 16) and my now ex boyfriend (m 17) have never done anything sexual before. And we were on the bus back from college yesterday, (we were the only people on it) and he kept touching me 
over my leggings on my lady parts. i was fine with this until he tried to go under my leggings, i was repeatedly saying no and forcefully trying to move his hand away from me. i told him i don’t want to on the bus and asked him to come over to my house sometime and we can do stuff then. he told me this is our only chance seeing as it is the Christmas holidays and he will be working most of the time. Because i said no he called me boring and got mad at me, so i turned my back to him and faced the window with my legs on the seat, he then proceeded to say ‘this is a better position’ and started touching me again dispite me saying no so many times. He finally stopped when i said i was going to hit him if he didn’t stop. baring in mind he is a virgin and has never done anything with anyone before, i am not a virgin and i have done things before.

fast forward to later that night, i messaged him and told him how uncomfortable i was on the bus and that i said no and he continued, he replied with ‘fine’ and didn’t seem to care about what i was saying. i began arguing with him and telling him how wrong it was and how bad it made me feel. he then told me it was all a joke and he thought i was taking it as a joke or banter. this upset me even more and then i ended things with him. 

he later told me that he was just trying to use me to get over a girl he has liked for 4 years. this broke my heart considering all i asked him before we got together if he still liked her and that if he did we wouldn’t start anything together. 

can someone please tell me if this is sexual assault even though he didn’t manage to get under my clothes? and if i should’ve taken it as a joke? am i in the wrong? am i allowed to be upset by this?","18jnr7e sexualassault is this sexual assault? Hopeful_Elderberry50 /r/sexualassault/comments/18jnr7e/is_this_sexual_assault/ this is my first post so i’m not sure how it’s going to play out and idk if i can tell anyone about this.

me (f 16) and my now ex boyfriend (m 17) have never done anything sexual before. And we were on the bus back from college yesterday, (we were the only people on it) and he kept touching me 
over my leggings on my lady parts. i was fine with this until he tried to go under my leggings, i was repeatedly saying no and forcefully trying to move his hand away from me. i told him i don’t want to on the bus and asked him to come over to my house sometime and we can do stuff then. he told me this is our only chance seeing as it is the Christmas holidays and he will be working most of the time. Because i said no he called me boring and got mad at me, so i turned my back to him and faced the window with my legs on the seat, he then proceeded to say ‘this is a better position’ and started touching me again dispite me saying no so many times. He finally stopped when i said i was going to hit him if he didn’t stop. baring in mind he is a virgin and has never done anything with anyone before, i am not a virgin and i have done things before.

fast forward to later that night, i messaged him and told him how uncomfortable i was on the bus and that i said no and he continued, he replied with ‘fine’ and didn’t seem to care about what i was saying. i began arguing with him and telling him how wrong it was and how bad it made me feel. he then told me it was all a joke and he thought i was taking it as a joke or banter. this upset me even more and then i ended things with him. 

he later told me that he was just trying to use me to get over a girl he has liked for 4 years. this broke my heart considering all i asked him before we got together if he still liked her and that if he did we wouldn’t start anything together. 

can someone please tell me if this is sexual assault even though he didn’t manage to get under my clothes? and if i should’ve taken it as a joke? am i in the wrong? am i allowed to be upset by this?",pickleddcherries@0,1,/r/sexualassault/comments/18jnr7e/is_this_sexual_assault/,Hopeful_Elderberry50,"i broke up with him that night, which i’m glad i did. thank you for ur advice. i just can’t help but feel bad for him because he’s such a sweet person and he believes i was joking around with him. i can’t have conflict with people. i know it wasn’t joking around though, im just a bit lost at the moment with what to do","he said ""fine""????? *he said ""fine""?????*

that is not a guy you should still be with. I'm not saying you're not a bad person if you stay with him since I've definitely stayed with similar guys before but i urge you to leave him.

if he kept touching you sexually after you said no, that's sexual assault. it doesn't matter if he has less experience than you, that doesn't mean he's incapable of knowing right from wrong. he SAed you.

you are not overreacting at all.",1,No,No,No,Yes,Yes,No,Yes,Yes,No
11v45ku,sexualassault,Was I sexually assaulted/ need help as this was 5 years ago and can’t stop thinking about it,"Okay I’m sorry if this is going to be a long one. I’ll start this off by saying I’m 19F and this is an incident that happened to me when I was 14 and to this day I still think about it and I honestly can’t tell if i was sexually assaulted or not. I am looking for an honest outside opinion. 


So what happened is i was in science class and I sat next to this guy who was quite a good friend of mine and I had a little bit of a crush on. In science class we sat on stools and they had like a small hole about the width of two fingers in them.We were kinda mucking about and he stuck his fingers through the hole in the stool. I was wearing a skirt, cycling shorts ,tights and pants so he did not make direct contact or penetration and it was through 4 layers of clothing. I was immediately uncomfortable so I left to go to the bathroom. It was lunch next and I worked up the courage to tell what had happened to my close girl friends and they immediately advised i go and tell the guidance counsellor. I did this and she went and spoke to him that same afternoon. When i asked what was going to happen she said he had cried lots so was clearly sorry and it was my fault for mucking aboutand that was that.I had to stay in the same classes as him for the next two years.I flunked science. To begin with for the first year or so my friends were really supportive and everyone shunned him and it was ok. I got quite depressed but my friends were there for me. About a year later he started hanging out with us again and I explained to my friends that this made me uncomfortable but they said he had “demonstrated” on one of them what had happened and I had been overreacting and needed to get over it already. For my remaining time at school I had no friends and ultimately tried to take my life. Lucking I’m in a much better place now and no longer at school. 

It’s worth noting I am also autistic so often misunderstand social situations so I would just like an honest opinion of the situation and if i over reacted so I can just stop thinking about it once and for all. Thanks in advance","11v45ku sexualassault Was I sexually assaulted/ need help as this was 5 years ago and can’t stop thinking about it Catlovercaity /r/sexualassault/comments/11v45ku/was_i_sexually_assaulted_need_help_as_this_was_5/ Okay I’m sorry if this is going to be a long one. I’ll start this off by saying I’m 19F and this is an incident that happened to me when I was 14 and to this day I still think about it and I honestly can’t tell if i was sexually assaulted or not. I am looking for an honest outside opinion. 


So what happened is i was in science class and I sat next to this guy who was quite a good friend of mine and I had a little bit of a crush on. In science class we sat on stools and they had like a small hole about the width of two fingers in them.We were kinda mucking about and he stuck his fingers through the hole in the stool. I was wearing a skirt, cycling shorts ,tights and pants so he did not make direct contact or penetration and it was through 4 layers of clothing. I was immediately uncomfortable so I left to go to the bathroom. It was lunch next and I worked up the courage to tell what had happened to my close girl friends and they immediately advised i go and tell the guidance counsellor. I did this and she went and spoke to him that same afternoon. When i asked what was going to happen she said he had cried lots so was clearly sorry and it was my fault for mucking aboutand that was that.I had to stay in the same classes as him for the next two years.I flunked science. To begin with for the first year or so my friends were really supportive and everyone shunned him and it was ok. I got quite depressed but my friends were there for me. About a year later he started hanging out with us again and I explained to my friends that this made me uncomfortable but they said he had “demonstrated” on one of them what had happened and I had been overreacting and needed to get over it already. For my remaining time at school I had no friends and ultimately tried to take my life. Lucking I’m in a much better place now and no longer at school. 

It’s worth noting I am also autistic so often misunderstand social situations so I would just like an honest opinion of the situation and if i over reacted so I can just stop thinking about it once and for all. Thanks in advance",Significant_Gold_474@0,1,/r/sexualassault/comments/11v45ku/was_i_sexually_assaulted_need_help_as_this_was_5/,Catlovercaity,This was the first and only thing like this that has happened to me,"You didn’t over react, I think your friends were full of shit for telling you to simply “get over it” or that you are overreacting, those aren’t friends, 
I completely understand you and it is sexual assault nobody should be putting their hands on you, I can’t imagine what you must have gone through and the frustration to not being truly listened to, this is not exaggerate it’s important to understand that things like that can cause trauma, especially if your brain is still being developed,
I do have one questions for you.. has anything like that ever happened in the past,? Which I mean have you ever felt violated in the past before this incident?",1,No,Yes,No,No,No,No,No,No,No
1ntu3o4,sexualassault,Is this SA? And what do I do..,"I’m literally begging for advice.

This may be so random- I’m not gonna disclose age but I’m in high school- so I’m old enough. This girl- she is not a close friend of mine/ more close to my sister but we’ve talked. I was wearing this define jacket- I love it- it’s almost my favorite one. Except today she goes to pull it down- I’m not wearing anything underneath. I don’t know if anyone saw but I quickly put it up- I had a bra but I still felt so violated. I don’t want to look at the jacket and think of her. But I don’t want her life to be ruined at the sake of my satisfaction. For myself to be a rumor because I wanted justice. To clarify this was in front of other people- facing them maybe. But I don’t know if anyone saw. And I’m so conflicted. My parents are so unbelievably strict they would want her prosecuted in seconds- and I don’t want that for her- but I don’t know how to let it go. Am I in the wrong community? Sorry if I am. I just really want advice..","1ntu3o4 sexualassault Is this SA? And what do I do.. Loose_Flight_360 /r/sexualassault/comments/1ntu3o4/is_this_sa_and_what_do_i_do/ I’m literally begging for advice.

This may be so random- I’m not gonna disclose age but I’m in high school- so I’m old enough. This girl- she is not a close friend of mine/ more close to my sister but we’ve talked. I was wearing this define jacket- I love it- it’s almost my favorite one. Except today she goes to pull it down- I’m not wearing anything underneath. I don’t know if anyone saw but I quickly put it up- I had a bra but I still felt so violated. I don’t want to look at the jacket and think of her. But I don’t want her life to be ruined at the sake of my satisfaction. For myself to be a rumor because I wanted justice. To clarify this was in front of other people- facing them maybe. But I don’t know if anyone saw. And I’m so conflicted. My parents are so unbelievably strict they would want her prosecuted in seconds- and I don’t want that for her- but I don’t know how to let it go. Am I in the wrong community? Sorry if I am. I just really want advice..",Playful_Can_6151@6,7,/r/sexualassault/comments/1ntu3o4/is_this_sa_and_what_do_i_do/,Loose_Flight_360,Sadly they do go crazy with the policy- the school will make sure she gets into absolutely NO colleges if it’s the last thing they do. Also my parents are wild so they’ll just sue her blind. Thank you for the reassurance. I appreciate this- I feel this may be hard to talk about but I’ll absolutely try. ( Sadly only In the sense for this situation- I’m glad they go hard on this kind of stuff but it doesn’t have to be a umbrella),"Hm. There seems to be two main sources of anxiety here.
1. is the fear that people saw.
2. is the fear this might ruin her life.

ok. luckily, this will not ruin her life. At most there might be some School Discipline. There will be no crime or anything like that.

And you have already said that you don't think anyone saw. Trust yourself.
It was a very brief event, chances are no one was even looking in that direction. 
It was a mistake, not a spectacle. 

I think you should talk to her about it, I suspect you'll feel better about the situation after that chat, keep it light but firm. You don't have to accuse her of anything, but definitely make it clear how you feel. Set the boundary. 

You got this 💪",2,No,No,No,No,Yes,No,No,Yes,No
pqizwe,TwoXChromosomes,"Unpopular Opinion: I'm tired of hearing the whole ""it's not your job to teach someone about XYZ""...","I realize this will likely not be a popular post based on the number of times I see this phrase in the comments on this particular sub but I still wanted to share this, maybe controversial but ultimately, alternative view/thought process.

I hate willful ignorance probably more than anything, but being *""willfully ignorant of""* &amp; just being *""ignorant of""* are different things. Some people grow up sheltered, privileged, unaware of the existence of prejudice or malice - They are ignorant in the sense that they don't yet know that another view, or experience, is different than their own. Willful ignorance however, is when someone knows those things but chooses to dismiss or ignore them altogether to remain close-minded. So when I see people say things like ""It's not your job to teach your boyfriend about sexism"" or ""it's not your job to explain what privilege is to others"" it bothers me because we were all ignorant of something, sometime in our life &amp; if someone didn't teach us, we'd never know. I think it is our job, especially with those we're close with to at least try and help them understand something they may not be aware of. Now if the person does know &amp; chooses to keep recognizing ONLY their experience, that's willful ignorance and it's not your job to ""convince them"" something merits consideration.

As an example, when I was around 18-19 I worked as a server/bartender and became good friends with this guy named Rocky. I should explain that I went to a small school (200 kids maybe) and it was almost completely white and I honestly had very little interaction with people from other races - which sucks btw - so there were a lot of things I didn't understand about the POC experience. Was I aware of racism? Yes, of course this is America but I didn't really understand the real life implications or experience of POC. Rocky was a black guy, and being friends with him was easy but I was constantly learning from him about his experience. One night we're working behind the bar together &amp; this group comes in, they start ordering drinks but I also notice they keep calling Rocky, Tyrone. Now in my head I'm thinking they just can't see his name tag or maybe they misheard him, I'll correct them but when I do the guy just says ""oh he your boyfriend or something?"" I just said no, he's my friend &amp; his name is Rocky but I realized this guy was *only* planning to respect Rocky if we were dating.

Later when the bar closed I asked Rocky what was up because I could see he was down. He explained how often that shit happened, where they'd use a ""stereotypical black guy name"" in a pejorative way unless a white person was around to give him ""legitimacy"". He told me about how these little things (micro-aggressions) had happened his whole life, how it affected him &amp; his brothers. Rocky didn't have to share that with me, he could have taken the ""it's not my job to explain racism to you"" route but then I might never have understood micro-aggressions in the way I do now.

Yes I agree to some degree that it's every individuals responsibility to learn about how their experiences aren't shared by all, but I also think it's every one's job to help others who want to learn, understand them better. We don't all have the same experience and we don't all learn things at the same time so if it's not our job to help others understand, then whose job is it?

Really I guess this long rant is because I want to see more people sharing their experiences so we can understand them better and learn how to be better allies to each other. It would be amazing if people didn't need experiences like mine with Rocky to understand the weight of some things, but often it's just a lack of exposure and not willful ignorance.

**ETA: Due to the volume of messages attacking me, my husband and whatever minor semantics bothered people about this observation and request for more understanding I'm taking a break from the sub for a while. It's clear that while many are interested in using this forum for helping others understand women's perspectives, others are intent on using it to disparage others for simply not knowing something. I stand behind my statements.**","pqizwe TwoXChromosomes Unpopular Opinion: I'm tired of hearing the whole ""it's not your job to teach someone about XYZ""... AnxietyDepressedFun /r/TwoXChromosomes/comments/pqizwe/unpopular_opinion_im_tired_of_hearing_the_whole/ I realize this will likely not be a popular post based on the number of times I see this phrase in the comments on this particular sub but I still wanted to share this, maybe controversial but ultimately, alternative view/thought process.

I hate willful ignorance probably more than anything, but being *""willfully ignorant of""* &amp; just being *""ignorant of""* are different things. Some people grow up sheltered, privileged, unaware of the existence of prejudice or malice - They are ignorant in the sense that they don't yet know that another view, or experience, is different than their own. Willful ignorance however, is when someone knows those things but chooses to dismiss or ignore them altogether to remain close-minded. So when I see people say things like ""It's not your job to teach your boyfriend about sexism"" or ""it's not your job to explain what privilege is to others"" it bothers me because we were all ignorant of something, sometime in our life &amp; if someone didn't teach us, we'd never know. I think it is our job, especially with those we're close with to at least try and help them understand something they may not be aware of. Now if the person does know &amp; chooses to keep recognizing ONLY their experience, that's willful ignorance and it's not your job to ""convince them"" something merits consideration.

As an example, when I was around 18-19 I worked as a server/bartender and became good friends with this guy named Rocky. I should explain that I went to a small school (200 kids maybe) and it was almost completely white and I honestly had very little interaction with people from other races - which sucks btw - so there were a lot of things I didn't understand about the POC experience. Was I aware of racism? Yes, of course this is America but I didn't really understand the real life implications or experience of POC. Rocky was a black guy, and being friends with him was easy but I was constantly learning from him about his experience. One night we're working behind the bar together &amp; this group comes in, they start ordering drinks but I also notice they keep calling Rocky, Tyrone. Now in my head I'm thinking they just can't see his name tag or maybe they misheard him, I'll correct them but when I do the guy just says ""oh he your boyfriend or something?"" I just said no, he's my friend &amp; his name is Rocky but I realized this guy was *only* planning to respect Rocky if we were dating.

Later when the bar closed I asked Rocky what was up because I could see he was down. He explained how often that shit happened, where they'd use a ""stereotypical black guy name"" in a pejorative way unless a white person was around to give him ""legitimacy"". He told me about how these little things (micro-aggressions) had happened his whole life, how it affected him &amp; his brothers. Rocky didn't have to share that with me, he could have taken the ""it's not my job to explain racism to you"" route but then I might never have understood micro-aggressions in the way I do now.

Yes I agree to some degree that it's every individuals responsibility to learn about how their experiences aren't shared by all, but I also think it's every one's job to help others who want to learn, understand them better. We don't all have the same experience and we don't all learn things at the same time so if it's not our job to help others understand, then whose job is it?

Really I guess this long rant is because I want to see more people sharing their experiences so we can understand them better and learn how to be better allies to each other. It would be amazing if people didn't need experiences like mine with Rocky to understand the weight of some things, but often it's just a lack of exposure and not willful ignorance.

**ETA: Due to the volume of messages attacking me, my husband and whatever minor semantics bothered people about this observation and request for more understanding I'm taking a break from the sub for a while. It's clear that while many are interested in using this forum for helping others understand women's perspectives, others are intent on using it to disparage others for simply not knowing something. I stand behind my statements.**",IllustratorUnhappy55@0,1,/r/TwoXChromosomes/comments/pqizwe/unpopular_opinion_im_tired_of_hearing_the_whole/,AnxietyDepressedFun,"I mean here's the thing though... Yes Google exists but if you don't know what to Google or that there's even something to Google then how are you just expected to know. A lot of people come to this sub to get a response but instead are shouted down, told they are prejudice or sexist or whatever else for asking a question. It's okay to ask questions and if the responses aren't coming from the marginalized people themselves then who is answering them? I know as a woman, if someone has a question about my experience I'd prefer they ask me rather than my husband. If someone has a question about rape victims and abortion, again I'd prefer they get information from me or another experienced source that isn't Gov Abbott ya know? 

Of course you can look up ""what are all possible prejudices?"" and attempt to eradicate them but when new things become a part of the public discourse it's okay for people to ask, because not knowing is not the same thing as knowing and not acknowledging.","The reason your opinion is unpopular is because you're expecting a marginalized person to explain their life when if you truly wanted to understand you could Google and find out for yourself. You can Google most any topic and find tons of information, including groups where members go and share experiences. You can lurk there just reading and learning about others without making someone else do the work for them. Like men do here. 

Example: I had a male friend who I used to think was a really good guy. But after a while I noticed he had some misogynistic views. Like making fun of me when I was on my period. Like not standing up for women who were being ogled by men. I would explain why those things were harmful and where he could find out how sexism affects women. Know what his response was? Oh I'll just wait until I see you and you can show me. I think the problem most of us have is the other persons entitlement to our time. As women we are socially conditioned to be kind, patient, empathic and as a result we do most of the emotional labor. It isn't my job to explain to a grown ass man why certain things aren't acceptable. I wouldn't mind having discussions with someone who had done their own research and wanted to hear personal experiences but I'm not doing the job of educating a fully functioning adult with resources who is too close-minded or lazy to do their own work.",2,No,No,No,No,No,Yes,No,Yes,No
ttef48,sexualassault,Was this sexual assault?,"I’m embarrassed to write this because I’m embarrassed that I don’t know what this was. I know it made me feel like garbage, and that over a year later I feel like I’m only now starting to recognize what an impact this had on me. I was dating someone who had become very emotionally abusive. This occurred during a makeup phase following a particularly brutal episode of abuse. He had been on his best behaviour for several days. We were making out in his car and my underwear was off. He told me to turn over and I fully expected and consented to having intercourse. But then I felt this searing pain shoot through me as he thrust himself without any lubrication into my ass. He had never done that before. It was very aggressive. I’m truly so embarrassed to write this. I have never felt pain like that before and I cried out for him to stop. He did, and was apologetic, but the following day another cycle of verbal and emotional abuse began. In retrospect I can see he was already angry at me that night for not making a big deal about Valentines Day and I do feel that was where the aggression came from. How do I process the feeling of violation and degradation I feel from that incident, which was followed by so much more degradation in the months it took before I finally cut him out from my life? Was this a kind of assault? I have had pain in that area ever since, particularly in the past few months which has honestly brought the memories of this flooding back.","ttef48 sexualassault Was this sexual assault? pollywilly /r/sexualassault/comments/ttef48/was_this_sexual_assault/ I’m embarrassed to write this because I’m embarrassed that I don’t know what this was. I know it made me feel like garbage, and that over a year later I feel like I’m only now starting to recognize what an impact this had on me. I was dating someone who had become very emotionally abusive. This occurred during a makeup phase following a particularly brutal episode of abuse. He had been on his best behaviour for several days. We were making out in his car and my underwear was off. He told me to turn over and I fully expected and consented to having intercourse. But then I felt this searing pain shoot through me as he thrust himself without any lubrication into my ass. He had never done that before. It was very aggressive. I’m truly so embarrassed to write this. I have never felt pain like that before and I cried out for him to stop. He did, and was apologetic, but the following day another cycle of verbal and emotional abuse began. In retrospect I can see he was already angry at me that night for not making a big deal about Valentines Day and I do feel that was where the aggression came from. How do I process the feeling of violation and degradation I feel from that incident, which was followed by so much more degradation in the months it took before I finally cut him out from my life? Was this a kind of assault? I have had pain in that area ever since, particularly in the past few months which has honestly brought the memories of this flooding back.",purple_elephant726@2,3,/r/sexualassault/comments/ttef48/was_this_sexual_assault/,pollywilly,Thank you. I’m very sorry for your experience as well. That sounds deeply traumatic and must have taken a lot of work to process. Thank you for sharing with me.,You are just as human as anyone else and this deserving of respect and consideration.,1,No,No,No,Yes,Yes,No,No,No,No
1hnmk17,sexualassault,I can't tell if I consented or not,"I've (17) been seeing this guy (also 17) for not that long and I feel like it's moving far too fast. At first it felt alright in the sense that we would kiss and it wasn't anything more, but now I swear he just wants to hook up with me and it's honestly freaking me out. We hung out recently (I don't want my friends to find this so I'm leaving out specifics), and he parked the car briefly so we could kiss. The issue is that I have a really big issue where I just can't say no to people, and when he asked to move to the backseat, I agreed. I didn't want to hook up with him, even from the start. I don't even know if I can be mad at him because he asked me several times if I was okay and to tell him if I wanted to stop, and I didn't stay stop. I feel like he did everything right but at the same time I don't. The issue is that I didn't say anything. I just froze and I didn't say no, but I didn't say yes either. The only thing I really found myself able to do was move his hand away once or twice, to which he did and apologized a lot. I want to be able to not blame myself but at the same time I feel like it's all my fault. I really, really regret not saying anything, and I feel like I can't do this if I don't have the basic ability to say ""stop"", ""no"", or anything of the sort. But I also really like him and he is a good guy and I don't want to end things so suddenly. I don't even know if I really want it to end, but I feel like I should for the sake of my mental health. I don't want to know what I could get myself into if I stay but I don't really know if I want to leave. I feel like it's my fault because I've been through sa before; I've always pledged that I would speak out and say no but I didn't, and I can't even bring myself to tell the people I care about about this story.","1hnmk17 sexualassault I can't tell if I consented or not Empty-Surround-4023 /r/sexualassault/comments/1hnmk17/i_cant_tell_if_i_consented_or_not/ I've (17) been seeing this guy (also 17) for not that long and I feel like it's moving far too fast. At first it felt alright in the sense that we would kiss and it wasn't anything more, but now I swear he just wants to hook up with me and it's honestly freaking me out. We hung out recently (I don't want my friends to find this so I'm leaving out specifics), and he parked the car briefly so we could kiss. The issue is that I have a really big issue where I just can't say no to people, and when he asked to move to the backseat, I agreed. I didn't want to hook up with him, even from the start. I don't even know if I can be mad at him because he asked me several times if I was okay and to tell him if I wanted to stop, and I didn't stay stop. I feel like he did everything right but at the same time I don't. The issue is that I didn't say anything. I just froze and I didn't say no, but I didn't say yes either. The only thing I really found myself able to do was move his hand away once or twice, to which he did and apologized a lot. I want to be able to not blame myself but at the same time I feel like it's all my fault. I really, really regret not saying anything, and I feel like I can't do this if I don't have the basic ability to say ""stop"", ""no"", or anything of the sort. But I also really like him and he is a good guy and I don't want to end things so suddenly. I don't even know if I really want it to end, but I feel like I should for the sake of my mental health. I don't want to know what I could get myself into if I stay but I don't really know if I want to leave. I feel like it's my fault because I've been through sa before; I've always pledged that I would speak out and say no but I didn't, and I can't even bring myself to tell the people I care about about this story.",ItzMaddie74@2,3,/r/sexualassault/comments/1hnmk17/i_cant_tell_if_i_consented_or_not/,Empty-Surround-4023,thank you again this means a lot,"It’s all okay! I understand feeling that way, but you definitely aren’t overreacting! I’m happy you reached out!",2,No,No,No,No,Yes,No,No,No,No
wm4bz6,rape,was i sexually assaulted? please help,"A friend (female) and I (female) had a few drinks last night. Neither of us were drunk, but we both were tipsy. She started trying to kiss me, which I was initially okay with, but she kept going and trying to give me hickeys. She kept pulling me onto her, even though I tried to pull away, and kept trying to make out with me, quite literally forcing her tongue down my throat. I said no several times, it was obvious I didn’t want to, but she kept going. She tried to unbutton my jeans, I moved away, so she just put her hand down them instead and started touching me, and then started fingering me. I kept trying to move, but it was awkward based on the position we were both in. I didn’t want to hurt her, at all, but I had to shove her and make her leave. I feel violated, but idk if it’s a big deal or not because I knew she had had a few drinks. Can someone tell me what they think this was?","wm4bz6 rape was i sexually assaulted? please help nccoyne /r/rape/comments/wm4bz6/was_i_sexually_assaulted_please_help/ A friend (female) and I (female) had a few drinks last night. Neither of us were drunk, but we both were tipsy. She started trying to kiss me, which I was initially okay with, but she kept going and trying to give me hickeys. She kept pulling me onto her, even though I tried to pull away, and kept trying to make out with me, quite literally forcing her tongue down my throat. I said no several times, it was obvious I didn’t want to, but she kept going. She tried to unbutton my jeans, I moved away, so she just put her hand down them instead and started touching me, and then started fingering me. I kept trying to move, but it was awkward based on the position we were both in. I didn’t want to hurt her, at all, but I had to shove her and make her leave. I feel violated, but idk if it’s a big deal or not because I knew she had had a few drinks. Can someone tell me what they think this was?",HereForRandomBits@0,1,/r/rape/comments/wm4bz6/was_i_sexually_assaulted_please_help/,nccoyne,"thank you, idrk what to think about this whole thing yet",This is sexual assault,6,No,No,No,No,Yes,No,No,No,No
pyvoj8,sexualassault,Been thinking about reporting+ other stuff I want to make sense of by writing them down,"I'm a 16 yo guy. I was sexually assaulted five months ago, at 15, by a 16 yo guy who was my friend at my best friends birthday party.
Even just thinking that sentence is hard so much of the time. 
One minute I can see the situation from an outer perspective. I was sexually assulted. I didn't consent, I didn't want it, I wasn't even sending mixed signals (not that that would've made it okay), there is no way he wasn't aware of what he was doing. He didn't say a word, he didn't look at me, he didn't care.

The next minute he's in my head laughing at me and telling me I'm too sensitive and not a real man if I couldn't just take something so many gay (or bi in my case) guys want so bad, that I wanted it and only want attention by claiming I didn't, that I should just get over it instead of causing a scene over nothing. 
That what he did isn't bad enough to ruin his life over and that I'm a horrible person for even considering reporting. ""He's 16, he just made a mistake that happened to traumatize me""


I want to be over it so bad, I want to forget. But recently I've been seriously considering reporting him. My dad knows now and I'm in a bit of a better place, I want some sort of closure. I can't stand pretending it never happened anymore. I can't just move on knowing he probably already has and will do the same and worse to others.

I can't stand thinking about him living his life with no consequences for ruining mine. The only person at that party that believed me was my best friend who's party it had happened at, the rest believe his version (that ""I wanted it, just like the first time""(which was also a less severe form of sexual assualt he also told people about and twisted what happened into a version that's nicer for his dickhead friends to believe).

He has the same friends (and my best friend lost a lot of hers), he's convinced himself he did nothing wrong, nothing's changed for him. He gets to laugh and be happy meanwhile I'll never be able to do anything sexual without getting flashbacks, I stop functioning when people grab my hand out of nowhere. I hope he feels guilt. If not now, even in 50 years will do.

I know a police report probably won't have much of an outcome (he did tell a bunch of people his version because he was scared I'd tell mine before he could ingrain in their minds that I lied about it, which is proof that something did happen, even if there's no proof it happened the way it did).
I just want it written down somewhere legally. I want a way to prove to myself it wasn't okay. I always forget what he did is considered illegal because I convince myself it wasn't bad enough to be. If what happened to me is taken seriously by authorities, it proves I'm not just overreacting.
I honestly don't know enough about the legalities in my country for reporting SA, I think I want to look into that.

I want his parents to be informed of it by police. Even if it's just stated that I've filed a report, I won't get my hopes up about anything more than that. I just want his parents to know, I want them not to be able to look at him the same way.
that would be enough.","pyvoj8 sexualassault Been thinking about reporting+ other stuff I want to make sense of by writing them down gayass__throwaway /r/sexualassault/comments/pyvoj8/been_thinking_about_reporting_other_stuff_i_want/ I'm a 16 yo guy. I was sexually assaulted five months ago, at 15, by a 16 yo guy who was my friend at my best friends birthday party.
Even just thinking that sentence is hard so much of the time. 
One minute I can see the situation from an outer perspective. I was sexually assulted. I didn't consent, I didn't want it, I wasn't even sending mixed signals (not that that would've made it okay), there is no way he wasn't aware of what he was doing. He didn't say a word, he didn't look at me, he didn't care.

The next minute he's in my head laughing at me and telling me I'm too sensitive and not a real man if I couldn't just take something so many gay (or bi in my case) guys want so bad, that I wanted it and only want attention by claiming I didn't, that I should just get over it instead of causing a scene over nothing. 
That what he did isn't bad enough to ruin his life over and that I'm a horrible person for even considering reporting. ""He's 16, he just made a mistake that happened to traumatize me""


I want to be over it so bad, I want to forget. But recently I've been seriously considering reporting him. My dad knows now and I'm in a bit of a better place, I want some sort of closure. I can't stand pretending it never happened anymore. I can't just move on knowing he probably already has and will do the same and worse to others.

I can't stand thinking about him living his life with no consequences for ruining mine. The only person at that party that believed me was my best friend who's party it had happened at, the rest believe his version (that ""I wanted it, just like the first time""(which was also a less severe form of sexual assualt he also told people about and twisted what happened into a version that's nicer for his dickhead friends to believe).

He has the same friends (and my best friend lost a lot of hers), he's convinced himself he did nothing wrong, nothing's changed for him. He gets to laugh and be happy meanwhile I'll never be able to do anything sexual without getting flashbacks, I stop functioning when people grab my hand out of nowhere. I hope he feels guilt. If not now, even in 50 years will do.

I know a police report probably won't have much of an outcome (he did tell a bunch of people his version because he was scared I'd tell mine before he could ingrain in their minds that I lied about it, which is proof that something did happen, even if there's no proof it happened the way it did).
I just want it written down somewhere legally. I want a way to prove to myself it wasn't okay. I always forget what he did is considered illegal because I convince myself it wasn't bad enough to be. If what happened to me is taken seriously by authorities, it proves I'm not just overreacting.
I honestly don't know enough about the legalities in my country for reporting SA, I think I want to look into that.

I want his parents to be informed of it by police. Even if it's just stated that I've filed a report, I won't get my hopes up about anything more than that. I just want his parents to know, I want them not to be able to look at him the same way.
that would be enough.",Ok-Werewolf-2204@0,1,/r/sexualassault/comments/pyvoj8/been_thinking_about_reporting_other_stuff_i_want/,gayass__throwaway,Thank you so much,"We believe you. And you deserve whatever kind of closure and peace you need. If you go through with reporting it, good for you. If you don’t, that’s perfectly valid too. No matter what, legality doesn’t always perfectly align with what’s harmful. Even if a police report doesn’t end the way you want it to, it will never change what happened and won’t negate what he did to you. You can also change your mind about moving forward if it ever becomes too overwhelming. My only regret about reporting my SA wasn’t that I reported it - it’s that I wish I hadn’t put so much pressure on myself to be a voice for others. It’s not a victims ‘job’ to protect the world from rapists, we shouldn’t have to bear that burden. Do what is best for YOU! Sending the best vibes your way. I’m so sorry you’re going through this. Proud of you for your clarity.",2,No,No,No,No,Yes,No,No,No,No
uinjdg,rape,I don't know what to do,"Let's start by saying I ended up in this situation on my own. I (F21) went out drinking with friends and friends of friends, I was already drunk when I stupidly tried a drug (I asked for it, my friends told me not to do it but me being young and stupid, did it anyway) that's the last thing I remember before I blacked out. Next thing I know is I woke up in my bed completely naked with a friend of a friend I met that night and I had flashbacks of him going in on me and I feel absolutely terrible, disgusting and scared. I have been sleeping on the couch because going in my room repulses me. I don't know if I consented or if he was drunk too but I cannot help but be disgusted by my own actions. I don't know if this is S.A and I'm so scared and I've been crying ever since. 

I need to vent and be reprimanded or comforted by someone.
Thank you for taking your time to read this.","uinjdg rape I don't know what to do throwaway4027746 /r/rape/comments/uinjdg/i_dont_know_what_to_do/ Let's start by saying I ended up in this situation on my own. I (F21) went out drinking with friends and friends of friends, I was already drunk when I stupidly tried a drug (I asked for it, my friends told me not to do it but me being young and stupid, did it anyway) that's the last thing I remember before I blacked out. Next thing I know is I woke up in my bed completely naked with a friend of a friend I met that night and I had flashbacks of him going in on me and I feel absolutely terrible, disgusting and scared. I have been sleeping on the couch because going in my room repulses me. I don't know if I consented or if he was drunk too but I cannot help but be disgusted by my own actions. I don't know if this is S.A and I'm so scared and I've been crying ever since. 

I need to vent and be reprimanded or comforted by someone.
Thank you for taking your time to read this.",Certain_Attitude_133@0,1,/r/rape/comments/uinjdg/i_dont_know_what_to_do/,throwaway4027746,"It wasn't the same guy thank goodness, I did it with two friends who both are my secret crushes so I was feeling really good at that moment, they were the only ones who knew I took that ❄️.

It happened on Sunday night to Monday morning and when I woke up hangover with my a*us hurting I knew something was wrong besides waking up completely naked. 

I will look up RAINN and I didn't know there was a sexual assault hotline, thank you for your helpful information, sending you much love darling &lt;3","You were raped. I’m sorry. It wasn’t your fault, I’ve had a similar experience. The drug was probably a sedative or something to make you unable to move for some time. The guy that you remember going down on you, is he the same person who offered you the drug? Even if it was not him, and he just took advantage of your intoxication, that would still be rape. It is wrong, and if you’d like to have the rapist investigated you can contact the police and say you need a rape kit done immediately, do not shower before it. RAINN is a good online resource, and you can call a sexual assault hotline if you need to talk to someone. Hang in there, you will get through this",2,No,Yes,No,No,Yes,No,No,Yes,No
u9329j,rape,My BF raped me,"
I went over to his house to watch a movie. His brother watched it with us. Afterward we went up to his room. I wanted to go up because I wanted to make out. Like we always do

He tried to use his fingers on me but I said no.

He climbed on me and I let him rub himself on me.  It felt nice.

He yanked my pants down and I said no. 

He pulled himself out of his pants and I said no. 

He forced my legs open and I begged him not to.

He entered me and I cried and begged him to stop.

He whispered I'm so sorry in my ear while he raped me. 

He caressed my face and hair and whispered that it would all be over soon. 

Just let me cum and I'll let you up

But as he got closer he changed. He stopped apologizing and got mean.

He started saying I made him do it because I was a tease.

He said he could tell I liked it.

He said he loved the way his cock looked sliding in and out of me.

Finally he was done. He collapsed on top of me and said see it wasn't that bad.

Then he told me I should go before his parents got home and found me in his room.

I walked home in a daze.

I wanted to tell my dad but when I got home and saw him sitting on the couch I freaked and just ran to my room.

Then I went and showered him off of me.","u9329j rape My BF raped me [deleted] /r/rape/comments/u9329j/my_bf_raped_me/ 
I went over to his house to watch a movie. His brother watched it with us. Afterward we went up to his room. I wanted to go up because I wanted to make out. Like we always do

He tried to use his fingers on me but I said no.

He climbed on me and I let him rub himself on me.  It felt nice.

He yanked my pants down and I said no. 

He pulled himself out of his pants and I said no. 

He forced my legs open and I begged him not to.

He entered me and I cried and begged him to stop.

He whispered I'm so sorry in my ear while he raped me. 

He caressed my face and hair and whispered that it would all be over soon. 

Just let me cum and I'll let you up

But as he got closer he changed. He stopped apologizing and got mean.

He started saying I made him do it because I was a tease.

He said he could tell I liked it.

He said he loved the way his cock looked sliding in and out of me.

Finally he was done. He collapsed on top of me and said see it wasn't that bad.

Then he told me I should go before his parents got home and found me in his room.

I walked home in a daze.

I wanted to tell my dad but when I got home and saw him sitting on the couch I freaked and just ran to my room.

Then I went and showered him off of me.",harcher2531@2,3,/r/rape/comments/u9329j/my_bf_raped_me/,[deleted],"My dad is safe to tell I'm just scared. He'll be disappointed but will have my back I think.

I still have my clothes. I'll bag them up","You did not fail him!! Those were meant to be just that, warnings. Not tests. There's nothing to fail, especially at this. It wasn't your fault. You did not deserve it, it has not damaged you, you did nothing wrong, and you WILL be okay. 
If your father is someone safe, I urge you to tell him. If he's not, tell an adult that is. 
If you're considering a rape kit, put the clothes you were wearing in a plastic bag. You've showered, but there could still be evidence left behind especially if you go sooner rather than later. Keep in mind that rape kits are very invasive and can be traumatizing themselves. Some victims have said it was like being violated a second time. I think it's important that part is known when encouraging rape kits.",6,No,No,No,No,No,No,Yes,Yes,No
oeu37z,sexualassault,Am I considered a victim?,"Went to a guy’s place with the intent of just chilling. We talked beforehand that’s the only thing we were going to do. Eventually we started to cuddle and make out. I told him 5-6x that “no, I didn’t want to go below the belt” but eventually gave in and my pants came off. Perhaps he was getting mixed signals cause I was saying no but my body wasn’t matching that. He started to finger me and my body was responding positively. He also stopped to ask a couple times if i wanted to stop and I said no. I don’t exactly feel like a victim. It felt like I changed my mind after my pants came off. When I told my friend what happened, he insisted it was sexual assault, that I was in denial, and that I was taking the situation too light. Im not sure what to think because I didn’t fight back and liked it. I feel weak. A part of me recognizes this could be sexual assault but I feel consent was there and I need to take some responsibility for not pushing him away afterwards. I’ve had no sexual experience prior to this. I talked to the guy after and he felt bad about pants coming off even though I didn’t want it to, but genuinely thought I was having a good time. It didn’t even occur to me until my friend said it. 

Am I victim that was coerced or was it a case of changing mind?","oeu37z sexualassault Am I considered a victim? Anxious_Effort /r/sexualassault/comments/oeu37z/am_i_considered_a_victim/ Went to a guy’s place with the intent of just chilling. We talked beforehand that’s the only thing we were going to do. Eventually we started to cuddle and make out. I told him 5-6x that “no, I didn’t want to go below the belt” but eventually gave in and my pants came off. Perhaps he was getting mixed signals cause I was saying no but my body wasn’t matching that. He started to finger me and my body was responding positively. He also stopped to ask a couple times if i wanted to stop and I said no. I don’t exactly feel like a victim. It felt like I changed my mind after my pants came off. When I told my friend what happened, he insisted it was sexual assault, that I was in denial, and that I was taking the situation too light. Im not sure what to think because I didn’t fight back and liked it. I feel weak. A part of me recognizes this could be sexual assault but I feel consent was there and I need to take some responsibility for not pushing him away afterwards. I’ve had no sexual experience prior to this. I talked to the guy after and he felt bad about pants coming off even though I didn’t want it to, but genuinely thought I was having a good time. It didn’t even occur to me until my friend said it. 

Am I victim that was coerced or was it a case of changing mind?",[deleted]@0,1,/r/sexualassault/comments/oeu37z/am_i_considered_a_victim/,Anxious_Effort,"I’ll definitely talk to him. I feel guilty and weak right now cause I can see how this would be sexual assault but I don’t really recognize it. When you say “it is what it is”, i feel like a greater idiot like someone is screaming at me how do you not see it’s wrong. Idk if it’s just my friend shoving his POV on me that I am starting to become uncomfortable with this. A part of feels like I need to convince my friend that I am not wrong for my thoughts on this situation and I need some validation from someone. 
Needless to say, I don’t think I’ll be interacting with this person anymore.","I feel like regardless of how your body responds, if you say no they should respect your boundaries. That was wrong of them, and they pressured you into it.

If you leave the interaction feeling bad about it/your self, then it would be sexual assault imo. But if you're okay with it, then it is what it is. 

Please talk to this person about boundaries, and how no means no full stop. My personal experience, if they convince you to change your mind once they're gonna do it again and push harder/not let it go until it's a situation you're really not cool with. 

If they start pressuring you again and you don't want to do anything, point out what they're doing. Don't let them make you feel bad about it or keep pressuring you, and if they do, stand up and leave. 

Sometimes partners can be caught up in the moment and not be thinking clearly, but you shouldn't feel obligated or pressured into anything you don't want, regardless if you end up liking it or not.",2,No,No,No,Yes,No,No,Yes,Yes,No
vcggmv,sexualassault,Is this sexual assault?,"

So my ex bf(18) me (18) we were laying in bed and all of a sudden he pulls his pants down and starts to undress me and I told him “no” so he stopped and then he stokes his penis and puts a pillow on my eyes and starting kissing me and then it puts his dick in my mouth and I closed my mouth but he starts trying again. There’s been times I told him “no” to sex but he undress me and one time he cum in me without my consent knowing I’m not on birth control. (NSFW)","vcggmv sexualassault Is this sexual assault? Various_Condition586 /r/sexualassault/comments/vcggmv/is_this_sexual_assault/ 

So my ex bf(18) me (18) we were laying in bed and all of a sudden he pulls his pants down and starts to undress me and I told him “no” so he stopped and then he stokes his penis and puts a pillow on my eyes and starting kissing me and then it puts his dick in my mouth and I closed my mouth but he starts trying again. There’s been times I told him “no” to sex but he undress me and one time he cum in me without my consent knowing I’m not on birth control. (NSFW)",mya_2128@0,1,/r/sexualassault/comments/vcggmv/is_this_sexual_assault/,Various_Condition586,Yes it’s really hard cause I’m going Thur the breakup right now honestly I should of left him way earlier I’m so stupid I really have not told anyone but yes I should,yes honey i’m so sorry but that shouldn’t of happened to you and was definitely sexual assault. something should be done about this and maybe if you felt comfortable telling someone close to you ?,1,No,No,No,Yes,No,No,Yes,Yes,No
1ghylt9,TwoXChromosomes,How is this SA?,"It was 1- 2 AM. I (18f) was in bed until I heard someone open my door and saw it was a guy who lives in the same flat of me. I said ""you're in the wrong room"" as he stumbled in and kind of freaked out when I saw him holding his dick. I grabbed his arm and tried pulling him out but he literally wouldn't budge and he was starting to stand in front of my bed as if he was about to pee on it while holding his dick. When I tried pulling away again, he collapsed on my bed. I went to the office to get the people to remove him and they said that his whole front including his hair was covered in ""water"" they believe. My whole sheets and pillows were wet but when I smelled them, it smelled like sin and it honestly made me gag. The smell is still burning in my nose.

I understand that it was unintentional since he was stupidly drunk but ew.

I told some people about it but they disagreed with me when I said I don’t believe it’s SA since he was drunk and only thought my room was his, right?","1ghylt9 TwoXChromosomes How is this SA? No-Debate607 /r/TwoXChromosomes/comments/1ghylt9/how_is_this_sa/ It was 1- 2 AM. I (18f) was in bed until I heard someone open my door and saw it was a guy who lives in the same flat of me. I said ""you're in the wrong room"" as he stumbled in and kind of freaked out when I saw him holding his dick. I grabbed his arm and tried pulling him out but he literally wouldn't budge and he was starting to stand in front of my bed as if he was about to pee on it while holding his dick. When I tried pulling away again, he collapsed on my bed. I went to the office to get the people to remove him and they said that his whole front including his hair was covered in ""water"" they believe. My whole sheets and pillows were wet but when I smelled them, it smelled like sin and it honestly made me gag. The smell is still burning in my nose.

I understand that it was unintentional since he was stupidly drunk but ew.

I told some people about it but they disagreed with me when I said I don’t believe it’s SA since he was drunk and only thought my room was his, right?",[deleted]@3,4,/r/TwoXChromosomes/comments/1ghylt9/how_is_this_sa/,No-Debate607,What a freak😂 who would do that to someone they barely know in their own room?,"Hey buddy, he could have also been peeing on you as a fetish.


Thats a pretty common one.",4,No,No,No,No,No,Yes,No,No,Yes
pqizwe,TwoXChromosomes,"Unpopular Opinion: I'm tired of hearing the whole ""it's not your job to teach someone about XYZ""...","I realize this will likely not be a popular post based on the number of times I see this phrase in the comments on this particular sub but I still wanted to share this, maybe controversial but ultimately, alternative view/thought process.

I hate willful ignorance probably more than anything, but being *""willfully ignorant of""* &amp; just being *""ignorant of""* are different things. Some people grow up sheltered, privileged, unaware of the existence of prejudice or malice - They are ignorant in the sense that they don't yet know that another view, or experience, is different than their own. Willful ignorance however, is when someone knows those things but chooses to dismiss or ignore them altogether to remain close-minded. So when I see people say things like ""It's not your job to teach your boyfriend about sexism"" or ""it's not your job to explain what privilege is to others"" it bothers me because we were all ignorant of something, sometime in our life &amp; if someone didn't teach us, we'd never know. I think it is our job, especially with those we're close with to at least try and help them understand something they may not be aware of. Now if the person does know &amp; chooses to keep recognizing ONLY their experience, that's willful ignorance and it's not your job to ""convince them"" something merits consideration.

As an example, when I was around 18-19 I worked as a server/bartender and became good friends with this guy named Rocky. I should explain that I went to a small school (200 kids maybe) and it was almost completely white and I honestly had very little interaction with people from other races - which sucks btw - so there were a lot of things I didn't understand about the POC experience. Was I aware of racism? Yes, of course this is America but I didn't really understand the real life implications or experience of POC. Rocky was a black guy, and being friends with him was easy but I was constantly learning from him about his experience. One night we're working behind the bar together &amp; this group comes in, they start ordering drinks but I also notice they keep calling Rocky, Tyrone. Now in my head I'm thinking they just can't see his name tag or maybe they misheard him, I'll correct them but when I do the guy just says ""oh he your boyfriend or something?"" I just said no, he's my friend &amp; his name is Rocky but I realized this guy was *only* planning to respect Rocky if we were dating.

Later when the bar closed I asked Rocky what was up because I could see he was down. He explained how often that shit happened, where they'd use a ""stereotypical black guy name"" in a pejorative way unless a white person was around to give him ""legitimacy"". He told me about how these little things (micro-aggressions) had happened his whole life, how it affected him &amp; his brothers. Rocky didn't have to share that with me, he could have taken the ""it's not my job to explain racism to you"" route but then I might never have understood micro-aggressions in the way I do now.

Yes I agree to some degree that it's every individuals responsibility to learn about how their experiences aren't shared by all, but I also think it's every one's job to help others who want to learn, understand them better. We don't all have the same experience and we don't all learn things at the same time so if it's not our job to help others understand, then whose job is it?

Really I guess this long rant is because I want to see more people sharing their experiences so we can understand them better and learn how to be better allies to each other. It would be amazing if people didn't need experiences like mine with Rocky to understand the weight of some things, but often it's just a lack of exposure and not willful ignorance.

**ETA: Due to the volume of messages attacking me, my husband and whatever minor semantics bothered people about this observation and request for more understanding I'm taking a break from the sub for a while. It's clear that while many are interested in using this forum for helping others understand women's perspectives, others are intent on using it to disparage others for simply not knowing something. I stand behind my statements.**","pqizwe TwoXChromosomes Unpopular Opinion: I'm tired of hearing the whole ""it's not your job to teach someone about XYZ""... AnxietyDepressedFun /r/TwoXChromosomes/comments/pqizwe/unpopular_opinion_im_tired_of_hearing_the_whole/ I realize this will likely not be a popular post based on the number of times I see this phrase in the comments on this particular sub but I still wanted to share this, maybe controversial but ultimately, alternative view/thought process.

I hate willful ignorance probably more than anything, but being *""willfully ignorant of""* &amp; just being *""ignorant of""* are different things. Some people grow up sheltered, privileged, unaware of the existence of prejudice or malice - They are ignorant in the sense that they don't yet know that another view, or experience, is different than their own. Willful ignorance however, is when someone knows those things but chooses to dismiss or ignore them altogether to remain close-minded. So when I see people say things like ""It's not your job to teach your boyfriend about sexism"" or ""it's not your job to explain what privilege is to others"" it bothers me because we were all ignorant of something, sometime in our life &amp; if someone didn't teach us, we'd never know. I think it is our job, especially with those we're close with to at least try and help them understand something they may not be aware of. Now if the person does know &amp; chooses to keep recognizing ONLY their experience, that's willful ignorance and it's not your job to ""convince them"" something merits consideration.

As an example, when I was around 18-19 I worked as a server/bartender and became good friends with this guy named Rocky. I should explain that I went to a small school (200 kids maybe) and it was almost completely white and I honestly had very little interaction with people from other races - which sucks btw - so there were a lot of things I didn't understand about the POC experience. Was I aware of racism? Yes, of course this is America but I didn't really understand the real life implications or experience of POC. Rocky was a black guy, and being friends with him was easy but I was constantly learning from him about his experience. One night we're working behind the bar together &amp; this group comes in, they start ordering drinks but I also notice they keep calling Rocky, Tyrone. Now in my head I'm thinking they just can't see his name tag or maybe they misheard him, I'll correct them but when I do the guy just says ""oh he your boyfriend or something?"" I just said no, he's my friend &amp; his name is Rocky but I realized this guy was *only* planning to respect Rocky if we were dating.

Later when the bar closed I asked Rocky what was up because I could see he was down. He explained how often that shit happened, where they'd use a ""stereotypical black guy name"" in a pejorative way unless a white person was around to give him ""legitimacy"". He told me about how these little things (micro-aggressions) had happened his whole life, how it affected him &amp; his brothers. Rocky didn't have to share that with me, he could have taken the ""it's not my job to explain racism to you"" route but then I might never have understood micro-aggressions in the way I do now.

Yes I agree to some degree that it's every individuals responsibility to learn about how their experiences aren't shared by all, but I also think it's every one's job to help others who want to learn, understand them better. We don't all have the same experience and we don't all learn things at the same time so if it's not our job to help others understand, then whose job is it?

Really I guess this long rant is because I want to see more people sharing their experiences so we can understand them better and learn how to be better allies to each other. It would be amazing if people didn't need experiences like mine with Rocky to understand the weight of some things, but often it's just a lack of exposure and not willful ignorance.

**ETA: Due to the volume of messages attacking me, my husband and whatever minor semantics bothered people about this observation and request for more understanding I'm taking a break from the sub for a while. It's clear that while many are interested in using this forum for helping others understand women's perspectives, others are intent on using it to disparage others for simply not knowing something. I stand behind my statements.**",purplelattice@6,7,/r/TwoXChromosomes/comments/pqizwe/unpopular_opinion_im_tired_of_hearing_the_whole/,AnxietyDepressedFun,"Look I respect your decision, I respect your right to say this conversation is no longer worth it to me mentally, and I even understand the exhaustion but claiming I'm the reason you discourage education is just indignant. 

I read every word of your replies and despite you changing the topic from dispelling ignorance to protecting mental wellbeing, I tried to provide you with my perspective and to return to the initial topic. Multiple times I said it's okay to not want to educate, it's even okay to tell others they have that option but actively continuing to encourage silence and ignorance is tiresome. I'm very disappointed that so many people immediately jump to ""you don't need to share"" when so much could be gained by sharing our experiences.

Simply put, I believe discouraging others from sharing their own experiences is detrimental to better understanding.","&gt;If you don't want to share yours that's fine but why do we keep encouraging people to not share theirs?

Did you read my reply? I literally answered this.

&gt;but I am saying that if you continue to tell people they should already understand 

Which is not what I was answering and is a change in topic.

This, this right here is why we say it is okay to not educate because it is not your job. Because of people like you, which is the majority, don't take well to being educated. You literally read my reply that answered this and decided that must not be enough of a reason and doubled down.

I am now going to back away from trying to educate you because it really is too much now.",7,No,No,No,No,No,Yes,No,Yes,No
1eoeq1x,sexualassault,Was this sexual assault?," I had been dating my then boyfriend for a little under a year and he had been asking me if I was ready to have sex. I told him no but I might be soon. he came over one day and we laid in bed together, then he started begging me to have sex with him, he kept repeating please over and over. I didnt want to be mean to him so I said maybe next week but he asked me if he could just ""try on"" the condom (ik it was dumb to give him the condom but I was young and niave). he put the condom on and continued to beg me. I told him I was scared and not ready but he asked me to just kiss him instead. and while I was on top of him kissing him, he shoved my hips down and shoved into me. I was so shocked so I started crying and getting scared and he kept going until he told me my reaction was ""over dramatic"" and had turned him off. I completely froze up the entire time I just cried and sat there and never told him to stop. that's why I'm scared that I might just be over dramatic and it wasnt really sexual assault, because I never out right told him to stop during the actual action. I just cried and waited for it to be over. I only told one person afterwards and she was my best friend at the time, she continued to tell all my friend and family to ridicule me when we stopped being friends. I have been trying to learn how to cope with this on my own and now I've been shoved into having everyone know and I just am in dire need of guidance. I'm wondering if it even was sexual assault because I told him I would be ready soon.
I am begging for help, I am so lost and clueless.","1eoeq1x sexualassault Was this sexual assault? Wild-Resource-1294 /r/sexualassault/comments/1eoeq1x/was_this_sexual_assault/  I had been dating my then boyfriend for a little under a year and he had been asking me if I was ready to have sex. I told him no but I might be soon. he came over one day and we laid in bed together, then he started begging me to have sex with him, he kept repeating please over and over. I didnt want to be mean to him so I said maybe next week but he asked me if he could just ""try on"" the condom (ik it was dumb to give him the condom but I was young and niave). he put the condom on and continued to beg me. I told him I was scared and not ready but he asked me to just kiss him instead. and while I was on top of him kissing him, he shoved my hips down and shoved into me. I was so shocked so I started crying and getting scared and he kept going until he told me my reaction was ""over dramatic"" and had turned him off. I completely froze up the entire time I just cried and sat there and never told him to stop. that's why I'm scared that I might just be over dramatic and it wasnt really sexual assault, because I never out right told him to stop during the actual action. I just cried and waited for it to be over. I only told one person afterwards and she was my best friend at the time, she continued to tell all my friend and family to ridicule me when we stopped being friends. I have been trying to learn how to cope with this on my own and now I've been shoved into having everyone know and I just am in dire need of guidance. I'm wondering if it even was sexual assault because I told him I would be ready soon.
I am begging for help, I am so lost and clueless.",ContextOwn6252@0,1,/r/sexualassault/comments/1eoeq1x/was_this_sexual_assault/,Wild-Resource-1294,Thank you so much for the reply. I am so happy to hear that it wasnt all in my head. I have spent so long debating whether I was sexually assaulted or not and this will no doubt help put those thoughts to rest. Thank you ❤,I’m so sorry! It’s sexual assault. You said no maybe next week. You agreed to kissing. You didn’t agree to him forcing himself inside of you. It’s not your fault because you froze either. He knew you didn’t want to have sex. He kept manipulating the situation. You trusted him and he knew he could keep pushing your boundaries. You’re not being over dramatic. Your body should be respected.,7,No,No,No,Yes,Yes,No,No,No,No
1iv26kt,sexualassault,My father masturbated next to me as a child,"
Trigger Warning, Graphic!!! 
Hello, for a Long time i said to myself taht this wasn't sexual assault, because i wasn't touched, then i told my girlfriend about it and sehr asked me to explain it more and when i told her my body twitched the whole time (she hold me) and it was so awful for me. I also offen feared that someone could touch me when i go to sleep and i fehlt very uncomfortable to get in physical contact even with people i liked. Two therapists told me that my father had emototional abused me but i wonder right now if its also kind of sexuality, because in the same time (for Like two years) every night he cuddled with me in spooning position and I know I felt so uncomfortable. I also thought that i felt something behind me moving but when I asked he said it was his belly and I didn't want to check it with my hand. One night I woke up and he masturbated next to me and when I asked what he ist doing he said i should Go to sleep, than he continued. I didn't say anything and waited till he was ready. I feel so bad writig about this. Is this sexual assault or can something like this even be traumatic?","1iv26kt sexualassault My father masturbated next to me as a child salonos /r/sexualassault/comments/1iv26kt/my_father_masturbated_next_to_me_as_a_child/ 
Trigger Warning, Graphic!!! 
Hello, for a Long time i said to myself taht this wasn't sexual assault, because i wasn't touched, then i told my girlfriend about it and sehr asked me to explain it more and when i told her my body twitched the whole time (she hold me) and it was so awful for me. I also offen feared that someone could touch me when i go to sleep and i fehlt very uncomfortable to get in physical contact even with people i liked. Two therapists told me that my father had emototional abused me but i wonder right now if its also kind of sexuality, because in the same time (for Like two years) every night he cuddled with me in spooning position and I know I felt so uncomfortable. I also thought that i felt something behind me moving but when I asked he said it was his belly and I didn't want to check it with my hand. One night I woke up and he masturbated next to me and when I asked what he ist doing he said i should Go to sleep, than he continued. I didn't say anything and waited till he was ready. I feel so bad writig about this. Is this sexual assault or can something like this even be traumatic?",Alone-Grape3118@0,1,/r/sexualassault/comments/1iv26kt/my_father_masturbated_next_to_me_as_a_child/,salonos,Thank you!! It's weird to hear it is sexual abuse but it helps!,"Definitely sexual abuse, extremely fucked up behavior. You should’ve never had to go through that and you’re valid for feeling the way that you do.",3,No,No,No,Yes,Yes,No,No,No,No
x9i13m,sexualassault,I don't feel valid.,"Soo. I feel stupid making this post but here goes.

When I was 13 years old (I'm 24 now), I used to hangout with my older sisters male best friend who at the time was about 22/23 years old. He lived down the street from us so he was always around and I was really close to him and saw him almost as a brother figure.

One day I got off the bus early at my best friend's stop to walk her home because she had a bad day. After I left her house and started walking back I ran into my sisters friend.

He offered to walk me home so I said sure. Out of nowhere he grabbed my hand and took me behind some trees and started kissing me. I didn't say anything or try to stop him, I was just kind of in shock. Then he grabbed my hand and put it down the front of his pants and made me touch him.. I yanked my arm away and tried to leave but he grabbed my wrist hard and put it back down his pants and while still holding onto my hand, made me rub his penis.

He was grabbing my wrist so hard I started crying from pain and later ended up with bruises around it. I guess I was taking too long to get home so my mom started calling my phone and when he realized this he finally let me go and I ran home.

I kind of pushed it out of my mind for years and tried so hard to forget it, but after 10 years I saw him again working at the gas station next to my house and my heart sank. It's brought up a lot of really dark feelings and emotions. I had never told anyone this before and it's been really weighing on me since I saw him. 

I guess I'm asking if this is considered sexual assault because I want to bring it up in therapy, but idk. I'm scared that I'll sound ridiculous or something? I feel like this really just isn't valid. 

What do you think?","x9i13m sexualassault I don't feel valid. sadbaby23 /r/sexualassault/comments/x9i13m/i_dont_feel_valid/ Soo. I feel stupid making this post but here goes.

When I was 13 years old (I'm 24 now), I used to hangout with my older sisters male best friend who at the time was about 22/23 years old. He lived down the street from us so he was always around and I was really close to him and saw him almost as a brother figure.

One day I got off the bus early at my best friend's stop to walk her home because she had a bad day. After I left her house and started walking back I ran into my sisters friend.

He offered to walk me home so I said sure. Out of nowhere he grabbed my hand and took me behind some trees and started kissing me. I didn't say anything or try to stop him, I was just kind of in shock. Then he grabbed my hand and put it down the front of his pants and made me touch him.. I yanked my arm away and tried to leave but he grabbed my wrist hard and put it back down his pants and while still holding onto my hand, made me rub his penis.

He was grabbing my wrist so hard I started crying from pain and later ended up with bruises around it. I guess I was taking too long to get home so my mom started calling my phone and when he realized this he finally let me go and I ran home.

I kind of pushed it out of my mind for years and tried so hard to forget it, but after 10 years I saw him again working at the gas station next to my house and my heart sank. It's brought up a lot of really dark feelings and emotions. I had never told anyone this before and it's been really weighing on me since I saw him. 

I guess I'm asking if this is considered sexual assault because I want to bring it up in therapy, but idk. I'm scared that I'll sound ridiculous or something? I feel like this really just isn't valid. 

What do you think?",ludancv@0,1,/r/sexualassault/comments/x9i13m/i_dont_feel_valid/,sadbaby23,"Thank you, I'm sure trying to get through it anyways. Unfortunately, or fortunately i guess, i don't know anyone else he knows. I did everything I possibly could to distance myself from him after that situation and since he was always older than me I didn't know anyone in his friend groups to begin with. If I did know anyone he knows I'd definitely do my best to tell them though. I'm not sure if it sounds shitty or not but I've only ever told one person outside of posting it on this thread, and the only reason I even feel comfortable doing that is because my profile doesn't give away any personal info about myself. It's really hard for me to talk about so it's gonna take some time before I'm able to really tell anyone anyways outside of my therapist, and even then I'm really anxious to tell her.","I know maybe this isnt a priority for you (understandable) but you should tell this to the people you both know, he could be still an active abuser 😞. I hope you get through this.",1,No,No,No,No,Yes,No,Yes,Yes,No